doc_id	turns	utf8_bytes	tokens	supervised
0	2	156	21	8
1	2	42	15	4
2	6	126	30	10
3	4	171	27	12
4	4	171	24	10
5	2	192	21	8
6	2	57	17	6
7	2	102	16	6
8	4	132	24	7
9	4	132	24	7
10	2	75	17	6
11	2	198	25	10
12	2	18	12	3
13	2	99	15	5
14	2	65	13	3
15	4	60	18	5
16	2	19	13	3
17	2	40	13	3
18	2	66	11	3
19	2	26	12	3
20	4	126	23	9
21	2	33	7	2
22	2	168	21	8
23	2	93	13	4
24	2	65	13	3
25	2	51	12	4
26	2	138	19	7
27	2	15	13	3
28	2	24	14	4
29	2	39	13	3
30	4	96	20	5
31	2	120	15	5
32	4	168	25	10
33	2	93	17	6
34	2	105	17	6
35	2	174	21	8
36	2	41	14	4
37	2	186	21	8
38	2	186	23	9
39	2	87	11	3
40	4	99	19	4
41	2	120	13	4
42	2	102	13	4
43	2	186	21	8
44	6	126	26	8
45	4	126	23	9
46	4	159	28	12
47	2	63	19	7
48	4	132	24	7
49	4	132	25	9
50	2	111	17	6
51	4	135	24	11
52	4	171	24	10
53	2	18	15	4
54	2	180	25	10
55	2	19	12	3
56	2	84	13	4
57	4	99	21	6
58	6	120	25	7
59	4	168	28	12
60	4	141	23	10
61	2	120	21	8
62	2	22	13	3
63	2	51	12	4
64	2	21	12	3
65	4	60	18	5
66	2	18	12	3
67	2	105	18	7
68	2	17	14	4
69	2	84	13	4
70	2	21	11	3
71	4	159	25	10
72	2	21	10	2
73	2	30	7	2
74	2	39	13	3
75	4	135	23	10
76	2	84	15	5
77	2	84	11	3
78	2	66	14	3
79	4	96	20	5
80	4	159	28	12
81	2	147	19	7
82	2	42	15	4
83	2	168	19	7
84	2	75	15	5
85	2	19	10	2
86	4	153	27	12
87	2	14	12	3
88	2	66	12	3
89	2	153	20	7
90	4	96	22	6
91	2	150	19	7
92	4	120	21	10
93	2	78	13	4
94	2	99	27	11
95	4	135	23	11
96	2	18	11	3
97	2	65	13	3
98	2	39	13	3
99	2	66	10	4
100	4	135	23	10
101	2	144	17	6
102	2	57	8	2
103	4	93	20	4
104	2	120	13	4
105	2	168	21	8
106	4	135	24	12
107	2	16	14	3
108	2	87	19	7
109	2	15	13	3
110	2	23	11	3
111	2	14	12	3
112	4	171	24	10
113	2	129	19	7
114	4	102	19	5
115	4	171	27	12
116	4	96	22	7
117	4	126	25	7
118	4	138	24	8
119	4	126	24	8
120	2	40	13	3
121	2	102	15	5
122	2	19	12	3
123	2	40	13	3
124	2	93	16	6
125	6	132	25	7
126	2	14	12	3
127	2	78	15	5
128	2	87	14	5
129	2	90	13	4
130	2	40	14	3
131	4	63	17	5
132	6	126	26	8
133	2	105	15	5
134	4	60	18	5
135	2	168	23	9
136	2	40	13	3
137	2	138	17	6
138	4	132	24	7
139	2	16	14	3
140	4	96	20	5
141	2	69	15	5
142	2	65	13	3
143	4	162	27	12
144	2	69	13	4
145	2	186	25	10
146	4	132	24	7
147	6	120	28	9
148	2	19	12	3
149	2	93	21	8
150	4	138	24	7
151	6	120	29	10
152	2	87	17	6
153	2	16	13	3
154	2	144	19	7
155	2	102	13	4
156	2	120	15	5
157	2	22	13	3
158	4	141	24	11
159	4	171	24	10
160	4	135	24	11
161	2	24	14	4
162	2	21	12	3
163	2	84	13	4
164	2	16	13	3
165	2	39	13	3
166	2	22	13	3
167	2	69	16	6
168	2	150	19	7
169	4	126	21	10
170	2	18	12	3
171	2	69	12	4
172	2	16	13	3
173	2	33	7	2
174	2	99	18	7
175	2	69	14	4
176	2	174	24	9
177	2	75	13	4
178	2	66	12	3
179	2	102	17	6
180	2	57	23	9
181	2	19	12	3
182	2	15	13	3
183	4	135	23	10
184	4	126	24	7
185	4	126	21	10
186	4	162	24	10
187	2	75	21	8
188	4	159	25	10
189	2	75	15	5
190	6	126	28	9
191	4	60	18	5
192	2	63	15	5
193	4	93	21	6
194	2	65	13	3
195	4	120	22	9
196	2	22	12	3
197	2	87	17	6
198	2	102	17	6
199	2	73	19	7
200	4	162	24	10
201	2	15	13	3
202	2	105	17	6
203	4	126	22	7
204	2	33	9	4
205	2	39	13	3
206	2	15	13	3
207	2	42	15	4
208	2	93	21	8
209	6	120	28	9
210	2	75	19	7
211	2	19	13	3
212	2	42	15	4
213	2	18	12	3
214	4	126	21	10
215	2	162	21	8
216	4	132	24	7
217	4	96	19	4
218	2	66	13	4
219	2	60	13	4
220	2	66	10	2
221	4	168	28	12
222	2	51	11	3
223	2	138	15	5
224	6	120	26	8
225	2	120	15	5
226	2	19	10	2
227	2	21	12	3
228	4	126	22	11
229	2	96	15	5
230	2	87	11	3
231	2	65	13	3
232	2	108	19	7
233	2	66	13	4
234	2	192	21	8
235	2	57	10	3
236	2	16	10	2
237	2	26	12	3
238	2	162	23	9
239	4	153	27	12
240	4	132	21	9
241	4	159	28	12
242	2	84	11	3
243	4	141	22	10
244	2	147	19	7
245	2	20	13	4
246	2	102	13	4
247	4	141	23	10
248	2	39	13	4
249	2	73	17	6
250	2	63	11	2
251	2	117	19	7
252	2	40	13	3
253	2	96	15	5
254	4	102	19	4
255	2	69	13	4
256	2	18	15	4
257	2	51	8	2
258	2	84	13	4
259	2	40	14	3
260	2	66	13	4
261	4	99	19	5
262	4	171	27	12
263	2	93	16	6
264	2	144	21	8
265	2	21	14	4
266	4	126	23	7
267	4	102	21	6
268	4	132	22	10
269	4	132	22	7
270	4	129	25	10
271	2	39	12	3
272	2	40	13	3
273	4	171	24	10
274	2	22	13	3
275	2	40	13	3
276	2	138	15	5
277	2	105	19	7
278	2	129	19	7
279	2	20	10	2
280	2	22	12	3
281	2	19	12	3
282	2	18	12	3
283	4	132	25	8
284	4	132	24	7
285	4	96	20	6
286	2	39	12	3
287	4	171	24	10
288	2	81	15	5
289	4	180	24	10
290	4	96	21	6
291	6	114	29	10
292	2	180	25	10
293	2	22	13	3
294	2	63	27	11
295	2	15	13	3
296	4	171	24	10
297	2	39	13	3
298	2	21	11	3
299	2	65	13	3
300	4	96	21	4
301	4	126	24	7
302	2	22	13	3
303	2	18	15	4
304	6	132	27	8
305	4	132	25	8
306	2	84	13	4
307	2	99	19	7
308	2	120	17	6
309	4	141	22	10
310	2	93	17	6
311	2	81	14	4
312	2	81	19	7
313	2	51	15	5
314	2	132	17	6
315	4	168	28	12
316	2	150	19	7
317	2	87	19	7
318	4	126	23	8
319	2	84	15	5
320	2	57	10	3
321	2	87	18	6
322	2	14	12	3
323	4	126	21	9
324	2	40	14	3
325	4	96	21	6
326	2	75	19	7
327	2	66	14	3
328	4	129	21	9
329	2	168	21	8
330	4	168	28	12
331	2	66	12	3
332	4	132	21	10
333	2	105	16	5
334	2	57	19	7
335	2	38	11	2
336	2	120	15	5
337	4	135	24	11
338	2	186	25	10
339	4	132	21	9
340	4	63	17	5
341	4	126	24	7
342	2	37	11	2
343	2	36	7	2
344	2	19	13	3
345	2	180	21	8
346	2	75	21	8
347	2	63	14	4
348	2	65	13	3
349	2	42	15	4
350	2	114	17	6
351	4	132	22	7
352	4	126	24	8
353	2	18	12	3
354	2	105	17	6
355	2	22	13	3
356	4	126	24	8
357	4	141	24	11
358	2	93	16	5
359	2	18	15	4
360	4	126	25	8
361	2	75	17	6
362	4	126	22	8
363	4	120	24	7
364	2	51	10	3
365	4	159	25	10
366	4	132	23	8
367	4	135	24	11
368	2	162	21	8
369	2	102	15	5
370	2	84	13	4
371	2	21	12	3
372	4	132	26	8
373	2	19	13	3
374	2	40	13	3
375	4	132	21	10
376	4	126	21	9
377	2	66	13	4
378	4	132	21	9
379	2	18	12	3
380	2	75	17	6
381	2	21	14	4
382	2	19	10	2
383	2	18	15	4
384	4	162	27	12
385	2	66	11	3
386	2	45	12	4
387	2	102	17	6
388	4	141	24	12
389	2	65	13	3
390	2	18	11	3
391	2	75	19	7
392	2	15	13	3
393	4	132	26	8
394	2	120	16	6
395	2	123	21	8
396	4	153	24	10
397	2	69	17	6
398	2	63	16	5
399	2	41	14	4
400	4	126	22	7
401	2	41	14	4
402	2	81	15	5
403	2	192	23	9
404	4	135	24	11
405	2	21	12	3
406	4	63	17	5
407	4	132	22	10
408	2	39	13	3
409	4	126	22	7
410	2	40	14	3
411	2	42	15	4
412	2	21	12	3
413	2	19	12	3
414	2	111	19	7
415	2	108	15	5
416	2	81	18	7
417	2	96	15	5
418	2	23	13	4
419	2	21	12	3
420	2	21	14	4
421	2	40	13	3
422	4	168	28	12
423	4	135	24	11
424	2	96	13	4
425	2	117	17	6
426	4	162	24	10
427	2	42	15	4
428	2	69	14	5
429	2	16	14	3
430	2	156	22	9
431	4	132	21	10
432	4	132	24	7
433	4	63	17	5
434	2	198	23	9
435	2	14	12	3
436	4	171	24	10
437	2	36	7	2
438	2	132	19	7
439	2	132	15	5
440	2	99	19	7
441	4	126	22	7
442	4	96	20	4
443	4	132	22	7
444	4	171	27	12
445	2	20	10	2
446	2	21	12	3
447	4	96	19	5
448	2	81	15	5
449	2	19	12	3
450	2	16	13	3
451	4	159	25	10
452	2	75	13	4
453	4	60	18	5
454	4	126	22	10
455	2	84	13	4
456	6	114	27	8
457	2	147	21	8
458	2	99	16	6
459	2	168	23	9
460	2	40	14	3
461	4	132	23	8
462	2	21	12	3
463	2	186	23	9
464	2	24	14	4
465	2	17	14	4
466	2	120	15	5
467	6	120	27	9
468	2	24	14	4
469	2	81	17	6
470	4	168	25	10
471	2	99	13	4
472	4	120	21	10
473	4	171	24	10
474	4	102	19	5
475	4	159	28	12
476	2	162	21	8
477	2	16	13	3
478	2	73	17	6
479	2	75	17	6
480	4	141	24	11
481	2	96	13	4
482	4	177	28	12
483	2	180	23	9
484	4	102	19	5
485	4	93	20	4
486	2	51	13	4
487	4	99	21	5
488	2	21	14	4
489	2	105	20	8
490	2	21	12	3
491	2	21	12	3
492	4	93	23	7
493	6	126	26	8
494	2	174	19	7
495	4	126	21	9
496	4	135	24	11
497	2	75	19	7
498	4	135	22	10
499	2	24	14	4
500	4	126	22	8
501	2	21	12	3
502	2	45	13	4
503	4	159	25	10
504	2	51	10	3
505	2	168	19	7
506	4	132	24	7
507	2	69	12	4
508	2	40	13	3
509	2	40	13	3
510	2	114	15	5
511	4	132	22	7
512	4	132	24	7
513	4	168	25	10
514	4	177	28	12
515	4	159	28	12
516	6	120	25	7
517	4	126	22	7
518	4	102	21	6
519	2	138	19	7
520	2	114	19	7
521	4	126	24	8
522	2	75	13	4
523	2	93	21	8
524	2	21	12	3
525	2	15	13	3
526	2	81	16	5
527	4	126	23	7
528	4	162	27	12
529	2	40	13	3
530	2	15	13	3
531	2	114	17	6
532	2	180	21	8
533	2	63	23	9
534	6	126	28	9
535	4	159	28	12
536	2	84	13	4
537	2	18	12	3
538	4	63	19	7
539	2	84	13	4
540	2	16	13	3
541	4	126	21	9
542	6	120	27	9
543	4	126	22	8
544	2	16	14	3
545	2	84	11	3
546	2	93	15	5
547	2	99	15	5
548	4	126	21	10
549	2	69	15	5
550	2	132	15	5
551	2	105	19	7
552	2	15	13	3
553	4	162	27	12
554	6	120	28	9
555	2	81	15	5
556	2	81	18	6
557	4	171	24	10
558	2	17	11	3
559	4	132	23	9
560	4	171	27	12
561	2	45	12	3
562	4	141	23	11
563	2	138	20	7
564	2	84	11	3
565	4	96	19	4
566	2	66	13	4
567	4	93	22	6
568	4	141	23	11
569	2	123	21	8
570	2	39	13	3
571	2	39	13	3
572	2	81	15	5
573	2	186	23	9
574	4	102	21	6
575	4	159	25	10
576	4	162	27	12
577	2	84	11	3
578	2	18	15	4
579	2	63	12	4
580	2	17	11	3
581	2	120	15	5
582	2	81	13	4
583	4	126	24	8
584	4	177	25	10
585	2	16	13	3
586	2	87	15	5
587	4	159	25	10
588	4	162	24	10
589	2	81	13	4
590	2	66	14	3
591	4	120	24	7
592	2	40	13	3
593	4	96	22	6
594	2	114	17	6
595	4	93	20	5
596	2	81	15	5
597	4	126	22	7
598	2	18	12	3
599	2	153	20	7
600	4	162	24	10
601	2	69	13	4
602	2	41	14	4
603	2	40	13	3
604	2	57	8	2
605	2	66	13	4
606	2	23	11	3
607	4	126	22	7
608	2	42	15	4
609	6	126	26	8
610	4	132	22	8
611	4	93	19	4
612	2	38	12	3
613	2	45	14	4
614	2	18	12	3
615	4	132	21	10
616	4	171	24	10
617	4	126	25	7
618	2	14	12	3
619	2	40	14	3
620	4	96	21	6
621	2	81	25	10
622	2	117	21	8
623	2	51	8	2
624	4	159	25	10
625	2	144	21	8
626	4	102	20	4
627	4	141	25	10
628	2	17	14	4
629	4	153	24	10
630	2	156	19	7
631	2	37	11	2
632	2	22	12	3
633	2	24	14	4
634	2	16	13	3
635	2	66	14	3
636	2	99	19	7
637	2	26	12	3
638	4	126	22	7
639	2	120	19	7
640	2	138	19	7
641	2	19	12	3
642	2	40	13	3
643	4	126	21	9
644	2	39	13	3
645	4	60	18	5
646	2	132	19	7
647	2	192	27	11
648	2	69	12	4
649	4	126	22	11
650	2	22	13	3
651	4	132	24	7
652	2	30	7	2
653	2	40	14	3
654	2	16	13	3
655	2	21	12	3
656	2	22	12	3
657	2	162	23	9
658	4	126	24	7
659	2	69	17	6
660	2	16	10	2
661	4	102	19	5
662	2	22	12	3
663	2	174	20	8
664	4	159	28	12
665	4	126	24	8
666	4	135	21	9
667	4	159	25	10
668	2	63	23	9
669	4	135	23	10
670	4	162	24	10
671	2	174	21	8
672	4	171	24	10
673	2	138	19	7
674	2	42	15	4
675	2	65	13	3
676	4	171	24	10
677	4	126	22	7
678	2	17	11	3
679	2	15	13	3
680	2	16	13	3
681	2	22	13	3
682	2	117	19	7
683	2	168	21	8
684	4	129	22	10
685	4	147	23	11
686	2	23	13	4
687	4	135	23	11
688	4	135	23	11
689	2	42	15	4
690	2	19	13	3
691	4	126	21	10
692	4	159	28	12
693	2	102	15	5
694	4	132	21	9
695	2	174	19	7
696	2	87	16	5
697	2	120	15	5
698	2	65	13	3
699	2	40	14	3
700	4	141	24	12
701	2	22	12	3
702	2	51	8	2
703	6	120	27	8
704	2	102	13	4
705	4	126	22	10
706	2	93	19	7
707	2	18	11	3
708	2	153	19	7
709	2	75	21	8
710	2	21	12	3
711	2	13	11	2
712	4	171	24	10
713	4	132	21	9
714	4	132	21	9
715	4	159	25	10
716	4	150	25	10
717	4	126	21	9
718	2	114	17	6
719	2	38	11	2
720	4	63	17	5
721	2	87	15	5
722	2	162	21	8
723	4	132	24	8
724	2	81	17	6
725	2	75	19	7
726	2	156	21	8
727	2	99	18	7
728	4	126	21	10
729	4	132	25	8
730	4	141	24	12
731	4	126	24	8
732	2	19	13	3
733	2	20	11	3
734	2	186	26	10
735	2	75	23	9
736	2	84	11	3
737	2	69	14	5
738	2	102	17	6
739	2	21	10	2
740	4	126	21	9
741	2	156	22	8
742	4	132	25	9
743	4	96	21	6
744	4	132	22	8
745	2	65	13	3
746	4	141	24	11
747	2	19	10	2
748	2	156	21	8
749	4	87	19	4
750	4	96	20	5
751	6	120	29	10
752	2	120	18	7
753	2	162	17	6
754	2	81	13	4
755	2	102	15	5
756	4	126	21	9
757	2	99	13	4
758	2	87	13	4
759	4	132	22	11
760	4	132	22	7
761	4	126	24	7
762	2	15	13	3
763	2	39	13	3
764	4	159	25	10
765	2	15	13	3
766	2	150	21	8
767	2	39	13	3
768	4	126	24	8
769	2	66	14	3
770	4	141	23	10
771	2	114	15	5
772	2	65	13	3
773	2	51	13	4
774	4	126	22	10
775	4	129	27	13
776	2	93	19	7
777	2	19	11	2
778	2	57	10	3
779	2	75	13	4
780	2	168	23	9
781	2	192	25	10
782	2	168	19	7
783	2	22	13	3
784	4	135	22	10
785	2	21	12	3
786	4	126	22	7
787	2	40	13	3
788	4	126	21	10
789	4	138	24	8
790	4	63	19	7
791	2	42	15	4
792	2	69	15	5
793	4	135	23	11
794	2	18	12	3
795	4	126	22	7
796	2	33	7	2
797	4	141	22	10
798	2	168	23	9
799	2	66	11	3
800	4	132	25	7
801	4	126	22	11
802	2	16	13	3
803	2	21	12	3
804	4	168	28	12
805	2	33	8	2
806	2	99	16	6
807	2	19	12	3
808	2	15	13	3
809	4	93	20	4
810	6	120	28	10
811	4	171	24	10
812	4	141	24	11
813	2	15	13	3
814	2	78	11	3
815	2	75	17	6
816	2	19	12	3
817	2	19	13	3
818	2	69	13	4
819	4	120	21	9
820	4	168	28	12
821	4	162	24	10
822	4	162	27	12
823	2	65	13	3
824	2	96	15	5
825	2	51	8	2
826	2	57	13	4
827	2	18	12	3
828	2	40	13	3
829	2	21	14	4
830	2	156	25	10
831	2	75	17	6
832	4	126	25	7
833	2	60	13	4
834	6	126	25	7
835	2	105	16	6
836	4	153	24	10
837	2	16	13	3
838	4	126	22	7
839	4	126	22	7
840	6	114	29	10
841	2	174	19	7
842	4	132	21	10
843	2	114	16	6
844	2	99	13	4
845	4	168	25	10
846	4	168	28	12
847	2	42	15	4
848	2	120	15	5
849	4	96	21	6
850	2	63	11	2
851	2	21	12	3
852	2	75	15	5
853	2	42	15	4
854	2	150	17	6
855	2	51	8	2
856	4	141	24	11
857	2	75	17	6
858	2	51	12	4
859	4	120	22	8
860	2	14	11	2
861	4	171	24	10
862	2	21	14	4
863	2	21	12	3
864	2	75	17	6
865	2	138	17	6
866	4	126	21	9
867	2	192	25	10
868	4	132	22	8
869	2	93	21	8
870	4	162	27	12
871	2	17	14	4
872	4	132	24	8
873	2	99	13	4
874	2	51	12	3
875	4	93	20	5
876	2	16	13	3
877	2	16	10	2
878	2	39	13	3
879	2	75	13	4
880	4	168	28	12
881	2	22	12	3
882	2	18	15	4
883	2	20	11	3
884	4	132	21	9
885	2	23	11	3
886	2	117	20	8
887	2	39	13	3
888	4	126	22	8
889	4	162	27	12
890	2	18	12	3
891	2	69	12	4
892	4	132	23	9
893	4	132	21	10
894	6	126	27	9
895	2	66	14	3
896	4	132	22	8
897	2	120	15	5
898	2	39	12	3
899	2	19	11	2
900	4	153	27	12
901	4	126	21	10
902	2	39	13	3
903	2	51	8	2
904	4	162	27	12
905	2	17	14	4
906	2	120	17	6
907	4	126	22	11
908	2	102	14	5
909	2	20	11	3
910	2	66	13	4
911	2	20	13	4
912	4	132	22	8
913	2	111	18	6
914	4	126	20	9
915	6	120	27	9
916	4	168	28	12
917	2	40	13	3
918	4	162	24	10
919	4	63	18	7
920	6	120	28	9
921	4	126	22	7
922	2	105	15	5
923	2	51	8	2
924	4	162	27	12
925	2	18	15	4
926	2	102	16	5
927	4	171	27	12
928	2	150	23	9
929	4	126	24	8
930	2	18	11	3
931	2	22	13	3
932	2	99	13	4
933	4	132	24	7
934	2	132	19	7
935	2	99	13	4
936	2	20	11	3
937	2	186	23	9
938	2	162	21	8
939	4	159	25	10
940	4	132	21	9
941	2	111	15	5
942	4	135	22	9
943	4	153	24	10
944	4	168	28	12
945	2	21	11	3
946	4	120	24	7
947	2	66	10	4
948	2	40	14	3
949	2	156	21	8
950	2	75	15	5
951	6	126	25	7
952	2	123	19	7
953	2	16	13	3
954	4	96	21	6
955	4	93	20	4
956	2	32	7	2
957	2	15	13	3
958	4	93	20	5
959	2	51	14	5
960	2	66	10	2
961	2	22	13	3
962	6	120	27	9
963	2	20	13	4
964	2	120	19	7
965	2	32	7	2
966	4	168	28	12
967	2	16	13	3
968	2	174	19	7
969	4	159	28	12
970	2	174	21	8
971	2	21	12	3
972	4	162	27	12
973	2	99	13	4
974	4	126	22	7
975	2	78	13	4
976	4	141	25	10
977	2	162	21	8
978	6	126	26	8
979	2	87	17	6
980	2	147	19	7
981	6	120	25	7
982	2	19	12	3
983	2	30	12	4
984	4	159	25	10
985	4	159	25	10
986	2	174	19	7
987	6	120	27	8
988	2	38	12	3
989	4	60	18	5
990	2	102	13	4
991	4	126	24	7
992	2	20	11	3
993	4	96	19	5
994	4	120	24	7
995	2	51	8	2
996	4	93	19	4
997	4	153	27	12
998	4	132	23	10
999	2	102	15	5
1000	4	120	24	7
1001	4	132	25	7
1002	6	126	25	7
1003	2	15	13	3
1004	2	75	13	4
1005	4	126	21	9
1006	2	168	23	9
1007	4	135	24	12
1008	4	168	25	10
1009	4	147	24	12
1010	4	153	24	10
1011	2	78	11	3
1012	4	126	22	7
1013	4	63	19	7
1014	4	141	24	11
1015	2	108	15	5
1016	6	126	25	7
1017	2	18	15	4
1018	4	126	24	7
1019	4	126	21	9
1020	4	126	23	10
1021	2	102	15	5
1022	4	126	24	8
1023	2	156	21	8
1024	2	186	21	8
1025	2	117	13	4
1026	2	174	19	7
1027	2	81	13	4
1028	4	135	25	12
1029	2	20	11	3
1030	2	66	13	4
1031	2	39	13	3
1032	4	132	23	9
1033	2	17	14	4
1034	2	150	19	7
1035	4	132	24	7
1036	2	66	13	4
1037	4	132	24	8
1038	4	141	24	11
1039	2	96	15	5
1040	2	42	15	4
1041	4	162	24	10
1042	4	96	21	6
1043	2	39	13	3
1044	2	78	11	3
1045	2	138	15	5
1046	4	87	22	6
1047	2	120	17	6
1048	4	93	20	4
1049	2	81	17	6
1050	4	135	22	10
1051	2	123	18	6
1052	2	135	15	5
1053	2	15	12	3
1054	2	174	21	8
1055	4	132	24	8
1056	2	123	18	7
1057	2	69	12	4
1058	4	126	24	7
1059	2	65	13	3
1060	2	19	12	3
1061	2	57	8	2
1062	2	21	12	3
1063	2	63	14	5
1064	2	117	15	5
1065	4	63	18	7
1066	6	120	25	7
1067	4	126	24	7
1068	2	102	15	5
1069	2	102	13	4
1070	2	41	14	4
1071	2	87	14	5
1072	2	102	14	4
1073	2	105	15	5
1074	2	15	13	3
1075	2	63	15	5
1076	4	171	27	12
1077	4	168	25	10
1078	4	159	28	12
1079	4	162	24	10
1080	2	123	20	7
1081	4	135	23	11
1082	4	159	25	10
1083	4	132	24	7
1084	2	99	11	3
1085	2	153	21	8
1086	2	75	17	6
1087	4	177	25	10
1088	4	132	24	7
1089	2	63	15	5
1090	2	126	19	7
1091	2	132	19	7
1092	2	81	13	4
1093	2	15	13	3
1094	2	42	15	4
1095	2	150	23	9
1096	4	159	25	10
1097	2	18	11	3
1098	2	66	11	3
1099	2	162	19	7
1100	2	57	10	3
1101	4	93	19	5
1102	2	168	21	8
1103	4	126	21	9
1104	2	78	13	4
1105	4	135	24	11
1106	2	18	15	4
1107	4	162	27	12
1108	2	81	13	4
1109	4	162	24	10
1110	2	108	15	5
1111	4	120	21	10
1112	4	96	20	5
1113	2	39	13	3
1114	2	42	15	4
1115	2	21	10	2
1116	2	16	14	3
1117	2	126	19	7
1118	4	126	21	9
1119	4	162	27	12
1120	4	162	24	10
1121	4	132	24	7
1122	4	132	22	7
1123	4	141	24	11
1124	2	66	11	3
1125	4	168	28	12
1126	2	40	13	3
1127	2	120	19	7
1128	4	132	23	8
1129	2	93	11	3
1130	4	126	22	10
1131	4	126	21	9
1132	4	171	24	10
1133	2	21	12	3
1134	4	132	21	9
1135	2	51	10	3
1136	2	39	13	3
1137	4	132	23	8
1138	4	135	24	11
1139	2	15	13	3
1140	2	84	13	4
1141	2	64	12	3
1142	4	132	22	7
1143	2	111	20	8
1144	4	132	24	7
1145	2	63	11	2
1146	2	42	15	4
1147	2	69	17	6
1148	2	174	21	8
1149	2	150	17	6
1150	4	126	25	9
1151	2	19	13	3
1152	2	84	13	4
1153	4	162	24	10
1154	4	171	24	10
1155	2	93	19	7
1156	2	19	13	3
1157	2	81	14	5
1158	4	120	24	7
1159	4	132	21	9
1160	4	96	22	6
1161	2	180	23	9
1162	2	15	13	3
1163	2	114	19	7
1164	4	159	25	10
1165	4	171	27	12
1166	4	150	25	10
1167	2	42	15	4
1168	2	174	21	8
1169	4	99	19	4
1170	4	141	24	11
1171	4	159	25	10
1172	2	33	8	2
1173	2	42	15	4
1174	2	18	12	3
1175	4	168	25	10
1176	2	51	10	3
1177	2	21	12	3
1178	4	159	28	12
1179	4	126	22	7
1180	2	93	15	5
1181	2	39	13	3
1182	2	84	14	4
1183	2	38	11	2
1184	4	57	16	5
1185	2	156	21	8
1186	2	114	13	4
1187	4	141	23	10
1188	2	17	10	2
1189	2	126	15	5
1190	4	132	22	7
1191	2	19	13	3
1192	2	99	19	7
1193	2	156	17	6
1194	2	174	21	8
1195	2	65	12	4
1196	2	22	12	3
1197	4	126	22	8
1198	6	120	27	9
1199	2	63	13	4
1200	2	102	17	6
1201	4	126	23	10
1202	2	18	12	3
1203	4	171	24	10
1204	2	81	15	5
1205	4	132	23	7
1206	2	192	21	8
1207	4	171	24	10
1208	2	69	15	5
1209	2	42	15	4
1210	2	60	13	4
1211	4	162	27	12
1212	4	126	22	7
1213	2	21	14	4
1214	2	16	14	3
1215	4	132	24	8
1216	2	87	14	5
1217	2	66	10	4
1218	6	120	29	9
1219	2	93	17	6
1220	2	93	19	7
1221	2	16	14	3
1222	4	159	25	10
1223	4	93	21	6
1224	2	63	10	3
1225	2	87	17	6
1226	2	78	13	4
1227	4	120	22	8
1228	2	186	21	8
1229	2	156	17	6
1230	4	126	24	7
1231	4	126	24	7
1232	4	126	21	9
1233	2	99	17	6
1234	4	162	27	12
1235	2	51	13	4
1236	4	126	24	8
1237	2	99	19	7
1238	2	69	19	7
1239	2	120	19	7
1240	4	159	25	10
1241	2	135	19	7
1242	2	22	12	3
1243	2	117	18	7
1244	2	66	13	4
1245	4	141	24	11
1246	4	162	24	10
1247	4	159	25	10
1248	6	120	28	9
1249	2	33	9	4
1250	4	126	21	7
1251	4	135	25	12
1252	2	18	12	3
1253	2	22	13	3
1254	4	135	25	12
1255	6	120	25	7
1256	2	81	15	5
1257	4	102	19	5
1258	2	21	12	3
1259	4	126	21	9
1260	2	21	12	3
1261	2	42	15	4
1262	2	24	14	4
1263	2	156	19	7
1264	2	79	19	7
1265	6	114	29	10
1266	4	126	21	10
1267	2	42	15	4
1268	4	87	20	4
1269	4	99	21	6
1270	6	120	27	8
1271	4	171	24	10
1272	2	135	17	6
1273	2	51	8	2
1274	4	120	24	7
1275	2	120	17	6
1276	2	51	11	3
1277	2	51	8	2
1278	2	87	16	6
1279	4	159	28	12
1280	2	51	8	2
1281	2	45	13	4
1282	2	81	17	6
1283	2	40	13	3
1284	4	159	25	10
1285	2	198	25	10
1286	4	132	25	8
1287	4	180	27	12
1288	4	126	21	9
1289	2	66	11	3
1290	4	171	24	10
1291	2	132	21	8
1292	4	126	24	8
1293	2	39	12	3
1294	2	14	12	3
1295	2	16	14	3
1296	2	132	15	5
1297	4	132	22	7
1298	2	21	14	4
1299	2	99	21	8
1300	4	120	24	8
1301	4	93	20	6
1302	2	63	14	5
1303	2	81	15	5
1304	2	40	13	3
1305	2	75	13	4
1306	2	120	18	7
1307	2	18	12	3
1308	2	17	14	4
1309	4	132	21	9
1310	2	102	15	5
1311	2	24	14	4
1312	4	135	23	11
1313	4	153	24	10
1314	2	21	10	2
1315	4	126	25	8
1316	4	135	24	11
1317	4	168	25	10
1318	2	114	13	4
1319	2	18	12	3
1320	2	138	21	8
1321	2	21	12	3
1322	2	81	15	5
1323	2	24	14	4
1324	4	126	21	10
1325	2	63	19	7
1326	2	150	19	7
1327	4	132	24	7
1328	4	126	23	8
1329	4	93	20	5
1330	4	150	28	12
1331	2	21	11	3
1332	2	19	12	3
1333	4	135	26	12
1334	2	75	15	5
1335	4	132	22	7
1336	2	96	15	5
1337	2	22	13	3
1338	4	120	22	9
1339	2	13	11	2
1340	2	21	14	4
1341	4	135	23	11
1342	2	21	12	3
1343	4	60	18	5
1344	2	99	19	7
1345	2	153	21	8
1346	4	159	28	12
1347	6	120	29	10
1348	6	126	27	8
1349	2	66	13	4
1350	2	81	13	4
1351	2	120	15	5
1352	2	14	12	3
1353	2	40	13	3
1354	2	75	15	5
1355	4	126	22	8
1356	4	126	21	7
1357	2	18	12	3
1358	2	51	8	2
1359	2	19	12	3
1360	2	120	16	6
1361	2	78	13	4
1362	4	141	24	12
1363	2	23	11	3
1364	2	16	13	3
1365	4	126	22	8
1366	2	14	12	3
1367	2	13	11	2
1368	2	192	21	8
1369	2	66	13	4
1370	2	84	11	3
1371	4	96	19	4
1372	4	132	21	10
1373	2	120	17	6
1374	2	186	25	10
1375	2	156	21	8
1376	2	102	13	4
1377	2	81	13	4
1378	2	168	20	7
1379	4	159	25	10
1380	2	22	13	3
1381	2	38	12	3
1382	4	132	21	9
1383	2	21	12	3
1384	2	14	11	2
1385	2	16	14	3
1386	2	66	14	3
1387	2	99	19	7
1388	4	126	21	9
1389	4	141	22	10
1390	2	16	13	3
1391	2	69	17	6
1392	4	162	24	10
1393	2	63	10	3
1394	2	23	13	4
1395	2	42	15	4
1396	2	40	13	3
1397	4	132	21	10
1398	2	84	13	4
1399	4	132	23	7
1400	2	123	19	7
1401	4	93	20	4
1402	4	126	21	9
1403	2	120	17	6
1404	2	19	13	3
1405	2	75	29	12
1406	2	93	15	5
1407	2	22	13	3
1408	2	120	17	6
1409	2	102	13	4
1410	2	117	15	5
1411	2	42	15	4
1412	2	21	12	3
1413	2	93	15	5
1414	4	171	27	12
1415	4	171	27	12
1416	2	42	15	4
1417	2	51	11	3
1418	2	162	23	9
1419	4	99	21	6
1420	2	156	21	8
1421	4	126	22	7
1422	2	65	12	4
1423	4	126	24	8
1424	4	126	21	10
1425	4	171	27	12
1426	4	126	21	9
1427	2	84	11	3
1428	4	126	24	8
1429	4	162	24	10
1430	2	18	15	4
1431	2	84	13	4
1432	4	147	26	11
1433	2	18	12	3
1434	4	132	21	9
1435	2	21	11	3
1436	4	60	18	5
1437	2	23	11	3
1438	2	99	15	5
1439	4	168	28	12
1440	2	20	11	3
1441	4	126	22	10
1442	2	19	13	3
1443	2	63	15	5
1444	4	132	22	7
1445	4	162	24	10
1446	2	39	13	3
1447	4	171	27	12
1448	2	19	10	2
1449	2	23	13	4
1450	2	75	17	6
1451	4	159	31	14
1452	2	63	10	3
1453	2	21	12	3
1454	2	20	11	3
1455	2	174	23	9
1456	2	17	10	2
1457	4	126	24	7
1458	2	66	14	3
1459	2	57	17	6
1460	2	22	13	3
1461	2	23	11	3
1462	2	147	19	7
1463	4	93	21	5
1464	4	135	23	10
1465	4	159	25	10
1466	2	40	13	3
1467	2	39	13	3
1468	4	126	24	7
1469	2	156	19	7
1470	2	24	14	4
1471	2	42	15	4
1472	2	81	12	3
1473	2	21	12	3
1474	2	69	12	4
1475	2	66	11	3
1476	2	81	13	4
1477	2	99	17	6
1478	2	40	13	3
1479	2	81	16	6
1480	2	108	16	6
1481	4	168	28	12
1482	2	75	12	3
1483	2	21	12	3
1484	2	138	17	6
1485	4	141	22	10
1486	2	15	13	3
1487	2	192	25	10
1488	4	159	25	10
1489	4	126	23	8
1490	2	87	21	8
1491	4	126	24	8
1492	4	132	24	10
1493	2	114	15	5
1494	4	135	24	11
1495	2	22	13	3
1496	4	168	25	10
1497	2	57	10	3
1498	2	40	14	3
1499	2	16	13	3
1500	2	57	13	4
1501	4	129	23	10
1502	2	69	13	4
1503	2	111	15	5
1504	2	19	13	3
1505	2	102	15	5
1506	2	99	15	5
1507	2	39	12	3
1508	2	81	11	3
1509	2	75	17	6
1510	2	123	17	6
1511	4	126	24	7
1512	6	120	28	9
1513	4	126	21	9
1514	4	126	24	8
1515	2	168	20	8
1516	2	40	14	3
1517	2	75	15	5
1518	2	21	12	3
1519	6	120	28	9
1520	4	126	24	7
1521	2	16	14	3
1522	4	141	25	12
1523	2	18	12	3
1524	4	120	21	10
1525	2	65	12	4
1526	2	23	13	4
1527	2	174	19	7
1528	2	156	21	8
1529	4	93	21	6
1530	2	93	15	5
1531	2	18	15	4
1532	2	147	19	7
1533	2	66	13	4
1534	2	39	13	3
1535	2	99	13	4
1536	2	81	14	5
1537	4	153	24	10
1538	2	105	16	6
1539	2	33	7	2
1540	6	120	27	8
1541	6	120	28	9
1542	6	126	29	10
1543	2	66	13	4
1544	2	162	19	7
1545	2	75	19	7
1546	2	69	13	4
1547	4	96	21	6
1548	2	87	21	8
1549	2	51	8	2
1550	2	66	14	3
1551	4	132	21	9
1552	2	75	15	5
1553	4	93	21	5
1554	2	120	15	5
1555	4	168	25	10
1556	4	126	22	7
1557	2	114	17	6
1558	2	87	16	6
1559	2	102	17	6
1560	2	120	15	5
1561	2	16	14	3
1562	2	41	14	4
1563	6	126	26	8
1564	4	168	25	10
1565	2	84	13	4
1566	4	120	22	7
1567	2	72	11	3
1568	2	117	21	8
1569	4	135	21	9
1570	4	126	24	7
1571	2	87	17	6
1572	4	159	28	12
1573	4	87	22	6
1574	2	19	13	3
1575	2	84	15	5
1576	4	126	22	7
1577	2	22	13	3
1578	4	126	23	7
1579	2	21	12	3
1580	2	123	19	7
1581	4	126	21	10
1582	2	21	14	4
1583	2	180	21	8
1584	4	135	23	10
1585	2	93	17	6
1586	2	93	15	5
1587	4	96	19	5
1588	2	162	21	8
1589	2	23	13	4
1590	2	84	11	3
1591	2	16	14	3
1592	4	129	26	11
1593	2	81	13	4
1594	2	69	13	4
1595	2	75	12	3
1596	6	126	26	8
1597	4	126	22	7
1598	2	141	17	6
1599	4	93	21	6
1600	2	22	12	3
1601	4	171	24	10
1602	2	132	21	8
1603	2	63	21	8
1604	2	99	13	4
1605	2	120	13	4
1606	4	132	21	7
1607	2	186	21	8
1608	2	45	13	4
1609	2	20	10	2
1610	4	126	24	7
1611	2	174	19	7
1612	2	93	11	3
1613	4	180	27	12
1614	4	171	27	12
1615	4	126	24	8
1616	2	39	13	3
1617	2	99	21	8
1618	4	99	19	5
1619	2	81	13	4
1620	4	132	21	10
1621	2	120	15	5
1622	4	63	17	5
1623	2	156	21	8
1624	4	159	28	12
1625	2	75	15	5
1626	2	51	8	2
1627	4	126	23	8
1628	2	138	17	6
1629	2	57	10	3
1630	2	21	14	4
1631	2	186	25	10
1632	2	174	19	7
1633	2	64	12	3
1634	2	18	15	4
1635	2	108	15	5
1636	4	132	22	7
1637	2	117	15	5
1638	2	75	19	7
1639	4	96	23	7
1640	4	150	25	10
1641	2	150	21	8
1642	2	15	13	3
1643	2	84	11	3
1644	4	132	25	8
1645	4	168	25	10
1646	2	111	22	8
1647	2	81	13	4
1648	4	135	22	10
1649	4	135	23	11
1650	2	102	13	4
1651	2	19	13	3
1652	2	15	13	3
1653	2	105	21	8
1654	4	63	19	7
1655	2	114	13	4
1656	4	126	21	9
1657	2	147	21	8
1658	2	19	10	2
1659	2	23	13	4
1660	2	57	11	3
1661	2	42	15	4
1662	2	57	11	3
1663	4	135	24	12
1664	2	57	21	8
1665	2	39	12	3
1666	2	16	14	3
1667	4	159	25	10
1668	4	126	21	9
1669	2	60	10	2
1670	6	120	29	10
1671	2	39	13	3
1672	2	150	19	7
1673	2	64	12	3
1674	2	33	7	2
1675	2	75	23	9
1676	4	126	24	7
1677	4	126	24	7
1678	2	40	13	3
1679	2	19	13	3
1680	2	20	13	4
1681	2	111	19	7
1682	2	96	15	5
1683	2	15	13	3
1684	2	186	25	10
1685	2	87	15	5
1686	2	21	12	3
1687	2	81	15	5
1688	4	168	25	10
1689	2	41	14	4
1690	2	99	16	6
1691	4	141	24	11
1692	4	93	21	5
1693	4	135	22	10
1694	2	114	15	5
1695	2	18	12	3
1696	2	99	18	7
1697	4	168	28	12
1698	2	168	21	8
1699	2	36	11	6
1700	2	15	12	3
1701	2	51	11	3
1702	4	162	24	10
1703	2	51	8	2
1704	2	78	13	4
1705	2	21	12	3
1706	2	23	13	4
1707	2	153	19	7
1708	4	141	25	10
1709	4	135	22	10
1710	2	168	20	8
1711	4	126	24	8
1712	2	75	17	6
1713	4	126	21	9
1714	2	132	15	5
1715	2	21	12	3
1716	2	87	13	4
1717	2	18	12	3
1718	4	141	23	10
1719	2	108	15	5
1720	2	69	15	5
1721	2	36	11	6
1722	4	102	19	5
1723	2	81	13	4
1724	2	66	13	4
1725	4	171	24	10
1726	4	168	25	10
1727	2	38	12	3
1728	2	18	15	4
1729	4	141	23	10
1730	2	21	14	4
1731	2	66	14	3
1732	2	18	15	4
1733	4	132	25	9
1734	6	120	27	9
1735	2	174	21	8
1736	4	162	27	12
1737	2	75	19	7
1738	2	16	13	3
1739	2	150	19	7
1740	4	120	26	8
1741	2	18	12	3
1742	4	171	24	10
1743	6	126	25	7
1744	2	174	21	8
1745	6	120	25	7
1746	4	126	21	9
1747	2	75	15	5
1748	2	69	12	4
1749	2	102	17	6
1750	2	40	13	3
1751	2	138	21	8
1752	4	126	21	9
1753	2	81	15	5
1754	2	19	13	3
1755	2	156	21	8
1756	2	18	12	3
1757	2	93	14	4
1758	2	22	13	3
1759	2	192	21	8
1760	4	132	22	10
1761	2	39	13	3
1762	4	132	21	9
1763	2	66	13	4
1764	2	75	17	6
1765	2	102	15	5
1766	2	40	13	3
1767	6	120	27	9
1768	2	42	15	4
1769	4	132	21	9
1770	2	75	15	5
1771	2	138	19	7
1772	2	63	10	3
1773	2	99	17	6
1774	2	22	13	3
1775	2	126	15	5
1776	2	22	12	3
1777	2	18	15	4
1778	4	126	22	7
1779	2	45	12	4
1780	4	93	20	6
1781	2	51	13	4
1782	2	40	13	3
1783	2	105	17	6
1784	2	21	12	3
1785	4	135	21	9
1786	2	84	13	4
1787	2	84	11	3
1788	2	102	13	4
1789	2	192	24	10
1790	2	111	18	6
1791	2	18	11	3
1792	2	174	21	8
1793	2	144	17	6
1794	2	84	13	4
1795	4	141	24	11
1796	4	132	23	9
1797	4	132	22	10
1798	2	32	7	2
1799	2	51	12	4
1800	2	42	15	4
1801	2	93	19	7
1802	2	96	15	5
1803	2	168	23	9
1804	4	132	21	9
1805	2	63	10	3
1806	4	96	21	6
1807	4	168	25	10
1808	4	159	28	12
1809	2	16	14	3
1810	4	126	23	8
1811	4	135	24	11
1812	2	63	13	4
1813	2	41	14	4
1814	4	150	25	10
1815	2	21	12	3
1816	4	132	24	7
1817	2	174	21	8
1818	2	123	19	7
1819	2	87	21	8
1820	2	81	17	6
1821	2	138	17	6
1822	2	16	10	2
1823	4	168	25	10
1824	4	159	28	12
1825	4	126	21	10
1826	2	24	14	4
1827	2	39	12	3
1828	2	75	19	7
1829	2	40	13	3
1830	2	84	12	4
1831	2	15	13	3
1832	2	57	15	5
1833	2	69	13	4
1834	4	141	24	11
1835	2	123	20	8
1836	2	174	23	9
1837	4	126	21	9
1838	2	66	14	3
1839	2	57	11	3
1840	4	159	28	12
1841	2	120	17	6
1842	2	117	14	4
1843	6	120	25	7
1844	4	159	25	10
1845	2	18	12	3
1846	4	126	21	10
1847	2	102	13	4
1848	2	93	15	5
1849	2	123	23	9
1850	2	150	19	7
1851	2	21	12	3
1852	4	159	28	12
1853	4	135	23	11
1854	6	126	25	7
1855	4	132	21	10
1856	2	20	11	3
1857	2	21	14	4
1858	2	192	21	8
1859	2	22	13	3
1860	2	65	13	3
1861	2	84	11	3
1862	2	75	15	5
1863	2	84	12	4
1864	4	141	24	11
1865	4	162	24	10
1866	4	138	22	7
1867	2	21	12	3
1868	4	132	22	8
1869	4	141	24	11
1870	2	138	15	5
1871	2	19	10	2
1872	2	20	11	3
1873	2	96	15	5
1874	2	174	21	8
1875	2	19	12	3
1876	2	51	8	2
1877	4	135	24	11
1878	2	19	12	3
1879	2	19	10	2
1880	4	171	24	10
1881	2	51	10	3
1882	2	18	15	4
1883	2	105	19	7
1884	2	75	15	5
1885	2	99	16	5
1886	4	132	22	8
1887	2	18	12	3
1888	4	162	27	12
1889	2	57	15	5
1890	2	120	15	5
1891	2	18	15	4
1892	2	14	11	2
1893	4	132	23	7
1894	2	111	16	6
1895	4	159	28	12
1896	2	180	21	8
1897	2	21	12	3
1898	2	99	20	8
1899	2	39	12	3
1900	2	102	15	5
1901	2	81	17	6
1902	2	15	13	3
1903	4	135	24	11
1904	2	174	21	8
1905	4	171	24	10
1906	4	120	24	7
1907	4	132	22	10
1908	4	132	24	8
1909	2	105	19	7
1910	2	180	25	10
1911	2	78	13	4
1912	2	90	15	5
1913	2	198	22	8
1914	2	22	13	3
1915	2	120	17	6
1916	4	150	25	10
1917	2	21	14	4
1918	2	17	10	2
1919	2	21	12	3
1920	4	102	19	5
1921	2	126	17	6
1922	2	57	17	6
1923	4	141	23	11
1924	2	186	23	9
1925	2	22	13	3
1926	2	18	11	3
1927	6	126	26	8
1928	2	174	19	7
1929	2	51	16	6
1930	2	42	15	4
1931	2	19	13	3
1932	4	159	28	12
1933	4	96	21	6
1934	4	162	24	10
1935	2	69	13	4
1936	4	141	23	10
1937	2	93	13	4
1938	2	69	14	5
1939	2	96	15	5
1940	2	186	24	10
1941	4	141	24	11
1942	2	132	17	6
1943	4	135	24	11
1944	2	18	15	4
1945	2	96	13	4
1946	4	126	23	8
1947	2	87	15	5
1948	2	22	12	3
1949	2	22	13	3
1950	2	18	15	4
1951	4	162	24	10
1952	4	141	23	10
1953	2	22	13	3
1954	4	126	23	7
1955	2	81	15	5
1956	4	135	22	10
1957	2	15	13	3
1958	2	69	17	6
1959	2	17	11	3
1960	4	96	19	5
1961	4	63	18	7
1962	4	171	24	10
1963	4	132	22	8
1964	2	114	19	7
1965	2	156	21	8
1966	2	117	20	7
1967	2	84	15	5
1968	4	132	21	9
1969	2	75	17	6
1970	4	132	24	8
1971	2	15	13	3
1972	4	96	19	5
1973	2	84	13	4
1974	2	64	12	3
1975	4	171	24	10
1976	2	114	17	6
1977	2	21	12	3
1978	2	153	21	8
1979	2	65	13	3
1980	4	141	23	11
1981	2	192	23	9
1982	2	51	10	3
1983	2	57	11	3
1984	2	63	15	5
1985	2	174	23	9
1986	4	129	25	11
1987	2	22	13	3
1988	6	114	25	7
1989	2	180	25	10
1990	2	99	13	4
1991	2	51	8	2
1992	4	132	22	7
1993	2	66	13	4
1994	2	38	11	2
1995	2	18	12	3
1996	6	120	26	8
1997	4	126	21	9
1998	4	132	22	11
1999	4	162	24	10
2000	2	96	15	5
2001	2	174	27	11
2002	4	159	25	10
2003	4	132	21	9
2004	4	141	24	11
2005	2	17	10	2
2006	2	75	15	5
2007	2	132	15	5
2008	4	141	26	12
2009	2	117	21	8
2010	4	63	19	7
2011	4	126	21	9
2012	2	42	15	4
2013	4	102	21	6
2014	2	51	13	4
2015	2	81	11	3
2016	4	132	24	7
2017	4	132	25	8
2018	2	63	11	2
2019	2	93	19	7
2020	4	126	24	8
2021	2	66	11	3
2022	4	126	21	9
2023	2	75	17	6
2024	2	186	21	8
2025	2	132	19	7
2026	4	126	21	10
2027	2	156	17	6
2028	4	93	19	4
2029	2	138	19	7
2030	4	171	24	10
2031	2	33	9	4
2032	2	84	11	3
2033	2	65	13	3
2034	2	120	15	5
2035	4	159	25	10
2036	2	40	13	3
2037	2	64	12	3
2038	2	84	17	6
2039	2	21	12	3
2040	2	78	13	4
2041	2	105	15	5
2042	4	138	22	7
2043	2	21	12	3
2044	4	141	22	10
2045	4	159	25	10
2046	2	84	11	3
2047	2	66	12	3
2048	2	138	19	7
2049	4	159	31	14
2050	6	120	25	7
2051	2	19	13	3
2052	2	21	12	3
2053	2	84	11	3
2054	2	99	13	4
2055	2	41	14	4
2056	6	120	28	9
2057	4	126	22	10
2058	2	32	7	2
2059	4	126	25	8
2060	4	135	26	11
2061	4	120	23	7
2062	4	99	19	5
2063	4	153	24	10
2064	6	120	27	8
2065	6	120	26	8
2066	6	120	27	9
2067	2	20	10	2
2068	4	63	18	7
2069	2	96	15	5
2070	2	81	15	5
2071	4	141	23	10
2072	2	41	14	4
2073	2	69	12	4
2074	4	135	26	11
2075	4	132	24	8
2076	2	81	11	3
2077	2	63	11	2
2078	6	126	27	9
2079	4	162	24	10
2080	2	168	21	8
2081	2	18	15	4
2082	2	81	13	4
2083	2	132	21	8
2084	4	159	25	10
2085	4	159	25	10
2086	4	135	24	11
2087	2	75	17	6
2088	4	126	24	7
2089	2	33	7	2
2090	2	75	19	7
2091	2	16	13	3
2092	4	141	23	10
2093	2	84	11	3
2094	2	114	19	7
2095	2	15	13	3
2096	4	126	24	10
2097	4	102	19	5
2098	4	126	22	8
2099	4	126	21	10
2100	4	135	24	11
2101	4	93	22	6
2102	4	168	28	12
2103	4	132	22	7
2104	6	126	27	8
2105	2	81	14	4
2106	2	156	23	9
2107	2	65	13	3
2108	4	159	25	10
2109	6	126	27	8
2110	2	114	17	6
2111	2	20	11	3
2112	2	114	17	6
2113	2	51	12	4
2114	2	22	13	3
2115	2	19	13	3
2116	2	51	8	2
2117	2	14	11	2
2118	4	159	25	10
2119	2	186	21	8
2120	2	132	17	6
2121	4	96	19	4
2122	2	114	18	7
2123	4	171	24	10
2124	2	69	14	5
2125	4	93	21	6
2126	2	22	13	3
2127	2	21	12	3
2128	2	99	19	7
2129	2	192	23	9
2130	6	132	25	7
2131	4	132	24	8
2132	2	57	11	3
2133	4	159	28	12
2134	2	69	17	6
2135	2	156	19	7
2136	4	132	22	7
2137	6	132	27	8
2138	2	87	11	3
2139	4	96	20	4
2140	4	153	24	10
2141	2	81	17	6
2142	2	105	18	7
2143	4	159	28	12
2144	4	126	21	9
2145	2	84	13	4
2146	4	162	24	10
2147	4	141	23	11
2148	2	18	12	3
2149	2	69	23	9
2150	2	15	13	3
2151	2	102	13	4
2152	4	96	21	6
2153	4	159	28	12
2154	4	171	24	10
2155	2	40	13	3
2156	2	16	14	3
2157	2	51	14	4
2158	6	126	29	9
2159	4	171	24	10
2160	2	174	23	9
2161	4	132	24	7
2162	6	120	27	9
2163	2	42	15	4
2164	2	33	7	2
2165	2	156	25	10
2166	2	39	13	3
2167	4	126	21	9
2168	2	87	14	5
2169	4	132	21	9
2170	2	75	17	6
2171	4	132	24	7
2172	4	132	21	10
2173	2	21	12	3
2174	2	41	14	4
2175	4	135	23	11
2176	2	21	14	4
2177	4	126	22	7
2178	2	21	12	3
2179	4	171	24	10
2180	2	78	13	4
2181	4	126	24	8
2182	4	126	21	9
2183	2	144	19	7
2184	2	21	12	3
2185	2	75	16	6
2186	4	87	19	4
2187	4	135	24	11
2188	2	63	15	5
2189	2	168	21	8
2190	2	186	23	9
2191	2	84	13	4
2192	2	156	17	6
2193	2	120	15	5
2194	4	159	28	12
2195	2	64	12	3
2196	2	120	17	6
2197	2	150	21	8
2198	4	126	25	7
2199	2	72	13	4
2200	2	120	19	7
2201	2	84	13	4
2202	4	159	25	10
2203	4	102	19	5
2204	2	40	13	3
2205	4	171	24	10
2206	2	33	7	2
2207	2	42	15	4
2208	4	153	27	12
2209	2	81	17	6
2210	4	159	25	10
2211	4	132	25	8
2212	2	39	13	3
2213	4	171	24	10
2214	2	138	15	5
2215	4	132	22	7
2216	4	132	24	8
2217	4	135	23	10
2218	2	66	10	2
2219	2	78	11	3
2220	2	40	13	3
2221	2	40	14	3
2222	2	180	19	7
2223	2	84	14	5
2224	4	96	20	5
2225	2	150	21	8
2226	2	40	13	3
2227	2	65	12	4
2228	2	21	12	3
2229	2	18	11	3
2230	2	21	12	3
2231	2	69	12	4
2232	4	141	23	10
2233	4	126	24	8
2234	2	51	8	2
2235	4	132	21	9
2236	4	129	23	10
2237	2	84	13	4
2238	4	126	24	7
2239	2	22	13	3
2240	4	162	24	10
2241	2	180	23	9
2242	4	102	19	5
2243	2	15	13	3
2244	2	84	15	5
2245	4	135	24	12
2246	2	102	13	4
2247	2	41	14	4
2248	2	40	14	3
2249	2	63	15	5
2250	2	21	12	3
2251	2	117	15	5
2252	2	120	19	7
2253	2	21	12	3
2254	4	63	19	7
2255	2	42	15	4
2256	2	75	23	9
2257	2	156	19	7
2258	2	105	16	6
2259	4	159	28	12
2260	2	16	14	3
2261	2	42	15	4
2262	4	102	19	5
2263	2	40	13	3
2264	2	19	13	3
2265	4	126	24	7
2266	2	57	10	3
2267	4	90	20	4
2268	2	19	10	2
2269	2	87	15	5
2270	2	15	13	3
2271	6	120	25	7
2272	4	126	21	9
2273	4	171	24	10
2274	2	51	10	3
2275	2	22	13	3
2276	2	69	12	4
2277	2	22	13	3
2278	2	66	12	3
2279	2	71	17	6
2280	2	21	14	4
2281	4	126	22	7
2282	4	132	24	7
2283	6	126	25	7
2284	4	135	23	11
2285	2	156	19	7
2286	4	132	21	9
2287	2	14	12	3
2288	4	132	22	8
2289	4	159	28	12
2290	2	180	25	10
2291	2	22	12	3
2292	2	20	11	3
2293	2	21	12	3
2294	4	126	23	8
2295	2	150	19	7
2296	2	81	13	4
2297	2	15	12	3
2298	2	102	17	6
2299	6	120	28	9
2300	6	120	28	9
2301	2	75	15	5
2302	2	102	15	5
2303	2	18	12	3
2304	2	51	11	3
2305	2	16	14	3
2306	6	126	25	7
2307	2	81	13	4
2308	4	93	19	4
2309	4	126	21	10
2310	2	42	15	4
2311	2	75	19	7
2312	2	168	19	7
2313	4	105	19	5
2314	4	120	24	7
2315	2	99	20	8
2316	2	20	11	3
2317	2	40	14	3
2318	4	132	21	10
2319	2	81	13	4
2320	2	65	13	3
2321	2	19	13	3
2322	4	132	24	7
2323	2	22	13	3
2324	4	132	25	9
2325	2	19	13	3
2326	2	69	17	6
2327	2	174	23	9
2328	4	135	25	12
2329	2	108	17	6
2330	2	132	21	8
2331	2	40	13	3
2332	4	93	19	4
2333	2	132	17	6
2334	2	69	13	4
2335	4	138	22	7
2336	2	138	17	6
2337	2	192	21	8
2338	2	117	19	7
2339	2	40	13	3
2340	2	174	23	9
2341	2	120	17	6
2342	4	147	23	10
2343	4	90	21	6
2344	4	135	23	11
2345	2	22	13	3
2346	4	126	22	7
2347	4	126	22	8
2348	2	63	14	5
2349	4	126	24	7
2350	4	126	22	7
2351	2	42	15	4
2352	4	120	22	10
2353	2	87	16	6
2354	2	65	13	3
2355	2	99	17	6
2356	2	69	14	5
2357	4	132	22	10
2358	2	63	13	4
2359	4	132	24	7
2360	4	132	22	7
2361	2	18	11	3
2362	2	16	10	2
2363	2	17	14	4
2364	2	33	10	5
2365	2	63	11	2
2366	2	66	13	4
2367	2	120	15	5
2368	2	69	15	5
2369	4	129	24	11
2370	4	102	19	5
2371	4	99	20	4
2372	2	120	16	6
2373	4	132	22	10
2374	2	42	15	4
2375	2	24	14	4
2376	2	156	21	8
2377	2	18	15	4
2378	2	51	12	4
2379	4	102	19	5
2380	4	162	24	10
2381	2	117	18	7
2382	4	126	21	9
2383	2	33	7	2
2384	4	93	21	6
2385	4	120	21	9
2386	4	102	22	7
2387	2	111	17	6
2388	2	15	13	3
2389	2	108	15	5
2390	4	135	25	12
2391	4	126	21	9
2392	2	105	23	9
2393	2	192	25	10
2394	2	15	12	3
2395	2	81	19	7
2396	4	171	27	12
2397	2	18	15	4
2398	2	87	16	5
2399	6	120	27	9
2400	4	162	24	10
2401	2	117	20	8
2402	4	153	24	10
2403	4	162	24	10
2404	2	16	14	3
2405	2	111	17	6
2406	2	13	11	2
2407	2	21	14	4
2408	4	126	24	7
2409	2	186	21	8
2410	2	15	13	3
2411	2	84	11	3
2412	4	168	28	12
2413	2	42	15	4
2414	2	186	21	8
2415	2	81	11	3
2416	2	19	13	3
2417	4	63	18	7
2418	2	20	11	3
2419	4	90	22	6
2420	2	81	15	5
2421	2	138	17	6
2422	2	129	19	7
2423	4	135	23	10
2424	2	84	11	3
2425	2	75	13	4
2426	2	23	13	4
2427	4	132	22	8
2428	2	144	17	6
2429	2	138	17	6
2430	2	19	12	3
2431	2	75	15	5
2432	2	22	13	3
2433	2	21	10	2
2434	2	24	14	4
2435	4	138	22	8
2436	2	19	12	3
2437	4	93	21	6
2438	2	156	17	6
2439	4	132	22	7
2440	4	162	27	12
2441	2	75	17	6
2442	4	135	23	10
2443	2	75	17	6
2444	2	156	19	7
2445	4	153	27	12
2446	4	96	21	6
2447	4	132	23	9
2448	2	21	14	4
2449	2	81	11	3
2450	2	21	12	3
2451	2	81	15	5
2452	4	171	24	10
2453	2	156	21	8
2454	4	141	23	11
2455	2	14	12	3
2456	2	39	13	3
2457	2	19	13	3
2458	2	105	16	6
2459	2	132	17	6
2460	2	81	13	4
2461	2	75	16	5
2462	2	39	13	3
2463	2	162	21	8
2464	2	64	12	3
2465	2	15	13	3
2466	2	40	13	3
2467	2	21	12	3
2468	4	171	27	12
2469	2	108	17	6
2470	4	126	22	7
2471	4	120	21	9
2472	2	13	11	2
2473	2	21	12	3
2474	2	39	13	3
2475	2	18	12	3
2476	2	42	15	4
2477	4	162	24	10
2478	2	87	11	3
2479	2	132	19	7
2480	4	102	19	5
2481	2	81	17	6
2482	4	171	24	10
2483	4	132	21	9
2484	2	87	18	6
2485	4	180	24	10
2486	2	180	25	10
2487	2	84	11	3
2488	2	41	14	4
2489	2	156	17	6
2490	2	93	15	5
2491	2	19	10	2
2492	2	17	11	3
2493	2	93	11	3
2494	2	37	11	2
2495	2	24	14	4
2496	4	126	22	7
2497	6	120	25	7
2498	4	129	22	10
2499	2	168	23	9
2500	2	123	18	7
2501	4	57	16	5
2502	4	168	28	12
2503	6	120	26	8
2504	4	168	25	10
2505	6	120	26	8
2506	2	39	13	3
2507	2	81	11	3
2508	2	99	18	6
2509	2	174	27	11
2510	4	102	21	6
2511	4	120	22	9
2512	2	180	21	8
2513	4	147	22	10
2514	2	41	14	4
2515	4	126	21	9
2516	2	18	12	3
2517	2	120	17	6
2518	2	174	23	9
2519	2	15	13	3
2520	4	177	28	12
2521	2	33	9	4
2522	4	132	22	7
2523	2	123	16	6
2524	2	20	11	3
2525	2	21	12	3
2526	4	171	27	12
2527	4	135	23	11
2528	4	126	22	8
2529	2	120	17	6
2530	4	132	22	7
2531	2	16	13	3
2532	2	65	13	3
2533	2	22	13	3
2534	6	120	29	10
2535	2	66	14	3
2536	2	42	15	4
2537	4	141	22	10
2538	4	150	25	10
2539	2	57	21	8
2540	2	87	15	5
2541	2	81	15	5
2542	2	180	23	9
2543	2	19	13	3
2544	6	126	26	8
2545	2	38	12	3
2546	2	138	20	7
2547	2	120	15	5
2548	4	105	19	5
2549	2	93	15	5
2550	2	84	13	4
2551	2	57	8	2
2552	2	159	19	7
2553	2	168	23	9
2554	2	60	13	4
2555	2	21	10	2
2556	6	120	27	8
2557	4	159	25	10
2558	6	120	26	8
2559	2	162	19	7
2560	2	135	19	7
2561	2	19	13	3
2562	4	96	22	5
2563	2	24	14	4
2564	2	15	13	3
2565	6	120	27	9
2566	2	150	21	8
2567	2	66	10	2
2568	4	150	28	12
2569	2	23	11	3
2570	2	168	21	8
2571	4	141	23	11
2572	4	153	24	10
2573	2	19	12	3
2574	2	65	13	3
2575	2	63	11	2
2576	2	18	15	4
2577	2	138	19	7
2578	4	135	23	10
2579	2	150	19	7
2580	6	120	25	7
2581	2	21	12	3
2582	6	114	26	8
2583	2	99	19	7
2584	2	18	12	3
2585	2	65	13	3
2586	2	93	19	7
2587	4	126	24	7
2588	2	13	11	2
2589	2	69	13	4
2590	6	132	25	7
2591	2	21	12	3
2592	2	96	15	5
2593	2	84	13	4
2594	4	132	21	10
2595	2	57	13	4
2596	2	123	17	6
2597	2	81	13	4
2598	2	60	13	4
2599	2	65	13	3
2600	4	126	22	7
2601	2	57	10	3
2602	2	21	14	4
2603	6	120	25	7
2604	4	99	19	5
2605	2	45	12	4
2606	4	159	28	12
2607	4	159	25	10
2608	2	16	14	3
2609	4	132	22	8
2610	4	102	19	5
2611	2	17	14	4
2612	2	84	13	4
2613	2	65	13	3
2614	2	180	27	11
2615	4	132	24	7
2616	2	38	11	2
2617	2	150	17	6
2618	2	40	13	3
2619	2	14	12	3
2620	2	16	13	3
2621	4	126	21	9
2622	2	16	13	3
2623	2	87	19	7
2624	2	120	17	6
2625	2	79	19	7
2626	2	40	13	3
2627	2	81	13	4
2628	2	84	11	3
2629	4	126	23	8
2630	4	126	23	8
2631	4	132	22	7
2632	2	17	11	3
2633	2	156	19	7
2634	2	87	21	8
2635	2	42	15	4
2636	2	41	14	4
2637	4	132	24	7
2638	2	18	12	3
2639	4	171	24	10
2640	2	81	15	5
2641	2	186	23	9
2642	2	99	13	4
2643	2	21	12	3
2644	2	20	10	2
2645	2	144	17	6
2646	2	18	12	3
2647	2	24	14	4
2648	2	99	27	11
2649	4	126	21	10
2650	4	102	19	5
2651	2	40	13	3
2652	2	102	15	5
2653	4	132	25	8
2654	2	18	15	4
2655	4	132	21	9
2656	2	22	13	3
2657	2	75	15	5
2658	2	15	13	3
2659	2	21	10	2
2660	2	75	19	7
2661	4	150	28	12
2662	2	51	11	3
2663	4	171	27	12
2664	2	39	12	3
2665	2	21	12	3
2666	2	42	15	4
2667	2	192	27	11
2668	2	69	14	5
2669	2	168	21	8
2670	4	102	19	5
2671	6	120	29	10
2672	2	81	13	4
2673	4	162	24	10
2674	4	132	23	8
2675	4	150	28	12
2676	4	96	19	5
2677	2	21	11	3
2678	2	17	14	4
2679	2	111	17	6
2680	2	120	17	6
2681	2	42	15	4
2682	2	51	10	3
2683	2	141	19	7
2684	2	96	15	5
2685	4	153	27	12
2686	4	63	17	5
2687	4	126	24	11
2688	4	171	27	12
2689	4	105	19	5
2690	2	108	15	5
2691	4	96	21	6
2692	2	162	23	9
2693	2	186	21	8
2694	6	114	27	9
2695	2	138	15	5
2696	2	99	17	6
2697	4	138	21	9
2698	2	120	15	5
2699	2	15	13	3
2700	2	16	10	2
2701	2	41	14	4
2702	2	13	11	2
2703	4	132	21	9
2704	4	126	22	7
2705	4	132	26	8
2706	4	168	28	12
2707	4	57	16	5
2708	2	51	11	3
2709	2	23	13	4
2710	4	96	21	5
2711	2	21	12	3
2712	2	19	12	3
2713	6	126	27	8
2714	4	96	21	6
2715	2	51	13	4
2716	4	162	24	10
2717	2	126	17	6
2718	2	99	15	5
2719	2	15	13	3
2720	2	22	12	3
2721	2	19	10	2
2722	2	75	19	7
2723	4	135	24	11
2724	2	120	15	5
2725	2	120	16	6
2726	4	126	21	10
2727	2	21	14	4
2728	2	66	13	4
2729	4	126	24	8
2730	4	126	21	10
2731	2	75	15	5
2732	4	96	19	5
2733	2	21	12	3
2734	2	99	18	7
2735	6	120	28	9
2736	2	19	12	3
2737	2	75	17	6
2738	2	84	15	5
2739	2	18	12	3
2740	2	96	15	5
2741	2	17	14	4
2742	4	171	27	12
2743	2	51	13	4
2744	2	102	13	4
2745	4	93	21	5
2746	4	162	27	12
2747	4	162	24	10
2748	2	24	14	4
2749	2	33	8	2
2750	2	108	19	7
2751	4	126	21	9
2752	2	21	12	3
2753	2	105	16	6
2754	2	69	15	5
2755	2	42	15	4
2756	2	186	23	9
2757	2	21	12	3
2758	2	17	11	3
2759	2	19	13	3
2760	4	132	21	9
2761	2	117	18	7
2762	2	24	14	4
2763	2	40	13	3
2764	2	87	19	7
2765	4	132	24	8
2766	2	81	17	6
2767	2	39	13	3
2768	4	132	22	7
2769	4	168	28	12
2770	2	93	19	7
2771	2	18	12	3
2772	2	117	16	5
2773	2	64	12	3
2774	2	78	11	3
2775	2	39	13	3
2776	2	40	13	3
2777	2	24	14	4
2778	2	81	15	5
2779	2	69	12	4
2780	2	19	12	3
2781	2	19	12	3
2782	4	126	21	9
2783	4	102	19	5
2784	2	19	11	2
2785	2	156	19	7
2786	2	138	15	5
2787	4	141	23	11
2788	4	132	22	7
2789	4	171	27	12
2790	2	150	19	7
2791	2	15	13	3
2792	2	40	13	3
2793	2	108	15	5
2794	6	126	27	8
2795	4	159	25	10
2796	2	21	12	3
2797	2	78	13	4
2798	6	120	29	10
2799	4	141	23	10
2800	2	81	15	5
2801	4	162	24	10
2802	4	132	22	7
2803	2	40	14	3
2804	2	19	13	3
2805	2	21	12	3
2806	4	135	25	10
2807	2	162	17	6
2808	2	180	19	7
2809	4	159	25	10
2810	2	93	19	7
2811	4	120	21	10
2812	4	150	25	10
2813	2	96	15	5
2814	2	168	21	8
2815	4	162	27	12
2816	4	63	17	5
2817	6	120	25	7
2818	2	153	17	6
2819	4	171	27	12
2820	2	93	15	5
2821	4	132	22	7
2822	4	168	28	12
2823	2	20	11	3
2824	4	132	24	7
2825	2	22	13	3
2826	4	171	24	10
2827	4	132	22	8
2828	4	138	24	7
2829	2	57	11	3
2830	2	21	12	3
2831	2	21	12	3
2832	2	51	8	2
2833	2	15	13	3
2834	2	150	21	8
2835	4	120	22	11
2836	4	120	24	7
2837	4	126	21	10
2838	2	93	19	7
2839	2	81	17	6
2840	4	162	27	12
2841	4	171	27	12
2842	2	192	25	10
2843	2	15	13	3
2844	2	102	13	4
2845	2	21	12	3
2846	2	66	10	4
2847	2	81	16	5
2848	2	84	11	3
2849	2	57	8	2
2850	4	132	21	7
2851	4	162	27	12
2852	2	13	11	2
2853	6	126	25	7
2854	4	162	27	12
2855	4	126	21	9
2856	2	16	10	2
2857	2	93	25	10
2858	4	168	25	10
2859	4	159	28	12
2860	2	36	7	2
2861	2	192	25	10
2862	4	93	20	4
2863	2	81	11	3
2864	2	21	12	3
2865	4	159	25	10
2866	4	126	21	10
2867	2	117	19	7
2868	2	132	19	7
2869	4	126	24	7
2870	2	75	13	4
2871	2	19	13	3
2872	2	24	14	4
2873	2	186	23	9
2874	2	117	18	6
2875	4	96	21	6
2876	2	66	13	4
2877	4	126	24	7
2878	2	41	14	4
2879	2	18	12	3
2880	4	132	23	8
2881	2	39	13	3
2882	2	30	12	4
2883	2	120	15	5
2884	2	63	11	2
2885	2	22	12	3
2886	2	40	13	3
2887	2	18	11	3
2888	2	69	12	4
2889	4	126	24	7
2890	2	40	13	3
2891	2	96	13	4
2892	2	81	13	4
2893	4	126	23	7
2894	2	192	25	10
2895	2	117	15	5
2896	4	96	21	6
2897	2	138	17	6
2898	2	132	15	5
2899	2	135	17	6
2900	2	114	17	6
2901	4	126	22	7
2902	2	39	13	3
2903	2	23	13	4
2904	2	69	23	9
2905	2	99	16	6
2906	2	40	13	3
2907	4	171	24	10
2908	2	65	13	3
2909	2	87	18	7
2910	2	102	14	5
2911	2	150	21	8
2912	2	39	13	3
2913	4	102	19	5
2914	4	132	21	10
2915	4	126	21	9
2916	2	99	18	6
2917	2	123	16	6
2918	4	126	22	7
2919	2	126	15	5
2920	2	30	7	2
2921	2	39	13	3
2922	4	87	22	5
2923	4	132	22	7
2924	2	51	10	3
2925	2	144	15	5
2926	4	96	19	5
2927	2	84	11	3
2928	2	63	10	3
2929	2	24	14	4
2930	2	156	24	10
2931	2	20	11	3
2932	4	60	18	5
2933	4	126	21	9
2934	4	141	24	11
2935	2	57	8	2
2936	4	96	19	5
2937	2	87	13	4
2938	2	87	16	6
2939	4	162	24	10
2940	2	84	14	4
2941	4	132	24	10
2942	2	102	13	4
2943	2	21	11	3
2944	2	19	12	3
2945	2	22	13	3
2946	2	42	15	4
2947	2	108	17	6
2948	4	126	25	7
2949	2	156	21	8
2950	2	16	13	3
2951	2	75	13	4
2952	2	81	15	5
2953	2	117	15	5
2954	4	120	24	7
2955	4	102	21	6
2956	2	51	10	3
2957	6	126	25	7
2958	2	18	15	4
2959	2	51	8	2
2960	4	120	24	8
2961	2	60	10	2
2962	4	141	25	12
2963	2	15	13	3
2964	2	99	13	4
2965	2	65	12	4
2966	2	174	23	9
2967	4	171	24	10
2968	2	132	19	7
2969	4	132	22	8
2970	2	84	13	4
2971	4	132	21	9
2972	2	36	7	2
2973	4	63	17	5
2974	2	174	21	8
2975	2	16	13	3
2976	2	57	11	3
2977	2	66	10	2
2978	4	150	28	12
2979	2	84	13	4
2980	2	102	17	6
2981	2	23	13	4
2982	2	39	13	3
2983	2	45	13	4
2984	2	102	14	5
2985	2	40	13	3
2986	6	120	28	9
2987	4	177	25	10
2988	2	20	10	2
2989	2	24	14	4
2990	2	162	19	7
2991	2	17	10	2
2992	4	162	27	12
2993	2	69	17	6
2994	2	120	17	6
2995	2	57	11	3
2996	4	93	20	5
2997	2	168	21	8
2998	2	18	12	3
2999	4	171	27	12
3000	4	126	22	8
3001	4	132	23	8
3002	2	81	13	4
3003	2	156	19	7
3004	2	22	13	3
3005	4	126	21	9
3006	2	75	17	6
3007	4	159	25	10
3008	2	19	13	3
3009	2	37	11	2
3010	2	105	18	6
3011	2	63	15	5
3012	2	87	16	6
3013	2	138	19	7
3014	2	75	16	6
3015	2	132	21	8
3016	2	64	12	3
3017	2	65	13	3
3018	2	138	17	6
3019	6	120	25	7
3020	2	57	8	2
3021	2	156	19	7
3022	2	120	15	5
3023	2	15	12	3
3024	2	66	13	4
3025	4	63	18	7
3026	2	120	15	5
3027	2	69	16	6
3028	2	99	16	6
3029	2	63	15	5
3030	4	126	21	9
3031	4	102	21	6
3032	4	162	27	12
3033	2	93	14	4
3034	2	123	19	7
3035	2	150	19	7
3036	2	66	13	4
3037	4	171	27	12
3038	2	40	13	3
3039	4	96	20	5
3040	4	120	22	7
3041	4	132	23	9
3042	4	126	22	8
3043	2	24	14	4
3044	2	96	15	5
3045	2	57	11	3
3046	4	159	25	10
3047	2	21	11	3
3048	2	66	13	4
3049	2	102	15	5
3050	4	93	19	4
3051	2	16	10	2
3052	4	135	24	11
3053	2	123	20	8
3054	2	120	15	5
3055	4	126	22	7
3056	4	135	24	11
3057	2	22	13	3
3058	2	66	13	4
3059	4	126	22	7
3060	2	87	15	5
3061	2	45	13	4
3062	4	135	24	11
3063	2	78	13	4
3064	4	102	21	6
3065	2	120	15	5
3066	2	117	15	5
3067	4	141	23	11
3068	2	65	13	3
3069	2	19	10	2
3070	2	135	17	6
3071	2	60	13	4
3072	2	23	13	4
3073	2	156	19	7
3074	2	144	21	8
3075	2	22	12	3
3076	2	45	12	4
3077	2	174	23	9
3078	2	24	14	4
3079	4	177	28	12
3080	2	93	17	6
3081	4	120	21	9
3082	2	141	18	6
3083	2	99	18	7
3084	4	135	24	11
3085	2	168	21	8
3086	4	126	21	9
3087	4	177	25	10
3088	4	138	22	7
3089	2	174	23	9
3090	2	21	12	3
3091	4	102	21	6
3092	2	180	19	7
3093	4	180	27	12
3094	4	159	25	10
3095	2	102	17	6
3096	2	114	17	6
3097	2	84	11	3
3098	2	39	12	3
3099	2	66	10	2
3100	2	87	15	5
3101	2	75	17	6
3102	2	19	12	3
3103	2	81	14	5
3104	2	105	17	6
3105	4	126	21	9
3106	2	33	8	2
3107	6	126	27	9
3108	2	16	13	3
3109	4	126	21	9
3110	2	19	12	3
3111	4	96	21	6
3112	2	19	10	2
3113	2	38	12	3
3114	2	84	11	3
3115	6	120	29	10
3116	2	22	13	3
3117	2	40	14	3
3118	4	132	24	8
3119	4	132	24	8
3120	2	21	12	3
3121	2	39	12	3
3122	2	135	16	5
3123	2	66	14	3
3124	2	93	18	7
3125	4	126	24	8
3126	2	174	21	8
3127	4	132	24	8
3128	2	36	11	6
3129	2	69	15	5
3130	2	13	11	2
3131	4	162	24	10
3132	2	57	8	2
3133	2	21	12	3
3134	2	114	17	6
3135	4	171	24	10
3136	2	114	17	6
3137	2	78	11	3
3138	2	16	13	3
3139	2	66	13	4
3140	6	120	27	9
3141	2	19	12	3
3142	2	19	13	3
3143	2	33	10	5
3144	4	102	19	5
3145	4	96	22	6
3146	4	126	24	8
3147	4	132	22	8
3148	2	153	16	5
3149	2	84	11	3
3150	4	171	27	12
3151	2	123	19	7
3152	4	168	25	10
3153	4	132	22	7
3154	4	93	20	5
3155	2	174	21	8
3156	2	51	10	3
3157	4	132	21	10
3158	2	22	12	3
3159	4	162	24	10
3160	4	126	21	9
3161	2	69	15	5
3162	2	120	15	5
3163	2	75	13	4
3164	2	40	13	3
3165	2	24	14	4
3166	2	102	15	5
3167	2	81	15	5
3168	2	138	21	8
3169	4	135	24	11
3170	2	120	15	5
3171	2	84	15	5
3172	2	84	11	3
3173	4	96	21	6
3174	2	144	19	7
3175	2	66	14	3
3176	4	159	28	12
3177	2	84	13	4
3178	4	162	27	12
3179	2	21	12	3
3180	2	18	12	3
3181	2	102	15	5
3182	2	75	13	4
3183	2	22	12	3
3184	6	120	27	9
3185	2	198	21	8
3186	2	93	15	5
3187	6	120	27	9
3188	2	39	12	3
3189	2	41	14	4
3190	2	17	10	2
3191	4	150	25	10
3192	2	120	17	6
3193	2	16	14	3
3194	2	57	11	3
3195	2	57	11	3
3196	2	144	17	6
3197	2	20	11	3
3198	4	132	24	7
3199	2	174	24	9
3200	2	15	13	3
3201	4	141	24	11
3202	4	132	22	10
3203	2	22	13	3
3204	4	168	25	10
3205	4	171	27	12
3206	2	174	21	8
3207	2	75	13	4
3208	4	171	27	12
3209	4	180	24	10
3210	4	126	24	8
3211	2	66	13	4
3212	4	126	23	8
3213	4	132	23	8
3214	4	159	25	10
3215	2	144	15	5
3216	4	141	24	11
3217	4	126	21	10
3218	2	16	14	3
3219	2	51	11	3
3220	4	132	21	10
3221	2	168	19	7
3222	4	132	21	9
3223	2	69	15	5
3224	4	126	21	9
3225	2	192	23	9
3226	4	159	25	10
3227	2	93	21	8
3228	4	90	21	6
3229	2	21	12	3
3230	2	83	15	5
3231	2	38	12	3
3232	2	40	13	3
3233	4	126	24	7
3234	2	16	13	3
3235	6	126	27	8
3236	6	120	28	9
3237	2	120	13	4
3238	4	171	27	12
3239	2	40	14	3
3240	2	87	20	7
3241	2	66	14	3
3242	2	39	12	3
3243	2	174	21	8
3244	2	16	10	2
3245	2	57	17	6
3246	2	21	11	3
3247	2	15	12	3
3248	2	18	11	3
3249	4	168	25	10
3250	2	180	19	7
3251	4	132	22	7
3252	6	132	25	7
3253	4	126	21	9
3254	2	23	13	4
3255	2	63	19	7
3256	4	126	24	7
3257	2	66	13	4
3258	2	19	13	3
3259	4	126	21	10
3260	2	174	27	11
3261	4	93	20	5
3262	4	132	23	8
3263	2	123	21	8
3264	2	75	15	5
3265	4	141	23	10
3266	2	180	25	10
3267	4	102	20	4
3268	2	126	15	5
3269	2	66	14	3
3270	6	120	28	9
3271	2	87	14	5
3272	2	20	11	3
3273	4	126	24	7
3274	2	33	10	5
3275	2	21	14	4
3276	2	39	13	3
3277	4	132	22	7
3278	2	114	18	7
3279	2	22	13	3
3280	2	102	15	5
3281	4	102	19	5
3282	2	66	13	4
3283	2	39	13	3
3284	2	13	11	2
3285	2	87	19	7
3286	2	63	13	4
3287	2	63	11	2
3288	2	16	13	3
3289	2	16	13	3
3290	4	132	21	10
3291	4	132	21	10
3292	2	75	15	5
3293	4	96	19	4
3294	2	174	21	8
3295	2	129	18	7
3296	2	114	13	4
3297	6	126	26	8
3298	2	14	12	3
3299	2	21	12	3
3300	2	180	23	9
3301	2	21	14	4
3302	2	84	11	3
3303	2	87	19	7
3304	4	126	22	7
3305	2	42	15	4
3306	4	168	28	12
3307	2	15	13	3
3308	4	126	22	8
3309	2	84	13	4
3310	2	168	23	9
3311	4	120	21	10
3312	2	96	17	6
3313	2	75	15	5
3314	2	40	13	3
3315	4	159	25	10
3316	2	84	11	3
3317	4	93	21	6
3318	4	96	19	4
3319	4	141	23	11
3320	2	84	11	3
3321	4	141	24	11
3322	4	93	19	4
3323	2	73	17	6
3324	2	40	13	3
3325	4	159	28	12
3326	4	132	25	8
3327	2	111	17	6
3328	2	84	11	3
3329	2	57	23	9
3330	2	22	12	3
3331	2	96	13	4
3332	4	132	22	8
3333	2	51	8	2
3334	2	16	14	3
3335	4	177	28	12
3336	2	39	12	3
3337	4	132	24	7
3338	2	57	8	2
3339	4	132	21	9
3340	2	156	23	9
3341	2	93	19	7
3342	2	120	15	5
3343	2	75	17	6
3344	4	126	24	7
3345	2	84	13	4
3346	4	141	23	10
3347	2	40	14	3
3348	6	126	26	8
3349	2	39	13	3
3350	2	57	8	2
3351	4	162	27	12
3352	4	132	25	7
3353	4	126	21	9
3354	4	126	22	8
3355	2	117	18	7
3356	6	126	25	7
3357	2	66	10	2
3358	2	66	14	3
3359	4	129	25	10
3360	2	19	10	2
3361	2	16	13	3
3362	4	126	22	7
3363	4	141	23	10
3364	4	171	27	12
3365	4	126	22	7
3366	2	117	17	6
3367	2	16	13	3
3368	2	15	13	3
3369	2	22	13	3
3370	4	96	20	6
3371	4	162	24	10
3372	2	18	12	3
3373	2	69	12	4
3374	2	69	14	5
3375	2	78	13	4
3376	4	162	27	12
3377	2	66	13	4
3378	2	21	11	3
3379	2	63	12	4
3380	2	96	13	4
3381	2	63	10	3
3382	4	171	27	12
3383	2	24	14	4
3384	2	126	15	5
3385	2	42	15	4
3386	4	171	27	12
3387	2	66	13	4
3388	4	126	24	8
3389	2	16	13	3
3390	6	126	27	9
3391	2	81	19	7
3392	2	180	21	8
3393	2	81	13	4
3394	2	16	13	3
3395	4	132	24	7
3396	2	144	17	6
3397	2	51	10	3
3398	2	117	16	6
3399	2	18	15	4
3400	2	123	19	7
3401	4	168	28	12
3402	6	120	25	7
3403	4	96	21	6
3404	4	168	25	10
3405	2	18	12	3
3406	4	126	24	8
3407	4	126	21	10
3408	4	126	22	7
3409	4	162	24	10
3410	2	57	19	7
3411	4	159	25	10
3412	2	21	10	2
3413	4	63	17	5
3414	4	63	19	7
3415	2	66	11	3
3416	2	117	17	6
3417	4	93	19	4
3418	4	171	24	10
3419	2	69	15	5
3420	2	18	15	4
3421	4	168	28	12
3422	2	153	17	6
3423	2	22	13	3
3424	4	168	25	10
3425	4	132	22	7
3426	4	120	21	9
3427	2	75	19	7
3428	2	75	17	6
3429	4	120	26	7
3430	4	132	21	10
3431	2	105	18	7
3432	2	75	19	7
3433	2	39	13	3
3434	2	186	22	9
3435	4	102	21	6
3436	2	120	17	6
3437	4	126	24	8
3438	2	38	11	2
3439	4	102	22	7
3440	2	45	12	4
3441	2	96	13	4
3442	4	141	23	11
3443	4	126	23	8
3444	4	96	20	4
3445	4	63	17	5
3446	4	159	25	10
3447	2	81	17	6
3448	4	135	24	11
3449	2	39	12	3
3450	4	153	24	10
3451	2	14	11	2
3452	2	16	13	3
3453	4	126	25	8
3454	2	20	11	3
3455	2	114	19	7
3456	4	159	25	10
3457	2	174	23	9
3458	4	141	24	11
3459	2	102	15	5
3460	2	114	17	6
3461	2	81	14	5
3462	2	117	18	6
3463	4	126	25	9
3464	4	171	27	12
3465	4	141	22	10
3466	2	21	14	4
3467	2	40	14	3
3468	4	132	22	7
3469	2	99	19	7
3470	4	96	19	5
3471	4	141	22	10
3472	2	15	13	3
3473	2	81	17	6
3474	2	22	12	3
3475	2	150	17	6
3476	6	120	25	7
3477	2	57	8	2
3478	2	17	10	2
3479	2	150	17	6
3480	4	93	20	5
3481	2	84	15	5
3482	2	20	13	4
3483	4	135	24	10
3484	2	75	17	6
3485	2	15	13	3
3486	2	162	23	9
3487	2	69	15	5
3488	2	15	12	3
3489	2	15	13	3
3490	2	117	18	7
3491	2	40	13	3
3492	2	22	12	3
3493	2	38	12	3
3494	2	21	12	3
3495	2	42	15	4
3496	2	138	17	6
3497	4	150	25	10
3498	2	39	13	3
3499	4	159	25	10
3500	4	93	20	4
3501	4	135	22	10
3502	4	168	25	10
3503	2	117	22	9
3504	2	14	11	2
3505	2	38	12	3
3506	4	126	22	7
3507	2	84	13	4
3508	2	42	15	4
3509	2	93	15	5
3510	2	72	13	4
3511	2	23	13	4
3512	2	186	21	8
3513	4	168	25	10
3514	2	120	15	5
3515	2	32	7	2
3516	4	63	18	7
3517	4	126	22	7
3518	4	60	18	5
3519	6	126	28	9
3520	2	33	7	2
3521	4	120	24	8
3522	2	81	17	6
3523	4	126	24	8
3524	2	63	29	12
3525	2	22	12	3
3526	2	96	13	4
3527	2	22	13	3
3528	4	93	21	6
3529	2	150	17	6
3530	2	19	12	3
3531	2	84	15	5
3532	4	171	24	10
3533	2	16	13	3
3534	4	120	24	7
3535	2	150	20	8
3536	6	126	29	10
3537	2	33	10	5
3538	2	16	14	3
3539	2	18	12	3
3540	2	21	12	3
3541	2	129	21	8
3542	4	126	22	7
3543	2	21	12	3
3544	4	132	25	8
3545	2	81	15	5
3546	4	93	21	6
3547	2	40	14	3
3548	2	22	12	3
3549	2	81	13	4
3550	2	39	12	3
3551	2	21	12	3
3552	4	126	24	8
3553	4	93	22	6
3554	4	132	24	7
3555	2	21	12	3
3556	2	120	15	5
3557	2	39	13	3
3558	4	162	24	10
3559	2	75	19	7
3560	2	168	19	7
3561	2	156	21	8
3562	6	126	26	8
3563	2	84	11	3
3564	2	69	12	4
3565	2	87	13	4
3566	2	102	13	4
3567	2	102	15	5
3568	2	102	16	6
3569	4	132	21	9
3570	2	65	13	3
3571	6	126	25	7
3572	2	39	13	3
3573	2	138	19	7
3574	4	162	24	10
3575	2	18	15	4
3576	4	159	25	10
3577	2	120	17	6
3578	2	108	15	5
3579	4	96	21	6
3580	4	141	23	11
3581	2	138	17	6
3582	2	102	17	6
3583	2	19	12	3
3584	2	16	14	3
3585	2	174	23	9
3586	4	162	24	10
3587	2	22	13	3
3588	2	114	17	6
3589	2	99	21	8
3590	2	81	11	3
3591	4	132	24	9
3592	2	18	15	4
3593	4	132	22	7
3594	2	75	15	5
3595	2	22	13	3
3596	4	126	24	7
3597	4	168	28	12
3598	2	75	17	6
3599	2	16	10	2
3600	2	42	15	4
3601	2	69	12	4
3602	2	81	15	5
3603	4	135	23	10
3604	2	120	17	6
3605	2	65	12	4
3606	2	19	12	3
3607	2	138	17	6
3608	2	19	13	3
3609	2	21	12	3
3610	4	129	27	13
3611	2	51	8	2
3612	2	66	10	2
3613	2	81	17	6
3614	4	96	19	5
3615	2	39	12	3
3616	2	21	11	3
3617	4	63	18	7
3618	2	102	17	6
3619	4	126	22	8
3620	4	171	27	12
3621	2	93	21	8
3622	4	135	24	12
3623	4	126	24	7
3624	2	120	15	5
3625	2	18	12	3
3626	6	126	26	8
3627	2	69	12	4
3628	2	22	12	3
3629	4	168	28	12
3630	4	162	24	10
3631	2	17	11	3
3632	2	13	11	2
3633	4	126	25	7
3634	2	120	15	5
3635	2	24	14	4
3636	2	57	10	3
3637	2	18	12	3
3638	2	57	17	6
3639	2	21	12	3
3640	4	180	27	12
3641	2	84	15	5
3642	2	150	17	6
3643	2	60	13	4
3644	4	120	24	7
3645	2	65	13	3
3646	2	198	22	8
3647	2	18	12	3
3648	2	38	11	2
3649	2	120	17	6
3650	2	66	11	3
3651	4	132	22	7
3652	2	120	15	5
3653	4	102	21	6
3654	4	135	24	11
3655	2	21	12	3
3656	4	135	23	10
3657	4	126	24	8
3658	4	132	22	10
3659	2	168	23	9
3660	2	42	15	4
3661	4	141	26	11
3662	2	105	19	7
3663	2	186	23	9
3664	2	40	14	3
3665	6	126	25	7
3666	4	129	22	10
3667	2	126	15	5
3668	4	102	19	5
3669	2	84	15	5
3670	2	18	12	3
3671	2	41	14	4
3672	6	120	27	9
3673	2	18	15	4
3674	2	19	12	3
3675	4	126	21	9
3676	2	17	14	4
3677	4	171	27	12
3678	4	132	24	7
3679	2	66	13	4
3680	2	138	17	6
3681	2	65	13	3
3682	2	150	21	8
3683	4	60	18	5
3684	4	96	21	6
3685	2	84	13	4
3686	6	126	28	10
3687	4	132	22	7
3688	2	147	21	8
3689	4	168	28	12
3690	2	21	12	3
3691	4	153	24	10
3692	2	42	15	4
3693	2	126	19	7
3694	2	96	15	5
3695	2	174	21	8
3696	2	123	18	7
3697	2	30	7	2
3698	2	162	21	8
3699	2	20	13	4
3700	2	18	12	3
3701	2	87	13	4
3702	6	132	25	7
3703	2	162	23	9
3704	2	21	10	2
3705	2	15	13	3
3706	2	81	21	8
3707	2	129	21	8
3708	2	132	17	6
3709	2	102	15	5
3710	2	18	15	4
3711	2	138	19	7
3712	2	51	10	3
3713	2	20	13	4
3714	4	162	27	12
3715	2	22	13	3
3716	2	69	12	4
3717	4	171	24	10
3718	2	16	13	3
3719	2	66	13	4
3720	4	132	23	9
3721	2	138	17	6
3722	4	96	20	4
3723	4	126	21	9
3724	2	66	10	2
3725	2	57	11	3
3726	4	150	28	12
3727	2	21	12	3
3728	2	105	17	6
3729	2	84	11	3
3730	4	126	24	7
3731	2	18	11	3
3732	2	18	15	4
3733	4	126	22	7
3734	2	65	13	3
3735	4	96	19	5
3736	2	153	16	5
3737	4	126	21	9
3738	2	138	21	8
3739	2	66	13	4
3740	2	117	17	6
3741	4	126	21	9
3742	2	40	13	3
3743	2	20	10	2
3744	2	20	10	2
3745	2	174	21	8
3746	2	45	13	4
3747	2	93	18	7
3748	4	168	25	10
3749	2	71	19	7
3750	2	102	13	4
3751	2	21	12	3
3752	2	69	15	5
3753	4	96	21	6
3754	2	64	12	3
3755	4	126	24	8
3756	2	180	27	11
3757	4	168	28	12
3758	2	168	21	8
3759	2	57	21	8
3760	4	63	17	5
3761	2	123	21	8
3762	2	18	15	4
3763	4	126	21	9
3764	2	21	14	4
3765	4	96	21	5
3766	2	51	8	2
3767	2	180	25	10
3768	2	22	12	3
3769	4	132	24	7
3770	2	81	13	4
3771	2	21	11	3
3772	2	78	13	4
3773	2	21	12	3
3774	2	66	11	3
3775	4	120	22	7
3776	4	168	25	10
3777	4	138	24	7
3778	2	162	19	7
3779	4	126	24	7
3780	2	81	13	4
3781	4	153	24	10
3782	4	168	28	12
3783	2	81	15	5
3784	2	65	13	3
3785	2	81	15	5
3786	2	20	11	3
3787	2	186	23	9
3788	2	40	14	3
3789	2	41	14	4
3790	2	138	15	5
3791	4	129	25	11
3792	4	126	21	10
3793	2	16	13	3
3794	2	18	15	4
3795	2	159	19	7
3796	2	129	17	6
3797	2	84	17	6
3798	2	39	13	3
3799	4	159	25	10
3800	2	15	13	3
3801	4	141	24	11
3802	2	105	18	7
3803	2	13	11	2
3804	4	132	21	10
3805	2	66	10	2
3806	2	19	10	2
3807	2	66	13	4
3808	2	16	14	3
3809	2	23	13	4
3810	2	90	15	5
3811	2	99	21	8
3812	2	84	13	4
3813	2	66	11	3
3814	2	24	14	4
3815	4	126	24	7
3816	2	150	17	6
3817	6	120	32	12
3818	4	168	28	12
3819	4	126	24	7
3820	2	15	13	3
3821	4	162	24	10
3822	4	132	21	10
3823	2	33	9	4
3824	4	126	22	7
3825	2	21	11	3
3826	4	126	22	8
3827	2	19	12	3
3828	4	141	23	10
3829	6	120	25	7
3830	4	96	21	6
3831	2	99	16	6
3832	2	40	13	3
3833	2	66	13	4
3834	2	102	15	5
3835	2	69	12	4
3836	2	17	11	3
3837	2	20	11	3
3838	2	16	13	3
3839	6	126	27	8
3840	2	75	15	5
3841	2	19	12	3
3842	2	78	13	4
3843	2	15	13	3
3844	6	120	30	11
3845	4	180	27	12
3846	4	168	25	10
3847	2	42	15	4
3848	2	84	11	3
3849	4	126	23	7
3850	2	174	21	8
3851	2	13	11	2
3852	2	42	15	4
3853	2	21	12	3
3854	4	168	25	10
3855	2	114	15	5
3856	2	120	19	7
3857	4	126	21	10
3858	2	114	13	4
3859	2	156	21	8
3860	2	40	14	3
3861	2	66	11	3
3862	4	120	21	9
3863	2	21	12	3
3864	6	126	27	8
3865	4	132	25	7
3866	2	132	19	7
3867	2	168	19	7
3868	2	15	13	3
3869	2	93	21	8
3870	4	132	22	8
3871	4	135	24	11
3872	2	51	13	4
3873	4	96	20	6
3874	2	40	13	3
3875	4	141	23	10
3876	4	162	24	10
3877	2	24	14	4
3878	4	132	22	7
3879	2	45	13	4
3880	2	39	12	3
3881	2	57	8	2
3882	4	96	19	5
3883	2	156	21	8
3884	2	18	15	4
3885	2	75	21	8
3886	2	63	23	9
3887	2	21	12	3
3888	2	41	14	4
3889	2	180	23	9
3890	4	60	18	5
3891	4	132	23	8
3892	2	147	19	7
3893	2	75	17	6
3894	4	168	25	10
3895	4	132	24	7
3896	4	93	19	4
3897	2	51	14	5
3898	4	126	22	8
3899	4	141	23	10
3900	2	87	15	5
3901	2	15	13	3
3902	2	69	12	4
3903	6	126	27	8
3904	2	24	14	4
3905	6	126	25	7
3906	2	57	8	2
3907	2	162	19	7
3908	2	105	19	7
3909	2	21	10	2
3910	2	51	8	2
3911	4	132	22	8
3912	2	18	12	3
3913	4	132	24	8
3914	2	150	21	8
3915	2	33	7	2
3916	4	159	25	10
3917	2	75	15	5
3918	2	21	12	3
3919	2	66	13	4
3920	4	126	24	8
3921	2	111	16	5
3922	2	99	16	6
3923	2	38	12	3
3924	2	19	10	2
3925	4	132	21	9
3926	2	180	27	11
3927	4	135	23	11
3928	4	126	22	10
3929	4	96	19	5
3930	4	63	18	7
3931	2	132	15	5
3932	2	75	17	6
3933	4	159	25	10
3934	4	168	28	12
3935	2	21	11	3
3936	2	168	26	11
3937	2	65	13	3
3938	4	120	21	10
3939	2	123	19	7
3940	2	39	12	3
3941	2	57	14	4
3942	2	19	10	2
3943	2	18	11	3
3944	2	93	16	6
3945	4	171	24	10
3946	2	63	13	4
3947	4	126	22	8
3948	4	132	25	8
3949	2	51	10	3
3950	4	141	22	10
3951	2	99	11	3
3952	4	126	21	9
3953	2	33	8	2
3954	4	126	21	9
3955	2	20	10	2
3956	2	40	14	3
3957	2	150	21	8
3958	2	123	22	8
3959	2	42	15	4
3960	2	150	17	6
3961	4	96	19	5
3962	2	156	21	8
3963	2	19	13	3
3964	2	51	8	2
3965	4	162	27	12
3966	2	75	15	5
3967	2	14	11	2
3968	2	117	18	7
3969	4	132	23	10
3970	2	132	17	6
3971	2	75	15	5
3972	4	102	19	5
3973	6	120	30	11
3974	4	126	24	7
3975	2	16	13	3
3976	4	153	24	10
3977	2	41	14	4
3978	2	33	7	2
3979	4	135	23	11
3980	2	150	21	8
3981	2	99	13	4
3982	2	120	17	6
3983	2	87	17	6
3984	2	21	12	3
3985	4	132	22	7
3986	2	19	13	3
3987	2	41	14	4
3988	2	93	15	5
3989	2	132	19	7
3990	6	126	25	7
3991	2	18	12	3
3992	2	102	13	4
3993	2	147	21	8
3994	2	105	14	5
3995	2	69	16	6
3996	4	96	21	6
3997	4	126	21	9
3998	2	22	13	3
3999	2	174	23	9
4000	4	159	25	10
4001	4	147	24	11
4002	2	147	23	9
4003	2	66	10	2
4004	6	120	25	7
4005	2	57	8	2
4006	4	126	21	9
4007	2	16	14	3
4008	4	171	24	10
4009	2	81	19	7
4010	2	174	21	8
4011	2	22	13	3
4012	4	93	19	4
4013	4	168	25	10
4014	2	32	7	2
4015	4	126	24	7
4016	2	21	12	3
4017	4	93	21	4
4018	4	129	25	10
4019	4	162	27	12
4020	2	99	15	5
4021	2	105	17	6
4022	2	69	13	4
4023	6	120	26	8
4024	2	40	14	3
4025	4	60	18	5
4026	6	126	27	9
4027	2	75	13	4
4028	4	171	24	10
4029	4	63	17	5
4030	2	15	13	3
4031	2	123	17	6
4032	2	20	11	3
4033	2	96	15	5
4034	2	93	19	7
4035	2	102	13	4
4036	4	96	21	5
4037	4	132	24	9
4038	2	69	14	5
4039	2	40	13	3
4040	4	141	23	11
4041	2	40	13	3
4042	6	126	29	10
4043	2	32	7	2
4044	2	20	10	2
4045	2	51	8	2
4046	2	69	14	5
4047	2	102	15	5
4048	4	135	22	10
4049	2	93	14	5
4050	2	65	12	4
4051	4	132	21	9
4052	4	126	22	11
4053	4	126	21	10
4054	4	129	25	10
4055	2	17	11	3
4056	2	84	13	4
4057	2	33	9	4
4058	4	126	24	7
4059	4	132	21	10
4060	2	66	14	3
4061	4	120	22	9
4062	4	126	22	7
4063	2	38	11	2
4064	2	16	14	3
4065	2	156	19	7
4066	4	126	22	7
4067	4	171	27	12
4068	4	129	21	9
4069	2	21	12	3
4070	4	135	26	11
4071	2	18	12	3
4072	4	168	25	10
4073	6	126	25	7
4074	2	42	15	4
4075	2	66	13	4
4076	4	126	24	7
4077	4	120	21	10
4078	2	84	13	4
4079	2	99	13	4
4080	4	126	23	7
4081	2	132	15	5
4082	4	129	22	9
4083	2	174	19	7
4084	4	135	23	11
4085	4	150	25	10
4086	4	132	21	10
4087	2	19	13	3
4088	4	93	21	6
4089	4	132	21	9
4090	4	159	25	10
4091	2	120	17	6
4092	4	168	25	10
4093	2	19	12	3
4094	2	75	19	7
4095	2	21	12	3
4096	4	99	19	5
4097	4	132	24	7
4098	4	168	28	12
4099	2	16	14	3
4100	4	141	24	11
4101	4	132	21	9
4102	2	156	19	7
4103	2	117	20	8
4104	2	19	12	3
4105	2	123	19	7
4106	6	114	27	9
4107	2	21	12	3
4108	4	132	22	7
4109	2	17	14	4
4110	2	21	14	4
4111	2	69	13	4
4112	4	126	24	7
4113	2	117	20	8
4114	2	57	8	2
4115	2	21	12	3
4116	6	132	26	8
4117	2	41	14	4
4118	4	159	28	12
4119	4	132	22	7
4120	2	84	11	3
4121	4	159	28	12
4122	4	63	18	7
4123	2	21	10	2
4124	2	75	11	3
4125	2	93	11	3
4126	2	93	15	5
4127	2	40	13	3
4128	4	132	24	8
4129	4	162	27	12
4130	4	159	25	10
4131	4	171	24	10
4132	2	21	14	4
4133	2	99	15	5
4134	6	114	27	9
4135	2	135	18	6
4136	4	132	21	10
4137	6	120	25	7
4138	2	114	15	5
4139	2	19	12	3
4140	2	21	12	3
4141	4	126	25	7
4142	2	87	14	5
4143	4	132	25	8
4144	4	135	24	11
4145	2	75	15	5
4146	4	120	21	9
4147	2	39	13	3
4148	2	150	19	7
4149	2	57	10	3
4150	2	114	15	5
4151	2	75	15	5
4152	4	126	21	9
4153	4	126	24	8
4154	2	19	12	3
4155	2	75	19	7
4156	2	19	12	3
4157	2	75	17	6
4158	4	168	28	12
4159	2	81	14	4
4160	6	114	31	11
4161	2	33	9	4
4162	2	87	15	5
4163	2	102	13	4
4164	2	17	14	4
4165	4	168	25	10
4166	6	126	28	9
4167	4	63	17	5
4168	4	126	21	9
4169	2	87	14	5
4170	4	96	19	5
4171	2	16	13	3
4172	4	93	19	4
4173	4	132	23	7
4174	2	141	21	8
4175	2	42	15	4
4176	2	22	12	3
4177	2	21	12	3
4178	2	41	14	4
4179	4	132	22	7
4180	2	38	11	2
4181	2	132	17	6
4182	4	126	21	10
4183	4	171	24	10
4184	4	147	23	10
4185	6	126	28	9
4186	2	21	12	3
4187	2	192	21	8
4188	2	69	19	7
4189	2	15	13	3
4190	6	120	26	8
4191	4	132	22	7
4192	2	19	10	2
4193	2	105	16	6
4194	2	19	13	3
4195	2	180	26	11
4196	4	93	20	5
4197	2	84	11	3
4198	4	171	24	10
4199	4	96	19	5
4200	2	144	21	8
4201	2	180	23	9
4202	4	135	23	11
4203	2	42	15	4
4204	2	186	25	10
4205	4	159	25	10
4206	2	123	20	8
4207	4	162	24	10
4208	2	75	13	4
4209	2	99	15	5
4210	4	132	24	7
4211	2	105	17	6
4212	2	174	27	11
4213	4	126	21	9
4214	6	120	25	7
4215	4	135	22	10
4216	4	102	19	5
4217	2	186	25	10
4218	2	73	19	7
4219	2	38	11	2
4220	2	21	12	3
4221	4	168	25	10
4222	2	19	10	2
4223	2	123	20	7
4224	2	105	21	8
4225	2	114	17	6
4226	2	144	19	7
4227	2	22	12	3
4228	2	39	12	3
4229	4	102	19	5
4230	2	87	14	5
4231	2	156	21	8
4232	4	126	24	8
4233	2	126	21	8
4234	2	14	12	3
4235	2	75	19	7
4236	4	126	21	9
4237	2	147	19	7
4238	2	57	8	2
4239	2	18	15	4
4240	4	57	16	5
4241	4	126	21	9
4242	4	93	20	4
4243	2	102	15	5
4244	4	141	24	11
4245	2	40	13	3
4246	2	81	18	6
4247	4	150	25	10
4248	4	150	31	14
4249	2	13	11	2
4250	2	81	15	5
4251	2	105	15	5
4252	4	126	24	8
4253	2	81	15	5
4254	2	75	16	6
4255	2	65	12	4
4256	4	171	24	10
4257	2	40	13	3
4258	4	63	18	7
4259	2	132	15	5
4260	2	96	15	5
4261	2	186	21	8
4262	2	21	14	4
4263	2	42	15	4
4264	2	69	17	6
4265	4	135	23	11
4266	2	17	14	4
4267	4	135	23	10
4268	2	21	12	3
4269	2	153	18	6
4270	2	120	15	5
4271	2	84	11	3
4272	2	132	17	6
4273	2	45	14	4
4274	4	126	24	7
4275	2	93	11	3
4276	2	66	13	4
4277	2	21	12	3
4278	2	144	17	6
4279	2	18	15	4
4280	4	126	22	8
4281	4	126	22	7
4282	2	33	7	2
4283	2	15	12	3
4284	2	120	15	5
4285	2	22	13	3
4286	4	168	28	12
4287	4	141	23	11
4288	2	96	13	4
4289	2	102	17	6
4290	4	168	25	10
4291	4	126	22	8
4292	2	162	23	9
4293	4	162	27	12
4294	2	42	15	4
4295	2	39	12	3
4296	2	18	11	3
4297	2	75	15	5
4298	2	123	19	7
4299	2	102	15	5
4300	2	15	13	3
4301	4	126	22	8
4302	2	75	17	6
4303	2	186	25	10
4304	4	57	16	5
4305	4	132	22	7
4306	2	19	13	3
4307	2	150	21	8
4308	2	174	19	7
4309	2	135	19	7
4310	4	132	21	9
4311	2	192	25	10
4312	2	96	15	5
4313	2	192	25	10
4314	4	126	24	8
4315	4	162	24	10
4316	4	60	18	5
4317	2	120	17	6
4318	4	126	25	9
4319	2	150	23	9
4320	2	19	13	3
4321	2	22	13	3
4322	2	150	17	6
4323	4	171	24	10
4324	2	138	19	7
4325	4	171	24	10
4326	2	39	12	3
4327	4	102	19	5
4328	2	63	10	3
4329	2	66	13	4
4330	2	21	14	4
4331	2	39	13	3
4332	4	138	22	8
4333	2	150	23	9
4334	6	120	27	9
4335	2	186	24	10
4336	2	24	14	4
4337	2	21	14	4
4338	2	66	10	2
4339	4	141	23	10
4340	4	126	22	10
4341	4	132	23	9
4342	4	126	21	9
4343	2	162	23	9
4344	2	138	19	7
4345	4	141	23	10
4346	2	17	14	4
4347	6	126	27	8
4348	4	132	22	7
4349	4	171	27	12
4350	2	150	21	8
4351	4	126	21	9
4352	2	21	10	2
4353	6	120	27	8
4354	2	20	11	3
4355	4	126	21	9
4356	4	171	24	10
4357	4	63	18	7
4358	4	141	23	10
4359	2	20	10	2
4360	4	162	24	10
4361	2	102	15	5
4362	4	135	23	10
4363	2	22	12	3
4364	2	102	13	4
4365	4	126	24	7
4366	4	132	22	7
4367	4	132	21	9
4368	4	162	24	10
4369	4	171	24	10
4370	2	117	18	7
4371	2	75	13	4
4372	2	156	17	6
4373	2	63	17	6
4374	2	21	12	3
4375	2	65	13	3
4376	2	51	10	3
4377	4	171	24	10
4378	6	126	27	9
4379	2	18	15	4
4380	4	126	21	9
4381	2	81	13	4
4382	2	132	17	6
4383	2	132	15	5
4384	2	132	15	5
4385	2	66	13	4
4386	2	180	19	7
4387	2	81	14	5
4388	2	96	17	6
4389	2	65	13	3
4390	2	40	13	3
4391	6	120	29	10
4392	4	96	21	6
4393	2	57	10	3
4394	2	65	13	3
4395	2	96	15	5
4396	6	126	27	8
4397	2	75	27	11
4398	2	65	13	3
4399	2	120	15	5
4400	2	72	11	3
4401	2	114	17	6
4402	2	36	11	6
4403	4	60	18	5
4404	2	81	17	6
4405	4	159	28	12
4406	2	65	13	3
4407	2	17	10	2
4408	4	57	16	5
4409	2	38	11	2
4410	4	102	19	5
4411	2	180	23	9
4412	2	22	13	3
4413	4	93	19	4
4414	4	99	20	6
4415	2	20	11	3
4416	2	186	19	7
4417	2	138	17	6
4418	4	93	20	4
4419	2	192	23	9
4420	4	126	22	7
4421	2	105	18	7
4422	2	150	23	9
4423	2	23	11	3
4424	2	14	11	2
4425	4	102	21	6
4426	2	21	12	3
4427	2	87	14	5
4428	4	168	31	14
4429	2	123	21	8
4430	2	66	13	4
4431	2	18	12	3
4432	4	162	27	12
4433	2	39	12	3
4434	2	20	13	4
4435	2	16	14	3
4436	2	87	23	9
4437	2	19	10	2
4438	2	78	13	4
4439	4	168	25	10
4440	2	22	13	3
4441	2	19	10	2
4442	2	105	19	7
4443	2	99	17	6
4444	2	156	17	6
4445	2	14	11	2
4446	4	141	23	10
4447	2	168	23	9
4448	4	168	25	10
4449	4	126	24	7
4450	2	75	11	3
4451	4	132	24	7
4452	2	41	14	4
4453	4	135	25	11
4454	4	135	24	12
4455	2	37	11	2
4456	2	99	13	4
4457	2	40	14	3
4458	2	69	15	5
4459	2	51	11	3
4460	2	102	15	5
4461	4	135	23	10
4462	2	14	11	2
4463	2	51	10	3
4464	2	22	13	3
4465	2	84	11	3
4466	2	180	27	11
4467	4	132	22	7
4468	2	105	17	6
4469	2	19	13	3
4470	2	69	15	5
4471	2	20	11	3
4472	2	120	18	7
4473	2	41	14	4
4474	2	38	12	3
4475	2	66	14	3
4476	2	93	19	7
4477	6	126	25	7
4478	4	141	23	10
4479	2	40	13	3
4480	2	16	13	3
4481	2	102	15	5
4482	2	16	10	2
4483	2	66	13	4
4484	4	63	18	7
4485	2	21	14	4
4486	2	39	12	3
4487	4	168	28	12
4488	4	168	25	10
4489	6	120	25	7
4490	4	141	25	12
4491	2	147	19	7
4492	2	23	13	4
4493	2	66	10	2
4494	2	156	19	7
4495	2	39	13	3
4496	2	75	19	7
4497	4	57	16	5
4498	2	75	13	4
4499	2	51	13	4
4500	4	132	24	7
4501	2	22	13	3
4502	2	22	12	3
4503	2	87	13	4
4504	2	57	10	3
4505	2	51	12	4
4506	2	21	12	3
4507	2	18	15	4
4508	4	132	22	7
4509	6	126	26	8
4510	2	81	15	5
4511	2	15	12	3
4512	4	126	21	10
4513	2	93	16	6
4514	4	132	22	8
4515	4	135	24	11
4516	2	81	13	4
4517	2	120	15	5
4518	2	126	15	5
4519	4	102	21	6
4520	4	96	20	4
4521	2	15	12	3
4522	4	141	23	11
4523	6	114	29	10
4524	2	16	10	2
4525	2	180	21	8
4526	6	132	29	9
4527	2	30	12	4
4528	2	39	13	3
4529	4	96	19	5
4530	4	162	24	10
4531	2	93	18	7
4532	6	126	26	8
4533	2	102	13	4
4534	2	18	11	3
4535	2	87	19	7
4536	2	17	14	4
4537	2	19	12	3
4538	2	21	12	3
4539	4	132	21	10
4540	2	99	19	7
4541	4	162	24	10
4542	4	132	25	8
4543	2	111	20	8
4544	4	132	24	8
4545	4	126	21	10
4546	4	162	27	12
4547	2	15	13	3
4548	2	33	7	2
4549	4	96	22	6
4550	4	126	23	7
4551	2	14	12	3
4552	4	171	27	12
4553	2	57	15	5
4554	4	168	25	10
4555	4	171	27	12
4556	2	69	11	3
4557	4	162	24	10
4558	2	40	13	3
4559	2	99	21	8
4560	2	81	17	6
4561	2	51	11	3
4562	4	129	23	10
4563	4	126	21	9
4564	2	15	12	3
4565	4	126	23	7
4566	2	81	15	5
4567	2	192	25	10
4568	4	60	18	5
4569	2	24	14	4
4570	2	42	15	4
4571	2	63	25	10
4572	4	126	24	8
4573	2	81	13	4
4574	2	63	10	3
4575	2	84	11	3
4576	2	75	15	5
4577	2	186	23	9
4578	2	120	16	5
4579	4	132	21	9
4580	2	66	13	4
4581	4	135	24	11
4582	2	39	13	3
4583	4	126	22	8
4584	4	159	25	10
4585	2	180	23	9
4586	4	141	25	12
4587	2	21	12	3
4588	2	13	11	2
4589	2	41	14	4
4590	4	168	28	12
4591	4	126	21	9
4592	4	96	21	5
4593	4	171	27	12
4594	2	111	17	6
4595	4	141	23	10
4596	4	132	22	7
4597	4	102	19	5
4598	6	120	27	9
4599	2	16	14	3
4600	2	186	22	9
4601	2	66	13	4
4602	4	132	22	7
4603	2	33	10	5
4604	6	120	26	8
4605	4	129	25	10
4606	2	21	11	3
4607	4	168	25	10
4608	6	120	28	9
4609	4	168	28	12
4610	2	40	13	3
4611	4	132	24	7
4612	6	120	29	10
4613	4	159	25	10
4614	4	126	22	7
4615	4	171	24	10
4616	2	38	11	2
4617	2	117	20	7
4618	2	21	12	3
4619	2	174	21	8
4620	2	102	13	4
4621	2	99	19	7
4622	2	75	15	5
4623	2	138	21	8
4624	4	99	21	6
4625	4	96	21	6
4626	2	105	17	6
4627	4	132	23	8
4628	2	126	15	5
4629	2	63	15	5
4630	4	171	24	10
4631	2	21	14	4
4632	2	57	21	8
4633	2	14	12	3
4634	2	21	14	4
4635	2	21	12	3
4636	6	120	27	8
4637	2	138	17	6
4638	4	126	24	8
4639	2	22	13	3
4640	4	93	21	6
4641	4	102	19	5
4642	4	126	21	10
4643	4	132	20	9
4644	2	20	11	3
4645	2	57	8	2
4646	2	15	13	3
4647	4	102	21	6
4648	4	132	22	8
4649	4	93	21	5
4650	2	16	14	3
4651	2	156	19	7
4652	4	132	25	7
4653	2	24	14	4
4654	2	15	12	3
4655	4	132	22	8
4656	4	126	21	10
4657	4	159	28	12
4658	2	81	17	6
4659	4	96	19	4
4660	6	120	25	7
4661	4	159	28	12
4662	4	132	21	9
4663	2	51	10	3
4664	2	40	13	3
4665	2	21	12	3
4666	4	135	23	11
4667	2	66	13	4
4668	2	37	11	2
4669	2	41	14	4
4670	4	126	22	8
4671	2	41	14	4
4672	2	96	15	5
4673	2	51	15	5
4674	2	21	14	4
4675	2	16	13	3
4676	2	19	13	3
4677	4	105	28	10
4678	4	135	21	9
4679	2	75	19	7
4680	2	36	11	6
4681	4	135	22	10
4682	2	129	17	6
4683	4	141	24	11
4684	2	102	13	4
4685	2	114	17	6
4686	2	102	13	4
4687	2	20	13	4
4688	2	19	13	3
4689	4	132	21	9
4690	2	15	13	3
4691	4	147	22	10
4692	2	19	10	2
4693	2	21	12	3
4694	4	129	24	11
4695	2	42	15	4
4696	2	33	7	2
4697	2	40	13	3
4698	2	186	25	10
4699	2	19	13	3
4700	4	159	25	10
4701	4	63	18	7
4702	2	51	8	2
4703	2	21	12	3
4704	4	126	21	9
4705	2	19	12	3
4706	2	36	11	2
4707	4	126	23	7
4708	2	57	19	7
4709	4	162	24	10
4710	2	120	15	5
4711	4	168	25	10
4712	4	87	20	4
4713	4	159	25	10
4714	4	126	23	7
4715	4	126	21	9
4716	2	123	22	9
4717	2	40	13	3
4718	2	81	13	4
4719	2	19	13	3
4720	4	96	19	5
4721	4	132	22	7
4722	4	93	21	6
4723	2	41	14	4
4724	2	14	11	2
4725	4	63	19	7
4726	2	65	13	3
4727	4	132	21	9
4728	4	177	25	10
4729	2	21	12	3
4730	2	84	15	5
4731	2	22	13	3
4732	2	40	13	3
4733	2	93	15	5
4734	2	19	12	3
4735	2	20	10	2
4736	2	51	10	3
4737	2	144	21	8
4738	2	14	12	3
4739	2	16	13	3
4740	2	192	23	9
4741	2	19	11	2
4742	4	135	25	12
4743	4	126	22	7
4744	2	198	27	11
4745	4	132	21	10
4746	2	99	13	4
4747	4	120	22	7
4748	2	135	21	8
4749	2	93	19	7
4750	2	40	13	3
4751	4	135	25	12
4752	4	93	20	5
4753	4	141	23	11
4754	2	87	17	6
4755	2	144	21	8
4756	4	132	24	7
4757	2	36	11	2
4758	2	111	15	5
4759	4	96	22	6
4760	2	87	19	7
4761	4	159	25	10
4762	4	132	24	8
4763	2	174	17	6
4764	2	174	21	8
4765	2	81	25	10
4766	6	120	29	10
4767	4	168	25	10
4768	2	81	13	4
4769	2	114	15	5
4770	2	75	14	5
4771	4	126	22	7
4772	4	135	25	12
4773	2	174	21	8
4774	2	75	19	7
4775	2	39	12	3
4776	2	33	9	4
4777	2	192	25	10
4778	2	40	13	3
4779	2	39	12	3
4780	2	16	13	3
4781	4	63	18	7
4782	2	168	23	9
4783	2	42	15	4
4784	2	63	10	3
4785	4	162	27	12
4786	2	40	14	3
4787	2	16	13	3
4788	2	147	20	7
4789	2	18	11	3
4790	2	51	10	3
4791	2	19	13	3
4792	2	99	16	6
4793	4	135	24	11
4794	4	132	22	8
4795	4	126	22	7
4796	4	135	23	10
4797	4	93	19	4
4798	4	135	23	10
4799	6	120	27	8
4800	4	135	24	12
4801	2	81	13	4
4802	2	75	19	7
4803	4	159	28	12
4804	4	63	19	7
4805	4	135	24	11
4806	4	171	27	12
4807	4	141	23	11
4808	2	81	21	8
4809	2	40	14	3
4810	2	39	13	3
4811	6	120	29	10
4812	2	120	15	5
4813	4	132	21	9
4814	2	15	13	3
4815	4	168	25	10
4816	4	171	24	10
4817	2	63	21	8
4818	2	15	13	3
4819	2	111	19	7
4820	2	87	15	5
4821	2	87	21	8
4822	4	96	21	5
4823	2	78	11	3
4824	2	117	19	7
4825	4	132	22	8
4826	2	186	24	10
4827	2	18	12	3
4828	2	65	12	4
4829	2	93	18	6
4830	2	21	12	3
4831	2	57	13	4
4832	4	120	24	8
4833	2	87	15	5
4834	2	21	12	3
4835	4	159	25	10
4836	2	186	25	10
4837	2	60	10	2
4838	2	21	11	3
4839	2	99	15	5
4840	2	39	12	3
4841	2	120	15	5
4842	2	21	14	4
4843	4	132	25	8
4844	2	84	11	3
4845	4	96	21	5
4846	4	126	22	7
4847	2	87	15	5
4848	4	126	24	8
4849	4	150	25	10
4850	2	16	13	3
4851	2	66	14	3
4852	4	132	21	9
4853	2	39	13	3
4854	2	20	13	4
4855	2	57	13	4
4856	2	30	12	4
4857	4	159	28	12
4858	2	40	14	3
4859	2	71	17	6
4860	2	66	13	4
4861	2	24	14	4
4862	2	22	12	3
4863	2	18	15	4
4864	2	120	15	5
4865	2	16	13	3
4866	2	21	12	3
4867	4	171	24	10
4868	2	16	14	3
4869	4	171	27	12
4870	4	96	21	5
4871	2	93	21	8
4872	2	57	10	3
4873	4	141	24	11
4874	4	132	23	7
4875	4	162	27	12
4876	4	126	21	9
4877	4	132	24	7
4878	2	18	12	3
4879	4	159	25	10
4880	2	40	13	3
4881	2	87	18	7
4882	2	186	21	8
4883	4	159	25	10
4884	4	126	22	8
4885	4	132	24	8
4886	6	120	30	10
4887	2	18	12	3
4888	2	21	12	3
4889	4	99	19	5
4890	4	171	27	12
4891	2	57	10	3
4892	2	123	22	9
4893	2	66	13	4
4894	4	63	17	5
4895	4	162	27	12
4896	2	135	17	6
4897	4	162	24	10
4898	4	162	24	10
4899	2	64	12	3
4900	2	39	13	3
4901	2	120	19	7
4902	2	75	13	4
4903	2	51	13	4
4904	2	41	14	4
4905	2	42	15	4
4906	4	132	22	7
4907	4	126	25	7
4908	2	42	15	4
4909	2	120	19	7
4910	2	18	12	3
4911	2	16	10	2
4912	2	120	13	4
4913	4	162	24	10
4914	2	87	15	5
4915	4	126	22	7
4916	2	66	13	4
4917	2	90	11	3
4918	4	93	20	5
4919	2	132	17	6
4920	2	21	12	3
4921	2	16	13	3
4922	4	126	22	10
4923	4	126	25	8
4924	2	87	16	6
4925	2	126	15	5
4926	4	159	25	10
4927	4	90	19	4
4928	2	102	13	4
4929	2	42	15	4
4930	6	120	26	8
4931	2	123	20	7
4932	4	141	21	9
4933	4	126	21	10
4934	2	75	15	5
4935	4	159	28	12
4936	2	150	21	8
4937	4	126	24	7
4938	4	171	27	12
4939	4	162	24	10
4940	2	51	8	2
4941	4	135	25	11
4942	2	19	10	2
4943	2	114	17	6
4944	2	65	12	4
4945	2	16	14	3
4946	2	40	14	3
4947	2	144	21	8
4948	2	22	13	3
4949	2	168	21	8
4950	2	18	11	3
4951	2	192	25	10
4952	2	117	15	5
4953	2	66	14	3
4954	2	75	13	4
4955	2	42	15	4
4956	2	156	21	8
4957	2	17	11	3
4958	2	84	13	4
4959	2	18	12	3
4960	6	126	28	9
4961	2	138	17	6
4962	4	93	20	4
4963	4	126	24	7
4964	4	168	25	10
4965	4	162	24	10
4966	2	39	13	3
4967	2	129	20	7
4968	2	156	17	6
4969	2	18	12	3
4970	2	51	10	3
4971	2	87	13	4
4972	2	93	19	7
4973	2	174	19	7
4974	4	159	28	12
4975	2	42	15	4
4976	2	180	23	9
4977	2	114	15	5
4978	4	162	24	10
4979	6	120	25	7
4980	4	162	24	10
4981	2	24	14	4
4982	4	126	22	7
4983	2	17	11	3
4984	4	102	19	5
4985	4	171	24	10
4986	4	135	22	10
4987	2	57	10	3
4988	2	75	21	8
4989	2	93	21	8
4990	2	66	11	3
4991	2	16	13	3
4992	2	93	11	3
4993	2	99	13	4
4994	4	132	21	10
4995	2	174	23	9
4996	4	132	22	7
4997	4	93	20	5
4998	6	120	25	7
4999	2	36	11	6
5000	2	21	10	2
5001	2	66	11	3
5002	4	126	24	8
5003	2	65	13	3
5004	4	180	27	12
5005	4	132	23	7
5006	2	42	15	4
5007	2	84	15	5
5008	4	126	24	7
5009	2	19	12	3
5010	4	120	22	9
5011	4	132	22	7
5012	2	57	8	2
5013	4	171	27	12
5014	2	66	14	3
5015	4	96	20	4
5016	2	180	25	10
5017	2	66	14	3
5018	2	40	13	3
5019	2	102	13	4
5020	2	21	12	3
5021	2	24	14	4
5022	4	93	19	4
5023	2	18	12	3
5024	2	63	14	5
5025	2	17	11	3
5026	2	42	15	4
5027	2	117	18	7
5028	2	21	12	3
5029	2	75	15	5
5030	2	21	14	4
5031	2	93	19	7
5032	2	16	13	3
5033	2	18	12	3
5034	2	132	19	7
5035	2	21	12	3
5036	4	93	20	4
5037	2	81	17	6
5038	4	168	25	10
5039	6	126	27	8
5040	4	132	21	9
5041	4	171	24	10
5042	4	57	16	5
5043	4	120	21	10
5044	4	135	23	10
5045	2	93	15	5
5046	4	126	21	10
5047	4	102	19	4
5048	2	174	21	8
5049	4	132	22	8
5050	4	120	21	9
5051	4	159	28	12
5052	4	159	25	10
5053	2	138	17	6
5054	4	87	21	6
5055	2	69	16	5
5056	4	126	22	8
5057	2	120	15	5
5058	4	132	21	9
5059	4	132	23	7
5060	2	42	15	4
5061	4	126	23	9
5062	2	22	12	3
5063	4	126	24	7
5064	2	180	19	7
5065	2	93	15	5
5066	4	141	24	11
5067	2	42	15	4
5068	4	132	24	8
5069	2	102	15	5
5070	2	17	11	3
5071	4	159	31	14
5072	2	45	12	4
5073	4	141	25	10
5074	2	17	10	2
5075	2	150	17	6
5076	4	120	24	8
5077	4	126	21	9
5078	2	108	16	6
5079	2	156	19	7
5080	2	162	21	8
5081	2	132	17	6
5082	2	15	12	3
5083	2	42	15	4
5084	2	114	17	6
5085	2	19	12	3
5086	4	141	26	11
5087	2	63	11	2
5088	2	63	11	2
5089	2	18	12	3
5090	2	63	15	5
5091	2	66	13	4
5092	4	132	22	8
5093	4	162	27	12
5094	2	141	21	8
5095	4	132	24	7
5096	2	23	13	4
5097	2	22	13	3
5098	4	162	24	10
5099	4	96	19	5
5100	2	24	14	4
5101	2	168	21	8
5102	2	75	16	6
5103	2	156	21	8
5104	2	73	19	7
5105	4	126	22	7
5106	4	126	21	10
5107	2	84	15	5
5108	4	126	21	9
5109	2	38	11	2
5110	2	81	13	4
5111	2	186	21	8
5112	4	126	21	9
5113	4	171	24	10
5114	2	63	17	6
5115	2	87	15	5
5116	2	150	19	7
5117	4	141	23	11
5118	2	63	15	5
5119	2	81	11	3
5120	4	120	21	9
5121	4	132	25	9
5122	4	168	28	12
5123	4	168	28	12
5124	2	84	13	4
5125	2	96	15	5
5126	4	132	23	7
5127	2	117	20	8
5128	6	120	26	8
5129	2	22	13	3
5130	4	132	24	8
5131	4	159	28	12
5132	4	126	21	9
5133	2	75	19	7
5134	2	75	15	5
5135	2	21	14	4
5136	2	17	10	2
5137	2	19	12	3
5138	2	18	12	3
5139	2	38	11	2
5140	2	20	13	4
5141	2	22	12	3
5142	2	105	18	7
5143	4	159	25	10
5144	2	117	15	5
5145	2	18	12	3
5146	2	19	13	3
5147	2	21	12	3
5148	4	141	24	11
5149	2	75	15	5
5150	4	132	25	7
5151	2	117	18	7
5152	2	105	14	5
5153	4	126	24	7
5154	2	40	14	3
5155	2	15	13	3
5156	4	135	24	11
5157	2	66	13	4
5158	4	171	24	10
5159	4	132	24	7
5160	4	162	27	12
5161	2	144	17	6
5162	4	132	22	10
5163	2	84	13	4
5164	2	69	17	6
5165	2	93	13	4
5166	2	66	10	2
5167	2	75	19	7
5168	4	168	25	10
5169	2	57	10	3
5170	4	162	24	10
5171	2	102	13	4
5172	2	168	21	8
5173	2	15	13	3
5174	4	126	22	7
5175	2	15	13	3
5176	4	132	24	7
5177	2	60	10	2
5178	2	102	13	4
5179	2	18	12	3
5180	2	66	13	4
5181	2	87	17	6
5182	2	15	13	3
5183	2	63	13	4
5184	4	141	25	11
5185	4	168	28	12
5186	4	93	21	4
5187	4	135	22	10
5188	2	138	22	9
5189	4	132	21	9
5190	4	93	21	5
5191	2	102	15	5
5192	2	93	15	5
5193	2	87	17	6
5194	2	21	10	2
5195	2	15	13	3
5196	6	120	27	8
5197	4	99	19	5
5198	4	102	21	6
5199	2	51	10	3
5200	2	21	12	3
5201	2	81	15	5
5202	4	87	20	4
5203	2	123	17	6
5204	4	132	25	9
5205	2	120	17	6
5206	2	126	15	5
5207	2	69	19	7
5208	4	171	24	10
5209	2	63	11	2
5210	2	22	13	3
5211	2	40	13	3
5212	2	17	14	4
5213	2	21	14	4
5214	2	99	17	6
5215	2	147	19	7
5216	2	75	21	8
5217	2	123	20	7
5218	4	141	24	12
5219	4	135	24	11
5220	2	17	14	4
5221	2	18	12	3
5222	6	120	26	8
5223	2	51	8	2
5224	4	171	24	10
5225	2	99	13	4
5226	4	135	22	10
5227	4	132	22	7
5228	2	132	21	8
5229	6	120	28	9
5230	4	159	25	10
5231	2	81	11	3
5232	4	132	25	7
5233	4	126	24	7
5234	2	23	13	4
5235	2	40	14	3
5236	4	132	22	8
5237	2	102	15	5
5238	2	66	14	3
5239	2	162	19	7
5240	2	99	15	5
5241	4	126	24	7
5242	2	41	14	4
5243	2	99	17	6
5244	2	126	15	5
5245	2	51	10	3
5246	2	174	21	8
5247	2	126	15	5
5248	4	132	21	10
5249	4	90	21	6
5250	4	168	25	10
5251	4	126	21	10
5252	4	168	37	18
5253	4	93	21	6
5254	2	41	14	4
5255	2	40	13	3
5256	2	102	13	4
5257	2	24	14	4
5258	2	42	15	4
5259	2	123	21	8
5260	4	126	22	8
5261	2	120	17	6
5262	4	141	22	10
5263	2	19	12	3
5264	2	120	15	5
5265	6	120	26	8
5266	2	78	11	3
5267	2	66	10	2
5268	4	135	24	11
5269	2	198	21	8
5270	4	132	23	8
5271	2	63	17	6
5272	2	102	15	5
5273	6	126	25	7
5274	4	132	24	7
5275	4	162	24	10
5276	2	159	16	5
5277	2	87	13	4
5278	2	39	12	3
5279	2	42	15	4
5280	4	126	21	9
5281	2	14	12	3
5282	2	19	13	3
5283	2	57	11	3
5284	2	18	15	4
5285	2	16	13	3
5286	2	42	15	4
5287	2	78	11	3
5288	2	51	8	2
5289	4	135	26	11
5290	4	135	24	11
5291	4	162	27	12
5292	4	63	18	7
5293	2	38	11	2
5294	4	132	21	9
5295	2	39	13	3
5296	2	168	21	8
5297	4	132	24	7
5298	4	135	22	10
5299	4	162	30	14
5300	2	73	19	7
5301	4	126	24	8
5302	2	22	12	3
5303	4	135	24	11
5304	2	135	19	7
5305	4	102	20	6
5306	4	132	22	8
5307	4	93	19	4
5308	4	135	24	11
5309	2	105	18	7
5310	4	159	28	12
5311	2	23	13	4
5312	2	75	15	5
5313	2	162	19	7
5314	2	84	15	5
5315	2	38	12	3
5316	4	135	24	11
5317	4	126	26	7
5318	4	93	20	5
5319	4	126	24	8
5320	2	117	17	6
5321	4	96	20	5
5322	2	66	11	3
5323	4	126	22	11
5324	2	14	12	3
5325	4	126	24	8
5326	2	126	15	5
5327	2	32	7	2
5328	4	126	21	9
5329	2	19	10	2
5330	6	120	25	7
5331	4	132	21	10
5332	4	135	22	10
5333	2	69	13	4
5334	6	114	30	11
5335	2	15	13	3
5336	4	135	24	11
5337	4	141	24	11
5338	2	186	25	10
5339	2	16	10	2
5340	2	144	19	7
5341	4	126	23	9
5342	2	22	13	3
5343	4	132	24	7
5344	2	90	11	3
5345	2	66	14	3
5346	4	126	21	10
5347	2	65	13	3
5348	4	159	25	10
5349	2	186	25	10
5350	4	132	22	8
5351	4	159	25	10
5352	2	21	12	3
5353	2	24	14	4
5354	4	126	21	9
5355	2	15	13	3
5356	2	39	12	3
5357	4	159	28	12
5358	2	23	13	4
5359	4	126	24	7
5360	2	15	13	3
5361	4	126	22	7
5362	2	40	14	3
5363	2	75	19	7
5364	2	69	14	4
5365	2	156	19	7
5366	4	132	21	10
5367	4	141	24	11
5368	2	168	23	9
5369	2	99	17	6
5370	2	93	21	8
5371	2	42	15	4
5372	4	162	24	10
5373	2	87	16	6
5374	2	105	18	7
5375	2	75	21	8
5376	2	18	12	3
5377	2	84	15	5
5378	2	15	12	3
5379	4	135	23	10
5380	4	63	17	5
5381	2	135	25	10
5382	4	96	20	5
5383	2	37	11	2
5384	4	96	19	5
5385	2	174	19	7
5386	4	129	25	11
5387	2	63	19	7
5388	2	51	8	2
5389	2	40	13	3
5390	2	120	17	6
5391	2	18	12	3
5392	2	40	13	3
5393	2	26	12	3
5394	4	102	19	5
5395	2	16	13	3
5396	2	20	13	4
5397	2	41	14	4
5398	2	156	19	7
5399	2	19	10	2
5400	4	168	25	10
5401	4	141	23	10
5402	4	141	24	11
5403	6	126	25	7
5404	2	73	19	7
5405	4	126	21	10
5406	4	162	24	10
5407	4	96	21	5
5408	4	102	23	7
5409	2	69	13	4
5410	2	21	12	3
5411	2	16	14	3
5412	2	22	12	3
5413	2	96	15	5
5414	2	192	21	8
5415	2	51	8	2
5416	4	126	21	9
5417	2	18	15	4
5418	2	66	13	4
5419	4	171	24	10
5420	2	120	13	4
5421	2	84	11	3
5422	4	126	22	8
5423	2	66	14	3
5424	2	57	8	2
5425	2	81	17	6
5426	4	171	24	10
5427	2	21	12	3
5428	2	96	15	5
5429	4	168	25	10
5430	4	132	23	9
5431	4	132	21	10
5432	4	150	25	10
5433	2	39	12	3
5434	2	156	19	7
5435	2	198	25	10
5436	4	138	22	8
5437	2	42	15	4
5438	2	18	15	4
5439	4	96	19	5
5440	2	38	11	2
5441	4	126	22	7
5442	2	96	13	4
5443	2	186	25	10
5444	4	126	22	7
5445	4	120	21	9
5446	2	57	8	2
5447	2	180	25	10
5448	2	102	13	4
5449	2	40	13	3
5450	2	42	15	4
5451	2	63	19	7
5452	4	96	19	4
5453	2	192	21	8
5454	4	162	24	10
5455	4	141	22	10
5456	6	126	26	8
5457	2	66	11	3
5458	2	24	14	4
5459	2	41	14	4
5460	2	174	19	7
5461	2	135	18	6
5462	2	39	12	3
5463	2	75	17	6
5464	4	141	23	10
5465	2	18	12	3
5466	2	102	15	5
5467	4	162	27	12
5468	4	159	25	10
5469	6	114	30	10
5470	4	162	30	14
5471	2	150	22	9
5472	2	150	21	8
5473	2	57	11	3
5474	4	96	21	6
5475	4	126	24	7
5476	4	126	24	7
5477	2	22	13	3
5478	4	168	25	10
5479	2	153	23	9
5480	6	120	25	7
5481	2	21	12	3
5482	4	93	21	5
5483	4	120	27	8
5484	4	126	22	10
5485	4	171	24	10
5486	2	126	17	6
5487	4	96	19	4
5488	4	120	24	7
5489	2	102	17	6
5490	4	90	21	6
5491	4	96	19	4
5492	2	21	12	3
5493	2	66	13	4
5494	2	81	13	4
5495	4	126	24	7
5496	4	126	21	9
5497	2	156	19	7
5498	2	33	9	4
5499	2	18	12	3
5500	2	51	8	2
5501	4	159	25	10
5502	4	135	25	12
5503	4	126	26	7
5504	4	126	22	7
5505	4	171	27	12
5506	2	66	14	3
5507	2	18	12	3
5508	2	65	13	3
5509	2	102	15	5
5510	2	21	12	3
5511	4	162	24	10
5512	2	22	12	3
5513	2	99	14	4
5514	2	21	12	3
5515	2	18	11	3
5516	4	93	19	5
5517	2	87	19	7
5518	4	126	21	9
5519	2	21	12	3
5520	2	66	10	4
5521	4	135	23	10
5522	4	132	23	8
5523	2	51	10	3
5524	2	37	11	2
5525	4	159	25	10
5526	2	174	23	9
5527	6	120	26	8
5528	2	20	13	4
5529	2	105	16	6
5530	4	162	24	10
5531	4	96	21	6
5532	4	132	25	8
5533	2	84	13	4
5534	2	19	10	2
5535	2	21	14	4
5536	2	22	13	3
5537	4	138	23	9
5538	6	120	25	7
5539	2	39	13	3
5540	2	14	12	3
5541	2	63	15	5
5542	2	16	10	2
5543	2	65	13	3
5544	4	171	27	12
5545	2	78	11	3
5546	2	123	18	7
5547	2	75	15	5
5548	4	126	22	7
5549	4	171	24	10
5550	2	84	15	5
5551	4	132	23	9
5552	4	141	24	11
5553	2	120	15	5
5554	2	22	13	3
5555	2	81	13	4
5556	2	41	14	4
5557	2	87	18	6
5558	2	69	12	4
5559	2	69	13	4
5560	2	18	15	4
5561	4	159	28	12
5562	4	96	20	5
5563	2	162	21	8
5564	2	42	15	4
5565	2	129	15	5
5566	2	19	13	3
5567	2	19	13	3
5568	4	126	22	7
5569	2	75	15	5
5570	2	17	10	2
5571	4	126	24	8
5572	2	22	12	3
5573	2	16	10	2
5574	4	126	22	7
5575	4	171	27	12
5576	2	16	13	3
5577	2	19	10	2
5578	2	21	14	4
5579	6	120	25	7
5580	2	36	7	2
5581	2	20	11	3
5582	2	40	13	3
5583	4	162	24	10
5584	2	75	19	7
5585	2	40	14	3
5586	2	75	17	6
5587	2	19	12	3
5588	4	132	24	8
5589	2	21	12	3
5590	2	174	21	8
5591	4	63	18	7
5592	4	132	21	9
5593	2	135	18	6
5594	2	51	8	2
5595	2	13	11	2
5596	4	126	24	8
5597	2	18	12	3
5598	2	40	13	3
5599	2	40	13	3
5600	2	21	12	3
5601	4	132	22	10
5602	6	126	27	8
5603	4	162	24	10
5604	2	75	19	7
5605	2	18	15	4
5606	4	126	22	8
5607	2	66	13	4
5608	2	117	13	4
5609	2	63	21	8
5610	4	141	23	10
5611	2	39	12	3
5612	2	33	9	4
5613	2	20	11	3
5614	2	17	14	4
5615	4	132	22	7
5616	2	42	15	4
5617	2	65	13	3
5618	2	102	13	4
5619	2	96	13	4
5620	2	16	13	3
5621	2	120	13	4
5622	4	162	24	10
5623	2	99	18	7
5624	2	105	20	7
5625	2	41	14	4
5626	2	186	21	8
5627	2	120	15	5
5628	2	13	11	2
5629	4	132	21	9
5630	2	150	17	6
5631	2	16	14	3
5632	2	42	15	4
5633	2	96	15	5
5634	2	96	15	5
5635	2	40	13	3
5636	2	174	23	9
5637	4	135	23	10
5638	2	69	13	4
5639	2	93	23	9
5640	2	93	15	5
5641	2	69	12	4
5642	4	126	23	7
5643	4	96	19	5
5644	2	30	7	2
5645	2	41	14	4
5646	2	99	27	11
5647	2	180	27	11
5648	2	66	14	3
5649	2	114	17	6
5650	2	192	21	8
5651	2	84	11	3
5652	4	132	22	7
5653	4	96	19	4
5654	2	24	14	4
5655	2	138	15	5
5656	2	15	12	3
5657	4	93	20	5
5658	4	168	25	10
5659	4	162	24	10
5660	4	135	23	11
5661	2	18	12	3
5662	2	20	11	3
5663	2	69	12	4
5664	4	126	25	8
5665	2	21	14	4
5666	6	114	27	9
5667	2	23	13	4
5668	4	132	24	8
5669	2	15	12	3
5670	2	150	19	7
5671	2	66	11	3
5672	4	126	21	10
5673	4	141	23	10
5674	2	21	12	3
5675	2	23	13	4
5676	4	93	20	5
5677	2	162	24	9
5678	4	150	28	12
5679	2	40	14	3
5680	2	65	13	3
5681	2	120	15	5
5682	2	19	13	3
5683	4	132	22	8
5684	2	186	23	9
5685	4	57	16	5
5686	4	132	22	7
5687	2	19	11	2
5688	2	63	19	7
5689	2	21	12	3
5690	2	102	15	5
5691	2	180	25	10
5692	4	120	22	9
5693	2	111	17	6
5694	2	19	12	3
5695	4	141	24	11
5696	2	21	10	2
5697	4	162	27	12
5698	4	126	21	9
5699	2	69	12	4
5700	2	81	14	5
5701	2	63	11	2
5702	4	159	28	12
5703	4	93	19	5
5704	2	18	12	3
5705	2	19	13	3
5706	2	24	14	4
5707	2	75	19	7
5708	2	42	15	4
5709	2	66	10	4
5710	4	132	21	10
5711	2	114	19	7
5712	4	126	22	7
5713	2	135	15	5
5714	2	120	17	6
5715	2	108	13	4
5716	2	75	19	7
5717	2	38	12	3
5718	2	174	23	9
5719	4	135	24	11
5720	2	132	21	8
5721	2	57	10	3
5722	4	168	28	12
5723	2	13	11	2
5724	4	126	22	8
5725	4	126	22	7
5726	4	102	19	5
5727	6	120	29	10
5728	4	132	24	7
5729	2	15	13	3
5730	2	23	13	4
5731	4	132	24	7
5732	4	126	24	8
5733	6	126	27	9
5734	4	126	21	10
5735	4	132	22	8
5736	4	132	24	7
5737	6	120	25	7
5738	2	84	15	5
5739	2	19	10	2
5740	2	63	10	3
5741	2	41	14	4
5742	2	75	17	6
5743	2	51	8	2
5744	2	23	13	4
5745	4	171	24	10
5746	2	174	24	9
5747	4	126	23	8
5748	4	162	24	10
5749	2	73	19	7
5750	2	40	13	3
5751	2	81	16	6
5752	2	75	21	8
5753	2	99	16	6
5754	4	126	24	7
5755	2	18	12	3
5756	2	63	13	4
5757	2	75	14	4
5758	2	102	15	5
5759	4	96	19	5
5760	2	18	15	4
5761	4	132	24	7
5762	4	126	21	9
5763	2	93	19	7
5764	6	126	27	9
5765	2	51	8	2
5766	4	135	23	10
5767	4	162	27	12
5768	2	75	17	6
5769	2	132	19	7
5770	2	186	25	10
5771	2	123	19	7
5772	2	16	14	3
5773	2	39	12	3
5774	2	40	13	3
5775	4	63	18	7
5776	2	23	11	3
5777	2	99	13	4
5778	2	66	14	3
5779	2	18	12	3
5780	2	22	13	3
5781	2	21	12	3
5782	2	114	15	5
5783	4	126	24	7
5784	2	93	15	5
5785	2	57	8	2
5786	6	126	29	10
5787	4	126	22	7
5788	4	162	27	12
5789	2	192	27	11
5790	2	156	21	8
5791	4	132	22	8
5792	2	18	15	4
5793	2	69	13	4
5794	2	174	21	8
5795	2	33	8	2
5796	2	69	15	5
5797	4	126	24	7
5798	4	126	24	8
5799	4	126	21	9
5800	4	126	24	7
5801	6	126	26	8
5802	4	150	28	12
5803	4	102	19	5
5804	2	22	12	3
5805	2	69	12	4
5806	4	162	24	10
5807	4	162	27	12
5808	4	63	19	7
5809	2	18	12	3
5810	4	129	23	11
5811	2	93	13	4
5812	2	132	17	6
5813	2	147	20	7
5814	2	16	13	3
5815	4	159	28	12
5816	4	135	24	11
5817	4	132	21	9
5818	4	138	22	7
5819	2	19	12	3
5820	4	126	24	7
5821	2	156	17	6
5822	2	111	19	7
5823	2	21	12	3
5824	4	63	18	7
5825	2	180	23	9
5826	2	99	19	7
5827	2	99	19	7
5828	4	132	21	10
5829	2	18	15	4
5830	4	126	26	7
5831	4	141	23	10
5832	2	42	15	4
5833	2	69	13	4
5834	4	162	24	10
5835	4	126	22	7
5836	4	138	22	7
5837	2	20	13	4
5838	4	96	19	4
5839	4	171	24	10
5840	4	96	21	5
5841	2	21	12	3
5842	4	141	23	10
5843	2	81	19	7
5844	2	69	13	4
5845	4	171	27	12
5846	2	63	21	8
5847	2	87	19	7
5848	2	120	17	6
5849	4	126	20	9
5850	2	33	7	2
5851	6	126	25	7
5852	4	126	23	7
5853	4	135	23	11
5854	4	132	23	9
5855	2	66	11	3
5856	4	126	24	7
5857	4	132	21	10
5858	2	21	10	2
5859	2	38	12	3
5860	4	132	22	10
5861	2	123	23	9
5862	2	81	15	5
5863	4	93	20	5
5864	4	177	25	10
5865	4	63	17	5
5866	2	66	13	4
5867	2	138	19	7
5868	2	39	13	3
5869	2	186	19	7
5870	4	171	24	10
5871	4	96	21	6
5872	2	18	15	4
5873	4	171	24	10
5874	4	132	21	9
5875	2	15	13	3
5876	2	72	11	3
5877	2	138	19	7
5878	2	75	13	4
5879	4	171	27	12
5880	2	102	13	4
5881	4	135	24	11
5882	4	132	21	9
5883	4	102	21	6
5884	2	38	12	3
5885	2	69	14	5
5886	2	32	7	2
5887	2	21	12	3
5888	2	123	21	8
5889	4	168	25	10
5890	4	135	23	10
5891	4	141	23	10
5892	4	132	24	8
5893	2	63	15	5
5894	2	180	23	9
5895	2	39	12	3
5896	2	84	15	5
5897	2	96	15	5
5898	2	40	13	3
5899	2	84	11	3
5900	2	105	17	6
5901	2	51	8	2
5902	2	66	13	4
5903	2	174	21	8
5904	4	132	24	7
5905	2	22	13	3
5906	2	84	15	5
5907	2	102	16	5
5908	2	39	13	3
5909	2	102	13	4
5910	4	141	24	11
5911	4	87	21	6
5912	2	162	21	8
5913	2	42	15	4
5914	2	20	11	3
5915	2	105	21	8
5916	2	78	11	3
5917	2	19	12	3
5918	2	75	15	5
5919	6	120	25	7
5920	2	17	10	2
5921	4	126	24	8
5922	2	21	12	3
5923	4	141	23	10
5924	2	117	19	7
5925	2	186	27	11
5926	2	144	20	7
5927	2	162	21	8
5928	2	21	12	3
5929	2	42	15	4
5930	2	63	15	5
5931	4	168	28	12
5932	2	117	16	5
5933	2	93	15	5
5934	2	120	20	7
5935	2	24	14	4
5936	6	126	25	7
5937	2	75	19	7
5938	2	24	14	4
5939	2	19	13	3
5940	2	75	21	8
5941	2	42	15	4
5942	2	42	15	4
5943	4	162	27	12
5944	2	18	15	4
5945	4	168	25	10
5946	2	17	10	2
5947	4	135	23	10
5948	2	117	15	5
5949	4	132	21	10
5950	4	159	25	10
5951	4	162	24	10
5952	2	75	21	8
5953	2	51	14	4
5954	2	51	10	3
5955	2	105	19	7
5956	2	19	12	3
5957	2	39	12	3
5958	2	51	8	2
5959	4	126	22	10
5960	2	40	13	3
5961	4	120	21	10
5962	4	126	24	7
5963	4	159	28	12
5964	2	21	14	4
5965	2	65	13	3
5966	2	75	15	5
5967	2	19	13	3
5968	4	126	21	9
5969	6	126	26	8
5970	2	22	12	3
5971	4	99	19	5
5972	2	99	19	7
5973	4	126	21	9
5974	2	96	15	5
5975	2	63	19	7
5976	4	126	24	8
5977	2	144	19	7
5978	4	126	24	8
5979	2	21	12	3
5980	2	18	15	4
5981	2	15	13	3
5982	4	132	21	9
5983	2	22	13	3
5984	2	51	13	4
5985	2	21	14	4
5986	2	18	12	3
5987	6	126	25	7
5988	4	132	21	9
5989	4	159	25	10
5990	2	65	13	3
5991	4	126	24	7
5992	2	15	12	3
5993	2	156	21	8
5994	2	39	12	3
5995	2	105	18	6
5996	2	174	23	9
5997	2	18	12	3
5998	4	132	24	7
5999	4	132	25	8
6000	4	126	24	7
6001	2	123	19	7
6002	2	42	15	4
6003	2	186	19	7
6004	2	81	13	4
6005	2	75	17	6
6006	4	132	22	10
6007	4	132	25	8
6008	4	141	24	11
6009	2	65	12	4
6010	6	120	27	8
6011	2	66	11	3
6012	4	102	19	5
6013	2	21	12	3
6014	2	132	17	6
6015	2	192	23	9
6016	4	159	25	10
6017	4	180	24	10
6018	2	75	15	5
6019	2	63	15	5
6020	2	18	12	3
6021	4	132	22	7
6022	2	174	20	8
6023	2	15	12	3
6024	2	150	21	8
6025	4	138	22	7
6026	2	132	19	7
6027	2	75	19	7
6028	2	22	13	3
6029	2	120	15	5
6030	2	40	13	3
6031	4	126	22	8
6032	2	42	15	4
6033	4	96	22	6
6034	2	81	13	4
6035	2	40	13	3
6036	4	135	24	11
6037	4	162	24	10
6038	4	132	25	8
6039	2	16	14	3
6040	4	159	25	10
6041	2	19	10	2
6042	2	84	11	3
6043	2	37	11	2
6044	2	16	14	3
6045	4	135	22	10
6046	4	96	21	6
6047	4	171	27	12
6048	2	19	13	3
6049	2	81	13	4
6050	2	21	12	3
6051	4	96	19	5
6052	4	171	24	10
6053	2	150	19	7
6054	2	135	19	7
6055	4	171	27	12
6056	2	75	15	5
6057	2	33	9	4
6058	2	14	11	2
6059	2	75	15	5
6060	4	126	24	7
6061	4	102	21	6
6062	2	18	15	4
6063	2	66	13	4
6064	4	126	24	7
6065	2	20	11	3
6066	2	30	7	2
6067	2	123	19	7
6068	4	102	19	5
6069	2	39	12	3
6070	4	132	23	8
6071	4	162	24	10
6072	2	84	11	3
6073	2	93	21	8
6074	2	126	19	7
6075	4	132	21	9
6076	4	132	22	7
6077	4	162	27	12
6078	2	65	12	4
6079	2	138	19	7
6080	2	21	12	3
6081	4	135	22	10
6082	2	99	13	4
6083	4	141	24	11
6084	4	126	24	8
6085	2	15	12	3
6086	2	81	13	4
6087	2	51	10	3
6088	2	57	12	3
6089	4	126	21	10
6090	2	38	11	2
6091	2	132	21	8
6092	2	186	23	9
6093	4	141	23	11
6094	4	126	22	7
6095	4	93	20	5
6096	4	132	24	8
6097	2	87	11	3
6098	2	57	8	2
6099	2	192	21	8
6100	2	51	13	4
6101	2	75	17	6
6102	2	14	12	3
6103	2	63	11	2
6104	4	93	19	4
6105	4	147	26	11
6106	2	87	17	6
6107	2	66	14	3
6108	2	42	15	4
6109	4	135	24	11
6110	2	144	19	7
6111	2	99	15	5
6112	2	66	12	3
6113	2	174	23	9
6114	4	168	28	12
6115	4	126	24	7
6116	4	96	20	5
6117	2	15	13	3
6118	2	105	16	6
6119	4	135	23	10
6120	2	30	7	2
6121	4	162	27	12
6122	2	105	19	7
6123	2	156	19	7
6124	4	132	21	10
6125	4	126	22	7
6126	4	135	24	12
6127	4	126	22	7
6128	2	40	13	3
6129	4	147	24	11
6130	2	126	15	5
6131	4	126	25	8
6132	2	39	13	3
6133	4	135	23	10
6134	2	36	11	6
6135	4	129	24	11
6136	2	156	19	7
6137	4	93	19	4
6138	2	186	23	9
6139	2	102	13	4
6140	2	105	17	6
6141	4	162	27	12
6142	2	63	13	4
6143	4	141	21	9
6144	2	174	21	8
6145	2	16	14	3
6146	4	132	22	8
6147	2	144	15	5
6148	4	96	20	6
6149	2	17	11	3
6150	2	17	11	3
6151	2	186	25	10
6152	4	135	25	11
6153	2	84	15	5
6154	2	63	16	6
6155	2	57	15	5
6156	4	126	22	7
6157	6	126	26	8
6158	4	126	24	7
6159	4	132	23	8
6160	2	71	15	5
6161	2	75	17	6
6162	2	21	11	3
6163	4	60	18	5
6164	4	126	21	10
6165	4	57	16	5
6166	2	21	14	4
6167	4	138	24	7
6168	2	64	12	3
6169	4	129	24	11
6170	4	132	21	10
6171	2	120	17	6
6172	2	87	17	6
6173	2	150	19	7
6174	2	120	17	6
6175	4	126	22	8
6176	4	159	25	10
6177	4	171	27	12
6178	4	132	22	7
6179	2	42	15	4
6180	4	168	25	10
6181	4	132	22	7
6182	2	21	14	4
6183	2	19	12	3
6184	4	135	23	11
6185	2	168	19	7
6186	4	150	28	12
6187	4	171	24	10
6188	2	16	14	3
6189	2	51	8	2
6190	2	120	16	6
6191	2	186	23	9
6192	4	126	23	8
6193	4	126	22	7
6194	4	132	22	10
6195	2	114	16	6
6196	2	84	11	3
6197	2	186	23	9
6198	4	141	24	11
6199	4	159	25	10
6200	2	174	23	9
6201	2	69	13	4
6202	2	192	27	11
6203	2	21	14	4
6204	2	132	21	8
6205	4	162	24	10
6206	2	66	13	4
6207	2	42	15	4
6208	2	87	11	3
6209	4	126	21	9
6210	2	39	13	3
6211	4	126	21	9
6212	4	93	19	4
6213	4	99	19	5
6214	2	75	13	4
6215	2	75	15	5
6216	2	57	11	3
6217	2	16	14	3
6218	2	18	12	3
6219	2	102	17	6
6220	6	126	27	8
6221	4	132	22	7
6222	2	72	11	3
6223	2	81	17	6
6224	2	21	12	3
6225	2	39	12	3
6226	2	75	13	4
6227	4	153	27	12
6228	2	168	19	7
6229	4	132	21	9
6230	2	66	14	3
6231	2	22	12	3
6232	4	87	22	6
6233	2	102	15	5
6234	2	21	12	3
6235	2	84	11	3
6236	4	132	24	7
6237	4	96	22	7
6238	4	126	23	9
6239	2	102	14	5
6240	4	141	25	12
6241	2	40	14	3
6242	4	126	22	10
6243	4	132	22	7
6244	2	21	14	4
6245	6	120	28	10
6246	2	87	16	6
6247	2	99	19	7
6248	4	162	24	10
6249	4	102	21	6
6250	4	141	25	12
6251	2	23	13	4
6252	6	120	27	9
6253	4	135	23	10
6254	2	81	15	5
6255	2	150	17	6
6256	6	126	27	8
6257	2	24	14	4
6258	4	96	22	6
6259	4	168	28	12
6260	2	15	13	3
6261	4	132	22	7
6262	2	186	25	10
6263	2	40	14	3
6264	2	81	15	5
6265	2	150	25	10
6266	2	21	12	3
6267	2	138	19	7
6268	2	19	12	3
6269	4	126	21	9
6270	2	174	19	7
6271	2	120	17	6
6272	4	99	21	6
6273	4	141	25	13
6274	2	18	11	3
6275	4	126	22	8
6276	2	42	15	4
6277	4	150	28	12
6278	2	81	17	6
6279	2	17	11	3
6280	2	18	15	4
6281	2	102	17	6
6282	4	102	21	6
6283	4	132	24	7
6284	4	126	22	7
6285	2	111	17	6
6286	2	17	14	4
6287	2	19	10	2
6288	4	138	22	8
6289	2	78	13	4
6290	2	99	13	4
6291	4	126	22	7
6292	4	126	22	8
6293	2	18	15	4
6294	4	126	25	8
6295	4	126	22	8
6296	2	138	17	6
6297	2	150	21	8
6298	4	126	21	9
6299	4	132	23	8
6300	2	19	12	3
6301	4	162	24	10
6302	2	21	14	4
6303	2	93	17	6
6304	4	162	24	10
6305	4	126	22	7
6306	2	21	12	3
6307	4	126	24	7
6308	2	84	14	4
6309	2	16	14	3
6310	4	135	24	11
6311	2	186	21	8
6312	2	40	13	3
6313	4	126	22	8
6314	2	132	19	7
6315	2	40	14	3
6316	2	40	14	3
6317	2	39	12	3
6318	2	66	14	3
6319	2	66	13	4
6320	2	32	7	2
6321	4	168	28	12
6322	2	99	13	4
6323	2	120	17	6
6324	2	22	13	3
6325	2	69	15	5
6326	2	39	12	3
6327	2	63	14	5
6328	2	22	12	3
6329	2	57	17	6
6330	2	39	13	3
6331	2	37	11	2
6332	2	57	13	4
6333	2	32	7	2
6334	4	159	25	10
6335	4	126	21	10
6336	2	51	8	2
6337	2	120	15	5
6338	4	129	22	10
6339	4	126	24	7
6340	2	51	10	3
6341	2	42	15	4
6342	2	84	13	4
6343	2	22	12	3
6344	4	126	24	8
6345	4	132	22	11
6346	2	15	13	3
6347	2	40	13	3
6348	2	87	19	7
6349	2	15	12	3
6350	2	162	21	8
6351	2	45	13	4
6352	4	126	21	10
6353	2	42	15	4
6354	2	15	13	3
6355	2	123	18	6
6356	2	102	15	5
6357	2	147	21	8
6358	4	90	21	6
6359	2	156	19	7
6360	2	75	17	6
6361	4	126	24	7
6362	2	24	14	4
6363	2	138	19	7
6364	2	141	20	7
6365	4	126	22	7
6366	2	87	19	7
6367	2	174	23	9
6368	2	45	12	4
6369	4	63	19	7
6370	4	141	24	11
6371	4	132	22	7
6372	4	132	22	7
6373	4	93	22	6
6374	6	120	28	9
6375	4	150	25	10
6376	2	57	8	2
6377	4	135	24	11
6378	2	87	17	6
6379	2	117	22	8
6380	6	126	27	9
6381	4	135	24	12
6382	2	24	14	4
6383	2	105	17	6
6384	4	102	21	6
6385	4	126	21	9
6386	2	19	10	2
6387	2	22	12	3
6388	2	57	13	4
6389	6	126	26	8
6390	2	21	12	3
6391	4	57	16	5
6392	2	75	15	5
6393	2	24	14	4
6394	2	39	13	3
6395	4	159	28	12
6396	4	132	22	8
6397	2	129	19	7
6398	4	57	16	5
6399	4	132	21	9
6400	4	93	21	6
6401	2	40	14	3
6402	2	51	11	3
6403	2	102	15	5
6404	4	126	24	8
6405	2	102	13	4
6406	2	16	10	2
6407	2	18	15	4
6408	2	21	12	3
6409	2	21	11	3
6410	4	126	24	7
6411	2	63	16	5
6412	4	138	24	8
6413	6	126	25	7
6414	4	162	24	10
6415	4	159	25	10
6416	2	19	12	3
6417	2	93	15	5
6418	2	66	13	4
6419	2	102	15	5
6420	4	126	22	7
6421	2	41	14	4
6422	2	132	21	8
6423	2	81	17	6
6424	4	90	20	4
6425	2	138	15	5
6426	2	32	7	2
6427	2	21	12	3
6428	4	135	23	10
6429	4	120	24	8
6430	2	65	13	3
6431	2	51	8	2
6432	2	65	13	3
6433	2	22	13	3
6434	4	150	28	12
6435	4	93	19	4
6436	4	141	24	11
6437	2	75	21	8
6438	2	156	17	6
6439	2	75	17	6
6440	6	114	29	10
6441	2	65	13	3
6442	4	162	24	10
6443	2	24	14	4
6444	2	22	13	3
6445	2	40	14	3
6446	4	126	23	7
6447	2	78	13	4
6448	4	141	23	11
6449	4	126	23	8
6450	4	126	24	7
6451	2	87	15	5
6452	2	156	17	6
6453	2	64	12	3
6454	2	22	13	3
6455	4	126	22	7
6456	2	39	13	3
6457	6	120	27	9
6458	2	16	14	3
6459	2	66	13	4
6460	2	156	21	8
6461	2	42	15	4
6462	2	102	14	5
6463	2	105	17	6
6464	4	126	22	7
6465	4	135	24	11
6466	4	126	21	10
6467	2	41	14	4
6468	2	96	15	5
6469	2	14	12	3
6470	4	99	21	5
6471	2	117	15	5
6472	2	192	23	9
6473	2	120	17	6
6474	6	120	27	8
6475	4	141	25	12
6476	4	132	23	8
6477	2	66	13	4
6478	2	192	23	9
6479	2	138	19	7
6480	6	120	30	11
6481	2	18	15	4
6482	2	51	10	3
6483	2	120	13	4
6484	4	150	25	10
6485	2	16	13	3
6486	2	21	12	3
6487	2	40	13	3
6488	4	93	20	5
6489	2	102	15	5
6490	2	150	21	8
6491	2	22	12	3
6492	4	126	25	8
6493	2	75	15	5
6494	2	20	11	3
6495	2	40	14	3
6496	2	120	15	5
6497	2	39	13	3
6498	4	138	24	8
6499	2	63	14	5
6500	2	102	15	5
6501	4	126	23	10
6502	2	126	15	5
6503	2	16	13	3
6504	2	96	13	4
6505	2	78	11	3
6506	4	171	24	10
6507	4	141	21	9
6508	4	132	23	7
6509	2	114	15	5
6510	2	84	12	4
6511	4	132	25	7
6512	4	93	21	5
6513	4	126	24	7
6514	2	51	13	4
6515	2	51	10	3
6516	2	69	21	8
6517	2	22	13	3
6518	2	81	13	4
6519	2	24	14	4
6520	4	132	24	7
6521	2	15	12	3
6522	4	96	19	5
6523	4	132	24	7
6524	4	93	19	4
6525	6	120	25	7
6526	4	153	27	12
6527	4	132	24	8
6528	2	153	19	7
6529	4	102	19	5
6530	4	93	21	6
6531	4	96	21	6
6532	2	73	19	7
6533	4	126	22	10
6534	2	168	19	7
6535	4	126	24	7
6536	2	87	19	7
6537	2	132	15	5
6538	4	132	24	7
6539	4	126	21	9
6540	2	174	19	7
6541	2	78	13	4
6542	4	153	27	12
6543	4	126	22	8
6544	4	126	22	7
6545	4	126	21	10
6546	4	135	23	10
6547	4	135	25	12
6548	4	126	24	7
6549	6	126	27	8
6550	4	141	25	12
6551	4	171	24	10
6552	4	168	25	10
6553	2	114	17	6
6554	2	21	12	3
6555	4	126	23	8
6556	2	120	15	5
6557	2	132	15	5
6558	4	159	25	10
6559	2	186	23	9
6560	4	141	23	11
6561	2	108	17	6
6562	4	126	24	8
6563	2	40	13	3
6564	2	111	16	5
6565	2	15	12	3
6566	4	141	24	12
6567	4	138	21	7
6568	2	57	11	3
6569	2	138	19	7
6570	4	141	24	11
6571	4	102	21	6
6572	2	18	12	3
6573	2	84	11	3
6574	2	87	13	4
6575	6	114	28	9
6576	2	138	19	7
6577	2	21	12	3
6578	2	21	12	3
6579	2	66	11	3
6580	2	81	13	4
6581	2	65	13	3
6582	4	135	24	11
6583	2	15	13	3
6584	4	126	22	7
6585	2	135	22	8
6586	2	180	27	11
6587	4	126	24	7
6588	2	81	17	6
6589	4	93	20	4
6590	2	168	23	9
6591	2	138	19	7
6592	2	78	11	3
6593	2	75	13	4
6594	2	81	15	5
6595	4	126	25	7
6596	2	192	21	8
6597	2	81	15	5
6598	2	93	23	9
6599	4	93	20	5
6600	2	120	17	6
6601	2	39	12	3
6602	6	126	30	10
6603	2	75	19	7
6604	2	111	15	5
6605	2	57	15	5
6606	4	132	24	7
6607	6	126	27	8
6608	4	126	21	9
6609	4	120	22	7
6610	4	132	23	10
6611	2	18	15	4
6612	2	42	15	4
6613	2	105	20	8
6614	2	123	18	7
6615	2	69	12	4
6616	2	93	18	7
6617	2	40	14	3
6618	2	51	10	3
6619	2	21	11	3
6620	2	93	15	5
6621	2	99	17	6
6622	4	159	25	10
6623	2	18	12	3
6624	4	96	19	5
6625	4	162	24	10
6626	2	138	19	7
6627	4	126	24	7
6628	4	126	22	7
6629	2	39	12	3
6630	6	120	25	7
6631	4	132	23	8
6632	2	57	8	2
6633	2	22	13	3
6634	2	20	13	4
6635	2	30	12	4
6636	2	117	14	4
6637	2	18	12	3
6638	2	84	13	4
6639	2	15	12	3
6640	2	192	23	9
6641	2	42	15	4
6642	2	75	15	5
6643	2	186	25	10
6644	4	132	22	8
6645	2	123	21	8
6646	2	168	21	8
6647	4	132	22	7
6648	4	162	27	12
6649	4	96	19	5
6650	4	126	22	7
6651	4	126	22	7
6652	4	138	24	7
6653	4	132	24	8
6654	2	174	21	8
6655	2	39	12	3
6656	4	120	24	7
6657	4	135	23	11
6658	2	23	13	4
6659	4	63	18	7
6660	2	75	21	8
6661	2	117	15	5
6662	4	126	22	8
6663	4	171	27	12
6664	4	126	22	7
6665	2	63	11	2
6666	2	129	15	5
6667	2	81	16	5
6668	2	84	11	3
6669	4	126	22	7
6670	2	126	13	4
6671	6	126	25	7
6672	2	16	10	2
6673	2	57	13	4
6674	2	66	14	3
6675	2	19	13	3
6676	2	21	14	4
6677	2	102	13	4
6678	2	41	14	4
6679	2	57	19	7
6680	4	162	27	12
6681	2	22	13	3
6682	4	126	24	7
6683	4	102	19	5
6684	4	135	24	11
6685	4	177	25	10
6686	4	162	27	12
6687	4	129	24	11
6688	2	42	15	4
6689	2	19	12	3
6690	2	57	21	8
6691	2	114	17	6
6692	4	120	24	8
6693	2	138	18	6
6694	2	38	12	3
6695	4	153	27	12
6696	4	171	24	10
6697	4	141	22	10
6698	2	132	21	8
6699	2	99	16	6
6700	2	36	7	2
6701	2	18	15	4
6702	4	132	22	7
6703	2	99	12	3
6704	4	159	25	10
6705	4	93	21	5
6706	2	20	10	2
6707	2	168	19	7
6708	2	42	15	4
6709	2	168	19	7
6710	2	153	20	7
6711	4	126	24	7
6712	4	126	24	8
6713	2	69	19	7
6714	4	168	25	10
6715	2	63	11	2
6716	2	84	13	4
6717	2	75	21	8
6718	2	162	23	9
6719	2	57	21	8
6720	2	123	19	7
6721	4	135	24	11
6722	4	126	22	7
6723	2	51	13	4
6724	2	186	23	9
6725	4	96	20	4
6726	4	132	25	8
6727	2	81	15	5
6728	4	162	27	12
6729	2	96	15	5
6730	2	39	13	3
6731	2	15	13	3
6732	4	135	24	11
6733	2	33	8	2
6734	4	132	24	7
6735	2	40	13	3
6736	4	132	24	8
6737	2	51	13	4
6738	4	162	24	10
6739	4	87	19	4
6740	2	63	15	5
6741	4	126	22	7
6742	2	81	17	6
6743	2	132	20	8
6744	2	84	11	3
6745	2	20	13	4
6746	4	153	24	10
6747	2	117	17	6
6748	2	93	21	8
6749	2	40	14	3
6750	2	57	10	3
6751	2	19	12	3
6752	4	159	28	12
6753	2	42	15	4
6754	2	72	11	3
6755	2	75	19	7
6756	2	138	17	6
6757	2	65	12	4
6758	2	51	12	3
6759	2	65	13	3
6760	2	135	21	8
6761	4	96	19	5
6762	2	22	12	3
6763	4	168	28	12
6764	4	168	25	10
6765	2	129	19	7
6766	4	162	27	12
6767	4	126	21	9
6768	4	126	21	9
6769	4	102	21	6
6770	4	99	19	5
6771	2	81	13	4
6772	2	81	13	4
6773	4	132	21	10
6774	2	42	15	4
6775	2	21	12	3
6776	6	132	28	9
6777	4	141	24	11
6778	4	63	19	7
6779	2	120	16	6
6780	2	21	12	3
6781	2	21	12	3
6782	2	87	21	8
6783	2	65	13	3
6784	4	159	25	10
6785	4	135	24	11
6786	4	138	24	7
6787	2	21	14	4
6788	2	73	19	7
6789	2	63	11	2
6790	2	75	15	5
6791	2	40	13	3
6792	2	117	13	4
6793	2	144	19	7
6794	2	93	19	7
6795	4	168	28	12
6796	2	117	21	8
6797	4	132	21	10
6798	4	126	22	8
6799	2	180	23	9
6800	2	21	12	3
6801	2	81	17	6
6802	4	135	23	11
6803	2	40	13	3
6804	2	18	15	4
6805	2	174	21	8
6806	2	40	13	3
6807	2	39	12	3
6808	2	19	10	2
6809	4	141	22	10
6810	2	39	12	3
6811	4	96	22	7
6812	2	75	17	6
6813	2	105	16	6
6814	4	96	19	5
6815	2	174	19	7
6816	6	120	25	7
6817	4	126	24	7
6818	4	132	22	7
6819	2	135	17	6
6820	4	171	24	10
6821	4	126	22	10
6822	4	120	21	9
6823	2	17	11	3
6824	4	126	24	8
6825	4	171	27	12
6826	4	126	21	9
6827	2	75	15	5
6828	2	45	8	2
6829	4	120	22	10
6830	2	93	16	6
6831	2	39	13	3
6832	2	65	13	3
6833	2	42	15	4
6834	4	126	24	8
6835	2	51	10	3
6836	2	22	13	3
6837	4	132	21	9
6838	4	159	28	12
6839	2	93	16	5
6840	2	38	12	3
6841	2	87	17	6
6842	2	18	15	4
6843	4	171	24	10
6844	4	126	21	9
6845	4	171	27	12
6846	4	132	24	7
6847	2	93	11	3
6848	4	171	24	10
6849	4	135	24	11
6850	4	171	24	10
6851	4	162	24	10
6852	2	69	17	6
6853	2	192	23	9
6854	2	14	12	3
6855	2	38	11	2
6856	4	168	25	10
6857	2	15	13	3
6858	2	120	17	6
6859	4	120	22	11
6860	2	156	21	8
6861	2	66	11	3
6862	4	126	24	7
6863	2	81	15	5
6864	4	171	27	12
6865	4	126	21	10
6866	4	171	24	10
6867	4	96	19	5
6868	4	126	21	9
6869	2	21	11	3
6870	2	117	15	5
6871	2	18	12	3
6872	4	132	22	7
6873	2	96	17	6
6874	2	38	12	3
6875	4	141	23	11
6876	4	126	25	7
6877	2	111	19	7
6878	2	156	21	8
6879	2	66	10	2
6880	2	42	15	4
6881	6	120	27	8
6882	2	15	13	3
6883	4	126	21	9
6884	2	16	10	2
6885	4	138	24	7
6886	2	40	13	3
6887	2	18	12	3
6888	2	102	13	4
6889	2	18	12	3
6890	2	69	17	6
6891	4	171	27	12
6892	2	156	19	7
6893	2	22	12	3
6894	4	126	22	8
6895	2	108	13	4
6896	2	22	13	3
6897	2	135	21	8
6898	2	180	23	9
6899	4	132	23	8
6900	2	66	13	4
6901	4	102	21	6
6902	2	75	13	4
6903	2	111	14	4
6904	2	66	11	3
6905	2	75	19	7
6906	4	132	21	9
6907	4	147	26	11
6908	2	36	11	6
6909	2	66	14	3
6910	4	135	21	9
6911	2	71	15	5
6912	4	126	24	8
6913	2	99	17	6
6914	2	40	14	3
6915	4	126	24	8
6916	2	87	19	7
6917	2	40	13	3
6918	4	126	22	7
6919	2	20	13	4
6920	2	38	12	3
6921	2	174	23	9
6922	2	40	13	3
6923	2	78	11	3
6924	4	120	22	9
6925	2	66	11	3
6926	2	66	13	4
6927	2	81	15	5
6928	4	132	25	8
6929	4	120	24	7
6930	2	120	15	5
6931	2	18	12	3
6932	6	120	27	9
6933	2	174	23	9
6934	2	174	23	9
6935	2	65	13	3
6936	4	135	23	11
6937	2	186	25	10
6938	4	162	27	12
6939	2	81	13	4
6940	4	171	27	12
6941	4	126	24	8
6942	4	132	24	8
6943	4	159	31	14
6944	2	180	23	9
6945	2	75	21	8
6946	2	41	14	4
6947	2	120	13	4
6948	2	75	15	5
6949	2	93	15	5
6950	2	123	20	7
6951	4	132	24	7
6952	4	168	28	12
6953	2	32	7	2
6954	2	63	21	8
6955	4	159	28	12
6956	2	174	21	8
6957	4	120	24	7
6958	2	45	8	2
6959	2	99	11	3
6960	2	39	13	3
6961	2	51	8	2
6962	2	87	19	7
6963	4	135	24	11
6964	2	51	8	2
6965	4	126	20	9
6966	2	96	13	4
6967	6	126	28	9
6968	2	20	11	3
6969	2	102	13	4
6970	4	132	22	7
6971	4	138	21	10
6972	2	99	15	5
6973	2	81	14	5
6974	2	42	15	4
6975	4	171	24	10
6976	2	180	21	8
6977	4	126	20	9
6978	2	168	21	8
6979	4	126	22	7
6980	2	75	15	5
6981	2	41	14	4
6982	4	126	21	10
6983	2	30	7	2
6984	4	63	18	7
6985	4	171	24	10
6986	2	16	13	3
6987	2	81	14	5
6988	2	15	13	3
6989	4	126	21	9
6990	2	180	19	7
6991	4	162	27	12
6992	2	174	23	9
6993	4	63	18	7
6994	2	132	19	7
6995	4	159	25	10
6996	2	57	10	3
6997	2	16	14	3
6998	2	40	13	3
6999	2	66	13	4
7000	4	132	21	10
7001	2	66	13	4
7002	2	180	21	8
7003	6	120	25	7
7004	2	18	12	3
7005	2	75	13	4
7006	4	132	22	8
7007	4	132	24	7
7008	4	126	21	10
7009	4	159	28	12
7010	2	75	17	6
7011	2	87	17	6
7012	2	81	13	4
7013	4	132	22	7
7014	2	42	15	4
7015	2	66	13	4
7016	2	65	13	3
7017	4	126	21	10
7018	2	17	14	4
7019	2	96	15	5
7020	4	126	21	9
7021	4	126	22	7
7022	4	132	24	8
7023	4	126	23	9
7024	2	123	19	7
7025	2	99	15	5
7026	2	40	13	3
7027	4	93	21	5
7028	2	39	13	3
7029	2	69	12	4
7030	2	75	17	6
7031	4	132	21	10
7032	2	102	13	4
7033	2	42	15	4
7034	2	18	12	3
7035	2	132	15	5
7036	2	117	22	8
7037	2	150	19	7
7038	2	33	7	2
7039	2	99	15	5
7040	2	36	11	6
7041	4	168	28	12
7042	2	38	11	2
7043	2	40	13	3
7044	2	81	21	8
7045	2	102	15	5
7046	2	66	13	4
7047	2	153	18	6
7048	4	126	22	8
7049	2	24	14	4
7050	4	126	24	8
7051	2	87	13	4
7052	4	171	24	10
7053	4	126	21	9
7054	6	126	25	7
7055	2	40	13	3
7056	2	120	17	6
7057	2	22	12	3
7058	2	75	17	6
7059	2	117	20	8
7060	2	168	19	7
7061	2	19	13	3
7062	2	93	11	3
7063	2	18	12	3
7064	4	132	21	7
7065	2	96	15	5
7066	4	171	24	10
7067	4	132	21	10
7068	4	129	24	11
7069	4	132	24	7
7070	2	66	13	4
7071	4	168	25	10
7072	2	117	19	7
7073	2	19	10	2
7074	4	96	20	4
7075	4	132	22	8
7076	2	84	11	3
7077	6	120	27	9
7078	2	117	21	8
7079	4	93	21	6
7080	2	168	19	7
7081	4	126	25	9
7082	2	120	16	6
7083	4	126	24	7
7084	2	168	21	8
7085	2	99	19	7
7086	2	75	17	6
7087	2	51	10	3
7088	4	168	25	10
7089	2	120	15	5
7090	2	19	12	3
7091	2	41	14	4
7092	4	96	21	6
7093	4	135	22	10
7094	2	81	15	5
7095	2	65	12	4
7096	2	66	14	3
7097	2	156	17	6
7098	2	132	17	6
7099	2	120	13	4
7100	2	66	13	4
7101	2	81	13	4
7102	4	159	25	10
7103	2	21	12	3
7104	2	150	21	8
7105	2	20	13	4
7106	2	120	15	5
7107	4	126	26	7
7108	2	19	12	3
7109	4	135	23	11
7110	2	21	12	3
7111	2	30	7	2
7112	4	135	22	10
7113	4	162	24	10
7114	4	126	22	9
7115	2	39	13	3
7116	2	22	12	3
7117	2	105	19	7
7118	4	126	24	7
7119	2	36	11	2
7120	2	65	15	5
7121	2	38	12	3
7122	2	51	8	2
7123	4	126	21	9
7124	2	120	13	4
7125	2	93	13	4
7126	4	132	21	10
7127	4	120	24	7
7128	2	99	15	5
7129	4	177	25	10
7130	2	81	15	5
7131	2	174	21	8
7132	2	69	15	5
7133	4	132	21	9
7134	2	39	12	3
7135	4	132	22	8
7136	6	126	25	7
7137	2	78	13	4
7138	2	99	17	6
7139	2	40	14	3
7140	2	16	14	3
7141	2	30	12	4
7142	2	75	17	6
7143	4	141	23	10
7144	2	14	12	3
7145	2	81	11	3
7146	2	168	19	7
7147	2	19	13	3
7148	2	16	14	3
7149	2	75	17	6
7150	4	159	28	12
7151	2	66	11	3
7152	2	17	14	4
7153	2	40	13	3
7154	2	66	13	4
7155	4	99	20	4
7156	2	18	15	4
7157	2	65	13	3
7158	4	120	24	7
7159	4	162	27	12
7160	2	81	13	4
7161	4	162	24	10
7162	4	132	22	7
7163	2	75	17	6
7164	4	90	21	6
7165	4	129	23	11
7166	2	57	8	2
7167	6	126	25	7
7168	2	19	12	3
7169	2	19	12	3
7170	2	42	15	4
7171	2	78	13	4
7172	2	19	13	3
7173	2	180	19	7
7174	2	65	13	3
7175	2	65	13	3
7176	4	96	21	6
7177	4	135	24	12
7178	4	132	22	7
7179	4	132	21	9
7180	2	117	17	6
7181	4	138	24	7
7182	4	126	24	7
7183	4	132	21	10
7184	4	93	20	4
7185	4	171	27	12
7186	2	102	15	5
7187	2	87	14	5
7188	4	96	21	6
7189	4	96	20	6
7190	2	117	23	9
7191	4	132	22	7
7192	2	40	13	3
7193	4	120	26	7
7194	2	60	10	2
7195	2	105	17	6
7196	2	40	14	3
7197	2	51	12	4
7198	4	126	22	7
7199	2	150	19	7
7200	4	102	23	7
7201	2	19	13	3
7202	4	102	22	7
7203	2	120	17	6
7204	2	40	14	3
7205	2	21	12	3
7206	4	162	27	12
7207	2	19	10	2
7208	4	132	23	8
7209	4	126	21	10
7210	2	66	13	4
7211	2	132	17	6
7212	2	87	21	8
7213	2	22	13	3
7214	2	105	21	8
7215	2	17	11	3
7216	4	96	19	5
7217	4	171	27	12
7218	2	15	12	3
7219	4	162	27	12
7220	2	21	12	3
7221	2	162	23	9
7222	2	69	27	11
7223	2	81	15	5
7224	2	51	12	3
7225	2	16	13	3
7226	2	39	13	3
7227	4	162	24	10
7228	2	192	23	9
7229	2	168	23	9
7230	4	90	21	6
7231	2	81	13	4
7232	4	159	25	10
7233	2	75	19	7
7234	4	126	22	11
7235	4	126	22	11
7236	4	132	23	9
7237	4	126	21	10
7238	2	75	19	7
7239	2	33	7	2
7240	4	138	22	8
7241	2	18	15	4
7242	4	126	24	8
7243	4	135	25	12
7244	4	162	27	12
7245	2	15	13	3
7246	4	168	28	12
7247	2	75	17	6
7248	2	162	21	8
7249	2	81	17	6
7250	4	126	22	7
7251	2	42	15	4
7252	4	159	25	10
7253	2	18	12	3
7254	2	22	12	3
7255	2	111	15	5
7256	2	132	19	7
7257	4	126	24	8
7258	2	186	21	8
7259	2	21	12	3
7260	2	105	17	6
7261	4	150	25	10
7262	2	21	12	3
7263	2	66	11	3
7264	4	159	25	10
7265	2	156	23	9
7266	2	87	21	8
7267	4	132	25	8
7268	2	15	13	3
7269	2	21	12	3
7270	4	102	19	5
7271	4	99	19	5
7272	2	162	21	8
7273	2	66	11	3
7274	2	16	14	3
7275	4	135	23	10
7276	4	135	24	11
7277	4	96	21	4
7278	2	93	11	3
7279	2	16	13	3
7280	2	87	15	5
7281	2	75	23	9
7282	4	126	21	9
7283	2	84	11	3
7284	2	114	15	5
7285	4	132	21	10
7286	2	120	18	7
7287	4	99	20	4
7288	4	93	21	6
7289	4	135	22	10
7290	2	39	13	3
7291	2	40	14	3
7292	2	64	12	3
7293	4	171	27	12
7294	2	138	19	7
7295	2	18	12	3
7296	2	78	11	3
7297	2	84	11	3
7298	2	16	14	3
7299	4	129	24	11
7300	4	162	24	10
7301	4	159	28	12
7302	4	171	24	10
7303	4	126	24	8
7304	4	159	28	12
7305	2	102	13	4
7306	4	132	21	9
7307	2	75	15	5
7308	4	132	22	10
7309	2	40	13	3
7310	2	162	23	9
7311	4	150	31	14
7312	2	20	10	2
7313	4	126	23	8
7314	2	81	15	5
7315	6	126	26	8
7316	2	156	19	7
7317	2	40	13	3
7318	4	126	24	8
7319	4	138	22	8
7320	2	36	11	2
7321	4	132	24	7
7322	2	81	15	5
7323	2	180	19	7
7324	2	69	17	6
7325	4	132	22	8
7326	4	171	27	12
7327	4	132	21	10
7328	2	156	19	7
7329	2	75	15	5
7330	2	39	12	3
7331	2	21	14	4
7332	2	66	11	3
7333	4	126	24	7
7334	2	66	13	4
7335	4	132	24	7
7336	4	96	21	6
7337	2	40	14	3
7338	6	120	27	8
7339	2	93	23	9
7340	4	126	23	9
7341	4	96	21	6
7342	2	81	11	3
7343	2	42	15	4
7344	2	40	14	3
7345	2	120	17	6
7346	4	126	24	7
7347	2	81	19	7
7348	6	126	25	7
7349	2	150	19	7
7350	2	57	11	3
7351	4	120	21	9
7352	2	81	13	4
7353	2	81	16	6
7354	2	63	10	3
7355	2	36	11	2
7356	2	17	14	4
7357	2	87	23	9
7358	4	159	25	10
7359	4	126	24	8
7360	2	75	17	6
7361	2	24	14	4
7362	4	120	25	8
7363	2	19	11	2
7364	2	24	14	4
7365	4	162	27	12
7366	4	159	25	10
7367	4	126	22	7
7368	4	168	28	12
7369	2	81	15	5
7370	2	57	13	4
7371	4	126	21	9
7372	2	186	25	10
7373	4	141	26	11
7374	2	66	14	3
7375	6	126	27	9
7376	2	174	23	9
7377	4	96	19	4
7378	2	132	17	6
7379	4	171	27	12
7380	2	18	15	4
7381	2	114	19	7
7382	2	180	25	10
7383	4	129	24	11
7384	4	132	22	7
7385	2	65	13	3
7386	2	138	19	7
7387	4	96	21	6
7388	2	19	12	3
7389	4	60	18	5
7390	4	126	21	9
7391	2	120	17	6
7392	4	150	25	10
7393	2	129	19	7
7394	2	108	16	6
7395	2	120	17	6
7396	2	153	21	8
7397	4	126	25	8
7398	2	22	13	3
7399	2	21	12	3
7400	4	162	27	12
7401	2	132	17	6
7402	2	17	11	3
7403	4	126	22	7
7404	2	57	13	4
7405	2	72	11	3
7406	4	138	23	9
7407	2	87	19	7
7408	2	168	23	9
7409	4	168	28	12
7410	2	69	13	4
7411	2	102	15	5
7412	4	159	25	10
7413	2	19	12	3
7414	2	102	13	4
7415	4	87	21	6
7416	2	57	15	5
7417	2	99	19	7
7418	2	81	15	5
7419	2	19	10	2
7420	2	22	13	3
7421	4	132	21	9
7422	4	162	27	12
7423	4	126	23	7
7424	2	42	15	4
7425	2	40	13	3
7426	2	14	12	3
7427	2	51	8	2
7428	2	75	15	5
7429	4	171	24	10
7430	2	117	20	7
7431	2	75	19	7
7432	2	84	11	3
7433	4	102	19	5
7434	2	138	17	6
7435	2	186	23	9
7436	2	87	17	6
7437	2	84	15	5
7438	2	16	13	3
7439	2	108	15	5
7440	2	174	23	9
7441	4	162	24	10
7442	2	174	21	8
7443	4	135	25	11
7444	2	18	12	3
7445	4	132	21	9
7446	6	120	27	9
7447	4	126	24	7
7448	2	87	15	5
7449	4	132	22	7
7450	2	17	10	2
7451	2	174	19	7
7452	2	19	12	3
7453	2	66	11	3
7454	4	132	25	8
7455	4	168	25	10
7456	4	141	23	11
7457	4	171	24	10
7458	2	117	19	7
7459	2	69	12	4
7460	2	40	14	3
7461	2	156	19	7
7462	2	19	11	2
7463	2	69	15	5
7464	2	16	13	3
7465	4	120	25	7
7466	4	168	25	10
7467	2	66	13	4
7468	4	126	24	10
7469	2	102	15	5
7470	2	57	17	6
7471	2	16	14	3
7472	4	138	21	10
7473	4	129	21	9
7474	4	126	21	9
7475	4	93	21	6
7476	2	150	19	7
7477	4	102	19	5
7478	2	120	13	4
7479	2	21	12	3
7480	2	75	17	6
7481	2	22	12	3
7482	4	126	22	8
7483	2	21	14	4
7484	2	102	16	6
7485	2	57	21	8
7486	2	16	13	3
7487	2	57	8	2
7488	2	37	11	2
7489	2	21	12	3
7490	2	192	26	11
7491	4	129	25	12
7492	2	105	18	7
7493	4	135	24	11
7494	2	75	25	10
7495	4	132	24	7
7496	4	126	22	10
7497	2	18	11	3
7498	2	81	15	5
7499	2	132	15	5
7500	4	132	21	10
7501	2	21	10	2
7502	2	18	12	3
7503	4	171	27	12
7504	2	114	17	6
7505	4	120	22	10
7506	2	39	12	3
7507	2	66	14	3
7508	2	18	12	3
7509	4	57	16	5
7510	2	51	13	4
7511	2	123	20	8
7512	2	66	12	3
7513	2	39	13	3
7514	4	129	25	10
7515	2	15	13	3
7516	2	20	13	4
7517	2	57	17	6
7518	4	168	28	12
7519	2	65	13	3
7520	2	102	15	5
7521	6	120	28	9
7522	4	159	25	10
7523	2	138	15	5
7524	2	39	13	3
7525	2	21	14	4
7526	4	168	25	10
7527	4	171	24	10
7528	4	87	22	6
7529	2	174	23	9
7530	2	65	12	4
7531	4	159	28	12
7532	2	22	13	3
7533	2	19	12	3
7534	4	162	27	12
7535	2	36	7	2
7536	4	168	25	10
7537	2	141	21	8
7538	6	126	26	8
7539	2	147	21	8
7540	4	93	19	5
7541	6	126	28	9
7542	2	84	11	3
7543	4	159	25	10
7544	2	39	13	3
7545	2	66	13	4
7546	2	69	15	5
7547	4	96	21	6
7548	4	150	25	10
7549	2	96	13	4
7550	4	96	19	5
7551	2	102	15	5
7552	2	174	23	9
7553	2	186	21	8
7554	2	87	16	6
7555	2	18	12	3
7556	2	75	21	8
7557	2	87	19	7
7558	2	16	14	3
7559	2	150	19	7
7560	2	57	8	2
7561	2	33	7	2
7562	2	135	21	8
7563	2	111	19	7
7564	4	120	21	10
7565	4	171	24	10
7566	6	126	28	9
7567	2	84	13	4
7568	4	93	22	6
7569	2	81	15	5
7570	2	18	12	3
7571	2	120	17	6
7572	6	126	25	7
7573	4	126	24	7
7574	2	108	13	4
7575	2	14	12	3
7576	2	84	15	5
7577	2	22	13	3
7578	2	117	18	7
7579	2	81	15	5
7580	4	132	22	7
7581	2	40	13	3
7582	4	141	28	13
7583	4	168	25	10
7584	2	64	12	3
7585	4	126	24	8
7586	2	120	17	6
7587	4	159	25	10
7588	2	22	12	3
7589	2	51	12	4
7590	4	126	24	7
7591	2	174	21	8
7592	2	15	12	3
7593	2	132	17	6
7594	4	126	22	8
7595	4	126	21	9
7596	2	51	8	2
7597	2	22	13	3
7598	2	114	15	5
7599	4	126	22	11
7600	4	171	24	10
7601	2	75	15	5
7602	4	168	28	12
7603	4	63	17	5
7604	4	168	25	10
7605	4	135	24	11
7606	2	168	19	7
7607	4	96	20	5
7608	2	132	18	7
7609	2	40	13	3
7610	2	21	12	3
7611	2	63	15	5
7612	2	39	13	3
7613	2	138	17	6
7614	2	18	12	3
7615	2	150	21	8
7616	2	36	7	2
7617	4	63	17	5
7618	2	123	20	8
7619	2	51	10	3
7620	4	135	25	10
7621	4	126	25	8
7622	2	39	12	3
7623	2	40	13	3
7624	4	159	28	12
7625	2	63	13	4
7626	4	102	19	5
7627	2	21	14	4
7628	2	18	12	3
7629	4	132	21	10
7630	2	45	11	3
7631	2	15	13	3
7632	2	144	15	5
7633	2	21	12	3
7634	4	63	18	7
7635	2	22	12	3
7636	4	132	21	9
7637	2	36	11	2
7638	2	15	12	3
7639	4	132	21	10
7640	2	108	15	5
7641	2	51	13	4
7642	2	81	18	6
7643	2	120	17	6
7644	2	22	13	3
7645	2	192	23	9
7646	2	66	13	4
7647	2	22	13	3
7648	6	120	27	9
7649	4	135	24	11
7650	2	66	10	2
7651	4	126	21	10
7652	2	17	14	4
7653	2	21	10	2
7654	2	51	8	2
7655	4	126	24	7
7656	2	81	17	6
7657	2	120	17	6
7658	2	138	15	5
7659	4	132	21	10
7660	6	120	28	9
7661	2	192	21	8
7662	2	138	20	7
7663	2	102	13	4
7664	2	84	13	4
7665	4	162	24	10
7666	2	69	14	5
7667	2	21	12	3
7668	2	75	15	5
7669	4	102	19	5
7670	2	81	17	6
7671	2	20	11	3
7672	2	51	10	3
7673	4	162	24	10
7674	4	153	27	12
7675	4	141	23	10
7676	2	36	11	2
7677	4	132	24	7
7678	4	93	19	4
7679	4	171	27	12
7680	4	132	24	8
7681	2	174	21	8
7682	2	24	14	4
7683	2	84	13	4
7684	4	126	21	10
7685	2	17	10	2
7686	2	51	8	2
7687	2	51	10	3
7688	2	114	15	5
7689	4	132	21	9
7690	2	75	15	5
7691	2	99	15	5
7692	2	87	16	6
7693	4	162	24	10
7694	2	22	13	3
7695	2	21	12	3
7696	2	21	12	3
7697	4	150	25	10
7698	6	126	28	9
7699	4	96	19	4
7700	2	75	17	6
7701	2	75	19	7
7702	2	186	23	9
7703	2	20	11	3
7704	4	93	20	4
7705	2	138	17	6
7706	4	126	26	7
7707	2	51	12	4
7708	2	66	10	4
7709	2	81	15	5
7710	2	19	13	3
7711	4	132	24	7
7712	4	96	19	5
7713	2	57	11	3
7714	2	79	17	6
7715	2	132	17	6
7716	2	15	13	3
7717	2	57	19	7
7718	4	126	22	8
7719	2	93	23	9
7720	2	114	17	6
7721	2	102	15	5
7722	2	45	8	2
7723	2	73	17	6
7724	2	66	11	3
7725	4	162	24	10
7726	2	102	17	6
7727	4	138	24	7
7728	2	63	12	4
7729	2	40	13	3
7730	4	132	22	8
7731	2	99	27	11
7732	2	39	13	3
7733	2	42	15	4
7734	2	75	19	7
7735	2	63	11	2
7736	2	57	11	3
7737	4	132	22	8
7738	2	22	13	3
7739	2	38	12	3
7740	4	96	21	6
7741	2	21	12	3
7742	2	120	16	6
7743	2	21	14	4
7744	2	75	16	6
7745	2	65	13	3
7746	2	84	13	4
7747	6	120	25	7
7748	4	162	24	10
7749	2	17	11	3
7750	2	84	11	3
7751	2	132	17	6
7752	4	159	28	12
7753	2	144	17	6
7754	2	19	13	3
7755	2	24	14	4
7756	4	132	24	7
7757	2	40	14	3
7758	2	156	21	8
7759	4	129	24	11
7760	4	132	22	7
7761	2	65	13	3
7762	2	18	12	3
7763	2	19	13	3
7764	2	51	10	3
7765	4	126	22	7
7766	2	162	21	8
7767	2	141	18	6
7768	2	81	17	6
7769	2	123	19	7
7770	4	129	22	10
7771	2	19	13	3
7772	2	19	12	3
7773	4	63	17	5
7774	4	126	23	9
7775	2	24	14	4
7776	2	198	25	10
7777	2	18	11	3
7778	2	69	21	8
7779	2	40	13	3
7780	2	21	14	4
7781	4	63	19	7
7782	2	63	10	3
7783	4	132	25	8
7784	4	132	24	7
7785	2	21	12	3
7786	2	15	13	3
7787	2	40	13	3
7788	6	126	27	9
7789	2	15	12	3
7790	2	132	15	5
7791	2	51	8	2
7792	2	18	12	3
7793	4	159	25	10
7794	2	120	13	4
7795	4	126	22	7
7796	4	171	27	12
7797	4	126	24	7
7798	2	186	25	10
7799	2	18	12	3
7800	2	162	17	6
7801	6	120	25	7
7802	4	93	19	4
7803	2	15	13	3
7804	4	126	23	7
7805	2	99	16	6
7806	2	186	21	8
7807	2	66	13	4
7808	2	65	13	3
7809	4	126	24	8
7810	4	93	19	4
7811	2	75	15	5
7812	2	40	14	3
7813	2	87	17	6
7814	4	159	28	12
7815	2	105	19	7
7816	2	19	12	3
7817	2	108	15	5
7818	2	78	11	3
7819	2	40	13	3
7820	4	99	19	4
7821	2	39	12	3
7822	2	72	11	3
7823	4	132	23	8
7824	2	22	13	3
7825	2	192	25	10
7826	4	159	28	12
7827	2	168	26	11
7828	6	120	27	8
7829	2	39	13	3
7830	2	24	14	4
7831	4	126	21	9
7832	2	16	14	3
7833	6	132	27	8
7834	4	132	21	9
7835	2	22	12	3
7836	4	162	24	10
7837	6	120	27	9
7838	2	99	17	6
7839	4	141	23	11
7840	4	126	22	7
7841	4	159	25	10
7842	4	126	21	9
7843	2	16	14	3
7844	2	81	17	6
7845	4	141	22	10
7846	2	21	12	3
7847	2	144	19	7
7848	4	126	21	9
7849	2	156	17	6
7850	2	21	12	3
7851	2	21	10	2
7852	2	65	13	3
7853	2	16	14	3
7854	4	126	22	10
7855	2	132	19	7
7856	2	39	13	3
7857	2	16	14	3
7858	4	162	27	12
7859	2	150	20	8
7860	2	16	14	3
7861	2	168	23	9
7862	2	120	17	6
7863	4	171	27	12
7864	2	186	21	8
7865	2	168	19	7
7866	4	57	16	5
7867	2	22	12	3
7868	2	126	17	6
7869	2	105	17	6
7870	6	126	25	7
7871	4	153	27	12
7872	2	51	12	4
7873	4	135	23	10
7874	4	171	27	12
7875	2	22	13	3
7876	2	75	15	5
7877	2	22	13	3
7878	6	126	27	8
7879	2	90	13	4
7880	2	69	15	5
7881	2	26	12	3
7882	2	180	19	7
7883	4	132	24	7
7884	6	120	27	9
7885	2	66	13	4
7886	2	13	11	2
7887	2	22	13	3
7888	2	21	14	4
7889	2	15	13	3
7890	2	66	13	4
7891	2	69	15	5
7892	2	21	14	4
7893	4	102	19	5
7894	2	39	13	3
7895	2	84	11	3
7896	4	141	24	12
7897	6	120	25	7
7898	4	132	21	9
7899	2	18	12	3
7900	4	159	28	12
7901	4	168	28	12
7902	2	51	8	2
7903	2	19	13	3
7904	2	42	15	4
7905	4	126	21	10
7906	2	162	21	8
7907	4	171	24	10
7908	2	51	11	3
7909	2	24	14	4
7910	2	40	13	3
7911	2	114	19	7
7912	4	168	25	10
7913	2	162	21	8
7914	4	126	24	7
7915	2	38	11	2
7916	4	141	23	10
7917	6	132	25	7
7918	2	87	23	9
7919	2	38	11	2
7920	4	153	24	10
7921	2	24	14	4
7922	2	19	13	3
7923	2	114	17	6
7924	4	159	25	10
7925	2	39	13	3
7926	2	15	13	3
7927	2	51	13	4
7928	2	117	20	8
7929	2	39	13	3
7930	2	156	19	7
7931	4	162	24	10
7932	2	22	12	3
7933	4	93	21	6
7934	2	129	17	6
7935	4	132	21	10
7936	2	15	13	3
7937	4	162	27	12
7938	2	64	12	3
7939	2	69	13	4
7940	2	33	7	2
7941	4	126	24	7
7942	4	132	22	8
7943	2	19	13	3
7944	4	132	24	7
7945	2	87	15	5
7946	2	37	11	2
7947	2	32	7	2
7948	2	65	13	3
7949	4	135	23	10
7950	4	171	27	12
7951	2	66	13	4
7952	6	114	25	7
7953	4	93	19	5
7954	4	138	22	7
7955	2	123	18	7
7956	4	126	24	7
7957	4	126	23	8
7958	2	26	12	3
7959	4	93	19	5
7960	2	40	13	3
7961	2	120	15	5
7962	2	93	15	5
7963	2	18	15	4
7964	2	42	15	4
7965	2	126	23	9
7966	2	16	13	3
7967	4	126	24	7
7968	2	75	15	5
7969	2	81	13	4
7970	4	102	19	5
7971	4	126	21	9
7972	4	141	23	10
7973	4	126	25	8
7974	4	171	27	12
7975	4	132	25	8
7976	2	69	13	4
7977	2	192	25	10
7978	2	66	10	2
7979	2	57	15	5
7980	2	51	15	5
7981	2	102	13	4
7982	2	19	12	3
7983	4	93	20	4
7984	2	15	13	3
7985	2	39	13	3
7986	2	17	11	3
7987	2	120	17	6
7988	2	65	12	4
7989	2	63	23	9
7990	2	150	19	7
7991	2	81	13	4
7992	2	21	12	3
7993	2	19	12	3
7994	2	41	14	4
7995	2	23	13	4
7996	2	138	17	6
7997	4	132	23	7
7998	4	162	24	10
7999	6	126	27	8
8000	4	132	24	8
8001	2	51	10	3
8002	4	63	17	5
8003	4	171	24	10
8004	2	21	12	3
8005	4	132	25	8
8006	2	51	8	2
8007	4	96	19	5
8008	4	102	20	6
8009	4	162	24	10
8010	4	126	22	7
8011	4	132	21	9
8012	4	126	22	7
8013	4	159	28	12
8014	4	168	25	10
8015	4	132	22	7
8016	4	132	24	8
8017	4	162	24	10
8018	4	126	24	8
8019	2	168	19	7
8020	2	138	21	8
8021	2	126	15	5
8022	6	120	26	8
8023	4	141	23	10
8024	2	39	12	3
8025	2	141	21	8
8026	2	18	15	4
8027	2	138	17	6
8028	4	162	24	10
8029	2	51	10	3
8030	2	57	8	2
8031	2	174	23	9
8032	2	16	14	3
8033	2	33	8	2
8034	2	156	22	9
8035	2	42	15	4
8036	2	15	13	3
8037	4	162	24	10
8038	2	40	13	3
8039	4	102	19	5
8040	2	162	23	9
8041	6	126	27	9
8042	2	57	15	5
8043	2	114	15	5
8044	2	20	11	3
8045	4	141	23	11
8046	2	39	12	3
8047	2	150	21	8
8048	2	87	19	7
8049	2	65	13	3
8050	2	69	15	5
8051	4	126	24	7
8052	4	132	23	8
8053	2	63	11	2
8054	4	132	22	8
8055	4	93	19	4
8056	2	57	8	2
8057	4	132	22	8
8058	2	18	11	3
8059	2	192	23	9
8060	2	22	12	3
8061	2	138	20	7
8062	4	135	25	11
8063	2	39	13	3
8064	2	102	15	5
8065	2	186	26	10
8066	2	57	10	3
8067	2	40	14	3
8068	2	18	15	4
8069	2	150	19	7
8070	2	57	8	2
8071	2	40	14	3
8072	2	120	17	6
8073	4	96	19	5
8074	4	132	24	8
8075	2	51	8	2
8076	4	132	25	8
8077	2	63	15	5
8078	2	87	21	8
8079	4	132	21	9
8080	2	120	15	5
8081	2	39	13	3
8082	4	153	27	12
8083	4	96	22	7
8084	4	135	24	11
8085	2	138	17	6
8086	2	66	10	2
8087	4	126	24	8
8088	4	126	21	9
8089	2	123	21	8
8090	2	18	12	3
8091	4	132	22	7
8092	2	84	11	3
8093	2	21	12	3
8094	2	186	27	11
8095	2	18	12	3
8096	4	96	21	6
8097	2	81	11	3
8098	2	156	17	6
8099	4	132	21	9
8100	2	84	11	3
8101	2	81	15	5
8102	2	63	12	4
8103	2	16	14	3
8104	4	126	24	8
8105	4	96	19	4
8106	2	96	13	4
8107	2	84	11	3
8108	2	65	13	3
8109	4	126	25	9
8110	4	129	24	11
8111	4	129	25	12
8112	2	15	13	3
8113	2	81	17	6
8114	2	23	11	3
8115	2	66	13	4
8116	4	93	22	5
8117	4	126	23	9
8118	2	75	15	5
8119	4	126	22	7
8120	4	126	24	7
8121	4	126	23	8
8122	2	105	22	9
8123	2	66	14	3
8124	4	159	25	10
8125	2	66	14	3
8126	2	19	13	3
8127	2	117	20	8
8128	4	132	22	7
8129	2	138	19	7
8130	2	65	13	3
8131	2	78	13	4
8132	6	126	25	7
8133	4	96	19	5
8134	4	90	22	6
8135	2	20	11	3
8136	4	168	25	10
8137	2	23	11	3
8138	2	40	13	3
8139	2	66	14	3
8140	4	135	25	12
8141	2	120	15	5
8142	4	132	24	8
8143	2	75	15	5
8144	2	20	11	3
8145	2	150	17	6
8146	2	117	20	8
8147	4	132	22	10
8148	2	75	15	5
8149	2	40	14	3
8150	2	21	12	3
8151	2	93	27	11
8152	4	132	24	8
8153	4	96	21	6
8154	2	39	13	3
8155	2	114	19	7
8156	2	22	12	3
8157	4	132	21	9
8158	4	102	19	5
8159	2	26	12	3
8160	2	69	14	5
8161	2	42	15	4
8162	4	126	21	9
8163	4	180	27	12
8164	2	65	13	3
8165	4	171	27	12
8166	2	22	12	3
8167	2	51	13	4
8168	2	15	13	3
8169	2	120	17	6
8170	2	16	13	3
8171	2	33	7	2
8172	2	20	10	2
8173	4	126	22	8
8174	2	138	17	6
8175	4	126	24	8
8176	2	66	11	3
8177	2	21	12	3
8178	2	120	15	5
8179	4	126	21	10
8180	4	135	24	11
8181	2	174	21	8
8182	2	66	13	4
8183	2	15	13	3
8184	2	66	11	3
8185	2	57	13	4
8186	4	132	23	9
8187	2	120	15	5
8188	2	66	13	4
8189	2	40	13	3
8190	2	30	7	2
8191	2	18	15	4
8192	2	84	15	5
8193	4	168	25	10
8194	2	65	13	3
8195	4	93	19	4
8196	2	66	13	4
8197	2	132	19	7
8198	2	180	25	10
8199	4	126	20	9
8200	4	93	19	4
8201	2	16	13	3
8202	4	126	24	7
8203	2	14	12	3
8204	4	162	30	14
8205	2	150	19	7
8206	2	81	17	6
8207	2	156	19	7
8208	2	93	19	7
8209	2	66	11	3
8210	2	192	25	10
8211	2	123	20	7
8212	2	40	13	3
8213	2	65	13	3
8214	2	168	19	7
8215	2	21	12	3
8216	2	84	11	3
8217	4	162	27	12
8218	2	40	13	3
8219	4	162	27	12
8220	2	71	17	6
8221	2	96	15	5
8222	2	84	13	4
8223	4	126	23	7
8224	2	138	21	8
8225	2	108	17	6
8226	2	19	13	3
8227	4	126	24	7
8228	2	36	11	6
8229	4	126	22	7
8230	4	87	21	6
8231	2	105	21	8
8232	2	16	13	3
8233	2	18	12	3
8234	2	135	15	5
8235	4	132	21	10
8236	2	81	11	3
8237	2	39	12	3
8238	6	120	27	8
8239	2	18	12	3
8240	2	16	14	3
8241	4	132	24	7
8242	2	40	13	3
8243	2	75	15	5
8244	4	132	24	8
8245	2	63	17	6
8246	2	93	15	5
8247	2	81	15	5
8248	4	63	18	7
8249	4	153	24	10
8250	2	30	12	4
8251	4	96	19	4
8252	2	18	12	3
8253	2	63	11	2
8254	2	40	14	3
8255	2	14	12	3
8256	2	17	14	4
8257	2	126	15	5
8258	2	96	13	4
8259	4	150	31	14
8260	4	171	24	10
8261	2	174	23	9
8262	2	21	12	3
8263	2	15	13	3
8264	4	126	24	8
8265	4	132	22	7
8266	2	57	12	4
8267	2	99	17	6
8268	4	141	23	10
8269	2	102	13	4
8270	2	45	8	2
8271	2	15	12	3
8272	2	117	16	5
8273	2	39	13	3
8274	2	150	19	7
8275	2	57	8	2
8276	4	126	21	9
8277	2	102	13	4
8278	4	171	24	10
8279	4	132	24	7
8280	4	126	25	8
8281	2	51	13	4
8282	2	21	14	4
8283	2	39	13	3
8284	2	57	13	4
8285	4	132	22	7
8286	2	42	15	4
8287	2	39	12	3
8288	2	84	15	5
8289	4	63	17	5
8290	4	168	25	10
8291	4	126	21	9
8292	4	126	22	7
8293	4	102	21	6
8294	4	162	27	12
8295	2	40	13	3
8296	2	87	21	8
8297	2	40	13	3
8298	2	78	12	4
8299	4	126	24	8
8300	2	19	10	2
8301	4	126	24	7
8302	2	102	15	5
8303	2	16	13	3
8304	4	63	18	7
8305	4	135	23	10
8306	4	135	24	11
8307	2	81	17	6
8308	2	156	19	7
8309	4	141	24	11
8310	2	99	19	7
8311	2	21	12	3
8312	4	159	25	10
8313	2	40	13	3
8314	2	42	15	4
8315	4	96	19	5
8316	2	96	13	4
8317	4	159	25	10
8318	2	132	17	6
8319	2	192	25	10
8320	4	135	23	10
8321	2	22	13	3
8322	2	20	11	3
8323	2	64	12	3
8324	2	22	12	3
8325	2	18	11	3
8326	2	23	11	3
8327	4	132	23	8
8328	2	66	10	2
8329	2	66	13	4
8330	4	132	25	8
8331	4	96	20	4
8332	4	126	21	10
8333	2	138	22	9
8334	2	111	17	6
8335	4	162	24	10
8336	2	102	17	6
8337	2	22	13	3
8338	4	126	21	10
8339	4	162	24	10
8340	4	159	25	10
8341	2	22	13	3
8342	2	84	11	3
8343	2	150	21	8
8344	2	40	13	3
8345	2	117	19	7
8346	2	96	13	4
8347	4	132	22	7
8348	2	22	12	3
8349	4	180	27	12
8350	4	159	25	10
8351	6	126	28	9
8352	2	75	21	8
8353	2	93	11	3
8354	2	156	21	8
8355	2	57	17	6
8356	2	93	19	7
8357	2	114	15	5
8358	4	168	25	10
8359	2	75	15	5
8360	4	141	24	11
8361	2	150	19	7
8362	4	141	23	10
8363	2	24	14	4
8364	2	18	15	4
8365	2	75	21	8
8366	4	171	24	10
8367	2	180	21	8
8368	4	93	19	4
8369	2	87	16	6
8370	2	156	19	7
8371	2	105	17	6
8372	2	132	15	5
8373	2	19	10	2
8374	2	22	13	3
8375	2	138	17	6
8376	2	38	11	2
8377	4	168	25	10
8378	2	66	13	4
8379	2	26	12	3
8380	4	120	21	9
8381	6	126	28	9
8382	2	81	19	7
8383	4	162	24	10
8384	2	18	15	4
8385	4	126	21	9
8386	2	174	21	8
8387	2	18	12	3
8388	2	19	12	3
8389	4	132	21	9
8390	4	126	21	9
8391	2	108	13	4
8392	2	20	13	4
8393	4	126	26	7
8394	4	96	21	6
8395	2	150	21	8
8396	2	81	13	4
8397	2	19	13	3
8398	4	126	22	7
8399	2	63	10	3
8400	4	126	25	7
8401	2	84	15	5
8402	4	141	25	12
8403	2	42	15	4
8404	2	174	23	9
8405	2	40	13	3
8406	2	93	19	7
8407	2	15	13	3
8408	4	126	22	9
8409	2	45	12	4
8410	2	42	15	4
8411	4	159	28	12
8412	4	159	25	10
8413	4	126	22	7
8414	2	81	13	4
8415	6	114	27	9
8416	2	65	12	4
8417	2	65	13	3
8418	4	141	24	11
8419	2	93	17	6
8420	2	21	12	3
8421	2	132	15	5
8422	4	171	24	10
8423	2	65	13	3
8424	4	126	24	8
8425	4	96	23	7
8426	2	126	15	5
8427	2	16	13	3
8428	2	186	21	8
8429	2	15	13	3
8430	4	171	27	12
8431	2	150	21	8
8432	4	126	21	9
8433	2	192	21	8
8434	4	162	27	12
8435	2	18	11	3
8436	4	102	21	6
8437	2	33	7	2
8438	2	15	12	3
8439	2	66	11	3
8440	4	132	22	8
8441	6	126	28	9
8442	4	96	20	4
8443	2	42	15	4
8444	2	23	13	4
8445	2	123	19	7
8446	2	41	14	4
8447	4	132	24	7
8448	2	66	10	4
8449	4	162	24	10
8450	2	66	13	4
8451	2	24	14	4
8452	4	126	24	7
8453	2	65	13	3
8454	2	16	13	3
8455	4	63	17	5
8456	2	87	14	5
8457	4	135	23	10
8458	2	129	19	7
8459	2	84	13	4
8460	2	66	11	3
8461	2	19	10	2
8462	2	41	14	4
8463	2	21	12	3
8464	2	132	17	6
8465	4	159	25	10
8466	2	150	19	7
8467	4	93	19	4
8468	4	132	21	9
8469	4	162	27	12
8470	2	19	10	2
8471	2	75	21	8
8472	2	21	12	3
8473	4	96	22	7
8474	2	174	25	10
8475	2	141	17	6
8476	2	19	10	2
8477	2	75	13	4
8478	2	22	12	3
8479	2	66	13	4
8480	2	69	27	11
8481	4	126	22	7
8482	4	63	18	7
8483	4	93	19	5
8484	2	168	19	7
8485	2	138	19	7
8486	2	33	7	2
8487	2	132	19	7
8488	2	65	13	3
8489	2	16	13	3
8490	4	126	24	7
8491	2	69	14	4
8492	2	192	23	9
8493	2	93	19	7
8494	4	132	22	7
8495	4	132	21	10
8496	2	108	15	5
8497	2	18	12	3
8498	2	22	13	3
8499	2	186	25	10
8500	2	84	15	5
8501	2	22	12	3
8502	2	66	14	3
8503	4	93	19	5
8504	4	126	21	9
8505	4	159	25	10
8506	4	141	23	10
8507	4	126	21	10
8508	2	14	12	3
8509	4	159	25	10
8510	2	81	13	4
8511	2	168	21	8
8512	2	75	17	6
8513	2	156	21	8
8514	4	135	24	11
8515	4	171	24	10
8516	4	168	28	12
8517	2	45	10	3
8518	2	75	15	5
8519	2	153	20	7
8520	2	111	16	5
8521	2	129	19	7
8522	2	126	15	5
8523	4	141	24	11
8524	2	180	25	10
8525	6	120	25	7
8526	4	93	20	5
8527	4	159	28	12
8528	2	111	13	4
8529	2	21	12	3
8530	4	162	24	10
8531	4	162	27	12
8532	4	126	26	7
8533	4	159	28	12
8534	2	51	13	4
8535	2	16	13	3
8536	2	57	19	7
8537	4	135	24	11
8538	2	66	10	2
8539	4	63	19	7
8540	2	126	17	6
8541	4	126	23	8
8542	2	22	13	3
8543	2	81	16	6
8544	4	159	28	12
8545	2	39	12	3
8546	2	66	13	4
8547	2	40	14	3
8548	2	39	13	3
8549	4	126	21	9
8550	2	19	12	3
8551	4	63	17	5
8552	4	126	24	8
8553	4	159	31	14
8554	2	23	13	4
8555	2	87	19	7
8556	4	168	25	10
8557	2	75	15	5
8558	4	126	24	7
8559	4	135	24	11
8560	4	171	24	10
8561	4	132	22	7
8562	2	40	13	3
8563	4	132	21	9
8564	2	16	14	3
8565	2	84	11	3
8566	4	159	25	10
8567	2	19	10	2
8568	2	17	11	3
8569	2	19	13	3
8570	6	120	28	9
8571	4	141	23	10
8572	2	156	19	7
8573	2	19	13	3
8574	2	81	17	6
8575	2	93	15	5
8576	2	17	14	4
8577	2	57	15	5
8578	4	132	22	8
8579	4	141	27	13
8580	4	162	24	10
8581	4	171	27	12
8582	4	168	28	12
8583	4	126	23	8
8584	4	159	25	10
8585	2	87	14	5
8586	4	162	27	12
8587	2	30	12	4
8588	4	93	20	4
8589	2	141	21	8
8590	2	42	15	4
8591	2	57	17	6
8592	2	174	21	8
8593	4	126	21	9
8594	2	37	11	2
8595	2	87	14	5
8596	2	21	12	3
8597	2	156	19	7
8598	2	102	15	5
8599	4	132	22	8
8600	4	141	23	11
8601	2	93	19	7
8602	2	66	13	4
8603	2	39	12	3
8604	2	18	15	4
8605	4	171	24	10
8606	4	126	21	9
8607	2	108	13	4
8608	2	21	14	4
8609	2	87	17	6
8610	2	16	10	2
8611	4	150	28	12
8612	2	114	17	6
8613	4	96	20	4
8614	4	141	24	11
8615	2	40	13	3
8616	4	171	27	12
8617	2	162	21	8
8618	2	69	15	5
8619	2	21	12	3
8620	2	162	19	7
8621	2	63	11	2
8622	2	168	23	9
8623	4	132	24	7
8624	2	174	25	10
8625	2	93	11	3
8626	2	42	15	4
8627	4	171	24	10
8628	2	132	15	5
8629	4	171	24	10
8630	4	162	27	12
8631	4	135	23	11
8632	2	21	14	4
8633	4	159	28	12
8634	4	132	20	9
8635	2	57	14	4
8636	2	22	13	3
8637	4	138	21	10
8638	4	138	21	9
8639	4	63	17	5
8640	4	126	21	9
8641	2	51	16	6
8642	4	63	19	7
8643	2	150	21	8
8644	4	132	22	10
8645	4	126	26	9
8646	4	171	24	10
8647	2	51	12	3
8648	2	18	12	3
8649	4	171	24	10
8650	2	19	13	3
8651	2	99	19	7
8652	4	159	31	14
8653	4	162	27	12
8654	2	51	8	2
8655	2	75	19	7
8656	4	93	20	5
8657	2	69	15	5
8658	4	141	26	11
8659	2	120	15	5
8660	2	22	13	3
8661	2	21	12	3
8662	4	135	23	11
8663	4	126	20	9
8664	2	93	15	5
8665	2	90	13	4
8666	2	19	13	3
8667	4	126	22	7
8668	2	21	10	2
8669	4	159	25	10
8670	4	132	24	7
8671	2	21	14	4
8672	2	19	12	3
8673	4	126	22	8
8674	2	45	14	4
8675	2	87	13	4
8676	4	162	24	10
8677	2	19	12	3
8678	2	20	11	3
8679	4	171	24	10
8680	2	23	13	4
8681	4	129	25	10
8682	2	69	14	4
8683	2	162	21	8
8684	2	66	14	3
8685	2	15	13	3
8686	4	126	22	7
8687	2	21	12	3
8688	2	75	11	3
8689	2	18	12	3
8690	4	96	21	6
8691	4	126	23	9
8692	4	132	21	10
8693	2	20	11	3
8694	2	14	11	2
8695	2	81	15	5
8696	2	51	13	4
8697	2	114	19	7
8698	2	33	7	2
8699	2	21	14	4
8700	6	126	29	10
8701	4	132	22	7
8702	2	40	13	3
8703	6	126	26	8
8704	2	102	16	6
8705	2	41	14	4
8706	2	153	16	5
8707	2	22	12	3
8708	2	66	12	3
8709	4	159	28	12
8710	2	18	12	3
8711	2	22	12	3
8712	4	141	22	10
8713	2	20	11	3
8714	2	156	21	8
8715	2	14	11	2
8716	2	33	7	2
8717	4	132	23	8
8718	2	60	13	4
8719	4	126	22	7
8720	4	168	31	14
8721	4	96	19	5
8722	2	18	15	4
8723	2	16	13	3
8724	2	16	13	3
8725	4	126	24	7
8726	2	144	20	7
8727	4	168	25	10
8728	4	159	25	10
8729	4	102	21	6
8730	2	39	13	3
8731	2	105	18	6
8732	4	171	24	10
8733	2	21	12	3
8734	2	75	15	5
8735	4	102	19	5
8736	2	174	21	8
8737	2	132	19	7
8738	2	21	12	3
8739	2	132	17	6
8740	2	21	11	3
8741	4	126	21	9
8742	2	126	15	5
8743	2	22	12	3
8744	2	126	17	6
8745	2	15	13	3
8746	2	39	13	3
8747	2	84	14	5
8748	4	171	24	10
8749	2	192	23	9
8750	2	16	13	3
8751	4	126	21	10
8752	2	16	13	3
8753	2	24	14	4
8754	4	93	19	4
8755	2	63	27	11
8756	2	21	12	3
8757	2	102	15	5
8758	4	159	25	10
8759	4	96	20	4
8760	2	19	10	2
8761	2	117	20	8
8762	2	123	19	7
8763	2	65	13	3
8764	2	21	12	3
8765	2	117	15	5
8766	2	75	23	9
8767	2	21	14	4
8768	4	93	19	4
8769	2	132	19	7
8770	2	174	21	8
8771	4	135	24	11
8772	2	21	14	4
8773	2	41	14	4
8774	2	19	13	3
8775	2	66	14	3
8776	2	51	12	4
8777	2	84	11	3
8778	4	126	23	8
8779	2	33	8	2
8780	2	102	13	4
8781	2	22	13	3
8782	2	51	10	3
8783	2	18	12	3
8784	2	39	13	3
8785	4	141	21	9
8786	2	99	11	3
8787	2	22	13	3
8788	4	168	25	10
8789	2	20	13	4
8790	2	16	13	3
8791	2	26	12	3
8792	2	108	13	4
8793	2	81	17	6
8794	2	22	12	3
8795	2	22	12	3
8796	2	93	11	3
8797	2	16	13	3
8798	4	177	28	12
8799	2	40	13	3
8800	4	126	21	9
8801	2	69	15	5
8802	4	126	24	8
8803	2	69	17	6
8804	4	132	22	8
8805	2	16	13	3
8806	4	168	31	14
8807	2	45	12	3
8808	2	81	18	6
8809	2	21	14	4
8810	4	126	24	7
8811	2	96	15	5
8812	2	87	19	7
8813	2	18	15	4
8814	2	21	12	3
8815	2	40	13	3
8816	2	75	13	4
8817	2	22	13	3
8818	2	18	12	3
8819	2	87	15	5
8820	2	38	11	2
8821	2	19	10	2
8822	2	42	15	4
8823	2	69	13	4
8824	4	126	24	7
8825	2	19	13	3
8826	2	22	13	3
8827	4	180	27	12
8828	4	126	22	7
8829	4	126	21	9
8830	2	90	11	3
8831	2	22	12	3
8832	2	40	13	3
8833	2	17	11	3
8834	2	21	11	3
8835	4	162	27	12
8836	2	150	15	5
8837	4	168	25	10
8838	2	192	23	9
8839	2	87	15	5
8840	4	135	23	11
8841	2	40	13	3
8842	4	171	27	12
8843	2	111	17	6
8844	2	21	12	3
8845	4	171	24	10
8846	4	141	21	9
8847	2	16	13	3
8848	4	171	27	12
8849	4	162	27	12
8850	2	174	23	9
8851	2	87	23	9
8852	2	75	13	4
8853	2	40	14	3
8854	2	81	13	4
8855	6	126	26	8
8856	2	66	14	3
8857	2	51	8	2
8858	4	168	25	10
8859	2	66	13	4
8860	2	69	15	5
8861	2	132	15	5
8862	2	99	13	4
8863	4	135	24	11
8864	4	132	21	9
8865	4	159	25	10
8866	2	93	21	8
8867	4	135	23	10
8868	2	65	13	3
8869	2	18	15	4
8870	4	126	22	7
8871	2	123	21	8
8872	2	120	13	4
8873	4	126	24	7
8874	2	78	13	4
8875	2	71	17	6
8876	4	132	21	7
8877	2	21	11	3
8878	4	135	24	11
8879	4	132	22	8
8880	4	141	24	11
8881	4	102	19	5
8882	2	75	19	7
8883	2	168	23	9
8884	2	63	15	5
8885	2	192	21	8
8886	2	57	10	3
8887	4	126	25	8
8888	4	159	28	12
8889	4	126	21	9
8890	4	171	24	10
8891	4	120	21	10
8892	2	19	13	3
8893	4	120	22	9
8894	2	150	23	9
8895	4	135	22	10
8896	4	126	24	8
8897	4	162	24	10
8898	4	159	25	10
8899	6	114	27	9
8900	2	21	12	3
8901	2	57	10	3
8902	2	123	21	8
8903	2	87	15	5
8904	2	24	14	4
8905	4	126	21	9
8906	2	105	16	5
8907	4	171	24	10
8908	6	120	25	7
8909	6	120	27	9
8910	2	102	13	4
8911	2	96	17	6
8912	4	159	28	12
8913	2	22	12	3
8914	2	105	19	7
8915	2	111	16	6
8916	4	132	22	8
8917	4	150	28	12
8918	4	126	21	9
8919	2	108	17	6
8920	2	57	8	2
8921	4	159	25	10
8922	2	40	13	3
8923	2	150	19	7
8924	6	126	28	9
8925	2	51	11	3
8926	2	18	11	3
8927	4	93	19	4
8928	4	135	24	12
8929	2	96	15	5
8930	4	135	23	10
8931	4	126	21	9
8932	4	132	22	7
8933	2	66	14	3
8934	2	78	13	4
8935	4	159	25	10
8936	2	18	11	3
8937	2	63	19	7
8938	2	41	14	4
8939	2	102	13	4
8940	4	168	25	10
8941	2	117	21	8
8942	4	96	20	5
8943	2	16	14	3
8944	4	126	22	8
8945	6	126	25	7
8946	2	126	17	6
8947	4	159	25	10
8948	2	81	13	4
8949	4	168	28	12
8950	4	126	22	8
8951	4	162	27	12
8952	4	102	22	7
8953	2	39	12	3
8954	4	126	24	7
8955	4	141	22	10
8956	2	18	15	4
8957	2	18	11	3
8958	4	135	23	10
8959	2	15	13	3
8960	4	150	28	12
8961	4	168	28	12
8962	2	65	13	3
8963	2	39	13	3
8964	2	57	17	6
8965	2	40	14	3
8966	2	39	13	3
8967	2	38	12	3
8968	2	66	14	3
8969	4	171	24	10
8970	4	90	21	6
8971	4	90	20	4
8972	4	141	23	11
8973	2	156	19	7
8974	2	30	7	2
8975	4	132	21	10
8976	4	99	21	6
8977	4	159	31	14
8978	2	24	14	4
8979	4	132	21	9
8980	2	126	15	5
8981	4	126	24	7
8982	2	33	7	2
8983	4	126	21	10
8984	4	159	25	10
8985	2	75	23	9
8986	4	132	24	7
8987	2	21	12	3
8988	2	21	12	3
8989	2	57	8	2
8990	2	81	14	5
8991	2	73	19	7
8992	2	66	11	3
8993	2	18	15	4
8994	2	24	14	4
8995	4	132	21	9
8996	2	162	19	7
8997	2	93	19	7
8998	2	102	13	4
8999	2	15	13	3
9000	4	138	24	7
9001	2	81	16	6
9002	2	20	13	4
9003	4	171	27	12
9004	2	156	21	8
9005	4	129	24	11
9006	2	66	10	2
9007	2	69	18	6
9008	2	135	18	6
9009	4	126	24	7
9010	4	141	23	10
9011	2	42	15	4
9012	2	45	12	4
9013	2	192	27	11
9014	2	99	19	7
9015	4	126	22	7
9016	2	102	15	5
9017	2	84	13	4
9018	2	60	13	4
9019	2	21	14	4
9020	2	39	13	3
9021	2	22	13	3
9022	2	18	12	3
9023	4	150	25	10
9024	4	96	19	5
9025	4	93	20	5
9026	4	120	24	7
9027	2	75	15	5
9028	4	132	22	10
9029	2	39	13	3
9030	2	111	18	6
9031	2	20	13	4
9032	2	66	10	2
9033	2	108	16	6
9034	2	22	13	3
9035	2	99	14	4
9036	2	20	10	2
9037	2	120	17	6
9038	2	21	14	4
9039	2	180	23	9
9040	4	138	20	9
9041	2	13	11	2
9042	2	20	11	3
9043	2	120	13	4
9044	4	120	22	7
9045	4	162	24	10
9046	2	69	14	5
9047	4	159	25	10
9048	2	57	17	6
9049	2	57	8	2
9050	4	93	19	5
9051	4	96	21	6
9052	2	78	13	4
9053	2	99	31	13
9054	4	141	23	9
9055	2	81	13	4
9056	2	57	13	4
9057	2	81	13	4
9058	2	75	21	8
9059	4	126	21	9
9060	2	57	15	5
9061	4	168	25	10
9062	2	19	10	2
9063	4	147	22	10
9064	4	126	21	10
9065	2	21	12	3
9066	4	168	25	10
9067	2	15	13	3
9068	2	150	21	8
9069	2	18	15	4
9070	2	22	13	3
9071	6	120	25	7
9072	2	75	23	9
9073	2	81	11	3
9074	2	20	11	3
9075	2	39	13	3
9076	2	66	12	3
9077	2	147	21	8
9078	2	51	10	3
9079	4	132	24	8
9080	4	141	24	11
9081	6	126	25	7
9082	2	21	10	2
9083	2	93	15	5
9084	2	18	15	4
9085	2	39	13	3
9086	4	126	24	7
9087	2	17	14	4
9088	2	120	17	6
9089	4	162	27	12
9090	4	126	21	10
9091	4	102	19	5
9092	4	147	22	10
9093	2	114	13	4
9094	2	102	13	4
9095	4	132	21	9
9096	2	24	14	4
9097	2	99	19	7
9098	4	177	28	12
9099	2	57	11	3
9100	2	156	21	8
9101	4	132	22	8
9102	2	93	19	7
9103	2	99	17	6
9104	4	138	22	8
9105	2	75	21	8
9106	4	132	21	9
9107	2	39	13	3
9108	4	132	24	7
9109	4	162	24	10
9110	4	159	28	12
9111	2	39	12	3
9112	2	21	11	3
9113	4	96	21	6
9114	4	135	24	11
9115	2	84	13	4
9116	2	21	14	4
9117	2	81	13	4
9118	2	15	12	3
9119	2	22	13	3
9120	2	18	12	3
9121	2	18	11	3
9122	2	150	17	6
9123	4	126	22	7
9124	2	21	12	3
9125	2	16	14	3
9126	2	19	12	3
9127	2	150	21	8
9128	4	141	26	11
9129	2	19	13	3
9130	2	186	21	8
9131	2	40	14	3
9132	4	126	22	10
9133	4	135	25	12
9134	4	162	27	12
9135	2	57	8	2
9136	2	42	15	4
9137	4	99	19	5
9138	2	19	12	3
9139	2	93	19	7
9140	4	141	22	10
9141	2	66	13	4
9142	2	66	10	2
9143	2	66	10	2
9144	2	51	8	2
9145	2	51	12	4
9146	2	102	13	4
9147	2	108	17	6
9148	4	132	24	7
9149	2	33	10	5
9150	4	150	28	12
9151	4	126	23	8
9152	2	174	23	9
9153	2	138	17	6
9154	4	87	21	6
9155	6	120	25	7
9156	4	126	23	8
9157	2	117	19	7
9158	2	42	15	4
9159	4	126	24	7
9160	2	78	13	4
9161	2	114	15	5
9162	2	40	13	3
9163	2	114	15	5
9164	4	150	25	10
9165	2	18	12	3
9166	2	66	11	3
9167	2	51	8	2
9168	2	65	13	3
9169	2	87	15	5
9170	2	39	12	3
9171	2	120	19	7
9172	2	51	12	4
9173	2	144	19	7
9174	2	18	11	3
9175	2	75	13	4
9176	2	18	15	4
9177	2	66	13	4
9178	2	87	15	5
9179	2	18	12	3
9180	2	24	14	4
9181	4	171	27	12
9182	2	174	21	8
9183	4	126	24	7
9184	4	162	24	10
9185	2	153	21	8
9186	2	63	15	5
9187	2	84	15	5
9188	2	39	12	3
9189	2	19	12	3
9190	4	132	21	9
9191	2	38	12	3
9192	2	51	10	3
9193	4	162	27	12
9194	4	132	22	7
9195	2	174	25	10
9196	2	132	19	7
9197	2	99	17	6
9198	2	168	22	9
9199	4	126	21	9
9200	2	42	15	4
9201	2	66	13	4
9202	4	159	28	12
9203	4	102	19	5
9204	2	21	10	2
9205	2	168	19	7
9206	2	23	11	3
9207	2	75	17	6
9208	2	87	27	11
9209	4	141	24	11
9210	2	156	17	6
9211	6	120	26	8
9212	2	63	17	6
9213	2	14	12	3
9214	2	87	17	6
9215	6	126	27	8
9216	6	120	27	8
9217	2	17	11	3
9218	2	153	19	7
9219	4	138	22	8
9220	4	162	24	10
9221	2	81	13	4
9222	2	162	21	8
9223	2	19	12	3
9224	4	126	21	7
9225	4	96	21	6
9226	4	171	24	10
9227	2	75	16	6
9228	2	150	17	6
9229	2	15	12	3
9230	2	84	11	3
9231	4	132	22	8
9232	4	129	23	10
9233	2	22	12	3
9234	4	132	21	10
9235	2	66	14	3
9236	4	141	23	10
9237	2	84	11	3
9238	2	57	8	2
9239	4	162	24	10
9240	2	87	21	8
9241	2	22	13	3
9242	2	75	15	5
9243	2	18	12	3
9244	4	168	28	12
9245	2	51	8	2
9246	4	168	28	12
9247	2	129	19	7
9248	4	159	25	10
9249	6	120	25	7
9250	4	135	23	10
9251	2	38	11	2
9252	2	102	15	5
9253	2	51	8	2
9254	2	180	19	7
9255	2	120	17	6
9256	2	64	12	3
9257	2	186	23	9
9258	2	65	13	3
9259	2	39	13	3
9260	2	40	13	3
9261	2	33	9	4
9262	4	162	27	12
9263	4	126	21	9
9264	2	156	19	7
9265	2	15	12	3
9266	4	168	25	10
9267	2	138	19	7
9268	4	126	25	7
9269	4	132	22	8
9270	2	42	15	4
9271	2	144	17	6
9272	4	99	19	5
9273	2	87	16	6
9274	4	159	25	10
9275	4	180	24	10
9276	2	66	13	4
9277	2	75	19	7
9278	2	21	12	3
9279	4	96	20	5
9280	2	39	13	3
9281	2	16	13	3
9282	4	126	24	7
9283	2	19	12	3
9284	4	126	24	8
9285	2	120	15	5
9286	4	135	24	11
9287	4	150	25	10
9288	2	87	19	7
9289	2	84	15	5
9290	2	21	14	4
9291	2	120	15	5
9292	2	20	13	4
9293	2	42	15	4
9294	4	126	22	7
9295	2	78	11	3
9296	2	16	14	3
9297	2	65	13	3
9298	2	117	15	5
9299	2	16	14	3
9300	2	69	15	5
9301	4	126	21	10
9302	2	20	13	4
9303	2	15	13	3
9304	2	66	14	3
9305	2	40	14	3
9306	2	22	13	3
9307	2	156	19	7
9308	4	141	22	10
9309	2	138	17	6
9310	2	114	17	6
9311	2	63	15	5
9312	2	69	12	4
9313	6	120	27	9
9314	4	171	27	12
9315	2	93	13	4
9316	2	15	13	3
9317	6	120	30	10
9318	4	132	23	9
9319	2	129	17	6
9320	4	132	24	7
9321	2	99	15	5
9322	4	93	20	4
9323	2	19	13	3
9324	2	33	10	5
9325	4	132	21	9
9326	2	39	13	3
9327	4	96	21	6
9328	4	168	28	12
9329	2	18	15	4
9330	4	171	24	10
9331	2	20	10	2
9332	4	141	24	11
9333	2	114	15	5
9334	4	132	24	7
9335	2	32	7	2
9336	4	135	22	10
9337	2	39	13	3
9338	4	87	20	5
9339	4	132	22	7
9340	4	132	23	8
9341	2	22	13	3
9342	4	162	24	10
9343	2	64	12	3
9344	4	162	24	10
9345	4	159	28	12
9346	4	57	16	5
9347	4	135	23	10
9348	2	30	7	2
9349	4	126	24	7
9350	2	186	23	9
9351	2	17	14	4
9352	4	129	23	11
9353	2	16	13	3
9354	2	87	15	5
9355	4	147	24	11
9356	4	126	22	7
9357	2	186	24	10
9358	4	126	21	9
9359	4	171	24	10
9360	4	141	23	11
9361	2	42	15	4
9362	2	77	15	5
9363	2	57	13	4
9364	4	126	22	7
9365	2	63	15	5
9366	2	21	12	3
9367	2	24	14	4
9368	4	132	21	9
9369	2	16	10	2
9370	4	126	21	9
9371	4	132	24	7
9372	2	84	17	6
9373	6	126	26	8
9374	2	117	15	5
9375	4	135	24	11
9376	4	87	19	4
9377	4	135	22	10
9378	2	65	13	3
9379	2	21	12	3
9380	2	138	17	6
9381	4	135	22	10
9382	2	102	17	6
9383	2	40	13	3
9384	2	75	15	5
9385	4	153	24	10
9386	2	18	12	3
9387	2	186	23	9
9388	4	96	19	5
9389	2	42	15	4
9390	4	120	22	8
9391	4	60	18	5
9392	2	18	12	3
9393	2	111	18	7
9394	2	102	15	5
9395	2	120	15	5
9396	2	180	23	9
9397	2	51	12	4
9398	2	186	25	10
9399	2	87	13	4
9400	4	126	22	10
9401	4	135	23	10
9402	4	126	24	7
9403	2	30	12	4
9404	4	135	22	10
9405	4	135	23	10
9406	2	16	13	3
9407	2	21	14	4
9408	4	141	23	11
9409	4	135	23	10
9410	2	120	17	6
9411	2	15	13	3
9412	2	51	12	4
9413	2	21	12	3
9414	2	30	12	4
9415	6	120	27	9
9416	2	138	17	6
9417	2	21	10	2
9418	4	162	24	10
9419	2	81	23	9
9420	4	132	24	8
9421	2	99	18	7
9422	4	132	22	7
9423	2	18	12	3
9424	4	102	21	6
9425	4	57	16	5
9426	2	180	23	9
9427	2	120	17	6
9428	2	15	13	3
9429	4	132	21	10
9430	6	120	26	8
9431	2	77	17	6
9432	4	132	22	10
9433	4	60	18	5
9434	2	81	13	4
9435	4	141	26	11
9436	2	18	11	3
9437	2	39	13	3
9438	4	63	19	7
9439	4	141	23	10
9440	4	126	22	7
9441	4	132	24	7
9442	2	33	9	4
9443	4	132	21	9
9444	4	126	24	7
9445	2	57	13	4
9446	2	42	15	4
9447	2	168	23	9
9448	2	20	11	3
9449	4	135	24	11
9450	2	168	21	8
9451	2	150	19	7
9452	4	126	22	8
9453	2	39	13	4
9454	2	84	13	4
9455	2	126	15	5
9456	2	87	15	5
9457	2	120	18	7
9458	4	96	21	6
9459	2	99	27	11
9460	2	21	10	2
9461	2	63	21	8
9462	4	171	27	12
9463	4	162	24	10
9464	2	19	10	2
9465	2	18	12	3
9466	2	60	13	4
9467	2	36	11	2
9468	4	126	22	8
9469	4	96	21	6
9470	4	126	21	9
9471	2	21	14	4
9472	2	14	11	2
9473	4	126	21	9
9474	2	117	18	7
9475	2	18	12	3
9476	2	120	15	5
9477	2	75	17	6
9478	2	21	11	3
9479	2	132	19	7
9480	2	114	15	5
9481	4	132	21	10
9482	2	42	15	4
9483	2	16	13	3
9484	2	21	14	4
9485	2	21	14	4
9486	4	132	25	8
9487	2	75	17	6
9488	2	15	12	3
9489	2	93	16	5
9490	2	138	19	7
9491	2	120	17	6
9492	2	192	21	8
9493	2	22	13	3
9494	2	24	14	4
9495	2	18	15	4
9496	2	16	13	3
9497	2	65	13	3
9498	4	126	22	10
9499	4	141	23	10
9500	4	132	24	7
9501	6	126	25	7
9502	2	186	25	10
9503	2	75	13	4
9504	2	144	15	5
9505	4	96	20	4
9506	4	159	25	10
9507	2	41	14	4
9508	4	126	22	8
9509	2	69	15	5
9510	2	69	13	4
9511	2	162	19	7
9512	2	32	7	2
9513	4	135	23	11
9514	4	60	18	5
9515	4	132	24	7
9516	2	21	12	3
9517	2	69	17	6
9518	2	65	13	3
9519	2	168	19	7
9520	6	120	28	9
9521	2	132	19	7
9522	2	14	12	3
9523	2	41	14	4
9524	2	51	13	4
9525	6	126	28	9
9526	4	132	22	8
9527	4	132	22	7
9528	4	162	24	10
9529	2	21	12	3
9530	4	162	24	10
9531	2	168	21	8
9532	2	51	10	3
9533	4	168	28	12
9534	2	156	21	8
9535	2	81	15	5
9536	2	81	15	5
9537	2	81	11	3
9538	2	81	15	5
9539	6	120	27	8
9540	2	18	12	3
9541	2	15	13	3
9542	2	18	15	4
9543	4	171	24	10
9544	2	174	21	8
9545	4	96	19	4
9546	2	186	25	10
9547	2	18	15	4
9548	2	65	13	3
9549	2	162	19	7
9550	2	21	11	3
9551	2	81	15	5
9552	2	75	15	5
9553	2	75	17	6
9554	4	162	24	10
9555	2	15	13	3
9556	4	168	25	10
9557	4	162	27	12
9558	4	126	22	7
9559	4	126	24	7
9560	4	135	23	10
9561	2	99	15	5
9562	2	18	12	3
9563	2	20	11	3
9564	4	171	24	10
9565	2	65	12	4
9566	2	40	14	3
9567	2	111	20	7
9568	4	93	19	4
9569	2	84	11	3
9570	2	132	19	7
9571	2	192	25	10
9572	2	18	12	3
9573	2	15	13	3
9574	4	96	19	5
9575	2	108	17	6
9576	2	42	15	4
9577	4	171	27	12
9578	4	132	21	10
9579	2	40	13	3
9580	4	126	25	8
9581	6	120	27	8
9582	2	117	19	7
9583	2	18	12	3
9584	2	45	8	2
9585	2	99	15	5
9586	2	63	15	5
9587	2	69	13	4
9588	2	129	17	6
9589	2	22	12	3
9590	4	171	27	12
9591	2	66	13	4
9592	2	16	13	3
9593	4	141	26	12
9594	4	126	22	8
9595	4	132	25	8
9596	2	81	13	4
9597	2	150	19	7
9598	2	51	12	4
9599	4	126	21	10
9600	2	17	14	4
9601	2	132	15	5
9602	4	126	22	7
9603	2	105	17	6
9604	2	186	25	10
9605	4	153	30	14
9606	2	132	15	5
9607	2	129	19	7
9608	2	19	12	3
9609	2	73	17	6
9610	2	16	14	3
9611	4	120	21	9
9612	4	132	24	7
9613	4	93	19	4
9614	2	99	17	6
9615	2	66	14	3
9616	2	198	19	7
9617	4	102	19	5
9618	2	65	13	3
9619	2	64	12	3
9620	2	22	13	3
9621	2	40	14	3
9622	4	126	22	7
9623	2	30	7	2
9624	2	39	12	4
9625	4	132	24	7
9626	2	18	12	3
9627	2	96	13	4
9628	4	126	22	10
9629	2	93	21	8
9630	2	39	13	3
9631	2	22	12	3
9632	2	18	12	3
9633	2	129	18	7
9634	2	81	15	5
9635	4	132	22	8
9636	2	78	11	3
9637	2	153	20	7
9638	4	132	21	9
9639	4	126	24	7
9640	4	126	22	7
9641	2	51	17	6
9642	2	23	11	3
9643	2	51	15	5
9644	2	21	11	3
9645	2	21	11	3
9646	4	126	24	7
9647	2	147	21	8
9648	4	96	19	4
9649	4	162	27	12
9650	2	132	17	6
9651	2	18	12	3
9652	2	73	19	7
9653	2	186	21	8
9654	2	63	12	4
9655	2	65	13	3
9656	4	168	25	10
9657	4	180	27	12
9658	4	135	24	11
9659	2	57	15	5
9660	2	162	19	7
9661	2	84	14	5
9662	6	120	27	8
9663	6	126	29	10
9664	4	141	24	11
9665	2	64	12	3
9666	4	63	17	5
9667	2	180	19	7
9668	2	153	20	7
9669	4	132	22	7
9670	2	120	15	5
9671	4	171	24	10
9672	2	22	13	3
9673	4	180	27	12
9674	4	171	24	10
9675	2	84	11	3
9676	2	15	13	3
9677	4	138	22	7
9678	2	18	12	3
9679	4	162	24	10
9680	2	120	17	6
9681	2	30	12	4
9682	2	51	13	4
9683	4	162	24	10
9684	2	41	14	4
9685	2	18	12	3
9686	2	180	25	10
9687	2	93	19	7
9688	2	20	11	3
9689	4	126	24	8
9690	2	81	19	7
9691	4	141	24	11
9692	2	138	17	6
9693	4	132	21	9
9694	4	126	21	9
9695	4	102	19	5
9696	6	132	25	7
9697	2	19	13	3
9698	2	87	18	7
9699	4	60	18	5
9700	2	120	13	4
9701	4	126	22	8
9702	4	93	20	5
9703	4	159	28	12
9704	2	114	15	5
9705	4	159	28	12
9706	4	93	20	5
9707	4	171	24	10
9708	4	87	19	4
9709	2	21	12	3
9710	2	138	19	7
9711	2	102	17	6
9712	4	102	21	6
9713	4	126	22	7
9714	2	22	13	3
9715	4	135	23	11
9716	2	75	19	7
9717	2	21	11	3
9718	2	22	12	3
9719	4	180	24	10
9720	2	162	19	7
9721	4	171	24	10
9722	2	174	21	8
9723	2	84	11	3
9724	2	129	18	6
9725	4	135	23	10
9726	2	144	21	8
9727	2	99	19	7
9728	2	18	12	3
9729	2	87	13	4
9730	2	71	15	5
9731	2	156	17	6
9732	2	123	18	6
9733	4	102	19	5
9734	4	132	21	10
9735	2	129	19	7
9736	4	171	24	10
9737	4	171	27	12
9738	6	126	25	7
9739	2	17	14	4
9740	2	75	13	4
9741	2	150	19	7
9742	2	63	15	5
9743	4	126	22	7
9744	2	40	14	3
9745	2	78	11	3
9746	4	141	24	11
9747	6	120	27	9
9748	2	16	13	3
9749	4	126	21	10
9750	2	138	17	6
9751	4	126	22	7
9752	4	126	25	8
9753	2	42	15	4
9754	4	102	22	7
9755	4	129	23	10
9756	2	117	15	5
9757	2	81	13	4
9758	2	21	14	4
9759	4	126	21	9
9760	2	21	11	3
9761	2	144	19	7
9762	2	16	13	3
9763	4	141	23	10
9764	2	132	19	7
9765	2	75	17	6
9766	2	51	13	4
9767	4	63	19	7
9768	2	45	12	4
9769	4	132	22	7
9770	4	162	24	10
9771	4	162	24	10
9772	2	69	12	4
9773	2	81	15	5
9774	6	126	29	10
9775	2	66	11	3
9776	2	57	8	2
9777	2	105	16	6
9778	6	126	29	10
9779	4	126	22	8
9780	2	39	12	3
9781	2	75	31	13
9782	4	132	21	10
9783	4	132	25	8
9784	2	16	14	3
9785	2	186	25	10
9786	2	120	19	7
9787	2	132	17	6
9788	2	69	16	6
9789	2	84	11	3
9790	2	51	8	2
9791	4	162	27	12
9792	2	65	13	3
9793	2	162	23	9
9794	2	87	15	5
9795	2	17	10	2
9796	2	81	13	4
9797	2	18	15	4
9798	2	87	19	7
9799	4	159	25	10
9800	4	126	22	8
9801	2	17	10	2
9802	2	99	14	5
9803	2	114	17	6
9804	2	93	17	6
9805	2	96	13	4
9806	6	114	27	9
9807	4	96	21	6
9808	2	174	23	9
9809	2	114	13	4
9810	4	159	28	12
9811	4	126	21	10
9812	4	126	22	7
9813	2	81	15	5
9814	2	51	10	3
9815	2	180	21	8
9816	2	19	10	2
9817	2	22	13	3
9818	2	75	17	6
9819	2	99	21	8
9820	2	21	12	3
9821	2	42	15	4
9822	4	162	24	10
9823	2	22	12	3
9824	2	21	14	4
9825	4	135	21	9
9826	4	168	28	12
9827	2	105	20	7
9828	4	102	19	5
9829	2	192	25	10
9830	2	69	15	5
9831	2	153	17	6
9832	2	120	15	5
9833	2	84	15	5
9834	2	16	13	3
9835	2	87	16	5
9836	4	126	22	8
9837	2	162	19	7
9838	4	126	22	7
9839	4	132	21	9
9840	2	114	16	6
9841	2	17	11	3
9842	4	126	23	9
9843	2	96	15	5
9844	2	19	13	3
9845	2	37	11	2
9846	2	15	12	3
9847	2	156	19	7
9848	2	18	11	3
9849	2	84	11	3
9850	4	132	21	10
9851	4	159	25	10
9852	4	132	22	7
9853	2	156	21	8
9854	4	63	18	7
9855	2	66	10	2
9856	2	51	10	3
9857	4	93	21	6
9858	4	96	20	6
9859	4	126	21	9
9860	2	129	19	7
9861	4	120	24	7
9862	2	42	15	4
9863	4	132	21	9
9864	2	18	11	3
9865	4	99	19	5
9866	2	156	21	8
9867	2	51	13	4
9868	2	17	11	3
9869	4	162	24	10
9870	2	22	12	3
9871	2	19	13	3
9872	2	21	12	3
9873	2	65	13	3
9874	2	16	14	3
9875	2	174	21	8
9876	4	126	24	7
9877	2	40	14	3
9878	4	126	21	9
9879	2	65	13	3
9880	2	63	15	5
9881	2	33	7	2
9882	2	147	17	6
9883	2	75	13	4
9884	2	66	13	4
9885	2	21	12	3
9886	2	21	14	4
9887	2	33	9	4
9888	2	36	11	2
9889	4	168	25	10
9890	2	57	15	5
9891	4	171	24	10
9892	4	135	24	11
9893	2	33	10	5
9894	2	174	23	9
9895	2	22	13	3
9896	2	81	13	4
9897	2	16	10	2
9898	2	16	14	3
9899	2	14	12	3
9900	4	126	26	7
9901	2	69	13	4
9902	2	75	15	5
9903	4	126	21	9
9904	4	168	25	10
9905	4	96	21	6
9906	2	16	14	3
9907	2	126	15	5
9908	2	21	12	3
9909	4	135	24	12
9910	2	75	15	5
9911	2	156	17	6
9912	4	171	30	14
9913	4	171	24	10
9914	2	65	13	3
9915	4	87	20	4
9916	2	19	12	3
9917	2	21	14	4
9918	2	126	17	6
9919	2	24	14	4
9920	2	24	14	4
9921	4	126	23	8
9922	2	129	23	9
9923	2	84	15	5
9924	2	16	14	3
9925	2	120	15	5
9926	4	126	24	7
9927	4	159	25	10
9928	2	111	16	5
9929	2	40	13	3
9930	2	22	13	3
9931	6	126	29	10
9932	2	66	10	4
9933	2	15	13	3
9934	2	87	17	6
9935	2	23	13	4
9936	2	18	12	3
9937	2	141	19	7
9938	2	24	14	4
9939	4	141	24	11
9940	2	120	15	5
9941	2	15	13	3
9942	2	30	12	4
9943	4	120	21	10
9944	2	57	15	5
9945	2	138	19	7
9946	2	126	16	6
9947	4	159	25	10
9948	2	117	18	7
9949	4	126	24	8
9950	2	93	15	5
9951	2	23	13	4
9952	2	22	13	3
9953	2	123	18	6
9954	2	186	23	9
9955	2	192	23	9
9956	2	117	19	7
9957	2	51	8	2
9958	2	120	17	6
9959	2	69	13	4
9960	2	168	21	8
9961	4	162	24	10
9962	2	18	12	3
9963	2	20	13	4
9964	2	120	17	6
9965	2	186	25	10
9966	4	126	21	9
9967	4	141	24	11
9968	4	129	23	11
9969	2	102	15	5
9970	4	126	24	8
9971	2	117	20	8
9972	4	135	23	11
9973	2	20	13	4
9974	2	84	11	3
9975	4	126	21	9
9976	2	99	16	5
9977	4	168	28	12
9978	2	22	13	3
9979	2	102	13	4
9980	2	17	11	3
9981	4	93	20	5
9982	4	132	22	8
9983	2	156	19	7
9984	4	99	21	6
9985	2	120	15	5
9986	2	45	12	3
9987	4	126	24	7
9988	4	168	25	10
9989	2	39	13	3
9990	2	21	11	3
9991	2	18	15	4
9992	2	81	17	6
9993	2	20	13	4
9994	4	126	25	8
9995	4	135	23	11
9996	2	96	15	5
9997	2	129	20	7
9998	4	126	21	10
9999	2	21	12	3
10000	2	40	13	3
10001	4	153	24	10
10002	2	21	11	3
10003	4	171	27	12
10004	2	20	13	4
10005	4	132	23	10
10006	2	66	14	3
10007	4	135	24	11
10008	4	126	24	7
10009	2	65	13	3
10010	2	66	13	4
10011	2	87	12	4
10012	2	132	19	7
10013	4	141	24	11
10014	2	96	15	5
10015	2	63	13	4
10016	2	16	13	3
10017	6	120	27	9
10018	2	150	19	7
10019	4	132	22	7
10020	2	21	12	3
10021	2	102	15	5
10022	2	30	12	4
10023	2	123	19	7
10024	2	65	13	3
10025	2	39	13	3
10026	2	21	14	4
10027	4	132	22	8
10028	2	45	13	4
10029	2	81	15	5
10030	4	102	19	5
10031	2	21	11	3
10032	2	15	13	3
10033	4	159	28	12
10034	2	156	20	7
10035	2	111	22	8
10036	4	126	23	8
10037	2	123	21	8
10038	2	180	19	7
10039	4	141	24	11
10040	6	126	26	8
10041	4	60	18	5
10042	2	102	15	5
10043	2	16	10	2
10044	2	15	12	3
10045	4	132	21	9
10046	2	75	17	6
10047	2	117	18	6
10048	4	135	25	11
10049	2	168	21	8
10050	2	18	11	3
10051	4	159	31	14
10052	2	40	14	3
10053	6	126	27	8
10054	2	66	10	2
10055	2	156	21	8
10056	4	126	22	10
10057	2	75	13	4
10058	2	78	13	4
10059	4	126	24	7
10060	2	81	13	4
10061	2	102	14	5
10062	2	21	14	4
10063	4	171	27	12
10064	2	66	13	4
10065	2	66	13	4
10066	2	174	19	7
10067	2	66	12	3
10068	2	132	17	6
10069	2	66	13	4
10070	4	126	24	7
10071	2	21	12	3
10072	2	66	13	4
10073	4	159	28	12
10074	2	99	13	4
10075	4	126	25	7
10076	2	192	26	10
10077	2	19	12	3
10078	4	168	28	12
10079	4	162	24	10
10080	4	126	21	9
10081	6	126	27	9
10082	4	120	24	8
10083	2	18	12	3
10084	4	141	23	10
10085	2	138	17	6
10086	2	38	11	2
10087	2	41	14	4
10088	2	75	17	6
10089	2	66	11	3
10090	2	135	21	8
10091	2	120	17	6
10092	2	81	17	6
10093	2	120	17	6
10094	4	126	21	9
10095	6	120	27	8
10096	2	17	11	3
10097	4	90	22	6
10098	4	96	21	6
10099	2	16	14	3
10100	2	66	13	4
10101	2	22	12	3
10102	6	114	26	8
10103	2	15	12	3
10104	4	141	24	11
10105	2	93	19	7
10106	2	87	14	5
10107	4	138	24	7
10108	2	102	14	5
10109	2	99	19	7
10110	2	150	21	8
10111	2	105	18	7
10112	2	174	23	9
10113	2	19	12	3
10114	2	22	13	3
10115	4	96	19	5
10116	4	96	22	7
10117	2	135	15	5
10118	2	123	19	7
10119	4	132	21	9
10120	2	21	12	3
10121	2	180	21	8
10122	2	66	14	3
10123	2	120	15	5
10124	2	114	19	7
10125	2	20	13	4
10126	2	18	12	3
10127	2	39	12	3
10128	2	84	11	3
10129	4	126	24	7
10130	6	126	25	7
10131	2	138	17	6
10132	6	126	27	9
10133	2	39	13	3
10134	2	87	15	5
10135	2	84	15	5
10136	4	126	25	8
10137	6	120	26	8
10138	4	126	21	10
10139	2	66	10	4
10140	4	93	20	4
10141	4	141	26	11
10142	2	138	19	7
10143	2	21	10	2
10144	2	192	19	7
10145	2	22	13	3
10146	2	111	13	4
10147	2	81	17	6
10148	2	69	15	5
10149	2	20	13	4
10150	2	24	14	4
10151	4	132	23	8
10152	2	51	13	4
10153	2	93	13	4
10154	2	16	13	3
10155	2	93	19	7
10156	2	40	13	3
10157	2	39	12	3
10158	4	171	24	10
10159	2	99	23	9
10160	2	87	15	5
10161	4	141	23	10
10162	2	105	18	7
10163	2	174	23	9
10164	4	171	24	10
10165	2	16	13	3
10166	2	93	19	7
10167	6	114	28	10
10168	4	129	23	10
10169	4	126	22	9
10170	4	162	27	12
10171	2	120	15	5
10172	4	102	21	6
10173	2	57	11	3
10174	4	63	19	7
10175	2	71	15	5
10176	6	120	29	10
10177	4	126	21	9
10178	2	123	18	7
10179	2	99	19	7
10180	2	168	21	8
10181	2	24	14	4
10182	4	96	21	6
10183	4	159	25	10
10184	2	84	11	3
10185	2	93	14	4
10186	4	171	27	12
10187	2	102	13	4
10188	2	96	15	5
10189	2	150	17	6
10190	2	81	14	4
10191	2	17	14	4
10192	2	57	19	7
10193	4	93	19	5
10194	2	111	21	8
10195	2	87	16	6
10196	4	141	22	10
10197	2	81	15	5
10198	2	22	12	3
10199	4	132	21	9
10200	2	162	17	6
10201	2	22	12	3
10202	2	156	23	9
10203	2	65	13	3
10204	4	132	24	7
10205	2	51	8	2
10206	4	93	20	5
10207	2	16	10	2
10208	4	126	22	7
10209	2	75	17	6
10210	4	159	28	12
10211	2	18	15	4
10212	2	150	21	8
10213	4	96	21	6
10214	2	75	17	6
10215	2	21	14	4
10216	2	81	17	6
10217	2	19	12	3
10218	2	22	13	3
10219	2	105	15	5
10220	2	40	13	3
10221	2	84	11	3
10222	2	39	13	3
10223	4	141	27	12
10224	2	174	23	9
10225	2	99	17	6
10226	2	19	10	2
10227	2	150	19	7
10228	4	126	25	9
10229	2	69	13	4
10230	2	22	13	3
10231	2	87	13	4
10232	4	126	24	7
10233	4	132	22	8
10234	4	57	16	5
10235	4	132	21	9
10236	2	66	14	3
10237	2	65	13	3
10238	2	66	13	4
10239	4	135	23	11
10240	2	81	13	4
10241	2	57	11	3
10242	4	162	27	12
10243	2	65	12	4
10244	4	168	28	12
10245	4	132	21	9
10246	2	180	23	9
10247	2	38	11	2
10248	2	19	12	3
10249	2	66	14	3
10250	6	120	25	7
10251	2	39	13	3
10252	4	96	19	5
10253	6	126	25	7
10254	2	21	10	2
10255	2	51	8	2
10256	2	174	25	10
10257	2	39	12	3
10258	2	78	13	4
10259	2	39	13	3
10260	2	99	19	7
10261	4	126	22	10
10262	2	93	12	3
10263	2	141	21	8
10264	2	66	13	4
10265	4	135	21	9
10266	2	36	7	2
10267	4	96	19	5
10268	2	78	11	3
10269	4	171	24	10
10270	4	159	28	12
10271	2	19	10	2
10272	4	132	24	8
10273	2	18	15	4
10274	4	171	24	10
10275	4	150	28	12
10276	4	150	25	10
10277	2	18	12	3
10278	2	138	19	7
10279	2	18	11	3
10280	4	180	27	12
10281	2	114	15	5
10282	2	18	12	3
10283	2	65	12	4
10284	4	96	20	5
10285	4	135	25	12
10286	2	84	15	5
10287	2	40	13	3
10288	4	126	21	9
10289	2	51	12	4
10290	2	39	12	3
10291	2	66	13	4
10292	4	135	24	11
10293	2	21	12	3
10294	4	126	22	7
10295	2	18	15	4
10296	4	126	24	7
10297	2	129	18	6
10298	4	63	19	7
10299	2	69	15	5
10300	4	126	22	7
10301	4	60	18	5
10302	2	17	11	3
10303	4	126	21	9
10304	4	168	25	10
10305	2	15	13	3
10306	2	63	13	4
10307	2	20	13	4
10308	4	126	24	7
10309	4	168	25	10
10310	2	39	13	3
10311	2	66	14	3
10312	2	123	17	6
10313	2	22	13	3
10314	2	126	15	5
10315	2	186	25	10
10316	2	24	14	4
10317	2	69	15	5
10318	2	16	14	3
10319	2	186	21	8
10320	4	96	21	6
10321	2	93	21	8
10322	2	96	13	4
10323	6	132	25	7
10324	2	23	11	3
10325	2	24	14	4
10326	4	168	25	10
10327	4	153	27	12
10328	4	126	21	9
10329	4	93	19	5
10330	2	84	15	5
10331	4	159	28	12
10332	2	33	9	4
10333	4	132	22	8
10334	2	75	17	6
10335	4	126	25	8
10336	2	24	14	4
10337	2	24	14	4
10338	2	120	15	5
10339	4	132	22	8
10340	4	93	20	4
10341	2	63	15	5
10342	4	141	23	10
10343	4	102	21	6
10344	2	168	23	9
10345	2	18	12	3
10346	2	16	13	3
10347	2	40	13	3
10348	2	93	21	8
10349	2	15	13	3
10350	4	87	21	5
10351	4	93	21	6
10352	2	21	11	3
10353	2	24	14	4
10354	2	87	12	4
10355	4	171	24	10
10356	2	17	14	4
10357	2	156	19	7
10358	4	132	21	9
10359	4	132	22	7
10360	2	23	11	3
10361	2	33	10	5
10362	2	186	29	12
10363	2	84	13	4
10364	2	75	15	5
10365	2	81	17	6
10366	4	126	21	10
10367	2	66	13	4
10368	4	63	18	7
10369	4	105	21	6
10370	6	120	27	8
10371	2	51	13	4
10372	4	96	21	6
10373	2	19	12	3
10374	2	66	14	3
10375	2	168	23	9
10376	2	93	16	5
10377	2	138	19	7
10378	2	40	13	3
10379	4	168	25	10
10380	4	96	19	5
10381	4	168	25	10
10382	2	81	23	9
10383	4	132	21	10
10384	2	174	27	11
10385	2	99	11	3
10386	2	39	13	3
10387	2	75	15	5
10388	4	171	24	10
10389	2	22	13	3
10390	2	75	19	7
10391	2	99	19	7
10392	2	81	13	4
10393	2	16	14	3
10394	2	39	12	3
10395	2	22	13	3
10396	2	18	15	4
10397	4	162	24	10
10398	2	87	21	8
10399	4	102	19	5
10400	2	111	15	5
10401	2	38	11	2
10402	4	159	25	10
10403	2	26	12	3
10404	4	141	24	11
10405	2	123	15	5
10406	4	171	27	12
10407	2	156	19	7
10408	4	132	25	9
10409	2	51	13	4
10410	2	17	11	3
10411	2	120	19	7
10412	4	93	19	5
10413	2	87	19	7
10414	2	96	17	6
10415	4	96	21	6
10416	2	38	12	3
10417	2	63	10	3
10418	2	192	21	8
10419	2	18	12	3
10420	4	171	27	12
10421	2	22	12	3
10422	2	75	17	6
10423	4	153	24	10
10424	2	57	8	2
10425	2	66	10	2
10426	2	36	11	6
10427	4	135	26	11
10428	4	132	24	7
10429	2	66	13	4
10430	2	32	7	2
10431	4	102	19	5
10432	4	132	24	7
10433	4	135	24	11
10434	6	126	26	8
10435	2	16	14	3
10436	2	18	15	4
10437	2	40	13	3
10438	4	162	24	10
10439	2	57	19	7
10440	4	120	26	8
10441	2	75	15	5
10442	2	138	17	6
10443	2	87	13	4
10444	2	14	12	3
10445	2	51	8	2
10446	4	168	28	12
10447	4	120	23	8
10448	2	66	10	4
10449	6	126	26	8
10450	4	135	24	11
10451	2	180	23	9
10452	2	84	11	3
10453	2	96	13	4
10454	2	120	15	5
10455	2	41	14	4
10456	2	69	12	4
10457	4	132	24	7
10458	2	57	8	2
10459	2	39	13	3
10460	2	105	18	7
10461	2	19	13	3
10462	2	15	13	3
10463	4	135	23	10
10464	2	17	11	3
10465	4	135	23	10
10466	4	132	24	7
10467	2	150	21	8
10468	2	21	14	4
10469	4	126	22	8
10470	2	168	23	9
10471	2	186	25	10
10472	2	87	15	5
10473	2	99	19	7
10474	2	15	13	3
10475	2	40	13	3
10476	4	135	23	10
10477	2	114	17	6
10478	2	69	14	5
10479	4	162	24	10
10480	2	42	15	4
10481	2	39	13	3
10482	4	171	24	10
10483	2	38	12	3
10484	4	132	22	7
10485	2	65	12	4
10486	6	120	28	9
10487	2	15	13	3
10488	2	174	23	9
10489	4	96	19	5
10490	2	30	12	4
10491	6	120	27	9
10492	2	21	12	3
10493	2	114	15	5
10494	2	66	13	4
10495	4	126	22	7
10496	2	81	13	4
10497	2	120	15	5
10498	2	16	13	3
10499	4	132	22	7
10500	4	132	22	8
10501	4	96	19	5
10502	2	123	19	7
10503	2	132	18	6
10504	4	135	24	10
10505	2	117	19	7
10506	2	138	19	7
10507	2	147	19	7
10508	2	120	17	6
10509	2	66	13	4
10510	2	84	17	6
10511	2	63	15	5
10512	2	41	14	4
10513	2	21	12	3
10514	2	51	8	2
10515	2	84	13	4
10516	2	150	19	7
10517	2	42	15	4
10518	2	51	14	4
10519	2	87	13	4
10520	4	171	24	10
10521	2	99	17	6
10522	4	162	24	10
10523	4	96	20	4
10524	2	18	12	3
10525	6	126	27	8
10526	4	162	24	10
10527	4	162	27	12
10528	4	126	22	7
10529	4	102	19	5
10530	2	15	13	3
10531	2	63	12	4
10532	2	72	11	3
10533	2	20	13	4
10534	4	141	23	10
10535	2	75	23	9
10536	2	150	19	7
10537	2	168	23	9
10538	4	126	21	9
10539	2	63	15	5
10540	2	174	21	8
10541	4	138	23	8
10542	2	45	13	4
10543	4	168	28	12
10544	2	40	13	3
10545	2	81	13	4
10546	2	42	15	4
10547	2	33	9	4
10548	2	87	16	5
10549	2	156	23	9
10550	4	159	28	12
10551	2	150	21	8
10552	2	81	11	3
10553	2	93	15	5
10554	4	135	24	11
10555	2	87	17	6
10556	2	93	15	5
10557	2	78	13	4
10558	2	123	21	8
10559	2	75	19	7
10560	2	69	21	8
10561	6	126	25	7
10562	2	150	21	8
10563	2	102	15	5
10564	4	171	24	10
10565	2	102	17	6
10566	4	132	22	8
10567	4	162	27	12
10568	2	102	19	7
10569	2	21	12	3
10570	4	159	25	10
10571	2	17	10	2
10572	4	126	21	10
10573	2	87	15	5
10574	2	96	13	4
10575	2	26	12	3
10576	2	102	15	5
10577	4	168	28	12
10578	2	51	11	3
10579	2	117	15	5
10580	4	132	21	10
10581	2	21	12	3
10582	4	135	24	11
10583	2	16	13	3
10584	2	19	12	3
10585	4	135	23	10
10586	4	120	21	9
10587	2	153	19	7
10588	4	126	24	7
10589	2	120	17	6
10590	2	24	14	4
10591	2	90	15	5
10592	2	38	12	3
10593	2	75	19	7
10594	4	132	22	7
10595	4	126	23	9
10596	4	162	27	12
10597	2	71	15	5
10598	4	162	27	12
10599	2	21	10	2
10600	6	126	26	8
10601	6	126	28	9
10602	2	186	21	8
10603	2	30	12	4
10604	4	132	24	7
10605	4	132	21	9
10606	4	96	21	6
10607	2	21	11	3
10608	2	39	13	3
10609	2	17	11	3
10610	4	126	24	7
10611	4	159	25	10
10612	4	126	21	10
10613	4	120	24	7
10614	2	120	19	7
10615	2	42	15	4
10616	2	22	12	3
10617	4	159	25	10
10618	2	153	21	8
10619	2	66	12	3
10620	4	159	25	10
10621	4	132	24	8
10622	2	150	19	7
10623	4	162	24	10
10624	4	168	25	10
10625	2	66	13	4
10626	4	147	26	11
10627	6	114	25	7
10628	2	20	11	3
10629	2	132	17	6
10630	2	15	13	3
10631	2	99	27	11
10632	2	19	10	2
10633	2	22	12	3
10634	2	120	15	5
10635	2	87	13	4
10636	4	126	22	7
10637	4	132	24	7
10638	4	132	21	10
10639	2	42	15	4
10640	2	38	12	3
10641	6	120	27	9
10642	2	84	13	4
10643	2	21	12	3
10644	2	93	21	8
10645	4	132	22	7
10646	2	63	25	10
10647	2	22	13	3
10648	2	32	7	2
10649	2	41	14	4
10650	4	162	27	12
10651	4	135	24	12
10652	2	120	17	6
10653	6	126	27	9
10654	4	168	28	12
10655	2	99	20	8
10656	2	174	21	8
10657	4	132	22	8
10658	2	174	21	8
10659	2	21	11	3
10660	2	138	15	5
10661	4	135	22	10
10662	2	192	23	9
10663	2	108	15	5
10664	2	66	11	3
10665	2	81	15	5
10666	2	135	16	5
10667	2	81	17	6
10668	4	177	25	10
10669	4	135	23	11
10670	4	141	25	12
10671	4	99	19	5
10672	2	33	8	2
10673	2	18	12	3
10674	2	18	15	4
10675	4	93	21	6
10676	2	18	12	3
10677	2	21	12	3
10678	2	16	14	3
10679	2	174	19	7
10680	4	168	28	12
10681	2	42	15	4
10682	4	126	24	7
10683	2	13	11	2
10684	2	123	21	8
10685	2	75	19	7
10686	2	40	14	3
10687	2	22	13	3
10688	2	87	17	6
10689	4	132	22	8
10690	2	117	18	7
10691	4	171	24	10
10692	2	40	14	3
10693	2	60	13	4
10694	2	168	21	8
10695	2	162	23	9
10696	2	174	27	11
10697	2	45	12	4
10698	2	138	22	9
10699	4	60	18	5
10700	4	168	25	10
10701	2	51	8	2
10702	4	129	21	9
10703	4	162	27	12
10704	2	66	12	3
10705	2	19	12	3
10706	2	21	12	3
10707	4	126	23	7
10708	2	21	14	4
10709	2	45	11	3
10710	6	126	25	7
10711	6	126	25	7
10712	4	99	21	6
10713	2	192	21	8
10714	4	171	24	10
10715	2	21	12	3
10716	4	159	25	10
10717	4	132	24	7
10718	2	19	13	3
10719	4	141	23	11
10720	2	42	15	4
10721	2	16	13	3
10722	2	120	17	6
10723	4	102	19	5
10724	2	66	14	3
10725	2	87	14	5
10726	2	21	12	3
10727	4	96	20	4
10728	4	141	23	10
10729	2	138	17	6
10730	4	150	25	10
10731	2	84	13	4
10732	2	66	11	3
10733	2	20	11	3
10734	4	126	21	9
10735	4	96	21	6
10736	4	153	24	10
10737	2	21	12	3
10738	4	159	25	10
10739	4	126	22	8
10740	2	138	17	6
10741	2	60	10	2
10742	2	120	15	5
10743	2	75	17	6
10744	4	153	24	10
10745	4	141	22	10
10746	2	15	13	3
10747	2	42	15	4
10748	2	138	19	7
10749	4	126	22	7
10750	2	23	13	4
10751	2	23	13	4
10752	2	114	19	7
10753	2	81	16	6
10754	2	24	14	4
10755	2	22	12	3
10756	2	17	11	3
10757	2	99	17	6
10758	2	21	12	3
10759	2	75	17	6
10760	2	51	8	2
10761	4	135	23	10
10762	2	24	14	4
10763	2	198	21	8
10764	2	63	15	5
10765	4	159	28	12
10766	6	120	25	7
10767	4	93	20	6
10768	2	114	17	6
10769	4	126	21	9
10770	4	159	25	10
10771	4	141	26	11
10772	2	150	23	9
10773	4	168	25	10
10774	2	120	15	5
10775	2	69	13	4
10776	4	135	24	11
10777	4	102	19	5
10778	2	77	15	5
10779	4	162	27	12
10780	2	15	13	3
10781	4	162	27	12
10782	2	174	21	8
10783	4	96	20	4
10784	4	126	25	8
10785	4	162	24	10
10786	2	138	17	6
10787	4	171	27	12
10788	4	93	22	6
10789	2	75	13	4
10790	2	19	12	3
10791	2	19	13	3
10792	2	40	13	3
10793	2	81	19	7
10794	2	64	12	3
10795	2	24	14	4
10796	2	66	10	2
10797	2	174	25	10
10798	2	84	13	4
10799	4	87	20	5
10800	6	126	27	8
10801	2	40	14	3
10802	2	18	15	4
10803	2	18	15	4
10804	4	63	17	5
10805	2	93	19	7
10806	4	60	18	5
10807	4	126	21	9
10808	2	96	13	4
10809	6	114	26	8
10810	2	81	15	5
10811	4	135	25	12
10812	2	99	15	5
10813	2	21	12	3
10814	2	114	15	5
10815	2	65	13	3
10816	2	117	19	7
10817	2	111	16	6
10818	2	22	13	3
10819	2	156	21	8
10820	2	96	15	5
10821	2	63	13	4
10822	2	38	11	2
10823	2	21	12	3
10824	4	96	19	5
10825	2	16	14	3
10826	2	102	15	5
10827	2	102	13	4
10828	4	126	21	9
10829	2	168	21	8
10830	2	19	12	3
10831	2	21	12	3
10832	4	168	25	10
10833	4	171	27	12
10834	2	18	12	3
10835	4	138	23	9
10836	4	132	22	8
10837	2	18	15	4
10838	2	40	13	3
10839	2	120	15	5
10840	4	96	19	5
10841	2	93	11	3
10842	2	75	17	6
10843	2	51	12	4
10844	2	138	15	5
10845	2	114	15	5
10846	2	180	25	10
10847	4	168	25	10
10848	4	132	22	8
10849	2	111	19	7
10850	2	51	12	4
10851	2	39	13	3
10852	4	99	21	4
10853	2	22	13	3
10854	2	22	13	3
10855	6	126	25	7
10856	2	102	17	6
10857	4	132	21	9
10858	2	19	13	3
10859	2	65	13	3
10860	2	42	15	4
10861	4	126	25	8
10862	4	159	31	14
10863	2	41	14	4
10864	2	114	17	6
10865	4	132	24	7
10866	2	57	8	2
10867	2	186	23	9
10868	4	96	19	4
10869	2	156	19	7
10870	4	159	28	12
10871	2	51	13	4
10872	2	75	15	5
10873	4	138	24	8
10874	2	16	13	3
10875	4	126	22	7
10876	2	36	7	2
10877	6	120	25	7
10878	4	135	22	10
10879	2	16	13	3
10880	4	168	25	10
10881	2	180	26	11
10882	2	63	15	5
10883	4	126	24	7
10884	4	99	19	5
10885	2	22	12	3
10886	4	162	24	10
10887	2	168	21	8
10888	2	180	21	8
10889	2	26	12	3
10890	4	96	21	6
10891	2	20	11	3
10892	4	168	28	12
10893	4	126	23	8
10894	2	38	11	2
10895	2	65	13	3
10896	2	40	13	3
10897	4	132	22	7
10898	2	63	11	3
10899	6	126	27	8
10900	2	17	14	4
10901	2	75	25	10
10902	4	168	28	12
10903	2	15	12	3
10904	4	126	22	7
10905	2	135	17	6
10906	4	132	22	8
10907	2	75	15	5
10908	4	93	20	5
10909	4	93	19	5
10910	4	102	19	5
10911	4	159	25	10
10912	2	153	21	8
10913	4	120	23	9
10914	2	75	17	6
10915	2	66	11	3
10916	4	126	24	8
10917	2	132	19	7
10918	4	126	25	7
10919	2	42	15	4
10920	4	159	28	12
10921	4	150	28	12
10922	2	23	13	4
10923	2	66	10	2
10924	2	16	14	3
10925	4	126	24	8
10926	2	40	13	3
10927	2	36	11	2
10928	2	66	14	3
10929	2	22	13	3
10930	6	120	25	7
10931	2	156	19	7
10932	2	42	15	4
10933	2	42	15	4
10934	4	93	19	5
10935	2	147	19	7
10936	2	21	14	4
10937	2	22	13	3
10938	2	16	13	3
10939	2	63	11	2
10940	4	132	22	8
10941	2	153	21	8
10942	2	38	11	2
10943	2	21	12	3
10944	2	30	7	2
10945	4	102	21	6
10946	2	81	17	6
10947	4	168	28	12
10948	6	120	28	9
10949	4	93	20	5
10950	4	168	25	10
10951	2	108	15	5
10952	4	126	24	7
10953	4	135	24	11
10954	4	93	19	5
10955	2	132	19	7
10956	6	120	25	7
10957	2	51	13	4
10958	2	186	21	8
10959	2	132	17	6
10960	4	102	21	6
10961	2	66	13	4
10962	2	19	12	3
10963	4	159	25	10
10964	4	153	24	10
10965	2	156	21	8
10966	4	162	27	12
10967	4	162	27	12
10968	2	40	14	3
10969	4	141	24	11
10970	2	15	13	3
10971	4	135	25	11
10972	4	87	20	5
10973	2	17	11	3
10974	4	159	25	10
10975	2	66	12	3
10976	2	81	15	5
10977	2	40	14	3
10978	6	120	27	8
10979	4	96	22	6
10980	2	120	17	6
10981	4	162	24	10
10982	2	132	19	7
10983	2	69	14	5
10984	2	42	15	4
10985	2	16	13	3
10986	2	38	11	2
10987	2	21	12	3
10988	4	171	24	10
10989	2	21	12	3
10990	2	22	13	3
10991	4	141	22	10
10992	2	87	17	6
10993	2	22	13	3
10994	2	39	13	3
10995	2	114	17	6
10996	4	126	21	9
10997	4	159	25	10
10998	4	126	22	7
10999	2	78	11	3
11000	4	159	25	10
11001	2	75	25	10
11002	2	14	12	3
11003	2	39	13	3
11004	2	19	13	3
11005	2	14	11	2
11006	4	132	24	7
11007	2	84	11	3
11008	6	126	29	10
11009	2	87	19	7
11010	2	60	13	4
11011	2	51	14	5
11012	4	126	21	9
11013	4	126	21	10
11014	2	21	14	4
11015	2	22	12	3
11016	2	120	13	4
11017	2	87	14	5
11018	4	126	21	10
11019	2	69	12	4
11020	2	96	13	4
11021	2	156	25	10
11022	2	65	13	3
11023	2	18	15	4
11024	4	120	21	9
11025	4	93	19	4
11026	2	42	15	4
11027	4	132	24	7
11028	2	81	16	6
11029	2	87	12	4
11030	2	93	18	7
11031	4	129	24	11
11032	2	22	13	3
11033	2	75	19	7
11034	2	126	15	5
11035	2	18	15	4
11036	4	96	19	4
11037	2	66	11	3
11038	2	21	12	3
11039	2	21	12	3
11040	4	132	22	8
11041	4	132	25	8
11042	4	126	24	8
11043	2	186	25	10
11044	4	141	27	12
11045	2	99	21	8
11046	2	84	13	4
11047	2	18	15	4
11048	4	96	21	6
11049	2	120	17	6
11050	2	38	12	3
11051	6	120	27	8
11052	4	132	22	8
11053	4	171	24	10
11054	2	120	19	7
11055	2	141	15	5
11056	2	19	12	3
11057	2	20	13	4
11058	4	96	21	6
11059	2	13	11	2
11060	2	24	14	4
11061	2	66	13	4
11062	2	66	14	3
11063	2	19	13	3
11064	2	21	11	3
11065	4	126	24	7
11066	4	126	21	9
11067	4	171	27	12
11068	2	51	14	4
11069	4	132	21	10
11070	4	132	22	7
11071	2	66	10	2
11072	2	33	7	2
11073	2	174	21	8
11074	2	150	17	6
11075	2	81	13	4
11076	2	78	13	4
11077	4	132	21	10
11078	4	135	24	11
11079	2	120	19	7
11080	4	126	22	8
11081	2	16	13	3
11082	4	171	27	12
11083	2	117	15	5
11084	4	141	23	10
11085	2	37	11	2
11086	2	21	12	3
11087	4	63	18	7
11088	2	192	21	8
11089	4	132	24	7
11090	2	40	13	3
11091	4	171	27	12
11092	2	65	13	3
11093	2	114	17	6
11094	2	33	7	2
11095	2	18	15	4
11096	4	93	21	6
11097	4	171	27	12
11098	2	75	27	11
11099	4	132	21	9
11100	4	126	21	10
11101	2	168	19	7
11102	2	36	11	6
11103	2	42	15	4
11104	4	132	22	8
11105	2	22	12	3
11106	4	96	22	5
11107	2	75	17	6
11108	4	162	24	10
11109	2	57	11	3
11110	2	66	14	3
11111	2	21	12	3
11112	4	99	19	5
11113	2	87	17	6
11114	2	66	10	4
11115	4	162	24	10
11116	2	153	21	8
11117	2	81	17	6
11118	2	75	19	7
11119	6	126	25	7
11120	4	141	22	10
11121	2	180	19	7
11122	2	63	15	5
11123	4	159	25	10
11124	2	66	11	3
11125	4	96	22	6
11126	2	156	19	7
11127	4	132	22	8
11128	2	40	14	3
11129	2	45	11	3
11130	2	66	11	3
11131	6	120	28	9
11132	2	39	13	3
11133	2	66	13	4
11134	2	99	17	6
11135	4	135	24	11
11136	2	114	17	6
11137	2	174	23	9
11138	4	171	24	10
11139	2	41	14	4
11140	2	16	13	3
11141	2	150	19	7
11142	2	75	21	8
11143	2	132	19	7
11144	2	129	20	8
11145	2	15	12	3
11146	4	93	20	6
11147	4	159	28	12
11148	4	126	21	9
11149	2	198	21	8
11150	4	168	25	10
11151	4	162	24	10
11152	2	64	12	3
11153	4	126	21	9
11154	4	102	19	5
11155	4	141	25	12
11156	6	120	31	11
11157	4	141	23	10
11158	2	81	13	4
11159	2	96	15	5
11160	4	126	21	9
11161	4	96	19	5
11162	2	84	14	5
11163	2	51	8	2
11164	2	39	12	3
11165	2	38	12	3
11166	4	159	25	10
11167	2	39	12	3
11168	4	162	27	12
11169	4	159	25	10
11170	2	138	17	6
11171	4	132	24	8
11172	4	126	25	8
11173	2	78	13	4
11174	4	159	31	14
11175	4	159	28	12
11176	2	156	21	8
11177	2	81	13	4
11178	4	162	24	10
11179	2	66	11	3
11180	4	132	21	10
11181	4	129	23	10
11182	4	132	25	7
11183	2	38	12	3
11184	4	96	21	6
11185	4	159	25	10
11186	2	63	15	5
11187	4	135	25	13
11188	4	159	28	12
11189	2	39	13	3
11190	2	69	12	4
11191	2	21	14	4
11192	2	22	13	3
11193	4	159	25	10
11194	2	36	11	6
11195	2	117	17	6
11196	2	132	19	7
11197	2	66	11	3
11198	2	96	13	4
11199	2	42	15	4
11200	2	75	15	5
11201	2	120	15	5
11202	2	168	19	7
11203	2	105	18	7
11204	2	174	21	8
11205	4	132	24	7
11206	2	75	15	5
11207	4	135	23	11
11208	2	18	11	3
11209	2	21	12	3
11210	2	84	11	3
11211	4	153	24	10
11212	2	21	11	3
11213	4	168	25	10
11214	2	117	21	8
11215	2	39	12	3
11216	4	132	22	8
11217	2	39	12	3
11218	2	105	19	7
11219	2	102	13	4
11220	2	174	19	7
11221	6	120	27	8
11222	2	180	25	10
11223	2	40	13	3
11224	4	168	28	12
11225	2	39	12	3
11226	2	102	17	6
11227	4	138	21	10
11228	2	96	17	6
11229	4	63	19	7
11230	2	42	15	4
11231	2	69	14	4
11232	2	16	14	3
11233	4	126	24	8
11234	2	87	21	8
11235	4	150	28	12
11236	2	15	13	3
11237	2	174	21	8
11238	6	120	29	10
11239	2	87	25	10
11240	2	16	14	3
11241	2	102	15	5
11242	2	22	12	3
11243	2	18	11	3
11244	4	126	24	7
11245	2	22	13	3
11246	2	75	17	6
11247	2	66	11	3
11248	4	135	24	11
11249	2	114	13	4
11250	4	132	24	8
11251	4	96	19	5
11252	4	126	21	9
11253	2	75	17	6
11254	2	40	13	3
11255	4	135	24	11
11256	4	141	24	11
11257	2	156	21	8
11258	2	75	19	7
11259	4	132	25	7
11260	2	16	13	3
11261	4	132	21	10
11262	2	40	13	3
11263	2	51	10	3
11264	2	51	10	3
11265	4	126	21	10
11266	2	39	12	3
11267	4	96	19	5
11268	2	120	13	4
11269	2	40	13	3
11270	2	75	17	6
11271	2	117	19	7
11272	2	66	14	3
11273	2	63	15	5
11274	4	93	21	5
11275	2	78	11	3
11276	2	156	17	6
11277	2	93	17	6
11278	2	132	17	6
11279	4	153	27	12
11280	2	66	10	2
11281	2	99	19	7
11282	4	126	22	7
11283	4	126	22	10
11284	2	123	17	6
11285	2	51	8	2
11286	4	168	25	10
11287	2	38	12	3
11288	2	21	10	2
11289	2	96	13	4
11290	4	171	27	12
11291	2	40	13	3
11292	2	19	13	3
11293	4	159	25	10
11294	4	93	21	5
11295	4	135	23	10
11296	2	66	13	4
11297	4	96	19	5
11298	4	153	27	12
11299	6	126	27	9
11300	4	168	28	12
11301	2	39	12	3
11302	4	159	25	10
11303	2	120	17	6
11304	2	75	15	5
11305	2	42	15	4
11306	2	69	14	5
11307	2	150	21	8
11308	2	15	12	3
11309	4	150	25	10
11310	2	15	13	3
11311	2	66	13	4
11312	4	57	16	5
11313	6	126	26	8
11314	4	132	22	10
11315	4	96	21	6
11316	2	42	15	4
11317	2	21	12	3
11318	2	120	13	4
11319	2	84	17	6
11320	6	120	28	9
11321	2	22	13	3
11322	4	126	24	8
11323	2	132	21	8
11324	2	51	14	4
11325	2	22	12	3
11326	4	135	24	11
11327	2	16	14	3
11328	4	153	24	10
11329	2	15	13	3
11330	4	132	23	9
11331	4	126	21	9
11332	2	66	10	2
11333	6	126	34	12
11334	2	40	13	3
11335	4	135	21	9
11336	4	141	23	10
11337	4	141	24	11
11338	2	39	13	3
11339	2	42	15	4
11340	2	75	19	7
11341	2	192	25	10
11342	2	32	7	2
11343	2	132	17	6
11344	4	162	24	10
11345	2	40	13	3
11346	2	84	11	3
11347	2	19	13	3
11348	2	18	12	3
11349	4	120	24	7
11350	4	126	24	8
11351	2	40	13	3
11352	2	102	13	4
11353	2	150	19	7
11354	2	36	7	2
11355	2	39	12	3
11356	2	64	12	3
11357	2	63	19	7
11358	2	42	15	4
11359	2	40	13	3
11360	2	22	12	3
11361	2	24	14	4
11362	2	21	10	2
11363	4	126	21	9
11364	2	73	21	8
11365	2	93	19	7
11366	2	105	15	5
11367	2	22	12	3
11368	4	63	19	7
11369	4	57	16	5
11370	2	93	17	6
11371	2	21	14	4
11372	2	21	14	4
11373	2	150	19	7
11374	2	24	14	4
11375	2	99	16	5
11376	2	66	14	3
11377	2	66	14	3
11378	2	36	11	2
11379	4	138	22	8
11380	2	40	13	3
11381	2	18	11	3
11382	4	162	24	10
11383	2	144	17	6
11384	2	120	17	6
11385	4	126	21	9
11386	2	120	15	5
11387	2	51	10	3
11388	2	65	13	3
11389	2	75	17	6
11390	4	159	25	10
11391	2	40	13	3
11392	4	153	27	12
11393	4	141	23	11
11394	4	132	22	7
11395	4	141	23	10
11396	4	138	23	10
11397	4	93	21	6
11398	4	132	22	8
11399	2	93	21	8
11400	4	141	25	12
11401	2	150	21	8
11402	2	123	20	8
11403	6	114	29	10
11404	2	65	13	3
11405	2	19	12	3
11406	2	51	8	2
11407	2	66	14	3
11408	2	51	14	4
11409	2	75	21	8
11410	2	96	15	5
11411	2	39	13	3
11412	2	21	12	3
11413	4	129	24	11
11414	4	126	22	8
11415	2	41	14	4
11416	4	96	19	5
11417	2	17	14	4
11418	2	21	12	3
11419	2	153	21	8
11420	4	141	23	10
11421	2	75	21	8
11422	2	123	21	8
11423	2	19	10	2
11424	2	45	8	2
11425	2	21	12	3
11426	6	126	25	7
11427	2	66	14	3
11428	2	174	23	9
11429	2	99	19	7
11430	4	168	28	12
11431	2	33	7	2
11432	2	81	13	4
11433	4	102	19	5
11434	2	63	13	4
11435	2	57	10	3
11436	2	123	17	6
11437	4	141	24	11
11438	4	168	28	12
11439	2	19	12	3
11440	2	40	13	3
11441	2	174	19	7
11442	2	132	21	8
11443	2	63	15	5
11444	2	21	12	3
11445	2	123	19	7
11446	4	135	25	12
11447	4	135	21	9
11448	4	171	27	12
11449	4	162	27	12
11450	4	120	22	8
11451	4	120	22	8
11452	2	19	12	3
11453	6	120	25	7
11454	4	141	23	11
11455	2	192	25	10
11456	2	66	14	3
11457	2	16	13	3
11458	2	21	14	4
11459	2	69	12	4
11460	2	180	23	9
11461	4	162	24	10
11462	6	120	25	7
11463	2	96	13	4
11464	4	171	24	10
11465	4	126	21	9
11466	4	132	21	10
11467	4	126	24	8
11468	4	102	19	5
11469	2	15	13	3
11470	2	66	10	2
11471	2	51	8	2
11472	2	41	14	4
11473	2	93	19	7
11474	4	126	22	7
11475	6	126	28	9
11476	2	123	21	8
11477	4	141	22	10
11478	2	20	11	3
11479	2	14	11	2
11480	4	168	25	10
11481	2	186	27	11
11482	4	87	20	4
11483	4	132	22	11
11484	2	105	17	6
11485	4	126	24	8
11486	4	168	25	10
11487	4	171	24	10
11488	4	93	19	4
11489	2	15	13	3
11490	4	126	24	7
11491	2	69	23	9
11492	2	174	21	8
11493	2	123	21	8
11494	2	87	17	6
11495	6	120	26	8
11496	2	99	16	6
11497	2	21	14	4
11498	2	129	18	7
11499	2	21	11	3
11500	4	168	25	10
11501	2	66	13	4
11502	4	120	23	10
11503	2	66	10	4
11504	2	87	13	4
11505	4	138	22	7
11506	2	18	15	4
11507	2	21	14	4
11508	4	141	23	10
11509	2	15	12	3
11510	2	15	12	3
11511	2	150	21	8
11512	2	16	13	3
11513	2	51	15	5
11514	2	75	17	6
11515	2	65	13	3
11516	4	171	27	12
11517	2	84	13	4
11518	2	41	14	4
11519	4	102	19	5
11520	2	21	12	3
11521	4	168	28	12
11522	4	141	26	11
11523	2	63	15	5
11524	2	75	15	5
11525	4	132	21	9
11526	4	132	22	7
11527	2	18	15	4
11528	4	126	28	9
11529	2	23	13	4
11530	4	168	25	10
11531	2	156	22	8
11532	4	126	21	9
11533	4	126	22	7
11534	2	40	13	3
11535	2	64	12	3
11536	4	126	21	7
11537	4	93	19	4
11538	4	132	25	9
11539	2	15	13	3
11540	2	51	8	2
11541	2	15	13	3
11542	4	159	28	12
11543	4	126	24	11
11544	2	93	19	7
11545	2	41	14	4
11546	4	132	22	7
11547	2	81	14	5
11548	2	37	11	2
11549	4	90	21	6
11550	4	96	21	6
11551	2	33	7	2
11552	4	132	24	7
11553	2	71	19	7
11554	2	93	11	3
11555	4	93	20	4
11556	2	42	15	4
11557	2	38	12	3
11558	2	90	11	3
11559	2	14	12	3
11560	4	159	25	10
11561	4	102	19	5
11562	2	51	11	3
11563	2	51	8	2
11564	2	84	11	3
11565	2	39	13	3
11566	4	96	19	5
11567	2	147	23	9
11568	2	87	17	6
11569	2	60	13	4
11570	4	132	24	8
11571	4	96	21	6
11572	4	96	21	5
11573	4	126	21	10
11574	4	135	24	11
11575	2	19	13	3
11576	2	63	11	2
11577	4	135	25	12
11578	2	42	15	4
11579	2	132	17	6
11580	4	132	22	8
11581	2	87	15	5
11582	2	40	13	3
11583	2	84	11	3
11584	4	126	26	9
11585	4	162	27	12
11586	2	21	12	3
11587	2	16	13	3
11588	2	51	13	4
11589	2	21	11	3
11590	4	120	24	8
11591	2	65	13	3
11592	2	75	15	5
11593	4	135	24	11
11594	2	65	13	3
11595	4	162	24	10
11596	6	126	27	9
11597	2	78	13	4
11598	4	132	22	7
11599	4	171	27	12
11600	2	69	13	4
11601	2	33	7	2
11602	2	117	15	5
11603	2	75	19	7
11604	4	162	24	10
11605	2	14	11	2
11606	6	126	28	9
11607	2	93	25	10
11608	4	126	22	11
11609	4	126	24	8
11610	2	18	11	3
11611	4	60	18	5
11612	2	63	15	5
11613	4	129	24	11
11614	2	132	17	6
11615	4	168	28	12
11616	2	57	17	6
11617	4	180	27	12
11618	4	126	23	8
11619	2	16	13	3
11620	2	18	12	3
11621	2	20	13	4
11622	2	20	11	3
11623	4	132	23	9
11624	4	141	23	11
11625	2	180	23	9
11626	4	132	22	10
11627	4	135	23	10
11628	4	129	25	12
11629	4	126	24	8
11630	2	192	21	8
11631	2	40	14	3
11632	2	14	12	3
11633	2	51	11	3
11634	2	162	21	8
11635	2	33	9	4
11636	4	102	19	5
11637	2	144	19	7
11638	2	17	14	4
11639	6	120	28	9
11640	2	64	12	3
11641	4	96	23	7
11642	2	84	15	5
11643	2	75	17	6
11644	4	141	26	11
11645	4	162	24	10
11646	2	22	12	3
11647	6	126	30	10
11648	4	171	27	12
11649	2	21	11	3
11650	4	171	24	10
11651	2	22	12	3
11652	2	105	15	5
11653	2	20	13	4
11654	2	38	11	2
11655	2	18	15	4
11656	2	51	8	2
11657	2	22	13	3
11658	4	120	24	8
11659	2	63	17	6
11660	2	16	13	3
11661	4	93	19	5
11662	2	15	12	3
11663	4	162	24	10
11664	2	39	12	3
11665	4	141	24	11
11666	2	75	13	4
11667	2	20	11	3
11668	2	75	21	8
11669	2	17	14	4
11670	2	19	10	2
11671	2	84	11	3
11672	2	81	15	5
11673	2	66	13	4
11674	2	174	21	8
11675	2	69	15	5
11676	4	126	23	8
11677	2	45	13	4
11678	2	87	17	6
11679	2	66	13	4
11680	2	66	14	3
11681	2	81	13	4
11682	2	21	14	4
11683	2	40	13	3
11684	6	126	27	9
11685	4	126	24	7
11686	2	186	21	8
11687	2	66	10	4
11688	4	162	27	12
11689	2	144	17	6
11690	4	162	27	12
11691	2	22	13	3
11692	2	66	13	4
11693	2	57	8	2
11694	2	81	19	7
11695	4	132	21	10
11696	2	24	14	4
11697	2	66	13	4
11698	2	102	13	4
11699	2	75	19	7
11700	2	120	17	6
11701	2	75	19	7
11702	2	21	12	3
11703	2	15	12	3
11704	2	19	10	2
11705	2	66	13	4
11706	4	96	19	4
11707	2	19	12	3
11708	2	111	15	5
11709	4	159	28	12
11710	2	65	13	3
11711	2	38	12	3
11712	4	159	28	12
11713	4	168	25	10
11714	4	126	22	8
11715	4	93	19	5
11716	2	19	13	3
11717	4	126	21	9
11718	4	141	23	10
11719	2	117	21	8
11720	4	126	23	8
11721	2	138	15	5
11722	2	21	12	3
11723	4	135	22	10
11724	4	135	22	10
11725	4	129	25	12
11726	2	42	15	4
11727	2	40	13	3
11728	4	126	24	7
11729	4	138	23	9
11730	2	15	13	3
11731	4	132	25	7
11732	4	132	22	8
11733	2	63	14	5
11734	6	120	25	7
11735	2	51	12	4
11736	2	15	13	3
11737	2	21	14	4
11738	6	120	27	8
11739	4	132	24	8
11740	2	15	13	3
11741	2	39	13	3
11742	4	132	24	8
11743	2	19	11	2
11744	2	40	14	3
11745	4	126	24	7
11746	2	75	21	8
11747	2	75	19	7
11748	4	120	24	8
11749	2	51	13	4
11750	2	15	13	3
11751	2	84	13	4
11752	2	18	15	4
11753	2	186	28	12
11754	2	40	13	3
11755	2	186	23	9
11756	4	135	25	11
11757	2	21	12	3
11758	2	21	12	3
11759	2	138	18	6
11760	4	132	22	7
11761	4	96	21	5
11762	2	75	21	8
11763	2	45	8	2
11764	2	102	17	6
11765	2	65	13	3
11766	4	162	24	10
11767	4	147	24	11
11768	2	117	19	7
11769	2	22	13	3
11770	2	69	15	5
11771	2	75	21	8
11772	2	71	17	6
11773	4	132	22	7
11774	2	102	13	4
11775	2	105	19	7
11776	2	180	23	9
11777	2	162	19	7
11778	2	20	13	4
11779	2	40	13	3
11780	2	180	19	7
11781	2	180	21	8
11782	4	135	24	11
11783	2	39	13	3
11784	2	15	13	3
11785	2	42	15	4
11786	2	63	13	4
11787	4	99	20	4
11788	2	114	17	6
11789	2	17	10	2
11790	2	15	13	3
11791	2	66	11	3
11792	2	84	13	4
11793	2	84	11	3
11794	2	132	15	5
11795	4	132	21	10
11796	2	75	19	7
11797	4	96	21	6
11798	2	63	14	4
11799	2	39	13	3
11800	4	126	22	8
11801	4	159	25	10
11802	2	93	15	5
11803	2	192	25	10
11804	2	65	13	3
11805	4	96	22	6
11806	4	120	24	7
11807	4	96	21	6
11808	2	87	15	5
11809	2	99	16	5
11810	2	75	17	6
11811	6	120	25	7
11812	4	126	21	9
11813	2	66	13	4
11814	4	126	24	8
11815	4	168	31	14
11816	2	40	14	3
11817	2	18	12	3
11818	2	156	19	7
11819	4	180	24	10
11820	4	153	27	12
11821	6	126	28	9
11822	2	18	15	4
11823	2	18	12	3
11824	2	138	19	7
11825	2	15	13	3
11826	2	114	17	6
11827	2	174	23	9
11828	2	84	13	4
11829	2	63	15	5
11830	2	39	13	3
11831	2	21	11	3
11832	4	120	21	10
11833	4	126	23	8
11834	2	37	11	2
11835	6	120	26	8
11836	2	120	15	5
11837	2	23	11	3
11838	4	102	21	6
11839	2	33	8	2
11840	4	180	27	12
11841	2	63	15	5
11842	2	21	12	3
11843	2	105	17	6
11844	2	36	7	2
11845	2	186	27	11
11846	2	51	8	2
11847	2	99	16	6
11848	2	78	13	4
11849	6	120	27	9
11850	2	81	17	6
11851	2	39	12	3
11852	2	69	12	4
11853	4	132	22	7
11854	2	93	15	5
11855	2	117	15	5
11856	6	126	26	8
11857	6	120	29	10
11858	2	84	15	5
11859	6	120	27	8
11860	2	18	12	3
11861	2	81	17	6
11862	4	126	20	9
11863	2	117	18	7
11864	2	114	17	6
11865	4	159	25	10
11866	2	18	12	3
11867	2	84	11	3
11868	2	18	11	3
11869	4	126	22	8
11870	2	75	15	5
11871	2	19	12	3
11872	4	126	24	7
11873	6	126	27	8
11874	2	39	13	3
11875	2	87	15	5
11876	2	198	23	9
11877	2	40	14	3
11878	2	81	15	5
11879	2	19	12	3
11880	2	192	19	7
11881	2	21	11	3
11882	2	16	14	3
11883	2	22	12	3
11884	4	129	23	10
11885	4	135	22	10
11886	4	120	24	8
11887	4	57	16	5
11888	2	42	15	4
11889	2	42	15	4
11890	4	135	23	10
11891	4	159	25	10
11892	4	153	24	10
11893	6	120	27	9
11894	4	126	21	9
11895	2	18	12	3
11896	2	17	14	4
11897	4	120	21	9
11898	4	171	27	12
11899	2	81	14	4
11900	2	75	17	6
11901	2	19	13	3
11902	2	39	12	3
11903	2	51	11	3
11904	4	135	21	9
11905	2	24	14	4
11906	2	162	19	7
11907	4	135	23	10
11908	2	21	12	3
11909	2	18	12	3
11910	2	198	21	8
11911	4	126	24	8
11912	2	19	11	2
11913	4	126	24	7
11914	6	126	27	8
11915	2	102	17	6
11916	2	114	17	6
11917	4	96	19	5
11918	2	192	25	10
11919	4	102	23	7
11920	2	75	11	3
11921	2	69	15	5
11922	2	14	12	3
11923	2	18	12	3
11924	2	117	18	6
11925	4	135	24	11
11926	2	51	8	2
11927	6	126	26	8
11928	2	198	21	8
11929	2	84	13	4
11930	4	132	21	9
11931	4	57	16	5
11932	2	21	10	2
11933	4	93	19	5
11934	6	114	27	9
11935	2	21	12	3
11936	4	126	24	8
11937	4	126	22	8
11938	2	19	13	3
11939	6	120	26	8
11940	2	42	15	4
11941	4	126	22	7
11942	4	96	19	5
11943	4	96	19	5
11944	2	192	25	10
11945	4	129	23	10
11946	2	16	14	3
11947	2	22	12	3
11948	4	96	19	5
11949	4	126	24	7
11950	2	87	11	3
11951	2	33	7	2
11952	2	19	13	3
11953	2	180	23	9
11954	2	120	17	6
11955	2	87	14	4
11956	2	16	14	3
11957	2	57	8	2
11958	4	171	24	10
11959	2	66	14	3
11960	2	69	17	6
11961	2	18	12	3
11962	4	126	21	10
11963	2	63	10	3
11964	4	126	25	9
11965	4	159	25	10
11966	2	102	17	6
11967	2	23	11	3
11968	2	21	11	3
11969	4	93	20	5
11970	2	39	13	3
11971	2	138	17	6
11972	4	159	25	10
11973	4	126	22	7
11974	2	36	11	6
11975	2	33	8	2
11976	2	120	15	5
11977	2	40	14	3
11978	6	126	25	7
11979	2	14	11	2
11980	2	135	20	7
11981	4	171	24	10
11982	2	57	10	3
11983	2	15	12	3
11984	2	65	13	3
11985	2	66	14	3
11986	2	102	13	4
11987	2	87	15	5
11988	2	63	23	9
11989	2	192	23	9
11990	2	66	11	3
11991	4	126	21	9
11992	4	126	24	7
11993	4	126	21	7
11994	4	162	24	10
11995	2	66	14	3
11996	4	132	21	9
11997	4	162	27	12
11998	2	57	11	3
11999	4	96	19	5
12000	4	120	22	10
12001	2	66	11	3
12002	2	78	11	3
12003	2	51	8	2
12004	2	84	13	4
12005	2	42	15	4
12006	4	93	20	4
12007	2	65	12	4
12008	2	93	21	8
12009	2	23	11	3
12010	2	51	8	2
12011	2	192	21	8
12012	2	120	17	6
12013	4	126	22	8
12014	2	51	13	4
12015	2	22	12	3
12016	2	20	11	3
12017	4	159	25	10
12018	4	132	21	10
12019	2	14	12	3
12020	4	132	22	8
12021	2	42	15	4
12022	2	120	15	5
12023	2	81	15	5
12024	4	162	27	12
12025	2	156	21	8
12026	2	162	21	8
12027	2	26	12	3
12028	4	93	21	6
12029	2	39	13	3
12030	4	126	22	11
12031	4	171	24	10
12032	4	171	27	12
12033	2	111	17	6
12034	2	42	15	4
12035	4	171	24	10
12036	2	102	15	5
12037	2	63	11	2
12038	2	63	12	4
12039	4	171	24	10
12040	2	87	17	6
12041	2	16	13	3
12042	4	96	22	7
12043	4	129	22	9
12044	4	96	21	6
12045	4	126	22	8
12046	2	21	11	3
12047	2	87	15	5
12048	4	135	26	11
12049	2	138	19	7
12050	2	78	13	4
12051	4	141	24	11
12052	4	159	31	14
12053	2	13	11	2
12054	4	102	19	5
12055	2	20	13	4
12056	2	66	13	4
12057	2	21	14	4
12058	2	168	23	9
12059	2	40	14	3
12060	2	21	12	3
12061	2	51	13	4
12062	2	65	13	3
12063	2	22	12	3
12064	2	123	18	7
12065	2	78	13	4
12066	4	126	21	9
12067	4	132	24	7
12068	2	168	21	8
12069	2	17	14	4
12070	4	171	24	10
12071	4	135	23	10
12072	4	126	22	7
12073	4	138	22	7
12074	4	132	21	9
12075	4	135	24	11
12076	4	180	24	10
12077	4	168	28	12
12078	2	16	13	3
12079	2	65	13	3
12080	4	159	25	10
12081	2	41	14	4
12082	4	126	21	10
12083	4	93	19	5
12084	4	159	25	10
12085	4	60	18	5
12086	2	75	21	8
12087	2	93	16	6
12088	2	19	13	3
12089	4	171	24	10
12090	4	135	22	10
12091	2	63	15	5
12092	2	37	11	2
12093	2	96	13	4
12094	2	138	17	6
12095	2	186	23	9
12096	6	126	26	8
12097	2	174	25	10
12098	4	63	18	7
12099	2	23	13	4
12100	4	102	19	5
12101	4	132	24	7
12102	2	114	15	5
12103	2	63	16	5
12104	2	39	13	3
12105	2	138	17	6
12106	2	129	17	6
12107	2	150	21	8
12108	4	126	21	10
12109	4	132	24	7
12110	2	78	13	4
12111	6	126	25	7
12112	2	18	15	4
12113	4	99	21	5
12114	4	162	24	10
12115	2	78	13	4
12116	2	174	23	9
12117	4	96	20	6
12118	2	81	13	4
12119	6	126	25	7
12120	2	57	11	3
12121	2	21	12	3
12122	4	135	25	12
12123	2	21	11	3
12124	4	102	19	5
12125	4	126	24	7
12126	4	159	28	12
12127	2	75	25	10
12128	2	66	14	3
12129	2	26	12	3
12130	2	33	7	2
12131	2	102	15	5
12132	2	57	21	8
12133	2	42	15	4
12134	2	37	11	2
12135	2	75	15	5
12136	2	150	21	8
12137	4	138	21	9
12138	4	162	27	12
12139	2	156	23	9
12140	2	102	13	4
12141	2	20	11	3
12142	4	120	22	7
12143	2	51	8	2
12144	6	120	27	9
12145	2	39	12	3
12146	2	22	13	3
12147	2	192	26	10
12148	2	21	12	3
12149	2	45	10	3
12150	2	69	13	4
12151	2	16	14	3
12152	4	171	24	10
12153	2	93	15	5
12154	2	17	14	4
12155	2	84	11	3
12156	4	120	24	8
12157	4	132	22	8
12158	2	33	7	2
12159	2	84	13	4
12160	2	20	10	2
12161	2	21	12	3
12162	2	21	14	4
12163	2	120	13	4
12164	2	81	13	4
12165	4	126	22	7
12166	2	30	7	2
12167	4	126	22	7
12168	2	102	17	6
12169	2	132	20	8
12170	4	120	24	8
12171	2	108	15	5
12172	4	132	25	8
12173	2	39	13	3
12174	2	18	11	3
12175	2	117	17	6
12176	2	174	23	9
12177	2	19	13	3
12178	2	105	16	6
12179	4	171	24	10
12180	2	20	10	2
12181	2	17	11	3
12182	4	126	23	9
12183	2	114	15	5
12184	4	126	21	9
12185	2	132	17	6
12186	4	132	22	8
12187	4	96	20	6
12188	2	153	21	8
12189	2	186	27	11
12190	2	17	10	2
12191	4	171	24	10
12192	2	111	15	5
12193	2	99	27	11
12194	4	126	21	10
12195	4	96	19	4
12196	2	40	14	3
12197	4	168	28	12
12198	6	114	28	9
12199	2	57	17	6
12200	2	156	19	7
12201	2	19	10	2
12202	2	63	11	2
12203	4	132	22	7
12204	4	132	24	7
12205	4	90	21	6
12206	2	144	19	7
12207	4	132	24	7
12208	2	156	19	7
12209	2	75	15	5
12210	2	21	11	3
12211	4	141	24	11
12212	4	135	23	10
12213	2	162	21	8
12214	2	138	17	6
12215	2	180	21	8
12216	2	42	15	4
12217	2	19	12	3
12218	2	22	13	3
12219	4	132	25	9
12220	4	135	24	12
12221	2	63	19	7
12222	2	144	17	6
12223	2	22	12	3
12224	2	132	19	7
12225	4	93	19	4
12226	2	18	15	4
12227	2	84	15	5
12228	2	84	15	5
12229	2	150	19	7
12230	4	162	27	12
12231	4	159	25	10
12232	2	64	12	3
12233	4	93	21	5
12234	2	150	23	9
12235	2	42	15	4
12236	2	168	19	7
12237	4	126	25	7
12238	2	51	12	3
12239	2	51	8	2
12240	2	69	17	6
12241	2	16	14	3
12242	2	33	10	5
12243	4	177	25	10
12244	4	126	24	7
12245	4	162	24	10
12246	2	15	13	3
12247	4	168	25	10
12248	2	81	13	4
12249	2	51	8	2
12250	4	126	24	7
12251	2	66	11	3
12252	4	93	22	6
12253	2	21	12	3
12254	2	21	12	3
12255	4	132	21	9
12256	4	162	24	10
12257	2	33	7	2
12258	2	69	14	4
12259	2	66	13	4
12260	6	120	26	8
12261	4	126	21	10
12262	2	108	15	5
12263	4	120	24	7
12264	2	16	13	3
12265	2	15	13	3
12266	2	51	13	4
12267	4	63	17	5
12268	2	156	19	7
12269	4	138	22	7
12270	2	19	12	3
12271	4	132	21	10
12272	2	40	13	3
12273	2	20	11	3
12274	2	93	14	5
12275	2	93	19	7
12276	2	65	13	3
12277	4	57	16	5
12278	2	75	17	6
12279	2	144	17	6
12280	2	19	12	3
12281	4	138	22	8
12282	4	141	24	12
12283	2	22	12	3
12284	2	33	7	2
12285	4	159	28	12
12286	2	65	13	3
12287	2	75	23	9
12288	4	168	25	10
12289	4	159	25	10
12290	2	84	12	4
12291	4	132	21	9
12292	4	102	19	5
12293	4	132	25	7
12294	2	66	13	4
12295	4	126	26	7
12296	2	23	13	4
12297	2	19	13	3
12298	2	21	12	3
12299	2	156	21	8
12300	2	17	14	4
12301	2	123	22	9
12302	2	96	13	4
12303	2	126	15	5
12304	4	141	25	12
12305	2	21	12	3
12306	2	93	15	5
12307	4	90	21	6
12308	4	168	25	10
12309	4	126	22	8
12310	4	126	22	7
12311	2	24	14	4
12312	2	63	10	3
12313	4	96	19	5
12314	2	69	16	5
12315	4	132	24	7
12316	2	51	8	2
12317	2	150	21	8
12318	2	42	15	4
12319	4	126	21	9
12320	2	99	19	7
12321	4	132	22	7
12322	4	129	24	11
12323	2	18	11	3
12324	4	126	24	7
12325	2	22	12	3
12326	2	15	13	3
12327	4	102	19	5
12328	2	123	13	4
12329	2	45	8	2
12330	4	159	25	10
12331	4	168	25	10
12332	4	159	25	10
12333	4	126	22	8
12334	4	141	22	10
12335	2	147	20	7
12336	2	21	12	3
12337	6	120	26	8
12338	2	138	19	7
12339	4	159	25	10
12340	2	99	17	6
12341	4	141	24	11
12342	2	40	14	3
12343	4	132	22	10
12344	2	120	15	5
12345	2	192	19	7
12346	2	22	13	3
12347	2	135	19	7
12348	2	19	11	2
12349	4	141	24	11
12350	2	39	13	3
12351	2	144	19	7
12352	2	87	13	4
12353	2	87	13	4
12354	4	132	22	7
12355	2	168	19	7
12356	2	36	7	2
12357	4	126	24	7
12358	4	63	19	7
12359	4	135	23	10
12360	2	84	15	5
12361	4	159	25	10
12362	2	174	23	9
12363	2	57	16	5
12364	2	16	13	3
12365	4	126	24	8
12366	2	65	13	3
12367	2	21	14	4
12368	2	132	17	6
12369	2	180	21	8
12370	2	93	15	5
12371	2	192	25	10
12372	2	22	12	3
12373	2	63	25	10
12374	2	87	14	5
12375	2	57	8	2
12376	2	75	13	4
12377	2	57	8	2
12378	2	69	16	6
12379	2	81	15	5
12380	2	21	12	3
12381	4	171	27	12
12382	4	93	19	4
12383	4	162	24	10
12384	2	51	15	5
12385	2	93	15	5
12386	4	120	24	8
12387	2	81	17	6
12388	2	138	17	6
12389	2	39	13	3
12390	2	81	11	3
12391	4	99	21	6
12392	4	132	21	9
12393	2	65	13	3
12394	2	39	13	3
12395	2	87	16	6
12396	2	22	13	3
12397	6	120	26	8
12398	2	39	12	3
12399	2	15	12	3
12400	4	102	19	5
12401	2	21	12	3
12402	2	138	19	7
12403	2	15	13	3
12404	6	126	27	8
12405	2	132	21	8
12406	2	192	23	9
12407	2	65	13	3
12408	2	66	13	4
12409	2	41	14	4
12410	2	123	18	6
12411	2	117	19	7
12412	4	132	21	10
12413	2	16	14	3
12414	4	126	21	9
12415	4	159	31	14
12416	2	81	15	5
12417	2	75	13	4
12418	2	84	11	3
12419	2	36	11	2
12420	2	18	12	3
12421	2	120	15	5
12422	2	180	23	9
12423	2	120	18	6
12424	2	180	25	10
12425	2	180	17	6
12426	2	75	15	5
12427	2	114	13	4
12428	2	79	21	8
12429	2	21	14	4
12430	2	63	15	5
12431	2	186	25	10
12432	6	126	27	8
12433	2	138	17	6
12434	2	51	10	3
12435	4	162	27	12
12436	2	66	14	3
12437	2	57	19	7
12438	4	96	21	5
12439	2	23	13	4
12440	6	120	29	10
12441	4	135	21	9
12442	2	102	15	5
12443	2	66	14	3
12444	2	168	19	7
12445	4	162	27	12
12446	2	40	14	3
12447	2	75	17	6
12448	4	132	24	7
12449	4	132	22	8
12450	2	51	8	2
12451	4	96	19	5
12452	2	81	17	6
12453	4	147	23	10
12454	2	17	14	4
12455	4	132	22	7
12456	2	45	8	2
12457	2	16	10	2
12458	2	33	7	2
12459	2	126	19	7
12460	4	132	22	8
12461	4	126	21	9
12462	4	132	21	9
12463	2	99	19	7
12464	2	26	12	3
12465	4	132	21	10
12466	4	126	22	8
12467	4	132	24	7
12468	2	21	14	4
12469	4	120	23	7
12470	2	138	17	6
12471	2	174	23	9
12472	2	84	13	4
12473	2	18	11	3
12474	2	75	15	5
12475	4	135	23	10
12476	2	15	12	3
12477	4	159	25	10
12478	4	171	24	10
12479	2	156	21	8
12480	4	120	22	8
12481	2	174	23	9
12482	4	171	24	10
12483	2	81	17	6
12484	2	153	17	6
12485	4	132	24	7
12486	4	171	24	10
12487	2	168	21	8
12488	2	16	13	3
12489	4	168	25	10
12490	4	171	27	12
12491	2	13	11	2
12492	4	126	24	8
12493	2	75	15	5
12494	4	132	22	7
12495	4	141	23	11
12496	4	168	25	10
12497	2	69	12	4
12498	2	18	12	3
12499	4	132	22	8
12500	4	132	22	10
12501	4	126	26	7
12502	4	126	22	7
12503	2	144	17	6
12504	2	51	11	3
12505	2	18	11	3
12506	2	66	13	4
12507	2	123	20	8
12508	2	18	15	4
12509	2	174	25	10
12510	2	174	19	7
12511	2	66	10	2
12512	2	22	13	3
12513	2	159	21	8
12514	4	60	18	5
12515	2	87	15	5
12516	2	87	13	4
12517	2	132	17	6
12518	4	120	23	10
12519	2	40	13	3
12520	2	30	12	4
12521	2	39	13	3
12522	2	39	13	3
12523	2	153	21	8
12524	2	14	11	2
12525	4	162	24	10
12526	2	51	8	2
12527	2	93	19	7
12528	2	96	13	4
12529	2	99	18	7
12530	4	171	24	10
12531	2	105	20	8
12532	2	105	11	3
12533	2	60	13	4
12534	6	114	27	9
12535	4	126	22	7
12536	2	63	11	2
12537	2	14	11	2
12538	4	171	27	12
12539	2	18	12	3
12540	2	108	13	4
12541	2	57	10	3
12542	2	111	15	5
12543	4	132	21	10
12544	2	75	17	6
12545	2	138	15	5
12546	4	96	20	5
12547	2	40	13	3
12548	4	132	22	7
12549	4	126	23	8
12550	2	40	13	3
12551	2	40	13	3
12552	2	87	14	5
12553	2	78	13	4
12554	2	84	15	5
12555	2	66	14	3
12556	2	57	15	5
12557	2	192	24	10
12558	4	126	24	7
12559	2	141	16	5
12560	2	18	12	3
12561	2	69	11	3
12562	2	87	15	5
12563	4	93	21	5
12564	4	159	25	10
12565	2	19	12	3
12566	2	84	15	5
12567	2	65	13	3
12568	2	19	13	3
12569	2	21	12	3
12570	2	93	17	6
12571	2	198	23	9
12572	2	186	25	10
12573	2	186	21	8
12574	2	180	23	9
12575	2	69	13	4
12576	4	159	25	10
12577	4	159	25	10
12578	4	96	21	5
12579	2	24	14	4
12580	2	30	7	2
12581	2	174	21	8
12582	4	126	24	8
12583	2	168	23	9
12584	2	21	12	3
12585	4	96	19	5
12586	2	15	13	3
12587	2	75	19	7
12588	6	120	25	7
12589	2	40	13	3
12590	4	126	24	7
12591	2	40	14	3
12592	2	57	15	5
12593	2	111	14	4
12594	6	126	25	7
12595	2	40	13	3
12596	2	51	12	4
12597	2	60	13	4
12598	2	156	20	8
12599	2	138	17	6
12600	2	40	13	3
12601	4	135	24	11
12602	2	42	15	4
12603	4	132	24	7
12604	4	129	24	11
12605	4	135	23	11
12606	4	141	24	12
12607	4	99	20	5
12608	2	17	11	3
12609	4	96	21	6
12610	2	42	15	4
12611	2	22	12	3
12612	2	75	15	5
12613	4	132	22	7
12614	2	16	13	3
12615	2	156	17	6
12616	4	162	27	12
12617	2	21	12	3
12618	2	102	13	4
12619	4	132	21	9
12620	2	66	10	2
12621	6	132	25	7
12622	4	132	22	8
12623	2	81	15	5
12624	2	23	13	4
12625	2	21	12	3
12626	2	40	13	3
12627	2	42	15	4
12628	2	18	12	3
12629	2	186	27	11
12630	4	126	25	9
12631	4	96	21	5
12632	2	66	13	4
12633	4	132	25	9
12634	2	198	25	10
12635	2	16	13	3
12636	2	84	13	4
12637	2	38	12	3
12638	4	126	24	7
12639	4	126	24	8
12640	2	40	13	3
12641	2	57	11	3
12642	4	87	20	4
12643	4	126	24	7
12644	2	21	12	3
12645	4	180	24	10
12646	2	73	21	8
12647	2	16	13	3
12648	2	17	11	3
12649	2	93	19	7
12650	2	42	15	4
12651	2	40	13	3
12652	2	168	21	8
12653	2	138	17	6
12654	2	66	13	4
12655	2	174	17	6
12656	2	108	17	6
12657	2	132	19	7
12658	2	15	13	3
12659	2	39	13	3
12660	4	162	24	10
12661	2	18	15	4
12662	6	126	31	11
12663	4	126	21	10
12664	4	132	22	7
12665	2	20	10	2
12666	2	75	13	4
12667	2	111	15	5
12668	4	132	24	7
12669	4	132	24	8
12670	2	180	25	10
12671	4	126	21	9
12672	4	102	21	6
12673	4	132	24	7
12674	4	93	22	7
12675	2	123	20	8
12676	2	42	15	4
12677	4	93	21	6
12678	2	114	13	4
12679	4	60	18	5
12680	2	32	7	2
12681	2	39	13	3
12682	4	126	21	10
12683	4	168	25	10
12684	4	162	24	10
12685	2	38	11	2
12686	2	22	13	3
12687	2	39	13	3
12688	2	75	15	5
12689	2	81	11	3
12690	2	33	7	2
12691	2	42	15	4
12692	2	105	15	5
12693	2	180	23	9
12694	2	120	15	5
12695	2	186	25	10
12696	2	75	15	5
12697	2	20	13	4
12698	2	21	12	3
12699	4	132	22	8
12700	2	65	13	3
12701	4	141	23	10
12702	4	159	25	10
12703	2	16	13	3
12704	2	51	10	3
12705	4	135	26	11
12706	2	168	23	9
12707	2	21	12	3
12708	2	168	21	8
12709	2	33	9	4
12710	4	162	24	10
12711	4	96	21	6
12712	4	126	23	9
12713	2	51	8	2
12714	2	66	13	4
12715	2	65	13	3
12716	2	57	15	5
12717	4	135	24	12
12718	2	57	10	3
12719	2	33	9	4
12720	4	93	19	4
12721	2	150	19	7
12722	2	84	13	4
12723	2	108	15	5
12724	4	171	24	10
12725	2	150	17	6
12726	4	93	21	5
12727	4	126	25	7
12728	2	16	14	3
12729	4	159	25	10
12730	2	81	11	3
12731	4	132	24	7
12732	2	40	14	3
12733	2	19	10	2
12734	2	13	11	2
12735	4	63	17	5
12736	2	75	29	12
12737	2	15	13	3
12738	2	135	17	6
12739	2	102	13	4
12740	4	126	21	9
12741	4	135	21	9
12742	4	96	21	6
12743	2	17	14	4
12744	4	150	28	12
12745	2	150	21	8
12746	2	180	23	9
12747	2	40	13	3
12748	2	75	17	6
12749	2	18	15	4
12750	4	135	23	10
12751	2	39	13	3
12752	2	17	14	4
12753	2	132	19	7
12754	2	63	19	7
12755	4	102	19	4
12756	4	159	25	10
12757	2	51	11	3
12758	2	174	19	7
12759	2	57	11	3
12760	2	93	15	5
12761	2	168	23	9
12762	2	66	11	3
12763	4	150	25	10
12764	4	162	24	10
12765	4	126	22	8
12766	2	156	17	6
12767	4	126	21	9
12768	2	132	19	7
12769	4	132	22	11
12770	4	126	25	8
12771	2	87	13	4
12772	2	14	12	3
12773	4	132	22	7
12774	4	159	25	10
12775	4	132	24	7
12776	2	102	15	5
12777	4	168	25	10
12778	2	15	12	3
12779	2	114	19	7
12780	2	144	19	7
12781	4	159	25	10
12782	2	39	12	3
12783	2	22	12	3
12784	2	63	12	4
12785	2	192	23	9
12786	4	132	24	8
12787	2	111	15	5
12788	2	69	17	6
12789	4	129	24	11
12790	4	102	21	6
12791	4	132	21	9
12792	2	105	17	6
12793	2	15	13	3
12794	4	132	23	8
12795	2	132	19	7
12796	2	150	19	7
12797	4	120	26	8
12798	2	63	10	3
12799	2	39	13	3
12800	4	132	21	9
12801	4	102	19	5
12802	4	126	22	7
12803	2	57	13	4
12804	2	81	17	6
12805	2	63	15	5
12806	2	21	12	3
12807	4	132	25	11
12808	4	93	22	6
12809	4	96	19	4
12810	2	57	8	2
12811	2	120	15	5
12812	2	87	21	8
12813	4	168	28	12
12814	2	42	15	4
12815	4	141	24	11
12816	2	18	12	3
12817	6	120	28	10
12818	2	20	11	3
12819	4	126	22	7
12820	4	171	27	12
12821	2	15	13	3
12822	2	150	21	8
12823	2	75	15	5
12824	2	75	15	5
12825	2	42	15	4
12826	4	126	24	8
12827	2	21	14	4
12828	2	39	12	3
12829	2	87	18	7
12830	2	21	14	4
12831	2	60	13	4
12832	2	71	19	7
12833	2	40	14	3
12834	2	69	15	5
12835	4	159	25	10
12836	4	162	24	10
12837	2	18	12	3
12838	2	66	14	3
12839	4	132	21	10
12840	2	51	11	3
12841	2	93	21	8
12842	4	159	25	10
12843	2	162	19	7
12844	4	126	21	9
12845	4	126	21	9
12846	2	18	12	3
12847	4	141	22	10
12848	2	168	19	7
12849	4	126	22	7
12850	2	81	15	5
12851	4	63	17	5
12852	2	132	17	6
12853	2	23	13	4
12854	4	168	28	12
12855	4	102	21	6
12856	4	126	22	7
12857	2	144	17	6
12858	4	171	27	12
12859	2	63	11	2
12860	2	21	12	3
12861	2	63	15	5
12862	2	93	11	3
12863	4	135	23	11
12864	4	171	27	12
12865	2	114	19	7
12866	2	66	11	3
12867	2	117	19	7
12868	4	141	25	12
12869	2	51	8	2
12870	2	17	11	3
12871	2	132	17	6
12872	6	126	27	8
12873	4	135	23	11
12874	2	105	18	7
12875	2	19	12	3
12876	2	16	14	3
12877	2	87	15	5
12878	2	75	17	6
12879	4	150	25	10
12880	2	75	15	5
12881	4	126	21	10
12882	2	81	13	4
12883	2	66	11	3
12884	2	132	19	7
12885	2	22	12	3
12886	4	126	22	7
12887	2	66	13	4
12888	2	75	21	8
12889	2	168	19	7
12890	2	22	13	3
12891	2	39	13	3
12892	4	120	21	10
12893	4	132	22	8
12894	4	126	24	7
12895	2	81	13	4
12896	4	132	22	8
12897	2	15	12	3
12898	2	153	19	7
12899	2	87	17	6
12900	2	65	13	3
12901	4	126	24	7
12902	2	84	11	3
12903	2	65	13	3
12904	2	57	17	6
12905	2	39	12	3
12906	2	66	11	3
12907	2	150	19	7
12908	2	132	17	6
12909	2	75	15	5
12910	4	132	23	9
12911	2	120	17	6
12912	2	65	13	3
12913	4	126	21	9
12914	4	126	22	7
12915	4	132	21	10
12916	2	144	17	6
12917	4	132	24	8
12918	2	21	11	3
12919	2	75	19	7
12920	2	180	27	11
12921	2	66	13	4
12922	2	19	13	3
12923	4	132	24	7
12924	4	159	28	12
12925	2	84	13	4
12926	4	57	16	5
12927	4	132	21	10
12928	2	174	21	8
12929	4	132	21	9
12930	4	126	24	8
12931	4	87	20	4
12932	4	102	19	5
12933	4	126	21	10
12934	2	19	13	3
12935	4	126	24	7
12936	2	75	13	4
12937	4	168	25	10
12938	2	22	12	3
12939	2	66	13	4
12940	2	198	21	8
12941	2	75	17	6
12942	4	168	25	10
12943	4	153	24	10
12944	2	81	13	4
12945	2	19	12	3
12946	2	120	17	6
12947	2	57	8	2
12948	4	120	24	8
12949	4	126	22	8
12950	2	39	13	3
12951	2	138	21	8
12952	2	117	14	4
12953	4	171	27	12
12954	4	162	27	12
12955	2	84	13	4
12956	4	126	23	8
12957	2	132	21	8
12958	2	20	11	3
12959	2	22	12	3
12960	4	126	21	10
12961	2	117	15	5
12962	4	135	24	11
12963	4	126	22	7
12964	2	39	13	3
12965	2	150	17	6
12966	4	168	28	12
12967	2	192	23	9
12968	4	63	17	5
12969	4	150	28	12
12970	2	18	12	3
12971	2	144	17	6
12972	2	40	13	3
12973	4	150	25	10
12974	4	126	21	10
12975	4	162	24	10
12976	2	93	14	5
12977	2	22	13	3
12978	2	20	11	3
12979	2	123	19	7
12980	2	186	25	10
12981	4	171	27	12
12982	2	144	21	8
12983	2	123	19	7
12984	2	93	19	7
12985	4	126	22	7
12986	2	18	12	3
12987	2	22	13	3
12988	4	159	25	10
12989	2	99	18	6
12990	2	16	14	3
12991	4	135	22	10
12992	2	18	12	3
12993	2	66	13	4
12994	2	18	15	4
12995	2	75	17	6
12996	2	144	19	7
12997	2	60	13	4
12998	4	126	23	7
12999	2	93	15	5
13000	4	132	22	8
13001	2	21	12	3
13002	4	126	21	9
13003	4	102	19	5
13004	2	51	8	2
13005	4	132	24	7
13006	4	135	23	10
13007	2	174	23	9
13008	4	150	28	12
13009	2	75	15	5
13010	4	102	21	6
13011	2	123	20	8
13012	2	186	26	10
13013	2	41	14	4
13014	2	84	13	4
13015	2	21	12	3
13016	2	18	15	4
13017	2	81	17	6
13018	2	132	17	6
13019	6	120	27	8
13020	2	132	17	6
13021	2	93	17	6
13022	2	138	19	7
13023	2	19	12	3
13024	4	141	23	10
13025	4	171	24	10
13026	2	138	17	6
13027	2	21	11	3
13028	2	15	13	3
13029	4	129	24	11
13030	2	57	13	4
13031	2	114	17	6
13032	4	141	23	10
13033	2	75	15	5
13034	4	150	28	12
13035	6	126	28	9
13036	2	102	15	5
13037	6	120	27	8
13038	2	93	15	5
13039	4	162	24	10
13040	6	120	25	7
13041	2	40	13	3
13042	4	132	24	7
13043	4	147	23	10
13044	4	141	23	10
13045	2	65	13	3
13046	2	19	10	2
13047	4	132	21	9
13048	2	168	19	7
13049	4	132	23	9
13050	2	15	12	3
13051	2	132	19	7
13052	4	132	24	8
13053	4	96	21	6
13054	2	21	12	3
13055	4	159	25	10
13056	2	39	12	3
13057	2	39	12	3
13058	4	126	22	7
13059	4	63	19	7
13060	2	39	13	3
13061	4	162	24	10
13062	2	75	13	4
13063	2	21	14	4
13064	2	66	13	4
13065	2	186	29	12
13066	4	162	27	12
13067	4	135	24	11
13068	2	19	13	3
13069	4	159	25	10
13070	4	120	24	7
13071	2	84	11	3
13072	4	168	25	10
13073	2	99	19	7
13074	2	150	19	7
13075	2	99	13	4
13076	6	120	25	7
13077	2	16	13	3
13078	4	162	24	10
13079	4	135	26	11
13080	2	19	12	3
13081	4	180	24	10
13082	4	120	22	7
13083	4	132	23	9
13084	2	19	12	3
13085	4	135	21	9
13086	2	81	21	8
13087	2	51	8	2
13088	4	93	20	4
13089	2	60	10	2
13090	2	78	11	3
13091	4	135	23	10
13092	2	75	19	7
13093	4	168	25	10
13094	4	96	19	5
13095	2	120	17	6
13096	4	168	25	10
13097	4	141	26	11
13098	4	126	22	7
13099	2	21	12	3
13100	4	120	24	7
13101	4	96	20	4
13102	6	120	25	7
13103	2	18	12	3
13104	4	171	24	10
13105	2	117	17	6
13106	2	180	25	10
13107	2	120	17	6
13108	4	168	28	12
13109	2	21	14	4
13110	2	19	12	3
13111	2	42	15	4
13112	2	19	12	3
13113	2	93	18	7
13114	4	126	22	7
13115	2	114	13	4
13116	4	162	27	12
13117	2	60	13	4
13118	2	75	15	5
13119	4	126	22	7
13120	2	21	11	3
13121	2	69	12	4
13122	2	20	13	4
13123	2	51	8	2
13124	2	22	13	3
13125	4	120	21	9
13126	2	65	13	3
13127	2	69	13	4
13128	2	69	17	6
13129	2	180	23	9
13130	2	153	20	7
13131	2	37	11	2
13132	2	99	13	4
13133	4	168	25	10
13134	4	96	21	5
13135	4	126	22	7
13136	2	117	19	7
13137	2	51	10	3
13138	2	102	13	4
13139	2	42	15	4
13140	4	126	22	7
13141	2	18	12	3
13142	2	84	13	4
13143	2	51	8	2
13144	2	14	12	3
13145	2	38	12	3
13146	4	132	24	7
13147	2	114	13	4
13148	2	75	19	7
13149	4	135	23	11
13150	2	87	16	6
13151	2	87	17	6
13152	4	57	16	5
13153	2	174	23	9
13154	2	21	12	3
13155	2	22	13	3
13156	2	16	13	3
13157	4	126	24	7
13158	4	126	21	10
13159	2	69	12	4
13160	4	171	24	10
13161	2	93	15	5
13162	4	159	25	10
13163	2	21	14	4
13164	6	120	26	8
13165	4	126	24	8
13166	2	38	12	3
13167	2	75	14	4
13168	2	99	17	6
13169	2	156	19	7
13170	4	132	24	8
13171	4	159	28	12
13172	6	126	25	7
13173	2	66	13	4
13174	2	93	15	5
13175	2	99	16	6
13176	2	39	13	3
13177	4	96	19	5
13178	2	102	15	5
13179	2	162	23	9
13180	2	144	17	6
13181	2	186	25	10
13182	2	111	15	5
13183	4	153	24	10
13184	2	33	7	2
13185	6	120	27	8
13186	4	159	28	12
13187	2	117	15	5
13188	2	150	19	7
13189	2	156	21	8
13190	2	102	13	4
13191	2	60	13	4
13192	2	24	14	4
13193	2	93	11	3
13194	2	192	19	7
13195	2	186	23	9
13196	2	87	15	5
13197	4	171	24	10
13198	2	15	13	3
13199	2	84	11	3
13200	2	120	13	4
13201	2	19	13	3
13202	2	66	13	4
13203	4	126	23	7
13204	2	19	13	3
13205	4	159	31	14
13206	2	87	13	4
13207	4	135	24	11
13208	4	171	24	10
13209	2	168	23	9
13210	2	19	12	3
13211	4	132	21	10
13212	2	93	21	8
13213	2	84	13	4
13214	6	120	28	9
13215	2	57	23	9
13216	2	81	15	5
13217	4	126	21	10
13218	4	153	24	10
13219	4	159	25	10
13220	2	105	17	6
13221	2	117	18	7
13222	4	141	22	10
13223	4	171	27	12
13224	2	60	10	2
13225	4	90	19	4
13226	2	69	17	6
13227	2	40	13	3
13228	2	66	10	2
13229	2	39	13	3
13230	2	180	19	7
13231	2	150	23	9
13232	2	39	13	3
13233	4	150	28	12
13234	2	39	13	3
13235	2	21	11	3
13236	2	21	12	3
13237	4	141	24	11
13238	2	192	23	9
13239	2	126	15	5
13240	2	16	14	3
13241	4	171	24	10
13242	2	21	14	4
13243	2	17	11	3
13244	4	126	21	9
13245	4	153	24	10
13246	2	57	10	3
13247	4	132	22	8
13248	2	120	15	5
13249	2	99	11	3
13250	4	126	25	8
13251	2	16	13	3
13252	4	132	24	7
13253	4	171	24	10
13254	4	159	25	10
13255	2	102	13	4
13256	6	114	25	7
13257	2	75	15	5
13258	2	120	17	6
13259	2	84	11	3
13260	6	120	25	7
13261	4	135	22	10
13262	2	24	14	4
13263	2	66	11	3
13264	2	168	19	7
13265	2	51	11	3
13266	2	14	12	3
13267	2	21	12	3
13268	2	84	13	4
13269	6	120	26	8
13270	2	22	12	3
13271	2	66	14	3
13272	4	162	24	10
13273	4	126	21	9
13274	4	171	27	12
13275	2	150	17	6
13276	6	126	25	7
13277	4	132	24	7
13278	2	51	12	4
13279	2	17	10	2
13280	2	81	19	7
13281	4	162	27	12
13282	2	78	13	4
13283	2	126	15	5
13284	2	102	13	4
13285	2	75	17	6
13286	4	159	25	10
13287	2	51	10	3
13288	4	96	22	6
13289	4	126	21	9
13290	2	192	21	8
13291	2	22	12	3
13292	4	132	23	8
13293	2	99	14	5
13294	2	51	14	4
13295	6	120	26	8
13296	4	135	23	10
13297	4	126	24	7
13298	2	132	17	6
13299	6	126	26	8
13300	2	21	12	3
13301	2	19	12	3
13302	2	17	14	4
13303	4	168	25	10
13304	2	57	8	2
13305	2	19	13	3
13306	2	16	13	3
13307	4	126	25	9
13308	2	66	13	4
13309	2	111	15	5
13310	4	159	25	10
13311	2	78	13	4
13312	4	120	25	9
13313	6	126	26	8
13314	4	126	23	8
13315	2	66	10	2
13316	2	84	13	4
13317	4	132	24	7
13318	2	168	23	9
13319	4	126	23	8
13320	2	81	19	7
13321	4	141	24	11
13322	4	132	21	9
13323	4	93	21	6
13324	4	126	23	7
13325	2	66	11	3
13326	2	18	15	4
13327	2	42	15	4
13328	4	120	23	8
13329	4	141	24	11
13330	2	39	13	3
13331	2	150	23	9
13332	4	99	19	5
13333	2	21	12	3
13334	2	81	19	7
13335	4	141	23	10
13336	2	37	11	2
13337	2	24	14	4
13338	4	126	21	10
13339	2	21	12	3
13340	2	102	15	5
13341	2	66	13	4
13342	2	40	14	3
13343	4	162	27	12
13344	2	102	15	5
13345	2	153	21	8
13346	2	69	13	4
13347	4	150	25	10
13348	2	65	13	3
13349	2	13	11	2
13350	4	93	19	4
13351	2	33	8	2
13352	4	120	21	10
13353	2	22	12	3
13354	2	99	13	4
13355	2	81	14	5
13356	2	24	14	4
13357	2	18	12	3
13358	2	120	15	5
13359	6	120	29	10
13360	2	114	19	7
13361	4	159	25	10
13362	6	114	27	9
13363	2	18	12	3
13364	2	108	13	4
13365	2	186	25	10
13366	4	126	22	7
13367	2	18	15	4
13368	2	18	11	3
13369	2	66	13	4
13370	2	57	11	3
13371	2	66	13	4
13372	2	21	12	3
13373	2	65	13	3
13374	4	168	25	10
13375	2	156	21	8
13376	2	66	13	4
13377	2	87	19	7
13378	2	93	15	5
13379	4	126	21	9
13380	4	126	25	8
13381	2	40	14	3
13382	4	177	25	10
13383	2	81	14	4
13384	2	24	14	4
13385	2	138	17	6
13386	2	81	11	3
13387	4	96	21	6
13388	4	132	21	9
13389	4	132	22	7
13390	2	15	13	3
13391	2	39	13	3
13392	2	144	19	7
13393	2	150	17	6
13394	2	51	12	4
13395	4	135	24	11
13396	4	126	21	9
13397	2	40	14	3
13398	2	75	27	11
13399	2	150	17	6
13400	4	126	21	9
13401	4	126	24	7
13402	2	20	11	3
13403	4	135	25	11
13404	2	138	19	7
13405	4	129	24	11
13406	2	51	8	2
13407	4	132	24	7
13408	2	150	19	7
13409	2	65	12	4
13410	4	126	22	8
13411	4	60	18	5
13412	2	15	13	3
13413	2	198	23	9
13414	4	126	21	9
13415	4	132	23	10
13416	2	18	12	3
13417	2	16	13	3
13418	2	114	17	6
13419	2	20	11	3
13420	2	114	15	5
13421	2	66	14	3
13422	2	117	19	7
13423	2	69	14	4
13424	2	63	11	2
13425	2	22	12	3
13426	2	15	12	3
13427	2	19	13	3
13428	2	66	14	3
13429	2	132	21	8
13430	4	126	22	7
13431	2	75	17	6
13432	2	41	14	4
13433	4	135	22	10
13434	4	90	21	6
13435	2	75	12	4
13436	2	51	15	5
13437	2	84	13	4
13438	2	66	11	3
13439	2	186	21	8
13440	2	19	13	3
13441	4	126	21	9
13442	2	22	13	3
13443	4	147	26	11
13444	2	78	11	3
13445	4	132	24	7
13446	2	105	16	6
13447	2	87	17	6
13448	4	159	28	12
13449	4	168	25	10
13450	4	159	28	12
13451	2	19	10	2
13452	4	138	21	9
13453	2	42	15	4
13454	2	22	13	3
13455	4	120	25	7
13456	2	69	14	5
13457	4	126	21	9
13458	2	150	21	8
13459	4	132	22	7
13460	2	93	11	3
13461	4	132	22	10
13462	2	132	17	6
13463	4	132	23	9
13464	4	126	21	9
13465	2	41	14	4
13466	4	132	24	8
13467	4	150	25	10
13468	4	171	24	10
13469	2	40	14	3
13470	2	81	11	3
13471	2	40	13	3
13472	2	20	11	3
13473	4	93	20	6
13474	4	126	22	8
13475	2	15	13	3
13476	4	96	19	5
13477	2	156	22	8
13478	2	51	16	6
13479	4	63	17	5
13480	2	87	14	5
13481	2	180	21	8
13482	4	141	22	10
13483	4	171	24	10
13484	2	65	12	4
13485	2	84	11	3
13486	4	168	31	14
13487	2	66	11	3
13488	2	66	13	4
13489	2	22	13	3
13490	4	162	24	10
13491	2	174	23	9
13492	2	138	19	7
13493	2	153	21	8
13494	2	21	12	3
13495	2	21	12	3
13496	2	135	19	7
13497	2	174	19	7
13498	2	81	13	4
13499	2	16	13	3
13500	4	135	22	10
13501	2	22	12	3
13502	4	57	16	5
13503	4	126	21	9
13504	2	51	15	5
13505	2	123	20	8
13506	4	96	23	7
13507	2	19	12	3
13508	2	81	13	4
13509	2	19	10	2
13510	2	66	13	4
13511	2	39	12	3
13512	2	16	13	3
13513	4	60	18	5
13514	2	120	17	6
13515	2	84	11	3
13516	2	21	12	3
13517	2	21	12	3
13518	4	126	25	9
13519	2	65	13	3
13520	2	168	21	8
13521	4	132	22	7
13522	4	141	23	11
13523	2	16	14	3
13524	2	20	11	3
13525	2	65	13	3
13526	2	51	13	4
13527	2	19	13	3
13528	2	75	23	9
13529	2	78	13	4
13530	2	81	17	6
13531	2	21	12	3
13532	2	93	15	5
13533	6	120	25	7
13534	2	19	13	3
13535	2	21	12	3
13536	4	159	25	10
13537	4	150	25	10
13538	2	174	23	9
13539	2	66	14	3
13540	2	150	19	7
13541	2	66	14	3
13542	2	156	17	6
13543	4	171	27	12
13544	2	65	13	3
13545	2	129	19	7
13546	2	114	17	6
13547	2	65	13	3
13548	4	138	32	11
13549	4	105	19	5
13550	2	21	14	4
13551	4	168	25	10
13552	2	42	15	4
13553	2	99	15	5
13554	2	174	23	9
13555	2	40	13	3
13556	4	132	21	9
13557	4	126	23	9
13558	2	40	13	3
13559	2	66	14	3
13560	2	18	15	4
13561	4	132	24	7
13562	2	102	17	6
13563	2	186	21	8
13564	4	132	24	7
13565	2	81	11	3
13566	2	16	10	2
13567	4	132	22	7
13568	2	69	15	5
13569	4	132	22	7
13570	2	21	12	3
13571	2	129	19	7
13572	2	21	12	3
13573	4	138	22	7
13574	4	132	20	9
13575	2	138	20	8
13576	4	87	21	6
13577	2	21	12	3
13578	4	132	24	9
13579	4	93	20	5
13580	4	126	22	10
13581	4	168	25	10
13582	2	66	13	4
13583	2	180	27	11
13584	4	177	25	10
13585	2	39	13	3
13586	2	138	17	6
13587	2	93	19	7
13588	2	22	12	3
13589	2	40	13	3
13590	4	141	22	10
13591	2	20	11	3
13592	2	18	15	4
13593	2	102	15	5
13594	2	63	12	4
13595	4	96	22	6
13596	4	159	25	10
13597	2	69	12	4
13598	4	126	21	9
13599	2	156	19	7
13600	2	120	17	6
13601	2	33	7	2
13602	4	168	28	12
13603	2	75	21	8
13604	4	132	22	7
13605	2	123	18	7
13606	4	132	21	9
13607	2	21	12	3
13608	4	93	21	6
13609	2	40	13	3
13610	2	69	12	4
13611	2	18	12	3
13612	2	84	13	4
13613	2	21	12	3
13614	4	120	24	8
13615	4	171	27	12
13616	4	132	21	9
13617	2	102	15	5
13618	4	159	25	10
13619	2	65	13	3
13620	2	135	21	8
13621	2	96	13	4
13622	4	126	25	8
13623	4	135	24	12
13624	4	171	27	12
13625	2	18	12	3
13626	4	132	22	7
13627	2	150	20	8
13628	4	147	24	11
13629	2	23	13	4
13630	4	135	26	11
13631	2	111	17	6
13632	2	162	23	9
13633	4	141	23	10
13634	4	132	21	9
13635	4	168	25	10
13636	2	135	17	6
13637	2	40	13	3
13638	2	66	11	3
13639	4	126	23	8
13640	2	38	11	2
13641	4	132	24	8
13642	4	141	23	10
13643	4	87	21	6
13644	2	78	13	4
13645	2	126	15	5
13646	2	69	12	4
13647	2	65	13	3
13648	2	75	17	6
13649	2	22	13	3
13650	2	18	12	3
13651	2	75	15	5
13652	2	150	19	7
13653	6	126	26	8
13654	2	120	17	6
13655	4	141	22	10
13656	2	120	19	7
13657	2	102	13	4
13658	2	57	15	5
13659	2	93	21	8
13660	2	13	11	2
13661	2	96	13	4
13662	4	132	21	9
13663	2	39	13	3
13664	2	39	13	3
13665	2	24	14	4
13666	2	78	11	3
13667	4	138	23	8
13668	2	192	25	10
13669	2	41	14	4
13670	2	18	15	4
13671	4	168	25	10
13672	4	57	16	5
13673	2	81	15	5
13674	2	39	12	3
13675	2	51	10	3
13676	2	102	15	5
13677	4	120	22	7
13678	2	19	12	3
13679	2	99	17	6
13680	2	96	15	5
13681	4	168	25	10
13682	2	84	11	3
13683	4	141	24	11
13684	2	168	23	9
13685	6	120	27	9
13686	6	126	27	8
13687	2	21	10	2
13688	2	16	13	3
13689	2	153	19	7
13690	2	19	13	3
13691	2	19	12	3
13692	4	126	21	9
13693	2	39	12	3
13694	2	81	13	4
13695	4	171	27	12
13696	4	96	19	5
13697	4	141	23	10
13698	2	41	14	4
13699	4	168	25	10
13700	4	159	28	12
13701	4	93	19	4
13702	4	135	23	10
13703	4	168	25	10
13704	2	40	13	3
13705	2	19	12	3
13706	2	102	13	4
13707	2	40	13	3
13708	4	120	24	7
13709	4	96	21	5
13710	2	186	24	10
13711	4	132	24	8
13712	4	96	20	4
13713	2	81	19	7
13714	2	198	22	8
13715	2	21	12	3
13716	2	38	11	2
13717	2	18	15	4
13718	2	66	11	3
13719	2	66	13	4
13720	2	18	15	4
13721	4	162	24	10
13722	4	150	25	10
13723	6	126	25	7
13724	2	174	23	9
13725	2	20	10	2
13726	4	159	25	10
13727	4	132	24	8
13728	2	111	15	5
13729	4	126	20	9
13730	2	57	8	2
13731	2	105	19	7
13732	2	63	13	4
13733	4	168	28	12
13734	4	135	25	11
13735	4	129	25	11
13736	2	69	19	7
13737	4	93	20	4
13738	2	22	13	3
13739	2	39	12	3
13740	2	138	19	7
13741	2	20	13	4
13742	2	81	17	6
13743	2	21	12	3
13744	2	14	12	3
13745	4	141	24	11
13746	2	66	12	3
13747	2	63	12	4
13748	2	150	19	7
13749	2	22	12	3
13750	4	162	27	12
13751	4	153	24	10
13752	4	132	24	7
13753	4	135	26	11
13754	4	96	19	5
13755	4	120	25	7
13756	2	162	21	8
13757	2	20	10	2
13758	2	174	23	9
13759	2	51	10	3
13760	2	19	12	3
13761	2	45	8	2
13762	2	66	14	3
13763	2	20	11	3
13764	2	120	17	6
13765	4	171	24	10
13766	2	117	17	6
13767	2	16	13	3
13768	2	75	19	7
13769	2	75	21	8
13770	4	99	20	6
13771	2	36	7	2
13772	4	159	28	12
13773	2	18	12	3
13774	4	126	21	9
13775	2	117	15	5
13776	4	162	24	10
13777	2	18	15	4
13778	4	90	21	6
13779	2	120	17	6
13780	2	15	13	3
13781	4	102	19	5
13782	2	39	13	3
13783	2	19	10	2
13784	2	18	11	3
13785	2	72	11	3
13786	4	150	28	12
13787	2	87	17	6
13788	2	36	7	2
13789	2	19	12	3
13790	4	159	25	10
13791	4	102	20	6
13792	2	63	15	5
13793	2	39	12	3
13794	2	21	14	4
13795	4	63	19	7
13796	2	42	15	4
13797	4	126	21	9
13798	2	57	8	2
13799	4	171	27	12
13800	6	126	29	10
13801	2	105	19	7
13802	2	19	12	3
13803	2	20	10	2
13804	4	63	19	7
13805	2	39	13	3
13806	2	150	21	8
13807	4	132	24	8
13808	2	40	13	3
13809	2	39	13	3
13810	4	126	25	7
13811	2	18	15	4
13812	4	141	24	11
13813	2	51	8	2
13814	6	114	25	7
13815	2	111	15	5
13816	2	19	13	3
13817	2	37	11	2
13818	2	30	12	4
13819	2	105	17	6
13820	2	192	21	8
13821	2	75	13	4
13822	2	21	12	3
13823	2	40	13	3
13824	4	126	21	9
13825	4	135	23	10
13826	2	102	15	5
13827	2	22	12	3
13828	2	84	13	4
13829	4	132	21	10
13830	2	63	15	5
13831	2	16	14	3
13832	4	135	24	11
13833	2	174	19	7
13834	2	102	15	5
13835	4	132	22	8
13836	2	16	13	3
13837	2	114	13	4
13838	2	22	12	3
13839	2	198	27	11
13840	2	135	16	5
13841	4	96	20	4
13842	2	69	13	4
13843	2	19	12	3
13844	4	132	23	7
13845	2	19	13	3
13846	2	96	17	6
13847	4	126	22	7
13848	2	147	21	8
13849	2	42	15	4
13850	2	51	8	2
13851	2	19	11	2
13852	2	51	13	4
13853	2	20	11	3
13854	2	40	13	3
13855	2	66	13	4
13856	2	138	19	7
13857	2	186	23	9
13858	2	19	13	3
13859	4	96	19	5
13860	2	30	7	2
13861	4	96	21	6
13862	6	126	27	9
13863	2	186	23	9
13864	2	16	14	3
13865	4	105	19	5
13866	4	171	27	12
13867	2	19	13	3
13868	4	135	23	10
13869	2	186	24	10
13870	2	45	11	3
13871	2	18	12	3
13872	2	75	15	5
13873	2	66	10	2
13874	2	21	12	3
13875	2	168	19	7
13876	2	19	10	2
13877	2	20	13	4
13878	4	93	20	4
13879	2	21	12	3
13880	2	180	23	9
13881	4	159	25	10
13882	2	15	13	3
13883	4	141	22	10
13884	2	21	14	4
13885	4	138	22	8
13886	2	63	21	8
13887	4	132	22	8
13888	2	18	12	3
13889	2	75	17	6
13890	4	171	24	10
13891	4	132	21	10
13892	4	126	24	7
13893	2	84	11	3
13894	4	126	22	7
13895	4	132	24	7
13896	2	16	13	3
13897	2	102	13	4
13898	2	22	13	3
13899	2	144	19	7
13900	4	162	24	10
13901	2	156	21	8
13902	2	57	19	7
13903	4	132	22	7
13904	2	36	7	2
13905	4	132	24	7
13906	4	96	21	6
13907	2	69	12	3
13908	4	126	24	8
13909	4	132	21	9
13910	2	21	12	3
13911	4	141	23	11
13912	4	126	21	9
13913	2	18	11	3
13914	4	93	19	4
13915	2	126	19	7
13916	4	132	24	7
13917	4	132	24	8
13918	2	21	12	3
13919	2	123	21	8
13920	2	51	10	3
13921	4	126	22	8
13922	2	156	20	7
13923	6	120	27	8
13924	2	21	14	4
13925	2	156	20	8
13926	2	174	23	9
13927	2	147	20	7
13928	4	150	25	10
13929	2	40	13	3
13930	4	96	21	6
13931	2	42	15	4
13932	2	19	12	3
13933	2	180	23	9
13934	2	120	15	5
13935	2	24	14	4
13936	2	30	7	2
13937	4	162	24	10
13938	2	22	13	3
13939	2	180	19	7
13940	4	135	24	11
13941	4	132	22	7
13942	2	69	17	6
13943	2	63	11	2
13944	2	37	11	2
13945	2	168	21	8
13946	2	40	13	3
13947	4	120	22	7
13948	2	77	17	6
13949	2	192	23	9
13950	4	120	26	7
13951	2	168	19	7
13952	2	75	19	7
13953	4	132	22	7
13954	2	120	17	6
13955	2	20	11	3
13956	2	174	22	9
13957	2	96	15	5
13958	2	40	14	3
13959	2	63	12	4
13960	4	132	24	8
13961	2	81	19	7
13962	4	126	24	8
13963	2	63	11	2
13964	2	17	11	3
13965	2	87	17	6
13966	4	126	24	8
13967	4	132	22	7
13968	4	129	25	10
13969	2	81	15	5
13970	2	19	12	3
13971	2	75	17	6
13972	2	96	13	4
13973	2	65	13	3
13974	4	132	22	7
13975	2	75	17	6
13976	4	96	21	6
13977	4	126	21	9
13978	2	156	21	8
13979	2	73	19	7
13980	4	93	19	4
13981	2	15	13	3
13982	2	39	13	3
13983	2	81	15	5
13984	2	37	11	2
13985	4	177	25	10
13986	2	15	13	3
13987	2	15	13	3
13988	2	24	14	4
13989	2	156	19	7
13990	4	171	27	12
13991	2	168	19	7
13992	4	126	22	7
13993	2	63	11	2
13994	2	102	15	5
13995	4	126	24	7
13996	2	73	19	7
13997	4	93	19	5
13998	2	66	13	4
13999	4	93	19	4
14000	2	63	19	7
14001	2	174	21	8
14002	4	162	27	12
14003	2	65	13	3
14004	2	66	14	3
14005	2	16	13	3
14006	4	93	21	6
14007	4	162	24	10
14008	2	21	12	3
14009	4	120	24	7
14010	4	171	24	10
14011	2	81	15	5
14012	2	117	18	7
14013	2	75	13	4
14014	2	84	11	3
14015	2	156	19	7
14016	2	39	13	3
14017	4	171	24	10
14018	2	18	12	3
14019	4	135	24	11
14020	4	96	19	5
14021	4	171	24	10
14022	4	57	16	5
14023	2	123	17	6
14024	4	141	24	11
14025	2	36	11	2
14026	2	120	17	6
14027	2	18	12	3
14028	2	23	13	4
14029	2	123	21	8
14030	4	126	21	10
14031	2	192	23	9
14032	2	39	13	3
14033	2	66	13	4
14034	2	17	10	2
14035	4	96	19	5
14036	2	30	7	2
14037	2	24	14	4
14038	4	126	21	9
14039	2	150	21	8
14040	2	20	11	3
14041	2	75	15	5
14042	6	120	26	8
14043	2	117	20	8
14044	2	14	12	3
14045	4	63	18	7
14046	4	93	21	6
14047	4	171	27	12
14048	4	93	22	5
14049	2	132	19	7
14050	2	21	12	3
14051	4	132	24	7
14052	2	81	15	5
14053	4	126	21	9
14054	2	22	13	3
14055	4	171	24	10
14056	2	132	19	7
14057	4	159	28	12
14058	2	39	12	3
14059	2	21	10	2
14060	4	96	19	5
14061	2	63	15	5
14062	2	69	14	5
14063	2	42	15	4
14064	2	16	14	3
14065	2	19	12	3
14066	2	123	18	7
14067	4	126	21	10
14068	2	66	14	3
14069	2	93	15	5
14070	4	159	25	10
14071	2	123	16	6
14072	4	138	22	7
14073	2	40	13	3
14074	4	120	24	7
14075	2	120	19	7
14076	2	63	14	4
14077	4	132	22	9
14078	2	15	13	3
14079	2	22	12	3
14080	2	99	15	5
14081	4	126	21	10
14082	4	141	23	10
14083	6	126	25	7
14084	2	36	11	2
14085	4	141	24	11
14086	2	21	12	3
14087	4	132	24	7
14088	4	126	22	8
14089	2	75	17	6
14090	4	132	22	7
14091	4	171	24	10
14092	4	135	25	12
14093	2	192	25	10
14094	2	75	17	6
14095	2	63	14	4
14096	4	93	21	6
14097	2	42	15	4
14098	2	15	13	3
14099	4	90	19	4
14100	6	126	26	8
14101	4	171	24	10
14102	2	69	16	6
14103	2	21	11	3
14104	2	22	13	3
14105	2	57	19	7
14106	2	22	13	3
14107	4	132	22	8
14108	2	105	17	6
14109	2	40	13	3
14110	4	126	24	7
14111	4	93	21	5
14112	2	40	13	3
14113	4	162	24	10
14114	2	84	13	4
14115	2	111	15	5
14116	2	19	10	2
14117	2	21	12	3
14118	6	126	27	8
14119	2	66	14	3
14120	2	39	13	3
14121	2	65	12	4
14122	2	174	21	8
14123	4	126	22	8
14124	4	132	21	10
14125	2	16	14	3
14126	2	120	17	6
14127	2	114	17	6
14128	6	120	27	8
14129	4	126	21	9
14130	2	120	17	6
14131	2	192	21	8
14132	2	78	13	4
14133	2	51	15	5
14134	4	126	23	9
14135	2	66	13	4
14136	4	126	21	9
14137	2	150	21	8
14138	2	111	16	5
14139	2	65	12	4
14140	2	99	19	7
14141	4	126	24	8
14142	2	65	12	4
14143	2	13	11	2
14144	2	84	15	5
14145	2	41	14	4
14146	2	75	17	6
14147	2	186	23	9
14148	4	102	21	6
14149	4	126	25	9
14150	4	135	24	11
14151	2	21	14	4
14152	2	180	23	9
14153	4	132	24	8
14154	2	15	13	3
14155	2	102	16	6
14156	2	21	12	3
14157	2	117	23	9
14158	2	93	23	9
14159	4	162	27	12
14160	2	20	10	2
14161	2	21	12	3
14162	4	132	22	7
14163	2	93	19	7
14164	2	81	15	5
14165	4	96	22	5
14166	2	138	17	6
14167	4	63	18	7
14168	4	63	18	7
14169	2	75	21	8
14170	2	16	14	3
14171	4	162	24	10
14172	2	65	13	3
14173	2	18	12	3
14174	2	150	21	8
14175	4	63	18	7
14176	2	15	13	3
14177	4	141	24	11
14178	2	41	14	4
14179	4	126	22	8
14180	2	168	21	8
14181	4	159	25	10
14182	4	171	27	12
14183	4	93	21	6
14184	2	21	12	3
14185	2	123	18	7
14186	2	42	15	4
14187	4	132	25	9
14188	4	150	25	10
14189	4	150	25	10
14190	2	39	13	3
14191	2	39	13	3
14192	2	16	10	2
14193	2	41	14	4
14194	4	96	21	5
14195	4	132	23	9
14196	2	66	13	4
14197	2	21	12	3
14198	2	186	25	10
14199	2	81	13	4
14200	2	75	13	4
14201	2	51	10	3
14202	4	96	21	6
14203	2	22	13	3
14204	2	66	11	3
14205	4	132	21	10
14206	2	16	13	3
14207	4	171	27	12
14208	4	126	22	7
14209	2	39	13	3
14210	2	81	13	4
14211	6	126	25	7
14212	2	63	21	8
14213	4	132	24	7
14214	4	126	24	7
14215	2	40	13	3
14216	6	120	27	8
14217	6	126	26	8
14218	4	168	31	14
14219	2	19	13	3
14220	2	13	11	2
14221	6	114	27	9
14222	4	132	22	8
14223	2	42	15	4
14224	2	42	15	4
14225	4	171	27	12
14226	4	159	25	10
14227	2	84	11	3
14228	2	75	19	7
14229	4	126	24	7
14230	2	40	13	3
14231	2	69	16	6
14232	2	81	15	5
14233	2	51	8	2
14234	2	123	22	8
14235	2	192	25	10
14236	2	19	10	2
14237	2	16	13	3
14238	4	168	28	12
14239	2	75	15	5
14240	2	14	12	3
14241	2	40	13	3
14242	2	174	19	7
14243	2	66	13	4
14244	4	141	23	10
14245	4	141	24	11
14246	4	126	22	7
14247	4	135	23	10
14248	4	132	24	7
14249	4	126	21	10
14250	2	138	20	7
14251	4	132	25	7
14252	2	81	13	4
14253	4	171	24	10
14254	2	19	13	3
14255	2	102	13	4
14256	4	132	21	9
14257	2	102	15	5
14258	2	84	13	4
14259	2	21	12	3
14260	4	129	24	11
14261	2	65	12	4
14262	2	138	19	7
14263	4	126	24	7
14264	4	159	25	10
14265	4	102	19	5
14266	2	40	13	3
14267	4	102	20	4
14268	2	26	12	3
14269	2	15	13	3
14270	2	93	19	7
14271	2	75	19	7
14272	2	144	21	8
14273	2	19	10	2
14274	4	159	28	12
14275	4	168	28	12
14276	6	120	27	9
14277	2	102	13	4
14278	4	96	19	5
14279	4	132	22	8
14280	4	96	19	4
14281	2	66	10	2
14282	2	102	15	5
14283	2	132	17	6
14284	4	135	24	12
14285	4	159	28	12
14286	4	96	20	6
14287	4	126	25	9
14288	4	132	24	8
14289	2	57	8	2
14290	2	21	12	3
14291	2	18	12	3
14292	2	168	22	9
14293	2	13	11	2
14294	4	132	21	10
14295	2	93	15	5
14296	2	81	13	4
14297	4	159	28	12
14298	2	174	21	8
14299	2	75	14	4
14300	2	99	17	6
14301	2	18	15	4
14302	2	51	8	2
14303	4	132	22	7
14304	4	126	22	7
14305	2	75	13	4
14306	2	39	13	3
14307	4	126	22	7
14308	4	96	19	5
14309	2	81	15	5
14310	2	16	13	3
14311	4	171	27	12
14312	2	81	15	5
14313	4	159	28	12
14314	4	168	25	10
14315	2	84	11	3
14316	4	87	21	5
14317	2	40	13	3
14318	2	87	16	6
14319	2	120	19	7
14320	2	81	13	4
14321	4	132	22	7
14322	2	36	11	2
14323	4	159	25	10
14324	2	120	17	6
14325	2	75	21	8
14326	2	156	21	8
14327	2	102	14	5
14328	2	20	11	3
14329	2	132	19	7
14330	2	102	13	4
14331	2	21	14	4
14332	4	96	21	5
14333	6	120	25	7
14334	2	102	17	6
14335	4	168	25	10
14336	2	18	11	3
14337	4	126	20	9
14338	2	21	12	3
14339	4	132	21	9
14340	4	159	28	12
14341	2	162	23	9
14342	2	24	14	4
14343	2	75	17	6
14344	2	66	14	3
14345	4	126	21	10
14346	2	138	19	7
14347	4	126	22	8
14348	2	144	17	6
14349	2	84	13	4
14350	4	126	22	7
14351	4	96	20	4
14352	2	102	19	7
14353	6	120	27	9
14354	2	65	13	3
14355	6	126	26	8
14356	2	26	12	3
14357	2	126	17	6
14358	2	17	11	3
14359	4	150	25	10
14360	4	132	23	9
14361	2	114	17	6
14362	2	15	13	3
14363	2	38	11	2
14364	4	168	28	12
14365	2	81	13	4
14366	4	168	25	10
14367	2	16	13	3
14368	4	159	28	12
14369	2	114	13	4
14370	4	132	22	7
14371	2	120	15	5
14372	2	132	19	7
14373	2	51	13	4
14374	2	138	17	6
14375	2	51	11	3
14376	4	162	24	10
14377	2	87	14	5
14378	4	171	24	10
14379	4	63	18	7
14380	2	66	13	4
14381	2	20	11	3
14382	2	18	12	3
14383	2	33	10	5
14384	4	96	19	4
14385	6	120	27	9
14386	2	93	13	4
14387	4	141	23	10
14388	2	168	19	7
14389	4	132	21	9
14390	4	162	24	10
14391	4	162	24	10
14392	2	75	15	5
14393	4	102	21	6
14394	4	126	21	9
14395	2	16	10	2
14396	2	120	15	5
14397	2	40	13	3
14398	2	64	12	3
14399	2	66	13	4
14400	2	120	17	6
14401	2	14	11	2
14402	2	63	11	2
14403	2	99	14	4
14404	2	21	10	2
14405	2	40	13	3
14406	4	159	25	10
14407	4	63	18	7
14408	4	57	16	5
14409	2	81	13	4
14410	2	22	13	3
14411	2	87	15	5
14412	4	132	22	10
14413	2	42	15	4
14414	4	162	24	10
14415	4	126	21	10
14416	2	60	10	2
14417	2	36	11	2
14418	2	69	12	4
14419	2	81	13	4
14420	2	75	19	7
14421	2	20	13	4
14422	2	69	14	5
14423	4	126	24	7
14424	4	96	22	7
14425	2	22	12	3
14426	2	39	13	3
14427	4	126	21	10
14428	2	102	15	5
14429	2	180	23	9
14430	4	96	21	6
14431	2	19	12	3
14432	2	57	11	3
14433	2	39	13	3
14434	2	15	12	3
14435	2	21	14	4
14436	2	45	8	2
14437	2	132	19	7
14438	4	159	25	10
14439	2	87	16	6
14440	4	171	24	10
14441	2	64	12	3
14442	2	33	7	2
14443	4	168	28	12
14444	2	40	13	3
14445	4	93	21	6
14446	4	126	22	7
14447	2	18	12	3
14448	2	84	11	3
14449	2	99	13	4
14450	2	21	14	4
14451	4	132	21	9
14452	2	19	13	3
14453	4	120	24	7
14454	2	21	12	3
14455	2	18	12	3
14456	4	135	23	10
14457	2	57	10	3
14458	4	126	22	10
14459	2	123	17	6
14460	6	120	27	9
14461	2	51	12	4
14462	2	84	13	4
14463	4	171	24	10
14464	4	126	21	9
14465	2	75	15	5
14466	2	33	10	5
14467	2	40	14	3
14468	2	102	17	6
14469	2	16	13	3
14470	4	132	21	9
14471	4	132	21	9
14472	2	156	21	8
14473	4	177	28	12
14474	2	66	13	4
14475	2	105	15	5
14476	4	171	24	10
14477	4	102	21	6
14478	6	120	27	9
14479	4	159	25	10
14480	4	168	25	10
14481	4	132	21	10
14482	4	126	21	9
14483	4	126	25	7
14484	2	162	19	7
14485	2	69	13	4
14486	2	33	7	2
14487	2	22	13	3
14488	2	192	25	10
14489	2	150	19	7
14490	4	126	21	9
14491	2	192	22	9
14492	2	105	17	6
14493	2	42	15	4
14494	4	135	26	12
14495	2	93	15	5
14496	2	65	13	3
14497	2	39	12	3
14498	4	126	24	8
14499	2	138	19	7
14500	4	126	22	7
14501	2	87	13	4
14502	2	22	13	3
14503	4	126	22	8
14504	2	65	13	3
14505	2	81	17	6
14506	4	126	22	7
14507	2	144	17	6
14508	2	102	15	5
14509	4	141	23	10
14510	4	159	28	12
14511	2	117	19	7
14512	4	93	19	4
14513	2	66	11	3
14514	4	132	21	10
14515	2	174	27	11
14516	2	65	13	3
14517	2	99	18	7
14518	4	132	25	7
14519	2	99	19	7
14520	2	129	17	6
14521	2	63	15	5
14522	2	69	12	4
14523	2	81	17	6
14524	4	168	28	12
14525	2	22	12	3
14526	2	21	12	3
14527	2	63	10	3
14528	2	156	19	7
14529	4	126	21	9
14530	2	81	13	4
14531	4	132	22	7
14532	2	39	13	3
14533	4	132	23	9
14534	2	102	13	4
14535	2	16	14	3
14536	4	126	22	8
14537	4	177	28	12
14538	4	120	22	7
14539	2	19	10	2
14540	2	78	13	4
14541	2	16	14	3
14542	4	159	25	10
14543	6	114	27	9
14544	4	126	24	7
14545	4	159	28	12
14546	2	117	17	6
14547	2	23	13	4
14548	2	117	18	7
14549	2	99	11	3
14550	2	129	15	5
14551	2	87	17	6
14552	2	144	21	8
14553	4	132	24	7
14554	2	16	14	3
14555	2	114	15	5
14556	2	18	11	3
14557	6	126	27	8
14558	2	37	11	2
14559	4	132	24	8
14560	2	153	19	7
14561	2	40	13	3
14562	2	132	19	7
14563	2	21	10	2
14564	4	153	27	12
14565	4	168	31	14
14566	2	123	17	6
14567	4	168	25	10
14568	2	132	19	7
14569	2	39	13	3
14570	2	16	13	3
14571	4	126	22	10
14572	4	126	25	8
14573	4	126	21	10
14574	2	168	21	8
14575	2	75	17	6
14576	2	14	12	3
14577	2	81	13	4
14578	4	132	22	7
14579	2	162	21	8
14580	2	23	13	4
14581	2	21	12	3
14582	4	126	24	8
14583	2	162	19	7
14584	2	66	11	3
14585	2	186	23	9
14586	2	51	13	4
14587	4	168	25	10
14588	2	84	11	3
14589	2	18	12	3
14590	2	99	18	7
14591	2	39	12	3
14592	4	135	24	11
14593	2	81	17	6
14594	2	22	13	3
14595	4	162	24	10
14596	2	66	13	4
14597	2	102	15	5
14598	2	57	8	2
14599	6	120	27	9
14600	2	57	19	7
14601	2	18	12	3
14602	4	141	22	10
14603	2	66	14	3
14604	2	22	13	3
14605	2	81	17	6
14606	2	75	17	6
14607	2	65	13	3
14608	4	171	27	12
14609	2	17	11	3
14610	2	51	10	3
14611	4	135	24	11
14612	4	126	21	9
14613	2	123	18	7
14614	4	126	22	7
14615	2	51	8	2
14616	4	135	22	10
14617	4	126	21	9
14618	4	141	24	11
14619	4	126	24	7
14620	2	39	13	3
14621	4	126	22	7
14622	2	135	16	6
14623	2	117	19	7
14624	2	14	12	3
14625	2	93	15	5
14626	2	57	8	2
14627	2	132	15	5
14628	2	102	13	4
14629	4	63	19	7
14630	2	66	13	4
14631	4	141	23	10
14632	2	65	13	3
14633	4	159	25	10
14634	2	40	14	3
14635	2	22	13	3
14636	2	117	19	7
14637	2	24	14	4
14638	4	126	24	7
14639	4	132	22	7
14640	4	126	22	10
14641	2	23	13	4
14642	4	171	24	10
14643	4	93	22	6
14644	4	132	22	8
14645	2	120	15	5
14646	2	38	11	2
14647	2	16	13	3
14648	2	63	11	2
14649	2	180	23	9
14650	4	126	23	7
14651	4	132	21	9
14652	4	132	21	9
14653	2	40	14	3
14654	2	66	13	4
14655	4	96	20	4
14656	2	81	15	5
14657	4	132	21	9
14658	2	66	11	3
14659	4	126	22	8
14660	2	180	25	10
14661	2	63	15	5
14662	2	19	12	3
14663	2	16	13	3
14664	4	132	21	10
14665	2	57	10	3
14666	4	168	25	10
14667	4	126	23	8
14668	2	24	14	4
14669	4	138	24	8
14670	2	93	11	3
14671	4	126	24	11
14672	2	20	13	4
14673	2	42	15	4
14674	2	99	13	4
14675	2	87	16	6
14676	4	126	21	9
14677	2	87	25	10
14678	2	117	18	6
14679	4	126	23	9
14680	4	159	25	10
14681	4	159	25	10
14682	4	126	22	7
14683	4	171	27	12
14684	4	126	25	7
14685	4	96	22	6
14686	2	66	13	4
14687	2	42	15	4
14688	4	159	28	12
14689	2	19	11	2
14690	2	65	13	3
14691	2	33	7	2
14692	4	135	25	11
14693	2	39	13	3
14694	2	81	15	5
14695	2	174	21	8
14696	4	126	21	9
14697	4	126	23	7
14698	2	81	13	4
14699	4	159	28	12
14700	2	66	13	4
14701	2	105	16	5
14702	2	23	13	4
14703	2	66	12	3
14704	2	41	14	4
14705	2	108	15	5
14706	2	186	21	8
14707	2	20	11	3
14708	4	135	25	12
14709	4	57	16	5
14710	2	66	13	4
14711	4	159	25	10
14712	2	51	8	2
14713	2	15	13	3
14714	2	21	14	4
14715	4	159	25	10
14716	4	93	19	4
14717	2	186	23	9
14718	2	87	16	6
14719	2	36	11	2
14720	4	132	25	8
14721	2	168	21	8
14722	2	81	13	4
14723	2	18	11	3
14724	2	138	17	6
14725	4	132	25	8
14726	2	105	18	7
14727	2	20	13	4
14728	2	21	14	4
14729	2	39	12	3
14730	4	159	25	10
14731	2	17	11	3
14732	2	132	19	7
14733	4	93	19	4
14734	2	63	11	2
14735	4	141	24	11
14736	2	75	21	8
14737	2	57	13	4
14738	4	162	24	10
14739	4	132	24	8
14740	2	15	13	3
14741	2	87	17	6
14742	2	69	15	5
14743	2	117	15	5
14744	2	66	13	4
14745	4	135	23	11
14746	2	75	13	4
14747	2	57	17	6
14748	4	138	21	9
14749	2	168	20	8
14750	2	21	12	3
14751	4	126	20	9
14752	2	87	21	8
14753	2	65	13	3
14754	2	174	23	9
14755	2	69	17	6
14756	2	81	21	8
14757	4	162	27	12
14758	4	159	25	10
14759	2	51	11	3
14760	2	63	11	2
14761	2	19	13	3
14762	2	33	7	2
14763	2	111	23	9
14764	2	75	21	8
14765	2	24	14	4
14766	2	186	25	10
14767	4	63	18	7
14768	4	126	23	7
14769	4	168	25	10
14770	4	132	22	7
14771	4	63	19	7
14772	2	15	12	3
14773	2	57	10	3
14774	2	87	15	5
14775	6	114	29	10
14776	2	21	12	3
14777	4	141	25	12
14778	2	17	14	4
14779	2	40	13	3
14780	2	16	14	3
14781	4	132	25	7
14782	2	18	15	4
14783	2	87	19	7
14784	4	132	24	7
14785	2	111	18	7
14786	2	90	11	3
14787	4	159	31	14
14788	2	69	14	5
14789	2	37	11	2
14790	4	96	21	6
14791	2	63	19	7
14792	4	132	24	7
14793	2	21	12	3
14794	4	141	23	10
14795	2	51	10	3
14796	4	126	22	7
14797	2	24	14	4
14798	4	126	22	7
14799	4	126	24	8
14800	2	22	13	3
14801	4	159	28	12
14802	2	105	16	6
14803	4	96	20	5
14804	2	96	15	5
14805	4	159	28	12
14806	2	63	11	2
14807	2	102	13	4
14808	4	126	22	7
14809	2	156	19	7
14810	2	40	13	3
14811	4	126	24	8
14812	2	105	17	6
14813	2	21	12	3
14814	4	126	22	7
14815	2	84	15	5
14816	2	40	13	3
14817	2	69	15	5
14818	2	57	8	2
14819	2	15	13	3
14820	2	192	25	10
14821	2	186	21	8
14822	2	66	14	3
14823	2	159	19	7
14824	4	159	28	12
14825	2	69	12	4
14826	2	84	13	4
14827	4	159	28	12
14828	4	132	24	8
14829	2	21	12	3
14830	4	162	27	12
14831	2	69	17	6
14832	2	84	13	4
14833	2	87	17	6
14834	2	138	17	6
14835	4	153	24	10
14836	2	174	21	8
14837	6	120	28	9
14838	4	159	28	12
14839	2	141	19	7
14840	2	19	11	2
14841	2	17	14	4
14842	2	40	13	3
14843	4	96	20	5
14844	2	93	14	5
14845	2	150	21	8
14846	2	120	18	6
14847	2	120	17	6
14848	2	105	18	7
14849	2	66	10	2
14850	2	51	8	2
14851	2	22	13	3
14852	2	180	23	9
14853	2	84	13	4
14854	2	32	7	2
14855	2	111	20	8
14856	4	141	23	11
14857	2	21	14	4
14858	2	123	19	7
14859	2	51	13	4
14860	2	153	21	8
14861	4	171	27	12
14862	2	120	15	5
14863	2	18	12	3
14864	2	66	13	4
14865	4	132	24	7
14866	4	168	25	10
14867	2	32	7	2
14868	2	150	21	8
14869	4	132	21	9
14870	2	186	25	10
14871	2	57	23	9
14872	4	96	19	5
14873	2	65	13	3
14874	2	105	19	7
14875	2	19	12	3
14876	2	65	13	3
14877	2	21	12	3
14878	2	18	12	3
14879	2	65	13	3
14880	4	120	24	7
14881	4	162	27	12
14882	2	21	14	4
14883	2	192	23	9
14884	2	40	13	3
14885	2	14	12	3
14886	2	75	21	8
14887	2	156	19	7
14888	2	19	13	3
14889	2	81	17	6
14890	4	126	24	7
14891	4	126	24	8
14892	4	168	28	12
14893	2	102	17	6
14894	2	20	10	2
14895	4	96	20	5
14896	2	24	14	4
14897	2	15	13	3
14898	2	39	12	3
14899	2	75	15	5
14900	2	63	14	5
14901	2	22	13	3
14902	4	90	19	4
14903	2	18	12	3
14904	2	30	7	2
14905	2	156	23	9
14906	2	123	19	7
14907	2	42	15	4
14908	4	126	24	8
14909	2	21	12	3
14910	2	75	17	6
14911	4	126	21	10
14912	4	159	28	12
14913	4	135	25	12
14914	2	57	13	4
14915	2	21	12	3
14916	4	135	24	11
14917	2	84	17	6
14918	4	168	28	12
14919	2	60	13	4
14920	4	93	22	6
14921	4	132	22	8
14922	2	120	19	7
14923	4	126	22	8
14924	2	19	12	3
14925	4	150	25	10
14926	2	135	17	6
14927	4	168	25	10
14928	4	126	24	7
14929	4	168	31	14
14930	4	126	24	7
14931	2	75	15	5
14932	2	81	15	5
14933	4	93	20	5
14934	2	40	13	3
14935	2	180	19	7
14936	2	15	13	3
14937	2	81	13	4
14938	4	93	20	5
14939	2	150	21	8
14940	2	40	13	3
14941	4	126	23	9
14942	2	99	21	8
14943	4	171	24	10
14944	4	171	24	10
14945	4	132	22	8
14946	4	96	21	6
14947	2	75	17	6
14948	2	174	19	7
14949	2	16	10	2
14950	2	138	19	7
14951	2	138	23	9
14952	2	18	12	3
14953	2	120	16	5
14954	4	126	23	10
14955	4	159	25	10
14956	4	135	23	10
14957	4	96	20	5
14958	4	126	22	7
14959	2	22	13	3
14960	2	81	13	4
14961	2	51	10	3
14962	2	21	12	3
14963	2	135	16	5
14964	2	18	11	3
14965	4	135	23	10
14966	4	126	24	7
14967	4	132	21	9
14968	4	132	22	10
14969	2	102	17	6
14970	4	126	22	7
14971	4	132	23	7
14972	2	87	14	5
14973	2	99	17	6
14974	2	93	15	5
14975	4	96	19	5
14976	4	126	28	9
14977	2	75	13	4
14978	4	162	24	10
14979	4	93	19	5
14980	2	39	12	3
14981	2	16	14	3
14982	2	37	11	2
14983	4	126	22	7
14984	2	18	12	3
14985	2	21	11	3
14986	2	102	15	5
14987	2	42	15	4
14988	2	75	27	11
14989	2	120	18	7
14990	2	42	15	4
14991	2	22	13	3
14992	2	33	7	2
14993	4	93	20	4
14994	2	111	17	6
14995	4	126	23	8
14996	4	138	21	9
14997	2	174	21	8
14998	2	78	13	4
14999	2	81	15	5
15000	4	57	16	5
15001	2	186	21	8
15002	4	138	22	7
15003	2	24	14	4
15004	4	126	21	9
15005	2	117	18	7
15006	4	99	19	5
15007	2	156	19	7
15008	2	21	14	4
15009	4	168	25	10
15010	6	126	25	7
15011	2	63	10	3
15012	4	159	28	12
15013	2	66	13	4
15014	2	84	11	3
15015	4	96	21	6
15016	2	84	13	4
15017	4	132	24	7
15018	2	84	13	4
15019	4	120	21	9
15020	2	42	15	4
15021	4	126	22	8
15022	4	132	25	8
15023	2	21	12	3
15024	2	87	18	6
15025	2	32	7	2
15026	2	40	13	3
15027	4	96	19	5
15028	4	141	23	11
15029	4	96	20	4
15030	4	168	28	12
15031	2	18	11	3
15032	2	51	10	3
15033	4	120	24	7
15034	4	141	23	10
15035	2	42	15	4
15036	2	63	11	2
15037	2	138	19	7
15038	2	150	21	8
15039	4	132	26	8
15040	2	36	11	6
15041	2	21	12	3
15042	2	132	17	6
15043	2	21	12	3
15044	4	135	26	11
15045	2	40	13	3
15046	2	66	14	3
15047	4	171	24	10
15048	4	159	25	10
15049	2	16	14	3
15050	4	102	21	6
15051	4	135	23	11
15052	2	87	14	5
15053	2	84	11	3
15054	4	162	24	10
15055	2	40	14	3
15056	4	132	22	7
15057	4	132	22	7
15058	4	129	22	10
15059	2	40	14	3
15060	2	186	25	10
15061	2	19	12	3
15062	2	16	13	3
15063	2	51	8	2
15064	4	96	21	6
15065	2	138	17	6
15066	2	156	19	7
15067	2	22	12	3
15068	4	120	24	8
15069	6	126	25	7
15070	2	105	20	8
15071	2	16	13	3
15072	4	132	24	8
15073	4	159	28	12
15074	4	132	24	7
15075	4	126	23	8
15076	2	168	19	7
15077	4	126	22	7
15078	6	126	27	8
15079	2	16	14	3
15080	2	96	15	5
15081	4	159	28	12
15082	4	132	23	8
15083	2	99	17	6
15084	2	45	12	4
15085	4	96	20	5
15086	4	126	24	7
15087	4	132	22	7
15088	2	84	11	3
15089	6	120	27	8
15090	2	75	19	7
15091	4	60	18	5
15092	2	22	13	3
15093	2	18	12	3
15094	6	126	27	8
15095	2	21	12	3
15096	2	174	21	8
15097	4	96	20	6
15098	2	84	13	4
15099	4	135	22	10
15100	2	18	11	3
15101	2	105	13	4
15102	2	93	17	6
15103	2	21	14	4
15104	4	135	24	12
15105	4	168	25	10
15106	4	126	22	7
15107	2	81	13	4
15108	2	21	14	4
15109	4	159	25	10
15110	2	96	13	4
15111	2	38	12	3
15112	2	22	13	3
15113	2	39	13	3
15114	2	147	19	7
15115	2	21	12	3
15116	2	66	14	3
15117	4	126	21	10
15118	2	108	14	5
15119	2	90	15	5
15120	2	22	12	3
15121	4	162	27	12
15122	2	15	13	3
15123	4	132	21	10
15124	4	126	21	9
15125	2	15	13	3
15126	2	51	13	4
15127	2	66	10	2
15128	2	66	13	4
15129	2	42	15	4
15130	4	132	22	8
15131	6	126	26	8
15132	2	22	12	3
15133	6	126	26	8
15134	4	126	22	7
15135	2	39	13	3
15136	2	39	13	3
15137	2	87	15	5
15138	4	132	23	8
15139	2	51	14	5
15140	2	150	19	7
15141	2	22	12	3
15142	4	132	21	9
15143	4	96	20	5
15144	2	33	7	2
15145	2	75	21	8
15146	2	168	23	9
15147	2	16	13	3
15148	4	93	19	4
15149	2	75	17	6
15150	2	162	21	8
15151	2	16	14	3
15152	2	37	11	2
15153	2	81	14	4
15154	4	126	21	10
15155	4	135	22	9
15156	2	63	23	9
15157	2	18	12	3
15158	4	132	25	9
15159	4	126	21	9
15160	2	65	13	3
15161	4	132	21	10
15162	4	159	25	10
15163	4	132	24	7
15164	4	96	19	5
15165	2	93	17	6
15166	4	159	28	12
15167	2	132	17	6
15168	2	75	15	5
15169	4	126	22	7
15170	2	75	17	6
15171	4	126	22	7
15172	2	57	8	2
15173	2	81	17	6
15174	2	102	13	4
15175	2	51	10	3
15176	2	168	19	7
15177	2	93	17	6
15178	2	75	19	7
15179	2	168	21	8
15180	2	150	19	7
15181	4	132	21	9
15182	2	38	11	2
15183	2	69	17	6
15184	6	120	25	7
15185	2	15	13	3
15186	2	138	21	8
15187	4	126	24	7
15188	2	21	14	4
15189	4	162	24	10
15190	2	102	15	5
15191	2	87	13	4
15192	2	111	15	5
15193	4	132	24	7
15194	2	63	12	4
15195	4	126	22	7
15196	2	132	19	7
15197	2	40	13	3
15198	2	81	21	8
15199	4	162	24	10
15200	2	81	18	7
15201	4	162	24	10
15202	2	66	11	3
15203	4	120	22	7
15204	2	129	17	6
15205	2	16	13	3
15206	2	81	17	6
15207	2	126	15	5
15208	2	120	15	5
15209	4	99	21	6
15210	2	111	16	5
15211	4	168	25	10
15212	4	126	24	7
15213	2	40	13	3
15214	2	192	21	8
15215	4	126	25	8
15216	2	132	19	7
15217	4	63	18	7
15218	2	57	10	3
15219	2	66	13	4
15220	4	147	23	10
15221	2	120	20	7
15222	2	21	12	3
15223	2	87	15	5
15224	4	96	22	5
15225	4	159	28	12
15226	2	45	8	2
15227	4	132	22	8
15228	2	75	17	6
15229	2	18	15	4
15230	2	117	15	5
15231	2	18	15	4
15232	6	126	25	7
15233	2	120	15	5
15234	6	114	27	8
15235	2	120	15	5
15236	4	96	20	5
15237	2	41	14	4
15238	2	51	8	2
15239	2	102	15	5
15240	4	162	24	10
15241	2	22	13	3
15242	2	57	10	3
15243	2	87	17	6
15244	2	21	12	3
15245	2	81	11	3
15246	2	93	16	6
15247	4	159	28	12
15248	2	21	12	3
15249	4	171	24	10
15250	4	126	21	10
15251	4	141	23	10
15252	2	111	17	6
15253	2	20	11	3
15254	4	132	24	8
15255	4	132	24	7
15256	4	126	24	8
15257	4	102	19	5
15258	2	22	12	3
15259	2	40	13	3
15260	4	120	26	7
15261	2	93	11	3
15262	2	168	17	6
15263	2	15	13	3
15264	2	75	13	4
15265	2	69	16	5
15266	6	126	25	7
15267	2	64	12	3
15268	2	69	15	5
15269	4	162	24	10
15270	2	72	11	3
15271	2	192	23	9
15272	4	87	22	6
15273	2	150	21	8
15274	2	21	14	4
15275	4	120	24	8
15276	2	19	10	2
15277	4	138	24	7
15278	4	96	19	5
15279	2	186	23	9
15280	4	132	21	9
15281	4	126	24	8
15282	2	18	12	3
15283	6	126	26	8
15284	2	42	15	4
15285	4	102	19	5
15286	2	33	10	5
15287	2	84	11	3
15288	2	32	7	2
15289	6	126	28	9
15290	2	81	17	6
15291	4	132	22	7
15292	2	114	13	4
15293	2	36	7	2
15294	4	126	23	8
15295	2	75	17	6
15296	4	141	23	10
15297	2	120	13	4
15298	4	93	20	4
15299	4	159	25	10
15300	2	87	19	7
15301	2	138	17	6
15302	2	150	19	7
15303	4	126	25	7
15304	2	33	10	5
15305	2	132	19	7
15306	2	16	13	3
15307	2	32	7	2
15308	4	99	19	5
15309	2	156	17	6
15310	2	102	15	5
15311	2	150	21	8
15312	2	69	13	4
15313	2	22	13	3
15314	4	120	24	8
15315	2	156	19	7
15316	2	21	14	4
15317	2	17	10	2
15318	4	126	22	10
15319	2	37	11	2
15320	4	132	22	10
15321	4	63	17	5
15322	2	33	7	2
15323	4	132	24	7
15324	4	132	21	9
15325	4	126	22	10
15326	2	66	11	3
15327	2	120	17	6
15328	2	87	19	7
15329	2	21	11	3
15330	2	81	11	3
15331	4	93	21	6
15332	2	186	21	8
15333	2	16	14	3
15334	2	114	13	4
15335	2	40	14	3
15336	2	39	12	3
15337	2	87	23	9
15338	2	39	13	3
15339	4	126	22	7
15340	6	120	28	9
15341	2	26	12	3
15342	4	132	22	7
15343	4	159	25	10
15344	2	93	11	3
15345	2	138	19	7
15346	2	33	7	2
15347	2	51	11	3
15348	4	126	22	7
15349	2	22	13	3
15350	2	186	21	8
15351	2	87	15	5
15352	2	105	20	7
15353	2	129	17	6
15354	2	22	13	3
15355	2	162	19	7
15356	2	75	23	9
15357	4	162	24	10
15358	2	51	11	3
15359	4	132	22	7
15360	2	40	14	3
15361	2	99	21	8
15362	2	66	10	4
15363	2	42	15	4
15364	2	19	13	3
15365	4	63	19	7
15366	4	180	27	12
15367	2	20	11	3
15368	4	132	24	7
15369	4	126	22	8
15370	4	162	24	10
15371	2	42	15	4
15372	2	39	13	3
15373	4	171	24	10
15374	2	65	12	4
15375	4	126	21	9
15376	2	132	19	7
15377	2	75	15	5
15378	4	120	22	11
15379	2	174	21	8
15380	2	41	14	4
15381	2	156	21	8
15382	4	126	22	7
15383	4	126	21	10
15384	2	16	13	3
15385	2	81	17	6
15386	4	126	21	9
15387	2	156	19	7
15388	4	126	22	10
15389	4	126	24	7
15390	2	87	14	5
15391	2	75	13	4
15392	2	111	17	6
15393	2	63	10	3
15394	2	16	14	3
15395	2	132	19	7
15396	2	87	17	6
15397	4	132	22	10
15398	2	105	16	6
15399	2	93	15	5
15400	4	105	19	5
15401	4	141	23	10
15402	2	111	19	7
15403	2	40	14	3
15404	4	63	18	7
15405	6	132	27	8
15406	2	81	17	6
15407	2	132	19	7
15408	4	132	25	9
15409	2	102	15	5
15410	4	135	24	11
15411	2	63	11	2
15412	4	132	24	7
15413	2	66	13	4
15414	4	141	24	11
15415	4	129	23	10
15416	2	16	14	3
15417	2	65	13	3
15418	4	168	25	10
15419	2	33	9	4
15420	2	78	13	4
15421	2	117	16	5
15422	2	22	12	3
15423	2	57	21	8
15424	2	156	24	10
15425	2	40	14	3
15426	2	180	21	8
15427	2	111	17	6
15428	4	57	16	5
15429	4	126	24	7
15430	4	132	21	9
15431	2	19	12	3
15432	2	63	15	5
15433	2	40	14	3
15434	4	141	25	10
15435	2	24	14	4
15436	2	73	19	7
15437	2	114	17	6
15438	4	141	22	10
15439	6	120	28	9
15440	2	75	15	5
15441	2	18	12	3
15442	2	41	14	4
15443	2	93	23	9
15444	4	126	21	9
15445	2	156	21	8
15446	2	69	15	5
15447	2	23	13	4
15448	4	126	22	7
15449	2	66	14	3
15450	2	63	21	8
15451	2	93	19	7
15452	2	16	13	3
15453	2	81	15	5
15454	4	63	19	7
15455	4	126	23	8
15456	2	75	19	7
15457	2	33	7	2
15458	2	153	21	8
15459	2	81	12	4
15460	4	126	22	7
15461	4	141	24	11
15462	4	132	22	7
15463	4	63	19	7
15464	2	93	17	6
15465	2	21	12	3
15466	2	16	14	3
15467	2	40	13	3
15468	2	16	10	2
15469	2	87	13	4
15470	2	41	14	4
15471	2	84	15	5
15472	6	126	27	8
15473	2	39	12	3
15474	4	162	24	10
15475	4	132	25	7
15476	2	14	11	2
15477	4	159	25	10
15478	2	22	13	3
15479	2	19	12	3
15480	2	186	23	9
15481	4	168	37	18
15482	2	17	10	2
15483	2	39	12	3
15484	4	126	22	7
15485	4	126	22	7
15486	4	168	25	10
15487	6	120	25	7
15488	2	40	13	3
15489	2	18	15	4
15490	4	126	23	10
15491	2	18	15	4
15492	2	21	12	3
15493	2	16	13	3
15494	4	132	24	7
15495	2	40	13	3
15496	4	99	21	6
15497	2	69	15	5
15498	2	22	13	3
15499	2	84	15	5
15500	4	60	18	5
15501	2	123	22	8
15502	2	15	12	3
15503	2	19	12	3
15504	2	39	13	3
15505	4	168	28	12
15506	2	156	19	7
15507	2	168	21	8
15508	2	22	12	3
15509	2	87	19	7
15510	2	66	13	4
15511	2	168	21	8
15512	2	84	12	4
15513	4	126	21	10
15514	4	180	27	12
15515	4	126	21	9
15516	2	36	7	2
15517	2	84	11	3
15518	6	126	28	9
15519	4	126	21	9
15520	2	39	13	3
15521	4	129	24	11
15522	2	16	13	3
15523	2	99	16	6
15524	4	171	24	10
15525	2	66	10	2
15526	2	180	21	8
15527	2	150	23	9
15528	4	63	19	7
15529	2	18	15	4
15530	2	87	23	9
15531	2	42	15	4
15532	4	135	23	11
15533	2	87	15	5
15534	4	126	22	7
15535	2	18	12	3
15536	2	186	23	9
15537	2	18	12	3
15538	4	168	25	10
15539	4	180	27	12
15540	4	132	24	8
15541	2	19	10	2
15542	4	132	21	9
15543	2	37	11	2
15544	2	72	13	4
15545	2	63	15	5
15546	4	126	24	7
15547	2	42	15	4
15548	2	57	13	4
15549	4	60	18	5
15550	2	14	11	2
15551	6	120	27	8
15552	2	87	15	5
15553	4	132	24	7
15554	2	192	19	7
15555	4	171	24	10
15556	6	114	27	8
15557	2	18	12	3
15558	2	180	25	10
15559	4	159	28	12
15560	2	87	17	6
15561	2	192	21	8
15562	2	19	13	3
15563	2	21	12	3
15564	2	22	13	3
15565	2	33	7	2
15566	2	156	19	7
15567	2	51	10	3
15568	2	132	17	6
15569	4	132	21	9
15570	2	75	17	6
15571	2	18	12	3
15572	4	126	25	8
15573	4	132	21	9
15574	2	162	21	8
15575	4	171	24	10
15576	2	87	14	5
15577	4	102	19	4
15578	2	42	15	4
15579	2	22	12	3
15580	2	51	10	3
15581	4	93	21	5
15582	4	93	19	4
15583	2	38	12	3
15584	2	141	17	6
15585	2	42	15	4
15586	4	135	23	11
15587	2	57	13	4
15588	2	96	17	6
15589	2	75	17	6
15590	4	132	22	8
15591	4	132	22	7
15592	2	22	12	3
15593	2	132	19	7
15594	4	120	22	9
15595	2	38	12	3
15596	2	41	14	4
15597	4	135	23	10
15598	2	51	11	3
15599	4	135	23	10
15600	2	15	13	3
15601	2	186	27	11
15602	2	19	12	3
15603	4	126	21	10
15604	2	42	15	4
15605	6	126	26	8
15606	4	159	25	10
15607	4	168	25	10
15608	2	21	11	3
15609	4	132	22	7
15610	4	132	21	9
15611	4	60	18	5
15612	4	126	22	7
15613	4	102	22	7
15614	6	120	27	9
15615	2	16	13	3
15616	2	19	12	3
15617	2	17	14	4
15618	2	75	15	5
15619	2	16	13	3
15620	4	162	24	10
15621	2	42	15	4
15622	4	141	24	11
15623	4	120	24	7
15624	2	174	23	9
15625	2	69	12	4
15626	4	132	21	10
15627	2	63	13	4
15628	2	19	10	2
15629	2	81	17	6
15630	2	186	21	8
15631	2	147	19	7
15632	2	81	11	3
15633	2	84	13	4
15634	4	126	22	8
15635	2	186	23	9
15636	2	135	17	6
15637	2	65	13	3
15638	2	16	14	3
15639	4	87	22	6
15640	2	18	15	4
15641	2	33	10	5
15642	4	126	21	9
15643	2	32	7	2
15644	4	171	24	10
15645	2	81	15	5
15646	2	16	13	3
15647	2	42	15	4
15648	2	40	14	3
15649	2	38	11	2
15650	6	120	26	8
15651	2	60	13	4
15652	2	21	12	3
15653	4	135	24	11
15654	2	20	10	2
15655	4	171	24	10
15656	4	120	24	7
15657	2	123	19	7
15658	4	171	27	12
15659	4	126	21	10
15660	4	96	19	4
15661	4	96	21	6
15662	4	93	19	5
15663	2	162	17	6
15664	2	21	12	3
15665	2	81	13	4
15666	2	87	21	8
15667	2	150	19	7
15668	6	120	26	8
15669	4	126	22	10
15670	4	132	24	8
15671	4	135	23	10
15672	2	17	11	3
15673	2	129	21	8
15674	6	114	27	9
15675	2	65	13	3
15676	2	69	17	6
15677	4	126	24	7
15678	4	153	27	12
15679	2	20	11	3
15680	4	96	21	6
15681	6	126	28	9
15682	4	141	21	9
15683	2	99	15	5
15684	2	99	13	4
15685	4	135	23	11
15686	4	126	25	8
15687	2	150	19	7
15688	2	117	18	7
15689	4	162	24	10
15690	2	120	17	6
15691	4	159	25	10
15692	2	63	15	5
15693	2	66	10	2
15694	4	126	21	10
15695	2	65	13	3
15696	2	65	13	3
15697	4	96	19	5
15698	2	51	10	3
15699	2	75	15	5
15700	4	96	21	6
15701	4	159	28	12
15702	4	135	21	9
15703	6	126	26	8
15704	2	186	21	8
15705	6	126	27	8
15706	4	135	24	11
15707	2	63	19	7
15708	2	114	18	7
15709	2	18	11	3
15710	2	18	12	3
15711	4	132	24	7
15712	2	40	13	3
15713	2	15	13	3
15714	4	126	21	9
15715	2	21	12	3
15716	2	22	13	3
15717	2	39	12	3
15718	4	138	22	8
15719	2	156	23	9
15720	2	81	17	6
15721	4	102	19	5
15722	2	33	7	2
15723	4	126	22	7
15724	4	129	25	11
15725	2	41	14	4
15726	2	40	13	3
15727	4	132	22	7
15728	4	126	22	10
15729	2	69	17	6
15730	2	20	11	3
15731	2	198	23	9
15732	4	132	22	7
15733	2	40	13	3
15734	2	81	19	7
15735	4	96	19	4
15736	4	168	25	10
15737	2	16	14	3
15738	4	132	21	9
15739	2	39	13	3
15740	2	22	13	3
15741	2	138	15	5
15742	2	120	16	6
15743	2	156	23	9
15744	2	144	21	8
15745	2	30	7	2
15746	4	126	23	9
15747	2	168	21	8
15748	6	120	28	9
15749	2	19	13	3
15750	4	57	16	5
15751	2	40	14	3
15752	2	180	25	10
15753	4	132	21	9
15754	2	99	27	11
15755	2	114	17	6
15756	2	21	10	2
15757	6	132	26	8
15758	2	71	17	6
15759	2	114	17	6
15760	4	60	18	5
15761	2	114	17	6
15762	2	75	17	6
15763	2	117	17	6
15764	4	132	25	7
15765	4	99	19	5
15766	4	96	21	6
15767	2	22	12	3
15768	4	126	21	9
15769	2	93	15	5
15770	4	162	24	10
15771	2	45	12	4
15772	2	40	13	3
15773	4	126	22	8
15774	2	40	14	3
15775	2	24	14	4
15776	2	144	19	7
15777	2	87	14	5
15778	2	129	22	9
15779	2	42	15	4
15780	4	162	27	12
15781	4	162	27	12
15782	4	132	21	9
15783	6	126	28	9
15784	2	105	16	5
15785	2	21	14	4
15786	2	36	11	6
15787	4	162	24	10
15788	4	168	25	10
15789	2	63	19	7
15790	4	168	25	10
15791	2	39	12	3
15792	2	81	15	5
15793	2	20	11	3
15794	6	120	27	9
15795	4	159	28	12
15796	2	123	21	8
15797	4	135	23	11
15798	2	17	10	2
15799	2	20	11	3
15800	4	168	25	10
15801	2	18	12	3
15802	2	60	13	4
15803	4	159	25	10
15804	2	162	21	8
15805	2	93	21	8
15806	2	114	17	6
15807	6	126	27	8
15808	2	18	12	3
15809	4	126	21	9
15810	4	129	23	10
15811	4	132	24	7
15812	2	24	14	4
15813	2	66	13	4
15814	2	114	18	7
15815	2	96	15	5
15816	2	21	12	3
15817	2	16	14	3
15818	2	120	17	6
15819	2	84	11	3
15820	2	18	15	4
15821	2	192	23	9
15822	4	120	22	7
15823	2	153	21	8
15824	4	99	19	5
15825	2	138	19	7
15826	2	17	11	3
15827	2	40	13	3
15828	2	87	13	4
15829	2	66	10	2
15830	2	75	15	5
15831	2	14	11	2
15832	2	132	19	7
15833	2	69	17	6
15834	4	162	27	12
15835	2	84	11	3
15836	2	66	14	3
15837	2	129	21	8
15838	2	14	11	2
15839	2	42	15	4
15840	2	42	15	4
15841	4	120	21	9
15842	2	21	12	3
15843	6	120	28	9
15844	2	162	21	8
15845	2	18	15	4
15846	4	135	24	11
15847	2	81	13	4
15848	2	32	7	2
15849	2	19	12	3
15850	2	26	12	3
15851	2	65	13	3
15852	2	39	12	3
15853	2	102	15	5
15854	2	21	12	3
15855	4	168	25	10
15856	2	93	19	7
15857	4	126	24	7
15858	2	105	16	5
15859	2	22	13	3
15860	2	150	22	9
15861	2	120	13	4
15862	2	19	13	3
15863	2	81	17	6
15864	2	69	12	4
15865	2	84	13	4
15866	4	57	16	5
15867	2	198	25	10
15868	2	93	16	6
15869	2	66	11	3
15870	4	126	22	8
15871	4	102	20	4
15872	2	18	12	3
15873	2	21	12	3
15874	4	132	24	7
15875	4	162	27	12
15876	2	18	12	3
15877	4	126	21	10
15878	4	180	24	10
15879	4	171	24	10
15880	2	63	10	3
15881	2	42	15	4
15882	4	135	24	11
15883	4	102	20	4
15884	4	126	21	9
15885	2	81	16	6
15886	4	96	19	5
15887	6	114	27	9
15888	4	126	21	10
15889	2	180	26	11
15890	2	30	7	2
15891	4	57	16	5
15892	2	87	15	5
15893	2	75	14	4
15894	2	21	14	4
15895	2	66	14	3
15896	2	198	23	9
15897	2	57	8	2
15898	2	51	11	3
15899	4	126	22	8
15900	2	22	12	3
15901	2	96	15	5
15902	2	22	13	3
15903	2	21	14	4
15904	2	75	21	8
15905	2	102	14	5
15906	2	19	10	2
15907	2	99	14	4
15908	2	65	12	4
15909	4	105	19	5
15910	2	96	15	5
15911	4	126	24	7
15912	2	19	12	3
15913	2	20	13	4
15914	4	159	25	10
15915	4	96	20	5
15916	4	129	23	10
15917	4	96	20	5
15918	2	87	14	5
15919	4	126	22	7
15920	2	168	27	11
15921	2	65	12	4
15922	2	123	21	8
15923	2	102	15	5
15924	2	66	14	3
15925	4	96	19	4
15926	4	159	25	10
15927	2	123	17	6
15928	4	171	24	10
15929	6	120	28	9
15930	4	162	24	10
15931	4	126	22	7
15932	4	102	19	5
15933	2	66	11	3
15934	4	126	21	9
15935	2	15	13	3
15936	2	99	13	4
15937	2	22	13	3
15938	2	114	17	6
15939	2	135	19	7
15940	4	132	24	8
15941	2	84	13	4
15942	2	63	15	5
15943	2	40	13	3
15944	2	180	25	10
15945	2	96	15	5
15946	4	126	21	9
15947	2	65	13	3
15948	4	126	21	10
15949	2	63	25	10
15950	2	16	14	3
15951	6	126	25	7
15952	2	63	21	8
15953	4	87	19	4
15954	4	162	24	10
15955	2	64	12	3
15956	4	141	23	10
15957	4	126	22	8
15958	2	51	8	2
15959	4	159	28	12
15960	4	162	24	10
15961	4	132	25	7
15962	4	96	19	5
15963	2	156	19	7
15964	4	132	22	8
15965	4	135	23	11
15966	2	40	13	3
15967	4	168	25	10
15968	2	65	13	3
15969	4	153	24	10
15970	2	39	13	3
15971	2	81	13	4
15972	4	138	21	9
15973	2	63	11	2
15974	2	75	13	4
15975	4	135	25	12
15976	4	126	21	9
15977	2	150	17	6
15978	2	22	12	3
15979	2	141	17	6
15980	4	126	22	8
15981	2	186	21	8
15982	2	75	11	3
15983	4	126	22	8
15984	2	41	14	4
15985	4	162	27	12
15986	2	153	21	8
15987	6	132	26	8
15988	4	99	19	5
15989	2	156	21	8
15990	4	129	21	9
15991	4	132	22	7
15992	4	126	22	7
15993	2	75	19	7
15994	2	24	14	4
15995	6	126	28	9
15996	2	120	18	6
15997	2	24	14	4
15998	2	21	12	3
15999	4	168	28	12
16000	2	39	12	3
16001	4	162	24	10
16002	4	132	22	8
16003	2	87	13	4
16004	2	198	23	9
16005	2	84	13	4
16006	4	126	21	10
16007	2	102	13	4
16008	4	126	20	9
16009	6	126	27	8
16010	4	135	24	11
16011	2	22	13	3
16012	2	75	19	7
16013	2	114	19	7
16014	2	19	12	3
16015	2	20	10	2
16016	4	126	21	9
16017	2	138	15	5
16018	4	126	22	7
16019	4	132	21	9
16020	2	99	19	7
16021	4	87	22	6
16022	2	23	13	4
16023	2	36	11	2
16024	2	180	23	9
16025	2	102	15	5
16026	2	102	15	5
16027	4	129	25	11
16028	2	21	12	3
16029	2	65	13	3
16030	2	132	17	6
16031	2	21	12	3
16032	2	75	21	8
16033	2	132	19	7
16034	2	120	17	6
16035	2	81	11	3
16036	2	22	12	3
16037	2	120	17	6
16038	2	18	15	4
16039	4	126	22	7
16040	2	15	13	3
16041	4	126	20	9
16042	2	41	14	4
16043	2	22	12	3
16044	2	15	13	3
16045	4	171	24	10
16046	2	21	12	3
16047	4	132	22	7
16048	2	180	17	6
16049	4	126	24	8
16050	4	126	26	8
16051	2	93	19	7
16052	4	135	23	10
16053	2	102	17	6
16054	2	180	19	7
16055	2	40	13	3
16056	4	132	21	9
16057	4	135	23	11
16058	2	156	19	7
16059	4	159	25	10
16060	4	126	21	9
16061	4	168	28	12
16062	2	156	21	8
16063	2	63	21	8
16064	4	141	23	10
16065	2	87	17	6
16066	4	126	23	9
16067	4	126	22	11
16068	4	159	25	10
16069	2	19	13	3
16070	4	60	18	5
16071	4	126	25	8
16072	2	81	14	5
16073	2	36	11	6
16074	2	126	19	7
16075	4	126	22	7
16076	2	63	19	7
16077	2	66	13	4
16078	2	21	12	3
16079	2	105	19	7
16080	2	120	16	6
16081	4	126	21	9
16082	2	102	15	5
16083	2	84	11	3
16084	2	75	17	6
16085	4	126	21	9
16086	4	132	22	7
16087	4	168	25	10
16088	4	96	22	7
16089	2	108	13	4
16090	2	108	16	6
16091	2	22	12	3
16092	2	78	11	3
16093	2	42	15	4
16094	4	132	22	8
16095	4	132	22	8
16096	4	120	25	7
16097	2	141	17	6
16098	2	22	12	3
16099	2	105	15	5
16100	2	63	15	5
16101	4	162	27	12
16102	2	33	7	2
16103	2	39	13	3
16104	2	66	10	4
16105	6	120	27	8
16106	2	57	8	2
16107	2	51	10	3
16108	2	81	17	6
16109	2	51	8	2
16110	4	132	22	7
16111	2	42	15	4
16112	2	19	10	2
16113	2	16	13	3
16114	4	102	19	5
16115	2	66	11	3
16116	2	18	12	3
16117	2	78	13	4
16118	2	15	13	3
16119	2	75	17	6
16120	2	186	25	10
16121	2	99	16	5
16122	2	16	14	3
16123	2	81	13	4
16124	2	17	11	3
16125	2	66	10	4
16126	4	126	22	8
16127	2	84	13	4
16128	2	156	19	7
16129	2	78	13	4
16130	2	22	13	3
16131	2	33	9	4
16132	2	20	13	4
16133	2	114	13	4
16134	2	21	12	3
16135	2	117	15	5
16136	2	75	19	7
16137	2	23	11	3
16138	2	81	15	5
16139	2	42	15	4
16140	2	66	14	3
16141	4	126	24	7
16142	2	22	12	3
16143	4	162	24	10
16144	4	132	24	7
16145	2	180	23	9
16146	2	22	12	3
16147	2	66	14	3
16148	2	156	21	8
16149	2	42	15	4
16150	2	138	17	6
16151	2	150	17	6
16152	2	40	14	3
16153	2	39	12	3
16154	2	69	12	4
16155	2	186	25	10
16156	2	147	21	8
16157	4	126	24	7
16158	2	66	14	3
16159	2	66	12	3
16160	2	123	20	8
16161	4	159	28	12
16162	4	96	19	5
16163	4	141	24	11
16164	4	126	25	7
16165	2	22	12	3
16166	4	162	24	10
16167	2	16	14	3
16168	4	126	21	9
16169	2	19	12	3
16170	2	40	13	3
16171	2	105	21	8
16172	4	171	27	12
16173	2	21	12	3
16174	2	51	10	3
16175	2	138	19	7
16176	2	38	12	3
16177	4	132	24	7
16178	6	120	26	8
16179	4	159	25	10
16180	4	132	24	7
16181	2	156	21	8
16182	4	102	21	6
16183	6	126	25	7
16184	2	93	15	5
16185	2	23	13	4
16186	2	87	13	4
16187	2	120	15	5
16188	2	102	17	6
16189	4	96	19	5
16190	2	17	14	4
16191	4	168	25	10
16192	2	186	21	8
16193	4	132	22	7
16194	2	13	11	2
16195	2	81	17	6
16196	4	102	21	6
16197	2	84	15	5
16198	2	39	13	3
16199	2	15	13	3
16200	4	132	22	7
16201	4	159	25	10
16202	2	102	15	5
16203	4	126	22	8
16204	2	40	14	3
16205	2	66	13	4
16206	2	42	15	4
16207	2	63	15	5
16208	2	78	11	3
16209	2	40	14	3
16210	2	168	21	8
16211	4	126	21	9
16212	2	174	23	9
16213	6	120	28	9
16214	4	141	24	11
16215	2	84	12	4
16216	4	57	16	5
16217	2	75	15	5
16218	2	42	15	4
16219	2	63	15	5
16220	2	51	14	4
16221	4	93	21	5
16222	2	87	25	10
16223	2	120	17	6
16224	2	63	11	2
16225	4	126	23	7
16226	4	96	19	5
16227	4	126	22	7
16228	2	21	12	3
16229	4	168	25	10
16230	2	38	11	2
16231	2	81	14	4
16232	2	66	13	4
16233	4	162	27	12
16234	2	66	14	3
16235	4	162	27	12
16236	2	120	15	5
16237	2	15	13	3
16238	4	132	25	7
16239	4	120	24	8
16240	2	129	17	6
16241	2	57	19	7
16242	4	159	28	12
16243	2	51	11	3
16244	4	162	27	12
16245	2	16	13	3
16246	2	21	14	4
16247	2	41	14	4
16248	2	84	13	4
16249	2	39	12	3
16250	2	102	14	5
16251	2	84	11	3
16252	2	13	11	2
16253	2	39	12	3
16254	4	162	24	10
16255	2	102	13	4
16256	4	159	25	10
16257	2	99	15	5
16258	2	65	13	3
16259	4	141	23	10
16260	2	156	21	8
16261	2	129	19	7
16262	4	132	21	9
16263	2	102	17	6
16264	4	153	27	12
16265	2	13	11	2
16266	6	120	25	7
16267	2	168	21	8
16268	2	21	12	3
16269	4	63	17	5
16270	6	120	25	7
16271	4	99	19	5
16272	4	132	24	8
16273	2	16	13	3
16274	6	126	27	9
16275	6	114	28	10
16276	6	120	27	9
16277	4	132	21	9
16278	4	132	22	8
16279	2	19	13	3
16280	2	66	10	4
16281	4	162	24	10
16282	2	162	17	6
16283	2	21	11	3
16284	2	99	15	5
16285	4	132	24	7
16286	2	39	12	3
16287	2	111	18	6
16288	2	18	15	4
16289	2	21	12	3
16290	2	153	18	6
16291	4	93	22	6
16292	4	132	24	8
16293	2	66	11	3
16294	2	75	13	4
16295	2	18	15	4
16296	2	21	11	3
16297	2	114	17	6
16298	2	126	15	5
16299	2	162	17	6
16300	2	22	13	3
16301	4	132	24	7
16302	2	111	17	6
16303	4	126	22	7
16304	4	120	23	8
16305	2	22	13	3
16306	2	57	13	4
16307	2	168	23	9
16308	4	135	23	11
16309	2	99	15	5
16310	4	96	22	6
16311	4	132	24	7
16312	4	126	21	10
16313	4	171	27	12
16314	2	156	17	6
16315	4	96	22	7
16316	4	150	25	10
16317	4	126	21	9
16318	2	65	13	3
16319	2	150	21	8
16320	6	114	27	8
16321	2	138	17	6
16322	2	22	12	3
16323	4	96	21	6
16324	4	126	25	8
16325	2	15	13	3
16326	2	93	15	5
16327	4	126	21	9
16328	2	15	13	3
16329	2	69	13	4
16330	6	126	25	7
16331	2	150	21	8
16332	2	63	14	5
16333	4	132	24	7
16334	4	141	23	10
16335	2	33	7	2
16336	2	51	8	2
16337	2	64	12	3
16338	2	38	11	2
16339	2	14	12	3
16340	2	23	13	4
16341	2	51	10	3
16342	4	162	27	12
16343	4	141	23	11
16344	2	126	17	6
16345	4	162	24	10
16346	2	21	12	3
16347	2	17	11	3
16348	2	93	18	7
16349	2	174	23	9
16350	2	15	13	3
16351	2	87	13	4
16352	2	168	22	9
16353	2	93	15	5
16354	2	30	7	2
16355	4	171	30	14
16356	6	120	27	8
16357	4	171	24	10
16358	4	168	25	10
16359	2	81	11	3
16360	2	84	13	4
16361	2	51	10	3
16362	4	171	24	10
16363	2	120	15	5
16364	4	120	22	8
16365	4	141	24	11
16366	2	138	15	5
16367	4	96	20	4
16368	2	51	11	3
16369	2	51	10	3
16370	2	65	13	3
16371	6	120	27	9
16372	2	87	16	6
16373	2	120	19	7
16374	2	150	21	8
16375	4	135	25	12
16376	4	60	18	5
16377	6	120	28	9
16378	2	40	13	3
16379	2	66	10	2
16380	2	138	23	9
16381	2	105	19	7
16382	2	18	15	4
16383	2	84	11	3
16384	2	33	7	2
16385	2	105	16	6
16386	2	150	17	6
16387	2	24	14	4
16388	2	66	11	3
16389	2	33	10	5
16390	2	45	10	3
16391	2	126	17	6
16392	2	156	21	8
16393	4	132	24	8
16394	2	16	13	3
16395	4	135	23	10
16396	4	96	19	5
16397	2	69	15	5
16398	2	13	11	2
16399	2	79	19	7
16400	2	21	12	3
16401	4	132	22	8
16402	2	19	13	3
16403	2	21	12	3
16404	2	138	17	6
16405	2	21	12	3
16406	2	117	17	6
16407	4	126	21	9
16408	2	75	15	5
16409	2	22	13	3
16410	2	102	15	5
16411	2	156	19	7
16412	2	17	11	3
16413	2	150	21	8
16414	4	63	19	7
16415	2	150	23	9
16416	4	126	24	7
16417	4	168	25	10
16418	2	75	19	7
16419	2	42	15	4
16420	2	21	12	3
16421	4	135	23	10
16422	2	40	14	3
16423	4	132	22	7
16424	2	41	14	4
16425	4	135	24	11
16426	4	126	23	9
16427	2	16	14	3
16428	2	192	19	7
16429	2	19	12	3
16430	2	138	22	9
16431	2	39	13	3
16432	4	126	22	7
16433	2	24	14	4
16434	4	153	24	10
16435	4	63	17	5
16436	2	144	21	8
16437	2	15	13	3
16438	2	21	12	3
16439	4	126	23	8
16440	2	66	11	3
16441	4	126	24	7
16442	4	147	23	11
16443	2	40	14	3
16444	2	66	11	3
16445	2	69	15	5
16446	4	126	25	8
16447	2	81	15	5
16448	2	114	13	4
16449	2	111	19	7
16450	2	174	27	11
16451	2	39	13	3
16452	2	41	14	4
16453	2	19	13	3
16454	4	141	23	10
16455	2	51	15	5
16456	2	66	14	3
16457	4	126	21	10
16458	2	99	27	11
16459	2	39	13	3
16460	2	150	17	6
16461	2	71	17	6
16462	4	159	25	10
16463	4	126	21	9
16464	4	87	21	5
16465	2	21	12	3
16466	4	132	23	7
16467	4	141	23	10
16468	4	135	23	10
16469	2	81	15	5
16470	4	132	22	7
16471	2	186	23	9
16472	4	162	27	12
16473	2	15	12	3
16474	2	186	21	8
16475	2	66	14	3
16476	2	132	19	7
16477	2	15	12	3
16478	2	21	12	3
16479	2	81	14	4
16480	2	129	18	6
16481	2	66	13	4
16482	4	132	21	9
16483	2	138	19	7
16484	2	153	19	7
16485	4	132	25	8
16486	4	162	27	12
16487	2	57	15	5
16488	2	87	19	7
16489	2	15	12	3
16490	4	132	22	10
16491	2	39	12	3
16492	2	22	12	3
16493	2	66	11	3
16494	4	159	25	10
16495	2	45	13	4
16496	4	129	24	11
16497	2	156	19	7
16498	2	162	19	7
16499	2	156	23	9
16500	4	120	24	7
16501	2	40	14	3
16502	2	15	13	3
16503	2	40	13	3
16504	2	17	14	4
16505	4	126	21	9
16506	2	51	8	2
16507	2	138	17	6
16508	2	99	21	8
16509	4	60	18	5
16510	2	57	10	3
16511	4	126	22	8
16512	2	153	18	6
16513	2	22	12	3
16514	2	132	17	6
16515	2	120	19	7
16516	2	102	17	6
16517	2	22	13	3
16518	2	120	17	6
16519	2	21	14	4
16520	2	75	17	6
16521	2	22	13	3
16522	2	69	15	5
16523	2	66	11	3
16524	4	96	19	4
16525	2	51	12	4
16526	2	39	13	3
16527	4	171	24	10
16528	4	132	22	7
16529	2	33	7	2
16530	4	102	21	6
16531	2	19	13	3
16532	2	81	15	5
16533	4	63	18	7
16534	2	21	12	3
16535	2	51	8	2
16536	2	186	23	9
16537	4	126	24	7
16538	2	39	13	3
16539	4	168	28	12
16540	4	120	24	7
16541	4	126	24	7
16542	6	120	25	7
16543	2	20	10	2
16544	4	93	19	4
16545	4	120	25	8
16546	2	84	11	3
16547	4	162	24	10
16548	2	22	13	3
16549	2	64	12	3
16550	2	65	13	3
16551	4	126	21	9
16552	2	15	13	3
16553	2	22	13	3
16554	2	105	19	7
16555	2	18	12	3
16556	2	63	14	4
16557	2	65	13	3
16558	4	126	24	7
16559	2	99	17	6
16560	4	126	21	9
16561	2	57	23	9
16562	2	33	7	2
16563	2	120	17	6
16564	2	19	10	2
16565	2	24	14	4
16566	2	75	21	8
16567	2	117	15	5
16568	2	87	14	5
16569	2	153	23	9
16570	4	126	22	8
16571	2	18	12	3
16572	2	24	14	4
16573	2	174	21	8
16574	4	96	20	4
16575	2	81	17	6
16576	6	120	28	9
16577	4	162	27	12
16578	2	15	12	3
16579	4	132	22	7
16580	4	177	25	10
16581	2	114	13	4
16582	2	69	13	4
16583	2	21	10	2
16584	2	69	13	4
16585	4	159	25	10
16586	4	171	24	10
16587	4	126	21	9
16588	4	159	28	12
16589	4	63	17	5
16590	4	126	21	10
16591	2	66	14	3
16592	2	21	12	3
16593	4	126	21	9
16594	2	75	12	4
16595	2	198	25	10
16596	2	102	15	5
16597	2	13	11	2
16598	4	126	23	9
16599	4	180	27	12
16600	2	19	12	3
16601	4	93	20	4
16602	2	65	13	3
16603	4	132	21	9
16604	4	120	22	7
16605	4	159	28	12
16606	2	65	13	3
16607	4	171	27	12
16608	4	126	21	9
16609	4	90	22	6
16610	2	41	14	4
16611	2	19	12	3
16612	2	111	15	5
16613	2	63	15	5
16614	4	126	22	7
16615	4	93	19	4
16616	2	132	19	7
16617	2	16	13	3
16618	4	126	22	8
16619	4	96	20	5
16620	4	162	24	10
16621	4	120	21	9
16622	2	15	13	3
16623	2	150	19	7
16624	2	84	15	5
16625	2	111	17	6
16626	2	21	11	3
16627	4	132	24	7
16628	4	132	22	8
16629	2	108	13	4
16630	2	16	14	3
16631	2	40	14	3
16632	2	18	11	3
16633	2	69	12	4
16634	2	42	15	4
16635	2	18	12	3
16636	2	45	12	4
16637	4	141	23	11
16638	2	23	11	3
16639	2	81	13	4
16640	4	126	22	7
16641	2	66	11	3
16642	4	126	23	7
16643	4	135	25	13
16644	4	126	21	7
16645	2	33	7	2
16646	2	42	15	4
16647	4	159	28	12
16648	2	51	14	5
16649	2	198	25	10
16650	2	87	19	7
16651	4	93	22	6
16652	2	99	13	4
16653	2	42	15	4
16654	2	174	21	8
16655	2	20	11	3
16656	4	138	21	10
16657	2	96	13	4
16658	2	22	12	3
16659	6	126	28	9
16660	4	141	25	13
16661	2	150	19	7
16662	4	135	24	11
16663	6	126	25	7
16664	4	159	28	12
16665	2	168	21	8
16666	2	51	13	4
16667	2	87	13	4
16668	2	84	11	3
16669	4	126	22	7
16670	2	17	14	4
16671	4	162	24	10
16672	2	75	17	6
16673	6	120	27	9
16674	2	33	7	2
16675	2	36	11	6
16676	4	159	25	10
16677	2	23	13	4
16678	4	126	21	10
16679	2	120	15	5
16680	2	51	10	3
16681	2	108	15	5
16682	2	84	11	3
16683	2	39	12	3
16684	2	22	13	3
16685	2	150	17	6
16686	2	37	11	2
16687	2	39	12	3
16688	2	51	11	3
16689	4	168	25	10
16690	4	132	22	7
16691	2	69	13	4
16692	2	66	13	4
16693	2	16	13	3
16694	6	126	25	7
16695	2	81	11	3
16696	4	171	24	10
16697	2	18	11	3
16698	2	19	12	3
16699	2	186	23	9
16700	2	21	12	3
16701	2	84	11	3
16702	4	120	24	7
16703	2	63	11	2
16704	4	171	27	12
16705	2	13	11	2
16706	2	73	19	7
16707	4	57	16	5
16708	4	132	25	7
16709	4	126	21	9
16710	2	18	15	4
16711	4	147	23	10
16712	2	38	11	2
16713	4	57	16	5
16714	4	120	21	10
16715	4	168	25	10
16716	2	20	11	3
16717	2	105	22	9
16718	4	168	28	12
16719	2	21	14	4
16720	2	15	13	3
16721	2	192	23	9
16722	2	36	11	6
16723	2	16	14	3
16724	4	135	23	10
16725	2	13	11	2
16726	2	144	19	7
16727	2	81	15	5
16728	2	102	19	7
16729	2	21	12	3
16730	2	36	7	2
16731	4	126	23	7
16732	4	126	21	9
16733	4	132	24	7
16734	4	126	22	10
16735	2	21	14	4
16736	4	162	27	12
16737	2	21	12	3
16738	2	21	14	4
16739	2	39	12	3
16740	4	126	22	7
16741	2	87	13	4
16742	4	135	25	12
16743	4	135	23	10
16744	2	17	11	3
16745	2	15	13	3
16746	2	66	10	4
16747	2	17	11	3
16748	2	42	15	4
16749	2	51	8	2
16750	4	168	25	10
16751	2	75	15	5
16752	6	126	25	7
16753	2	75	17	6
16754	2	40	14	3
16755	2	138	17	6
16756	4	132	24	7
16757	2	16	14	3
16758	2	93	19	7
16759	2	153	19	7
16760	4	120	24	8
16761	2	132	17	6
16762	2	40	13	3
16763	2	75	13	4
16764	4	138	24	7
16765	2	51	14	4
16766	4	162	24	10
16767	2	18	15	4
16768	2	156	21	8
16769	4	126	21	9
16770	4	159	25	10
16771	2	21	12	3
16772	2	17	14	4
16773	2	75	15	5
16774	4	126	21	9
16775	4	126	21	9
16776	4	159	25	10
16777	2	81	25	10
16778	2	40	14	3
16779	2	147	23	9
16780	2	105	17	6
16781	2	16	13	3
16782	2	105	19	7
16783	2	102	17	6
16784	2	51	10	3
16785	2	41	14	4
16786	4	135	24	12
16787	2	93	15	5
16788	4	126	21	10
16789	4	99	20	5
16790	2	23	11	3
16791	4	159	28	12
16792	2	174	21	8
16793	2	40	14	3
16794	2	20	13	4
16795	2	39	13	3
16796	4	135	25	12
16797	2	16	13	3
16798	4	126	21	9
16799	2	87	23	9
16800	4	138	22	7
16801	2	138	17	6
16802	4	126	24	8
16803	4	132	24	7
16804	4	162	24	10
16805	2	21	11	3
16806	2	39	12	3
16807	2	26	12	3
16808	2	20	11	3
16809	2	150	21	8
16810	2	63	15	5
16811	2	99	15	5
16812	2	132	19	7
16813	4	135	25	12
16814	2	40	13	3
16815	4	141	24	11
16816	4	162	27	12
16817	2	75	13	4
16818	2	21	12	3
16819	4	57	16	5
16820	2	63	17	6
16821	2	192	23	9
16822	4	132	21	10
16823	2	138	19	7
16824	2	87	17	6
16825	2	40	14	3
16826	2	75	15	5
16827	4	135	24	11
16828	2	51	13	4
16829	2	117	15	5
16830	2	42	15	4
16831	4	93	19	4
16832	4	162	27	12
16833	4	171	24	10
16834	4	162	24	10
16835	2	120	17	6
16836	2	51	12	4
16837	2	87	14	5
16838	2	174	23	9
16839	4	141	21	9
16840	2	120	13	4
16841	2	123	19	7
16842	2	120	15	5
16843	2	57	8	2
16844	4	126	21	10
16845	2	66	13	4
16846	4	126	24	8
16847	4	171	24	10
16848	4	126	22	7
16849	4	63	18	7
16850	2	21	11	3
16851	4	135	24	11
16852	4	126	26	7
16853	4	171	27	12
16854	4	171	27	12
16855	4	171	24	10
16856	2	66	12	3
16857	4	132	22	7
16858	2	87	15	5
16859	2	102	13	4
16860	4	153	24	10
16861	2	18	12	3
16862	2	102	13	4
16863	2	144	17	6
16864	2	15	13	3
16865	2	66	13	4
16866	4	153	27	12
16867	2	40	13	3
16868	4	132	24	7
16869	4	126	22	7
16870	2	15	12	3
16871	2	39	12	3
16872	2	81	17	6
16873	2	40	13	3
16874	2	84	13	4
16875	4	126	22	7
16876	2	87	25	10
16877	2	87	13	4
16878	2	19	13	3
16879	2	174	21	8
16880	4	93	20	4
16881	4	93	20	5
16882	2	75	15	5
16883	2	33	9	4
16884	2	18	15	4
16885	2	57	8	2
16886	2	66	13	4
16887	2	39	13	3
16888	6	132	27	8
16889	2	13	11	2
16890	4	126	24	7
16891	4	168	25	10
16892	2	40	13	3
16893	2	81	13	4
16894	4	93	20	4
16895	2	120	17	6
16896	2	38	12	3
16897	2	66	13	4
16898	2	87	17	6
16899	6	120	27	8
16900	2	162	17	6
16901	4	126	24	7
16902	4	162	24	10
16903	2	22	12	3
16904	2	65	13	3
16905	4	126	22	7
16906	2	75	19	7
16907	2	19	13	3
16908	6	120	31	11
16909	6	126	29	10
16910	4	126	24	8
16911	4	93	21	5
16912	2	66	13	4
16913	2	21	14	4
16914	2	40	13	3
16915	2	138	23	9
16916	4	162	27	12
16917	4	141	22	10
16918	2	174	19	7
16919	4	126	22	8
16920	4	96	21	6
16921	2	117	15	5
16922	2	39	13	3
16923	4	135	25	12
16924	2	150	17	6
16925	2	22	12	3
16926	2	84	13	4
16927	4	168	25	10
16928	4	177	28	12
16929	2	63	21	8
16930	2	192	23	9
16931	2	66	14	3
16932	4	126	21	9
16933	4	168	28	12
16934	2	66	13	4
16935	2	17	14	4
16936	2	108	13	4
16937	4	126	24	7
16938	2	64	12	3
16939	2	21	12	3
16940	4	168	28	12
16941	4	126	26	7
16942	6	114	29	10
16943	2	21	12	3
16944	2	87	17	6
16945	4	162	27	12
16946	4	120	22	9
16947	4	150	25	10
16948	4	126	25	8
16949	2	87	13	4
16950	4	132	21	10
16951	4	129	21	9
16952	4	168	25	10
16953	2	117	20	8
16954	2	93	25	10
16955	2	66	13	4
16956	4	132	22	7
16957	2	69	15	5
16958	2	64	12	3
16959	2	63	15	5
16960	4	120	22	7
16961	2	102	19	7
16962	4	132	21	10
16963	4	141	23	11
16964	2	123	19	7
16965	2	19	13	3
16966	2	66	14	3
16967	2	21	12	3
16968	4	162	24	10
16969	2	99	18	7
16970	4	99	21	5
16971	2	40	14	3
16972	2	174	23	9
16973	2	135	15	5
16974	2	150	21	8
16975	2	24	14	4
16976	4	159	28	12
16977	2	84	13	4
16978	4	132	22	7
16979	2	16	14	3
16980	2	132	17	6
16981	4	93	20	5
16982	2	138	19	7
16983	2	150	19	7
16984	4	135	24	11
16985	4	126	22	8
16986	2	117	16	6
16987	4	171	24	10
16988	2	192	25	10
16989	2	132	19	7
16990	4	162	24	10
16991	4	171	24	10
16992	2	73	17	6
16993	2	186	21	8
16994	4	126	24	8
16995	2	16	14	3
16996	2	132	15	5
16997	4	93	21	5
16998	2	32	7	2
16999	4	132	21	10
17000	2	51	12	4
17001	2	135	17	6
17002	2	102	15	5
17003	4	168	25	10
17004	2	21	12	3
17005	4	126	22	7
17006	4	168	25	10
17007	2	99	15	5
17008	4	126	21	10
17009	2	99	13	4
17010	4	126	21	10
17011	4	162	24	10
17012	4	129	25	12
17013	2	19	11	2
17014	4	126	21	7
17015	2	24	14	4
17016	2	75	15	5
17017	4	126	21	9
17018	4	141	22	10
17019	2	66	14	3
17020	2	21	14	4
17021	4	96	21	5
17022	2	99	15	5
17023	2	40	13	3
17024	4	135	22	10
17025	4	153	27	12
17026	2	66	11	3
17027	4	93	19	4
17028	2	26	12	3
17029	4	150	28	12
17030	6	120	25	7
17031	2	87	13	4
17032	4	132	21	10
17033	6	120	28	9
17034	2	16	14	3
17035	2	84	11	3
17036	4	96	20	4
17037	2	162	23	9
17038	2	14	12	3
17039	2	19	11	2
17040	2	15	13	3
17041	2	84	11	3
17042	2	18	12	3
17043	2	21	12	3
17044	2	192	25	10
17045	2	66	12	3
17046	2	45	13	4
17047	4	120	22	7
17048	2	21	12	3
17049	4	132	21	10
17050	4	99	19	4
17051	2	87	15	5
17052	4	126	24	7
17053	2	40	13	3
17054	2	64	12	3
17055	4	126	21	9
17056	4	141	23	10
17057	4	138	21	10
17058	4	126	24	7
17059	4	159	25	10
17060	4	132	22	7
17061	4	162	24	10
17062	2	15	13	3
17063	6	126	27	8
17064	2	174	21	8
17065	4	159	25	10
17066	2	144	17	6
17067	4	93	19	4
17068	4	126	22	8
17069	4	132	24	7
17070	4	159	25	10
17071	2	16	13	3
17072	2	16	14	3
17073	2	21	12	3
17074	2	66	11	3
17075	2	144	17	6
17076	2	123	18	7
17077	2	138	19	7
17078	2	93	21	8
17079	4	162	27	12
17080	2	63	17	6
17081	2	81	13	4
17082	4	141	24	11
17083	2	66	14	3
17084	2	40	13	3
17085	2	102	13	4
17086	4	132	21	10
17087	4	129	25	11
17088	4	126	21	9
17089	4	102	19	5
17090	4	159	25	10
17091	4	132	24	7
17092	2	168	23	9
17093	4	105	19	5
17094	4	132	24	7
17095	2	66	11	3
17096	2	102	13	4
17097	2	186	23	9
17098	4	96	20	6
17099	4	132	22	8
17100	2	135	14	4
17101	2	42	15	4
17102	4	162	24	10
17103	2	81	13	4
17104	2	42	15	4
17105	4	132	25	7
17106	2	65	12	4
17107	4	126	25	8
17108	4	132	22	8
17109	2	87	13	4
17110	4	126	24	8
17111	2	162	23	9
17112	2	156	21	8
17113	4	141	23	10
17114	4	126	22	10
17115	2	192	21	8
17116	2	33	10	5
17117	4	102	21	6
17118	2	18	12	3
17119	2	117	19	7
17120	4	132	22	7
17121	2	132	19	7
17122	2	93	19	7
17123	2	102	13	4
17124	2	75	13	4
17125	4	171	24	10
17126	2	75	17	6
17127	2	40	14	3
17128	4	162	24	10
17129	2	18	12	3
17130	4	162	27	12
17131	4	126	25	8
17132	2	66	13	4
17133	2	66	14	3
17134	2	93	23	9
17135	4	93	21	5
17136	4	120	21	9
17137	2	24	14	4
17138	4	159	25	10
17139	2	120	17	6
17140	4	132	21	9
17141	2	84	11	3
17142	4	162	24	10
17143	2	138	19	7
17144	2	180	25	10
17145	4	132	24	7
17146	2	18	12	3
17147	4	132	24	8
17148	4	126	21	9
17149	2	33	8	2
17150	4	96	20	6
17151	2	65	12	4
17152	2	18	11	3
17153	4	126	21	9
17154	2	21	12	3
17155	2	40	14	3
17156	2	39	12	3
17157	4	153	24	10
17158	4	126	23	8
17159	2	39	12	3
17160	4	132	21	9
17161	2	84	11	3
17162	2	14	12	3
17163	2	17	14	4
17164	2	87	21	8
17165	2	168	21	8
17166	2	120	17	6
17167	4	141	25	12
17168	4	141	25	10
17169	2	117	20	8
17170	2	40	13	3
17171	4	132	22	8
17172	2	123	20	7
17173	2	69	15	5
17174	4	159	25	10
17175	2	81	11	3
17176	2	22	13	3
17177	2	21	12	3
17178	2	33	9	4
17179	2	65	13	3
17180	2	32	7	2
17181	4	120	24	8
17182	2	87	19	7
17183	2	102	17	6
17184	2	111	21	8
17185	4	126	22	7
17186	4	126	24	8
17187	4	126	24	7
17188	2	45	8	2
17189	2	75	13	4
17190	2	96	17	6
17191	4	132	22	7
17192	4	96	19	4
17193	2	75	17	6
17194	4	135	23	11
17195	4	162	27	12
17196	4	168	28	12
17197	2	162	21	8
17198	4	135	23	10
17199	2	186	21	8
17200	2	13	11	2
17201	2	39	12	3
17202	4	132	24	8
17203	4	132	24	7
17204	2	16	10	2
17205	4	96	19	5
17206	2	15	12	3
17207	2	16	13	3
17208	4	159	25	10
17209	4	126	24	7
17210	2	75	17	6
17211	2	186	23	9
17212	2	87	15	5
17213	4	132	21	9
17214	4	126	22	8
17215	2	22	12	3
17216	4	102	19	4
17217	2	129	19	7
17218	2	174	21	8
17219	4	159	25	10
17220	4	129	24	11
17221	2	132	15	5
17222	2	51	10	3
17223	4	135	23	10
17224	2	21	11	3
17225	2	19	12	3
17226	2	99	15	5
17227	2	96	15	5
17228	2	114	17	6
17229	2	180	23	9
17230	2	153	21	8
17231	2	32	7	2
17232	2	99	16	6
17233	2	33	7	2
17234	4	132	21	9
17235	2	20	10	2
17236	2	40	13	3
17237	2	65	13	3
17238	4	93	19	4
17239	2	40	13	3
17240	4	159	28	12
17241	2	186	24	10
17242	4	93	20	4
17243	2	42	15	4
17244	2	138	17	6
17245	4	141	22	10
17246	2	22	13	3
17247	4	141	23	10
17248	4	132	23	10
17249	2	144	19	7
17250	2	21	11	3
17251	4	132	22	8
17252	2	93	15	5
17253	2	57	8	2
17254	4	129	24	11
17255	2	84	13	4
17256	4	141	23	11
17257	2	120	17	6
17258	2	192	21	8
17259	4	171	27	12
17260	2	41	14	4
17261	4	132	22	8
17262	2	40	13	3
17263	4	126	24	7
17264	2	21	12	3
17265	4	126	22	8
17266	2	39	13	3
17267	2	66	13	4
17268	4	126	21	10
17269	2	73	19	7
17270	2	144	21	8
17271	2	108	15	5
17272	4	162	27	12
17273	2	75	19	7
17274	4	162	24	10
17275	2	102	13	4
17276	2	21	14	4
17277	2	40	14	3
17278	2	22	13	3
17279	2	87	17	6
17280	4	132	23	8
17281	2	39	13	3
17282	2	40	13	3
17283	2	105	18	7
17284	4	126	24	8
17285	2	87	15	5
17286	2	75	13	4
17287	2	81	17	6
17288	2	66	11	3
17289	2	117	13	4
17290	2	132	19	7
17291	4	153	27	12
17292	2	69	27	11
17293	2	21	12	3
17294	4	132	21	9
17295	4	162	24	10
17296	4	93	21	6
17297	2	33	7	2
17298	2	39	13	3
17299	2	15	13	3
17300	2	192	19	7
17301	2	66	11	3
17302	2	75	17	6
17303	2	51	14	4
17304	2	78	11	3
17305	4	132	24	7
17306	2	18	12	3
17307	2	132	15	5
17308	2	147	19	7
17309	4	135	23	11
17310	6	126	29	10
17311	2	69	13	4
17312	2	42	15	4
17313	4	93	21	5
17314	2	21	14	4
17315	2	20	13	4
17316	4	162	30	14
17317	4	171	24	10
17318	4	135	23	10
17319	2	78	13	4
17320	4	159	28	12
17321	2	42	15	4
17322	6	120	25	7
17323	4	135	23	11
17324	4	177	25	10
17325	4	126	21	10
17326	4	126	22	7
17327	2	75	11	3
17328	2	39	12	3
17329	2	13	11	2
17330	2	87	14	5
17331	2	21	12	3
17332	4	102	19	5
17333	2	16	14	3
17334	2	114	15	5
17335	2	39	12	3
17336	2	63	11	2
17337	2	186	22	9
17338	2	42	15	4
17339	2	18	11	3
17340	4	159	25	10
17341	2	162	23	9
17342	4	96	22	7
17343	4	99	21	5
17344	2	24	14	4
17345	4	126	22	7
17346	2	41	14	4
17347	4	132	21	9
17348	4	159	25	10
17349	2	186	25	10
17350	2	18	11	3
17351	4	132	24	8
17352	2	23	11	3
17353	4	99	20	6
17354	2	174	21	8
17355	2	102	13	4
17356	2	21	12	3
17357	4	171	24	10
17358	4	99	19	5
17359	2	138	17	6
17360	2	132	19	7
17361	2	99	15	5
17362	4	168	25	10
17363	2	63	10	3
17364	4	96	19	4
17365	4	168	28	12
17366	2	18	15	4
17367	2	111	20	8
17368	2	174	23	9
17369	2	19	13	3
17370	2	22	13	3
17371	2	65	13	3
17372	4	105	19	5
17373	2	42	15	4
17374	2	24	14	4
17375	2	120	17	6
17376	4	171	24	10
17377	2	123	19	7
17378	4	135	23	11
17379	2	18	15	4
17380	2	20	11	3
17381	4	135	25	12
17382	2	186	21	8
17383	4	171	24	10
17384	2	66	14	3
17385	2	156	19	7
17386	2	21	14	4
17387	2	16	13	3
17388	6	120	28	9
17389	4	93	21	6
17390	2	42	15	4
17391	4	177	28	12
17392	2	57	10	3
17393	2	24	14	4
17394	2	84	15	5
17395	4	171	24	10
17396	2	75	17	6
17397	2	51	13	4
17398	4	132	21	9
17399	2	16	13	3
17400	2	18	12	3
17401	4	126	24	7
17402	2	66	13	4
17403	2	23	11	3
17404	2	105	17	6
17405	2	20	11	3
17406	2	22	13	3
17407	4	159	28	12
17408	2	21	12	3
17409	2	21	12	3
17410	4	126	22	7
17411	2	150	19	7
17412	2	144	19	7
17413	4	102	19	4
17414	2	99	19	7
17415	2	16	14	3
17416	2	81	17	6
17417	2	168	19	7
17418	2	96	13	4
17419	2	39	13	3
17420	4	135	25	11
17421	4	135	25	13
17422	4	159	28	12
17423	2	65	13	3
17424	4	162	24	10
17425	4	105	19	5
17426	2	84	15	5
17427	2	120	13	4
17428	2	38	11	2
17429	4	135	24	11
17430	4	132	22	8
17431	2	120	19	7
17432	2	66	10	4
17433	2	20	13	4
17434	4	93	20	4
17435	4	153	24	10
17436	2	162	21	8
17437	2	192	25	10
17438	2	17	14	4
17439	6	132	27	8
17440	2	21	12	3
17441	2	126	19	7
17442	4	132	23	8
17443	4	150	25	10
17444	2	19	12	3
17445	2	66	11	3
17446	2	40	13	3
17447	4	168	25	10
17448	2	42	15	4
17449	2	93	23	9
17450	2	78	13	4
17451	2	21	12	3
17452	2	66	10	4
17453	4	87	22	6
17454	2	174	21	8
17455	2	21	10	2
17456	2	90	11	3
17457	2	144	17	6
17458	2	105	16	6
17459	4	132	22	7
17460	2	99	15	5
17461	4	93	21	5
17462	6	120	25	7
17463	4	132	21	10
17464	2	102	13	4
17465	4	126	24	7
17466	2	81	13	4
17467	2	39	13	3
17468	4	132	21	9
17469	2	23	11	3
17470	4	159	25	10
17471	4	162	27	12
17472	4	63	19	7
17473	4	63	18	7
17474	2	126	19	7
17475	2	57	15	5
17476	2	40	14	3
17477	4	132	24	7
17478	2	22	12	3
17479	2	66	13	4
17480	4	132	24	8
17481	6	126	27	9
17482	2	84	13	4
17483	4	135	23	11
17484	2	16	14	3
17485	4	132	24	8
17486	2	117	19	7
17487	4	102	21	6
17488	2	15	13	3
17489	2	66	10	2
17490	2	13	11	2
17491	2	120	17	6
17492	2	99	15	5
17493	2	36	11	2
17494	4	126	22	7
17495	2	40	13	3
17496	2	75	21	8
17497	2	63	11	2
17498	2	38	12	3
17499	4	132	23	8
17500	2	120	13	4
17501	4	120	21	10
17502	2	117	18	7
17503	2	156	21	8
17504	2	93	19	7
17505	2	37	11	2
17506	2	78	11	3
17507	4	126	23	10
17508	4	126	22	8
17509	4	102	19	5
17510	2	180	26	11
17511	2	114	17	6
17512	2	120	15	5
17513	2	16	13	3
17514	2	66	10	4
17515	2	81	17	6
17516	4	132	21	10
17517	4	159	25	10
17518	2	21	12	3
17519	4	96	19	4
17520	4	159	25	10
17521	4	132	21	9
17522	2	21	12	3
17523	4	96	19	5
17524	4	162	27	12
17525	2	21	14	4
17526	4	168	25	10
17527	2	39	13	3
17528	2	42	15	4
17529	2	17	14	4
17530	2	156	19	7
17531	2	81	13	4
17532	4	126	21	10
17533	4	132	24	7
17534	2	41	14	4
17535	2	65	13	3
17536	2	19	13	3
17537	4	132	21	10
17538	4	132	21	9
17539	2	18	11	3
17540	4	135	23	11
17541	4	132	24	8
17542	2	21	12	3
17543	2	66	10	4
17544	2	132	19	7
17545	2	40	13	3
17546	2	40	14	3
17547	6	120	25	7
17548	2	19	12	3
17549	6	120	25	7
17550	4	159	28	12
17551	2	22	13	3
17552	4	135	23	10
17553	4	96	19	5
17554	4	132	22	8
17555	2	51	8	2
17556	2	51	10	3
17557	2	75	17	6
17558	2	102	13	4
17559	2	66	11	3
17560	4	135	23	11
17561	2	19	12	3
17562	6	126	25	7
17563	2	93	19	7
17564	4	132	22	8
17565	4	138	21	9
17566	2	81	13	4
17567	2	75	15	5
17568	6	120	29	10
17569	2	19	13	3
17570	2	13	11	2
17571	4	159	28	12
17572	2	156	21	8
17573	2	19	12	3
17574	2	93	19	7
17575	2	72	11	3
17576	2	41	14	4
17577	4	141	23	11
17578	2	117	16	6
17579	2	87	14	5
17580	2	180	23	9
17581	2	120	15	5
17582	2	21	12	3
17583	2	30	12	4
17584	4	126	24	8
17585	4	87	21	6
17586	2	39	12	3
17587	4	141	23	10
17588	4	126	21	9
17589	4	168	25	10
17590	4	168	25	10
17591	2	132	19	7
17592	2	40	14	3
17593	2	117	19	7
17594	4	126	22	7
17595	2	18	12	3
17596	2	20	13	4
17597	2	40	13	3
17598	2	81	17	6
17599	2	14	12	3
17600	4	171	24	10
17601	4	141	24	11
17602	2	156	17	6
17603	2	17	10	2
17604	2	75	15	5
17605	2	51	10	3
17606	2	84	13	4
17607	2	81	13	4
17608	4	141	23	10
17609	4	63	19	7
17610	4	168	25	10
17611	4	126	22	8
17612	2	21	12	3
17613	2	13	11	2
17614	2	63	10	3
17615	4	135	22	10
17616	2	21	12	3
17617	4	126	21	9
17618	4	171	24	10
17619	4	129	23	10
17620	4	132	22	7
17621	4	126	24	7
17622	2	18	12	3
17623	2	69	19	7
17624	2	45	8	2
17625	2	19	12	3
17626	2	168	22	9
17627	2	93	20	7
17628	2	39	13	3
17629	2	75	23	9
17630	6	120	27	9
17631	2	84	15	5
17632	2	180	23	9
17633	4	126	24	8
17634	4	93	20	4
17635	4	159	28	12
17636	2	81	13	4
17637	2	81	17	6
17638	4	99	19	4
17639	4	159	28	12
17640	2	132	19	7
17641	2	40	13	3
17642	4	93	21	6
17643	2	22	13	3
17644	2	66	10	4
17645	4	132	22	7
17646	4	135	24	11
17647	2	66	11	3
17648	2	66	13	4
17649	2	105	18	7
17650	4	126	23	7
17651	2	19	12	3
17652	4	135	23	10
17653	4	141	24	11
17654	4	126	23	8
17655	2	87	20	8
17656	2	24	14	4
17657	2	19	12	3
17658	2	60	10	2
17659	2	51	13	4
17660	2	117	17	6
17661	2	22	13	3
17662	2	23	13	4
17663	2	65	13	3
17664	4	132	23	8
17665	2	17	14	4
17666	2	81	15	5
17667	2	22	13	3
17668	2	126	15	5
17669	2	19	13	3
17670	2	66	14	3
17671	2	20	11	3
17672	4	141	23	10
17673	2	174	19	7
17674	4	126	22	7
17675	6	126	27	8
17676	4	132	22	7
17677	2	78	13	4
17678	6	126	27	8
17679	4	96	19	5
17680	2	24	14	4
17681	4	126	22	7
17682	2	42	15	4
17683	2	75	15	5
17684	4	126	24	7
17685	2	19	12	3
17686	2	19	13	3
17687	4	159	25	10
17688	4	93	19	4
17689	2	162	19	7
17690	2	75	19	7
17691	2	63	11	2
17692	2	132	19	7
17693	2	18	11	3
17694	4	126	21	10
17695	2	75	15	5
17696	2	66	13	4
17697	2	66	14	3
17698	2	65	13	3
17699	2	19	12	3
17700	4	135	23	10
17701	2	81	13	4
17702	2	69	18	6
17703	2	42	15	4
17704	2	81	17	6
17705	2	138	19	7
17706	2	111	15	5
17707	2	174	23	9
17708	4	126	21	9
17709	4	102	19	4
17710	2	87	11	3
17711	4	162	24	10
17712	4	135	22	10
17713	4	132	22	7
17714	2	135	19	7
17715	2	186	21	8
17716	2	21	12	3
17717	2	38	12	3
17718	4	126	23	7
17719	2	93	16	6
17720	2	192	21	8
17721	2	78	11	3
17722	2	16	13	3
17723	4	126	21	10
17724	4	135	25	12
17725	2	114	15	5
17726	2	21	14	4
17727	2	66	13	4
17728	4	63	18	7
17729	2	102	13	4
17730	2	186	23	9
17731	2	73	19	7
17732	2	18	12	3
17733	2	20	11	3
17734	2	129	23	9
17735	2	105	20	8
17736	2	22	13	3
17737	2	21	14	4
17738	4	96	19	5
17739	2	65	13	3
17740	2	17	14	4
17741	2	39	12	3
17742	4	60	18	5
17743	2	38	12	3
17744	4	177	25	10
17745	2	20	13	4
17746	2	57	19	7
17747	2	96	13	4
17748	2	162	21	8
17749	2	168	21	8
17750	4	105	22	7
17751	4	126	21	10
17752	4	135	23	11
17753	2	63	13	4
17754	2	69	15	5
17755	2	174	21	8
17756	2	120	15	5
17757	4	132	21	10
17758	4	159	28	12
17759	2	40	14	3
17760	2	16	10	2
17761	2	64	12	3
17762	2	18	11	3
17763	4	120	22	8
17764	4	168	25	10
17765	2	81	15	5
17766	2	38	11	2
17767	2	57	21	8
17768	2	102	13	4
17769	2	66	13	4
17770	4	102	19	5
17771	2	96	15	5
17772	4	93	21	6
17773	2	123	18	7
17774	4	159	28	12
17775	2	102	15	5
17776	6	120	27	8
17777	4	162	24	10
17778	2	39	13	3
17779	4	132	22	7
17780	4	126	23	9
17781	2	15	13	3
17782	2	21	12	3
17783	4	135	24	11
17784	2	40	14	3
17785	4	132	22	7
17786	2	150	17	6
17787	4	159	25	10
17788	6	126	26	8
17789	4	132	22	8
17790	4	132	24	8
17791	2	66	13	4
17792	2	37	11	2
17793	2	51	11	3
17794	4	126	21	9
17795	2	22	13	3
17796	2	198	23	9
17797	4	126	24	7
17798	2	17	10	2
17799	2	120	15	5
17800	2	19	12	3
17801	2	102	15	5
17802	4	150	28	12
17803	2	19	12	3
17804	4	132	22	8
17805	2	81	15	5
17806	4	126	24	8
17807	2	81	21	8
17808	2	75	17	6
17809	4	126	21	9
17810	2	132	17	6
17811	4	126	23	8
17812	4	102	21	6
17813	4	96	22	6
17814	4	153	24	10
17815	2	57	17	6
17816	2	18	12	3
17817	4	141	23	11
17818	4	126	22	8
17819	2	40	14	3
17820	2	42	15	4
17821	2	40	14	3
17822	4	162	27	12
17823	2	132	19	7
17824	6	126	27	9
17825	2	81	14	4
17826	4	171	27	12
17827	2	117	20	8
17828	4	126	22	11
17829	4	159	25	10
17830	4	162	24	10
17831	2	66	14	3
17832	4	126	22	8
17833	4	132	22	7
17834	2	16	14	3
17835	4	96	19	4
17836	2	105	17	6
17837	4	168	28	12
17838	2	45	10	3
17839	4	159	25	10
17840	2	87	13	4
17841	2	18	12	3
17842	4	153	24	10
17843	4	63	18	7
17844	4	126	22	7
17845	6	120	28	9
17846	2	99	17	6
17847	2	102	15	5
17848	2	180	23	9
17849	2	20	11	3
17850	2	162	19	7
17851	2	15	13	3
17852	2	147	23	9
17853	4	141	23	10
17854	2	15	13	3
17855	2	21	12	3
17856	2	16	14	3
17857	4	135	22	10
17858	2	40	13	3
17859	4	141	22	10
17860	2	45	8	2
17861	2	20	13	4
17862	2	66	14	3
17863	2	129	19	7
17864	2	21	12	3
17865	4	120	23	7
17866	4	126	22	8
17867	2	21	12	3
17868	2	18	11	3
17869	4	162	24	10
17870	2	40	14	3
17871	2	36	11	2
17872	4	135	24	11
17873	2	40	13	3
17874	4	168	25	10
17875	2	81	14	4
17876	2	39	12	3
17877	2	24	14	4
17878	2	84	15	5
17879	2	15	13	3
17880	2	24	14	4
17881	4	96	21	6
17882	4	162	24	10
17883	2	39	13	3
17884	2	135	17	6
17885	4	132	21	10
17886	4	126	24	8
17887	6	126	28	9
17888	4	147	23	10
17889	2	22	13	3
17890	4	141	24	12
17891	4	102	21	6
17892	2	39	12	3
17893	2	120	17	6
17894	4	168	25	10
17895	2	22	13	3
17896	2	57	8	2
17897	2	168	23	9
17898	2	24	14	4
17899	2	90	15	5
17900	2	138	15	5
17901	4	126	25	9
17902	2	180	27	11
17903	4	132	24	8
17904	2	120	15	5
17905	4	162	24	10
17906	4	132	24	7
17907	4	168	28	12
17908	4	63	19	7
17909	4	96	21	5
17910	2	138	17	6
17911	2	17	10	2
17912	2	18	12	3
17913	2	51	11	3
17914	2	114	17	6
17915	4	159	25	10
17916	2	45	13	4
17917	2	24	14	4
17918	2	180	25	10
17919	2	114	15	5
17920	4	93	21	6
17921	2	57	8	2
17922	2	81	15	5
17923	2	14	12	3
17924	2	150	21	8
17925	2	78	13	4
17926	2	75	17	6
17927	4	96	21	6
17928	2	180	19	7
17929	2	69	17	6
17930	2	40	13	3
17931	2	65	12	4
17932	2	39	13	3
17933	2	19	10	2
17934	2	87	19	7
17935	2	15	13	3
17936	2	99	15	5
17937	2	123	17	6
17938	2	14	11	2
17939	2	19	10	2
17940	2	22	13	3
17941	2	75	15	5
17942	2	87	21	8
17943	2	15	12	3
17944	2	138	15	5
17945	4	120	25	8
17946	6	126	25	7
17947	4	126	22	7
17948	2	39	12	3
17949	4	93	20	4
17950	2	23	11	3
17951	2	51	8	2
17952	4	162	24	10
17953	2	24	14	4
17954	2	37	11	2
17955	2	87	15	5
17956	2	123	20	8
17957	6	126	28	9
17958	2	63	10	3
17959	4	126	24	8
17960	2	22	12	3
17961	2	150	21	8
17962	2	42	15	4
17963	4	96	23	6
17964	2	38	11	2
17965	4	171	24	10
17966	4	126	22	8
17967	2	99	15	5
17968	4	126	23	7
17969	2	51	11	3
17970	4	132	23	7
17971	4	171	27	12
17972	4	162	24	10
17973	2	174	23	9
17974	2	57	13	4
17975	2	93	11	3
17976	2	18	15	4
17977	4	126	23	8
17978	4	135	22	10
17979	4	141	23	10
17980	2	198	21	8
17981	2	69	18	6
17982	2	16	14	3
17983	2	180	21	8
17984	4	102	19	5
17985	4	126	21	9
17986	2	135	17	6
17987	2	102	15	5
17988	2	20	10	2
17989	4	135	23	10
17990	2	150	19	7
17991	2	22	13	3
17992	2	16	13	3
17993	2	30	12	4
17994	2	168	21	8
17995	4	102	20	4
17996	4	126	21	9
17997	2	186	21	8
17998	2	84	13	4
17999	2	75	17	6
18000	4	135	23	10
18001	2	63	27	11
18002	2	63	19	7
18003	2	84	13	4
18004	2	36	11	6
18005	2	69	21	8
18006	2	111	18	6
18007	2	126	15	5
18008	2	102	15	5
18009	2	69	13	4
18010	4	162	24	10
18011	2	24	14	4
18012	2	75	17	6
18013	2	150	17	6
18014	2	22	13	3
18015	2	21	12	3
18016	4	132	24	7
18017	2	93	19	7
18018	2	19	13	3
18019	2	138	17	6
18020	4	126	22	7
18021	4	132	22	7
18022	2	105	16	6
18023	2	138	17	6
18024	2	15	12	3
18025	2	174	21	8
18026	4	132	23	8
18027	4	93	19	4
18028	2	90	11	3
18029	2	45	12	4
18030	4	132	24	7
18031	2	138	17	6
18032	6	120	28	9
18033	4	171	24	10
18034	4	168	25	10
18035	2	18	11	3
18036	4	132	23	7
18037	2	69	13	4
18038	2	65	13	3
18039	2	18	12	3
18040	2	66	11	3
18041	2	87	16	5
18042	4	171	24	10
18043	4	132	24	7
18044	2	41	14	4
18045	4	159	25	10
18046	2	18	15	4
18047	2	20	10	2
18048	4	132	23	8
18049	4	57	16	5
18050	2	18	12	3
18051	2	102	13	4
18052	2	21	12	3
18053	2	117	14	5
18054	2	65	13	3
18055	4	132	22	8
18056	2	120	17	6
18057	4	162	27	12
18058	2	42	15	4
18059	4	132	24	7
18060	4	96	19	5
18061	4	120	21	9
18062	4	126	22	8
18063	4	132	22	10
18064	2	18	12	3
18065	4	102	19	5
18066	2	69	15	5
18067	4	132	25	7
18068	6	126	27	8
18069	2	129	19	7
18070	2	21	12	3
18071	4	171	24	10
18072	2	18	12	3
18073	2	138	19	7
18074	2	75	19	7
18075	4	126	21	10
18076	2	16	14	3
18077	2	21	10	2
18078	2	18	12	3
18079	4	138	22	7
18080	4	162	24	10
18081	2	39	13	3
18082	6	126	25	7
18083	4	126	21	9
18084	2	102	15	5
18085	2	41	14	4
18086	4	96	21	6
18087	4	96	20	6
18088	2	174	21	8
18089	2	23	11	3
18090	4	126	22	8
18091	2	33	7	2
18092	4	129	23	11
18093	2	23	13	4
18094	4	138	21	10
18095	2	75	21	8
18096	2	117	15	5
18097	2	22	13	3
18098	4	126	21	9
18099	2	22	12	3
18100	2	57	13	4
18101	2	42	15	4
18102	2	21	12	3
18103	2	51	8	2
18104	2	174	23	9
18105	2	66	13	4
18106	4	141	23	10
18107	4	126	22	8
18108	4	96	20	5
18109	4	135	22	10
18110	2	42	15	4
18111	2	42	15	4
18112	4	120	23	7
18113	2	75	19	7
18114	2	84	12	4
18115	2	78	13	4
18116	2	18	12	3
18117	4	126	21	9
18118	2	20	11	3
18119	4	141	22	10
18120	2	93	14	5
18121	2	81	11	3
18122	2	16	13	3
18123	2	180	27	11
18124	4	162	24	10
18125	2	24	14	4
18126	4	126	22	7
18127	2	19	13	3
18128	4	135	26	13
18129	4	132	23	8
18130	2	87	15	5
18131	2	138	15	5
18132	4	96	19	5
18133	4	96	19	5
18134	2	63	11	2
18135	2	132	19	7
18136	2	20	11	3
18137	2	186	24	10
18138	2	93	21	8
18139	2	22	13	3
18140	2	21	12	3
18141	2	99	18	7
18142	4	57	16	5
18143	2	17	14	4
18144	2	65	13	3
18145	2	99	11	3
18146	4	126	23	7
18147	4	93	21	6
18148	2	57	13	4
18149	2	66	14	3
18150	2	69	12	4
18151	4	135	25	11
18152	2	71	15	5
18153	2	23	13	4
18154	4	168	25	10
18155	2	156	15	5
18156	4	126	24	8
18157	2	75	15	5
18158	4	162	24	10
18159	4	126	24	7
18160	2	168	21	8
18161	2	84	13	4
18162	2	75	15	5
18163	4	150	28	12
18164	4	129	24	11
18165	2	93	17	6
18166	2	78	11	3
18167	4	126	25	7
18168	4	159	25	10
18169	2	120	15	5
18170	2	21	12	3
18171	2	22	12	3
18172	2	14	11	2
18173	2	39	12	3
18174	4	135	24	11
18175	2	186	22	9
18176	2	150	21	8
18177	2	51	11	3
18178	2	21	12	3
18179	2	102	17	6
18180	2	16	13	3
18181	4	168	28	12
18182	4	135	23	11
18183	2	66	11	3
18184	2	22	13	3
18185	2	120	17	6
18186	2	105	20	7
18187	2	38	11	2
18188	4	126	24	7
18189	2	102	15	5
18190	6	126	27	8
18191	4	159	25	10
18192	2	41	14	4
18193	2	40	13	3
18194	2	40	13	3
18195	2	40	13	3
18196	4	141	26	11
18197	4	159	25	10
18198	2	66	13	4
18199	2	19	13	3
18200	2	93	15	5
18201	2	99	12	3
18202	4	159	25	10
18203	4	132	24	8
18204	2	40	13	3
18205	4	126	25	8
18206	2	33	10	5
18207	2	21	12	3
18208	2	81	15	5
18209	4	159	25	10
18210	2	99	15	5
18211	2	42	15	4
18212	2	81	15	5
18213	4	168	28	12
18214	2	39	12	3
18215	4	126	21	10
18216	4	96	21	5
18217	4	141	24	11
18218	2	63	17	6
18219	2	69	15	5
18220	4	96	19	5
18221	2	42	15	4
18222	2	51	8	2
18223	4	135	24	11
18224	6	120	28	9
18225	2	102	13	4
18226	4	132	24	7
18227	4	57	16	5
18228	4	135	23	11
18229	2	81	17	6
18230	2	21	14	4
18231	4	132	24	7
18232	2	39	12	3
18233	4	141	23	10
18234	2	75	19	7
18235	4	132	22	8
18236	4	96	20	5
18237	4	96	21	5
18238	2	42	15	4
18239	4	126	23	8
18240	2	150	19	7
18241	2	138	17	6
18242	6	120	25	7
18243	4	132	22	8
18244	2	40	13	3
18245	2	66	13	4
18246	4	171	27	12
18247	2	33	7	2
18248	2	22	12	3
18249	2	168	21	8
18250	2	66	13	4
18251	2	66	13	4
18252	2	21	14	4
18253	2	81	13	4
18254	2	16	14	3
18255	4	135	23	10
18256	2	19	10	2
18257	2	123	19	7
18258	2	84	13	4
18259	6	126	25	7
18260	2	102	15	5
18261	2	117	17	6
18262	2	126	17	6
18263	2	42	15	4
18264	2	186	21	8
18265	2	144	21	8
18266	4	120	22	8
18267	2	105	15	5
18268	2	99	13	4
18269	4	141	21	9
18270	4	126	22	8
18271	2	66	14	3
18272	2	18	12	3
18273	6	114	25	7
18274	6	120	28	9
18275	4	132	24	7
18276	2	66	13	4
18277	2	84	11	3
18278	2	138	20	7
18279	4	159	25	10
18280	4	132	24	7
18281	6	120	29	10
18282	2	120	17	6
18283	2	63	12	4
18284	4	132	22	8
18285	2	19	12	3
18286	2	18	15	4
18287	2	105	17	6
18288	2	192	23	9
18289	4	99	19	5
18290	2	126	15	5
18291	2	105	19	7
18292	2	81	17	6
18293	2	38	11	2
18294	4	93	20	4
18295	2	168	23	9
18296	2	114	15	5
18297	4	141	22	10
18298	2	150	19	7
18299	4	120	22	7
18300	4	96	20	5
18301	2	51	8	2
18302	2	63	10	3
18303	2	186	25	10
18304	2	123	18	7
18305	2	93	13	4
18306	2	14	12	3
18307	4	171	24	10
18308	4	150	25	10
18309	4	159	28	12
18310	2	71	15	5
18311	4	171	24	10
18312	6	126	29	10
18313	2	150	19	7
18314	2	120	17	6
18315	4	168	25	10
18316	4	159	25	10
18317	2	87	17	6
18318	2	66	10	2
18319	2	40	13	3
18320	2	114	13	4
18321	2	174	21	8
18322	2	33	7	2
18323	4	141	27	12
18324	4	132	25	7
18325	2	81	13	4
18326	4	126	21	9
18327	4	159	25	10
18328	4	159	25	10
18329	2	102	15	5
18330	2	21	12	3
18331	4	162	24	10
18332	4	126	21	9
18333	2	66	10	2
18334	2	57	8	2
18335	2	123	20	8
18336	2	180	23	9
18337	4	135	23	10
18338	4	159	28	12
18339	2	114	17	6
18340	2	153	21	8
18341	4	126	22	8
18342	2	81	15	5
18343	2	19	12	3
18344	2	108	15	5
18345	2	75	23	9
18346	2	24	14	4
18347	2	33	8	2
18348	2	81	13	4
18349	2	42	15	4
18350	6	126	27	9
18351	2	75	15	5
18352	2	57	8	2
18353	2	51	8	2
18354	4	159	28	12
18355	4	168	25	10
18356	2	21	12	3
18357	2	19	13	3
18358	2	21	11	3
18359	4	159	25	10
18360	4	126	25	7
18361	2	40	13	3
18362	2	93	21	8
18363	4	126	21	10
18364	2	66	11	3
18365	2	36	11	6
18366	2	99	14	4
18367	2	18	15	4
18368	2	21	12	3
18369	2	19	12	3
18370	4	93	19	4
18371	2	65	13	3
18372	2	162	21	8
18373	4	159	28	12
18374	2	63	11	2
18375	4	168	28	12
18376	2	51	11	3
18377	2	17	14	4
18378	2	138	17	6
18379	4	159	25	10
18380	2	102	13	4
18381	4	135	22	10
18382	4	132	24	7
18383	2	192	25	10
18384	2	129	21	8
18385	2	51	10	3
18386	2	102	15	5
18387	2	45	13	4
18388	4	153	24	10
18389	2	84	14	5
18390	4	168	28	12
18391	2	33	7	2
18392	2	126	17	6
18393	2	123	19	7
18394	2	33	7	2
18395	2	19	12	3
18396	2	87	19	7
18397	4	132	22	7
18398	2	81	17	6
18399	4	162	24	10
18400	4	135	23	10
18401	2	87	13	4
18402	4	126	25	7
18403	2	38	12	3
18404	2	19	13	3
18405	2	21	12	3
18406	6	120	25	7
18407	4	132	24	7
18408	2	42	15	4
18409	2	180	25	10
18410	2	63	15	5
18411	2	26	12	3
18412	2	168	21	8
18413	2	174	21	8
18414	2	19	10	2
18415	2	18	15	4
18416	4	120	21	9
18417	2	20	11	3
18418	4	159	25	10
18419	4	132	21	9
18420	4	102	19	5
18421	2	75	17	6
18422	4	159	28	12
18423	2	75	15	5
18424	4	126	21	10
18425	4	162	24	10
18426	2	21	12	3
18427	2	78	11	3
18428	4	153	27	12
18429	2	15	12	3
18430	6	126	25	7
18431	4	132	24	8
18432	4	63	17	5
18433	2	16	14	3
18434	2	16	14	3
18435	2	138	15	5
18436	4	120	24	7
18437	2	22	13	3
18438	4	96	21	6
18439	2	75	21	8
18440	4	132	22	7
18441	2	17	11	3
18442	4	141	23	10
18443	2	40	13	3
18444	2	93	19	7
18445	4	120	26	7
18446	2	19	13	3
18447	2	16	10	2
18448	4	168	28	12
18449	4	120	22	7
18450	4	159	25	10
18451	2	21	12	3
18452	2	39	13	3
18453	4	60	18	5
18454	2	75	15	5
18455	2	18	12	3
18456	4	126	24	8
18457	2	81	15	5
18458	4	171	24	10
18459	6	120	27	9
18460	4	126	21	9
18461	4	147	23	10
18462	4	87	19	4
18463	2	123	19	7
18464	2	51	10	3
18465	4	132	22	10
18466	2	84	15	5
18467	2	66	11	3
18468	2	153	19	7
18469	4	159	25	10
18470	2	36	7	2
18471	4	126	22	8
18472	4	120	24	7
18473	4	132	21	10
18474	4	135	23	11
18475	4	126	23	9
18476	4	132	21	10
18477	2	126	15	5
18478	2	65	13	3
18479	4	159	28	12
18480	4	159	28	12
18481	2	123	20	8
18482	2	39	13	3
18483	4	141	24	11
18484	2	87	19	7
18485	2	51	13	4
18486	2	19	12	3
18487	2	22	13	3
18488	4	63	19	7
18489	4	159	25	10
18490	2	39	13	3
18491	2	132	15	5
18492	4	132	22	7
18493	2	81	13	4
18494	2	150	21	8
18495	4	126	24	8
18496	2	93	15	5
18497	2	147	23	9
18498	4	153	30	14
18499	4	126	21	9
18500	2	51	10	3
18501	2	37	11	2
18502	2	66	13	4
18503	2	71	19	7
18504	2	75	25	10
18505	2	81	13	4
18506	4	162	24	10
18507	2	111	17	6
18508	4	159	25	10
18509	2	93	14	5
18510	4	150	25	10
18511	2	75	15	5
18512	4	162	24	10
18513	4	132	22	7
18514	2	117	17	6
18515	2	20	11	3
18516	4	141	25	12
18517	2	168	21	8
18518	2	21	12	3
18519	2	38	11	2
18520	2	75	25	10
18521	4	132	21	9
18522	4	132	22	8
18523	4	168	25	10
18524	2	21	12	3
18525	4	132	23	7
18526	6	114	27	8
18527	2	39	13	3
18528	2	162	23	9
18529	2	75	15	5
18530	2	20	11	3
18531	4	162	24	10
18532	4	135	23	11
18533	4	171	24	10
18534	4	126	21	9
18535	4	162	24	10
18536	2	84	11	3
18537	4	93	19	4
18538	4	120	24	8
18539	2	40	13	3
18540	2	22	13	3
18541	2	120	13	4
18542	2	117	17	6
18543	4	126	24	7
18544	2	117	17	6
18545	4	132	22	8
18546	6	120	27	8
18547	2	40	13	3
18548	2	51	8	2
18549	2	117	18	7
18550	4	126	22	10
18551	4	132	21	9
18552	2	39	12	3
18553	2	75	15	5
18554	2	69	16	6
18555	2	111	17	6
18556	2	111	17	6
18557	4	162	24	10
18558	4	126	21	9
18559	2	114	17	6
18560	2	168	19	7
18561	4	126	24	7
18562	2	153	19	7
18563	2	24	14	4
18564	2	156	21	8
18565	2	30	12	4
18566	4	162	24	10
18567	2	19	10	2
18568	2	99	16	6
18569	4	159	28	12
18570	2	114	17	6
18571	2	132	17	6
18572	2	66	13	4
18573	2	18	12	3
18574	2	40	13	3
18575	4	135	23	10
18576	4	132	22	10
18577	2	120	17	6
18578	2	42	15	4
18579	4	150	25	10
18580	4	162	24	10
18581	2	19	12	3
18582	4	135	22	10
18583	4	168	28	12
18584	2	162	17	6
18585	2	21	14	4
18586	2	57	10	3
18587	4	93	21	6
18588	2	81	19	7
18589	2	66	11	3
18590	2	174	21	8
18591	2	57	10	3
18592	2	41	14	4
18593	4	171	24	10
18594	2	57	19	7
18595	2	40	13	3
18596	4	93	20	5
18597	4	63	18	7
18598	4	162	24	10
18599	4	93	19	4
18600	4	162	24	10
18601	2	18	15	4
18602	4	168	25	10
18603	2	16	13	3
18604	2	15	13	3
18605	4	135	22	10
18606	2	40	14	3
18607	4	126	23	8
18608	4	132	23	7
18609	2	19	12	3
18610	2	41	14	4
18611	2	192	23	9
18612	2	96	15	5
18613	2	78	11	3
18614	4	132	22	8
18615	2	20	10	2
18616	2	66	11	3
18617	2	84	13	4
18618	4	96	19	5
18619	2	22	13	3
18620	2	39	12	3
18621	2	168	21	8
18622	2	14	11	2
18623	2	15	13	3
18624	2	65	13	3
18625	2	132	21	8
18626	4	126	24	8
18627	2	16	13	3
18628	4	126	24	7
18629	2	75	19	7
18630	4	135	24	12
18631	2	65	13	3
18632	4	141	24	11
18633	2	93	19	7
18634	2	69	18	7
18635	2	81	14	4
18636	2	57	10	3
18637	2	192	25	10
18638	4	171	24	10
18639	2	114	15	5
18640	2	66	13	4
18641	2	21	12	3
18642	6	120	25	7
18643	4	132	22	8
18644	4	126	22	7
18645	4	96	21	6
18646	2	108	17	6
18647	6	126	25	7
18648	4	126	22	7
18649	4	126	24	7
18650	2	102	15	5
18651	2	162	21	8
18652	2	93	13	4
18653	2	65	13	3
18654	2	16	10	2
18655	4	162	24	10
18656	4	96	19	5
18657	4	135	23	11
18658	2	87	14	5
18659	2	42	15	4
18660	2	57	10	3
18661	2	102	17	6
18662	2	22	12	3
18663	2	150	19	7
18664	2	18	15	4
18665	2	120	17	6
18666	2	120	17	6
18667	2	23	13	4
18668	4	60	18	5
18669	4	159	25	10
18670	2	66	11	3
18671	2	63	17	6
18672	4	171	24	10
18673	2	75	21	8
18674	2	93	19	7
18675	2	81	13	4
18676	2	87	23	9
18677	2	66	13	4
18678	4	162	27	12
18679	4	132	23	8
18680	6	126	27	8
18681	4	168	28	12
18682	4	120	21	9
18683	4	180	27	12
18684	2	162	17	6
18685	2	20	11	3
18686	2	102	17	6
18687	4	132	22	7
18688	4	57	16	5
18689	2	120	17	6
18690	2	180	23	9
18691	2	105	17	5
18692	4	132	23	7
18693	2	16	13	3
18694	4	132	24	7
18695	4	135	25	12
18696	2	18	12	3
18697	2	120	17	6
18698	4	126	24	7
18699	2	18	15	4
18700	4	171	24	10
18701	4	96	19	5
18702	4	105	21	6
18703	2	66	10	2
18704	4	141	22	10
18705	4	93	21	5
18706	4	132	21	9
18707	2	186	22	9
18708	4	63	19	7
18709	2	162	19	7
18710	4	93	19	4
18711	2	71	17	6
18712	2	21	14	4
18713	2	21	12	3
18714	4	162	24	10
18715	6	120	27	8
18716	2	93	21	8
18717	2	84	11	3
18718	2	42	15	4
18719	2	65	13	3
18720	2	168	21	8
18721	2	81	17	6
18722	4	135	23	11
18723	2	66	14	3
18724	2	192	21	8
18725	2	156	21	8
18726	2	19	12	3
18727	2	186	23	9
18728	2	18	12	3
18729	2	84	13	4
18730	2	66	13	4
18731	2	129	19	7
18732	2	39	12	4
18733	2	156	21	8
18734	4	126	22	8
18735	4	168	28	12
18736	2	150	19	7
18737	2	16	14	3
18738	2	51	12	4
18739	2	22	12	3
18740	2	138	19	7
18741	4	171	27	12
18742	2	51	8	2
18743	2	120	13	4
18744	2	18	12	3
18745	2	84	14	5
18746	2	63	14	5
18747	2	81	17	6
18748	4	93	21	6
18749	4	126	21	10
18750	2	39	12	3
18751	2	57	17	6
18752	4	138	22	7
18753	2	75	15	5
18754	2	111	15	5
18755	2	40	14	3
18756	2	84	15	5
18757	2	132	17	6
18758	4	126	22	8
18759	4	171	24	10
18760	4	171	24	10
18761	4	135	24	11
18762	2	186	23	9
18763	2	81	13	4
18764	2	138	19	7
18765	2	17	10	2
18766	2	21	12	3
18767	2	111	24	9
18768	2	15	13	3
18769	4	126	22	7
18770	2	22	12	3
18771	2	66	13	4
18772	4	171	24	10
18773	4	96	21	6
18774	2	168	24	10
18775	2	147	17	6
18776	2	81	15	5
18777	2	42	15	4
18778	2	42	15	4
18779	2	81	13	4
18780	2	108	15	5
18781	2	123	19	7
18782	2	17	11	3
18783	4	135	22	10
18784	2	22	13	3
18785	2	87	20	8
18786	6	120	29	10
18787	4	177	28	12
18788	4	93	21	6
18789	2	33	9	4
18790	4	150	28	12
18791	2	66	13	4
18792	4	153	24	10
18793	2	66	13	4
18794	6	126	27	9
18795	2	105	21	8
18796	2	102	16	5
18797	2	19	13	3
18798	4	171	24	10
18799	4	168	25	10
18800	2	23	13	4
18801	6	120	28	9
18802	4	168	28	12
18803	4	159	31	14
18804	4	63	18	7
18805	4	180	27	12
18806	2	22	12	3
18807	2	18	15	4
18808	4	171	24	10
18809	2	51	11	3
18810	2	69	12	4
18811	4	120	22	8
18812	2	23	11	3
18813	4	126	24	7
18814	2	22	13	3
18815	2	81	13	4
18816	4	126	22	10
18817	4	132	24	7
18818	2	75	13	4
18819	2	20	11	3
18820	4	126	24	7
18821	4	141	25	12
18822	2	18	11	3
18823	2	120	19	7
18824	4	126	23	9
18825	2	81	11	3
18826	2	192	25	10
18827	4	132	26	8
18828	4	132	23	8
18829	2	141	21	8
18830	4	162	24	10
18831	2	75	15	5
18832	4	171	24	10
18833	4	96	22	6
18834	2	57	17	6
18835	2	57	17	6
18836	4	162	24	10
18837	4	135	24	11
18838	2	51	13	4
18839	4	150	28	12
18840	4	126	22	8
18841	4	171	24	10
18842	4	171	27	12
18843	2	14	11	2
18844	4	162	24	10
18845	4	126	22	9
18846	2	66	10	2
18847	2	102	13	4
18848	2	63	21	8
18849	2	75	17	6
18850	2	19	12	3
18851	2	15	13	3
18852	2	63	13	4
18853	2	21	14	4
18854	2	39	12	3
18855	2	66	14	3
18856	2	81	15	5
18857	2	180	23	9
18858	6	120	29	10
18859	4	126	21	9
18860	2	75	23	9
18861	4	132	24	7
18862	2	16	14	3
18863	2	22	13	3
18864	2	66	13	4
18865	2	63	21	8
18866	2	57	17	6
18867	2	75	17	6
18868	2	120	17	6
18869	2	120	15	5
18870	4	171	24	10
18871	2	40	13	3
18872	2	168	23	9
18873	4	159	25	10
18874	2	21	14	4
18875	4	132	24	7
18876	2	19	13	3
18877	2	18	12	3
18878	4	168	28	12
18879	2	153	19	7
18880	2	66	14	3
18881	2	63	13	4
18882	2	138	17	6
18883	2	39	12	3
18884	2	63	11	2
18885	4	141	23	11
18886	2	180	21	8
18887	4	162	24	10
18888	2	15	13	3
18889	4	132	24	7
18890	2	120	15	5
18891	2	40	13	3
18892	4	162	24	10
18893	4	120	21	9
18894	4	132	22	7
18895	2	16	14	3
18896	2	39	12	3
18897	2	20	13	4
18898	2	42	15	4
18899	2	41	14	4
18900	2	75	15	5
18901	2	138	21	8
18902	6	120	25	7
18903	2	42	15	4
18904	4	138	22	8
18905	2	129	19	7
18906	4	132	22	7
18907	2	42	15	4
18908	2	75	17	6
18909	4	96	19	5
18910	2	84	15	5
18911	2	102	14	4
18912	2	87	19	7
18913	2	16	13	3
18914	2	87	17	6
18915	2	19	13	3
18916	2	75	15	5
18917	2	51	8	2
18918	2	19	10	2
18919	2	114	13	4
18920	4	168	28	12
18921	4	135	23	10
18922	2	87	15	4
18923	4	171	27	12
18924	2	40	13	3
18925	4	126	23	8
18926	2	65	13	3
18927	2	19	12	3
18928	4	96	19	5
18929	2	102	17	6
18930	2	156	23	9
18931	2	19	13	3
18932	2	57	21	8
18933	2	45	13	4
18934	2	66	13	4
18935	2	19	10	2
18936	2	174	19	7
18937	2	87	13	4
18938	2	22	13	3
18939	2	186	21	8
18940	4	132	20	9
18941	2	16	13	3
18942	2	87	25	10
18943	2	120	17	6
18944	6	120	26	8
18945	4	132	22	11
18946	2	14	11	2
18947	4	93	20	5
18948	2	16	10	2
18949	2	19	12	3
18950	4	135	24	12
18951	4	135	23	11
18952	2	69	15	5
18953	2	75	13	4
18954	4	132	22	8
18955	6	120	29	10
18956	2	42	15	4
18957	2	40	13	3
18958	2	132	15	5
18959	4	60	18	5
18960	6	126	28	9
18961	4	126	21	10
18962	2	30	12	4
18963	2	105	14	5
18964	2	150	21	8
18965	6	114	25	7
18966	4	171	24	10
18967	2	66	13	4
18968	4	102	19	5
18969	4	138	22	7
18970	2	21	14	4
18971	2	15	12	3
18972	2	81	15	5
18973	2	21	12	3
18974	2	66	11	3
18975	4	60	18	5
18976	4	150	25	10
18977	4	138	21	10
18978	4	177	25	10
18979	4	102	21	6
18980	4	132	21	9
18981	4	135	23	11
18982	4	96	19	5
18983	2	105	16	6
18984	2	51	8	2
18985	4	141	23	11
18986	4	126	21	10
18987	2	93	15	5
18988	4	135	22	10
18989	2	120	15	5
18990	2	22	13	3
18991	2	180	21	8
18992	2	150	21	8
18993	2	20	13	4
18994	2	21	14	4
18995	2	93	11	3
18996	2	87	13	4
18997	2	21	12	3
18998	2	40	13	3
18999	2	66	12	3
19000	4	159	25	10
19001	4	93	21	5
19002	2	87	16	6
19003	4	153	27	12
19004	2	87	17	6
19005	4	171	24	10
19006	2	51	10	3
19007	2	132	17	6
19008	4	132	21	10
19009	2	135	17	6
19010	2	147	21	8
19011	4	132	22	7
19012	2	15	12	3
19013	4	135	22	10
19014	2	65	13	3
19015	4	135	25	12
19016	6	120	26	8
19017	2	168	21	8
19018	2	84	15	5
19019	2	22	13	3
19020	4	132	21	9
19021	4	150	28	12
19022	2	18	15	4
19023	4	135	24	11
19024	4	96	20	5
19025	4	132	21	9
19026	4	132	21	9
19027	4	102	19	5
19028	2	99	13	4
19029	4	132	22	7
19030	4	93	19	4
19031	2	75	17	6
19032	2	75	15	5
19033	2	81	21	8
19034	2	198	23	9
19035	2	45	8	2
19036	2	93	19	7
19037	2	135	17	6
19038	2	186	23	9
19039	4	153	27	12
19040	2	41	14	4
19041	4	162	24	10
19042	2	120	18	6
19043	4	168	28	12
19044	4	126	24	8
19045	4	126	22	8
19046	2	22	13	3
19047	4	162	24	10
19048	4	132	24	7
19049	4	138	24	7
19050	4	126	23	8
19051	2	75	14	4
19052	2	66	10	2
19053	4	132	24	8
19054	2	81	13	4
19055	2	16	14	3
19056	2	22	12	3
19057	2	150	21	8
19058	2	75	13	4
19059	2	81	15	5
19060	6	126	29	10
19061	4	132	22	7
19062	2	66	14	3
19063	2	84	13	4
19064	2	40	14	3
19065	2	24	14	4
19066	2	42	15	4
19067	2	132	17	6
19068	4	168	25	10
19069	2	150	21	8
19070	2	84	13	4
19071	2	87	21	8
19072	2	186	21	8
19073	2	132	15	5
19074	2	174	21	8
19075	4	126	22	8
19076	2	81	17	6
19077	4	126	23	8
19078	2	22	13	3
19079	2	66	14	3
19080	4	126	21	10
19081	4	132	21	9
19082	2	14	12	3
19083	2	22	13	3
19084	2	81	11	3
19085	2	66	13	4
19086	4	132	22	7
19087	2	63	15	5
19088	2	20	13	4
19089	2	40	13	3
19090	2	15	13	3
19091	2	102	13	4
19092	2	150	19	7
19093	2	120	17	6
19094	4	159	25	10
19095	2	33	9	4
19096	2	99	19	7
19097	2	15	13	3
19098	2	99	16	6
19099	4	132	24	8
19100	2	22	12	3
19101	4	159	25	10
19102	2	99	17	6
19103	2	102	13	4
19104	2	66	11	3
19105	2	16	13	3
19106	2	36	11	2
19107	2	21	10	2
19108	2	87	19	7
19109	2	78	11	3
19110	4	63	17	5
19111	2	18	15	4
19112	4	120	25	7
19113	2	21	10	2
19114	4	159	25	10
19115	4	138	22	7
19116	4	168	25	10
19117	2	123	19	7
19118	4	63	19	7
19119	2	102	15	5
19120	4	132	23	9
19121	2	21	14	4
19122	4	126	21	9
19123	4	126	21	9
19124	4	168	28	12
19125	4	126	22	8
19126	2	174	21	8
19127	2	114	15	5
19128	2	15	13	3
19129	4	96	22	5
19130	2	114	21	8
19131	2	69	27	11
19132	4	132	24	7
19133	4	102	19	5
19134	2	40	13	3
19135	6	126	26	8
19136	2	180	25	10
19137	2	19	12	3
19138	4	126	23	7
19139	2	41	14	4
19140	2	105	16	6
19141	4	135	23	10
19142	2	75	15	5
19143	2	102	15	5
19144	2	36	11	6
19145	4	135	23	10
19146	4	162	24	10
19147	4	90	22	6
19148	4	87	19	4
19149	2	96	13	4
19150	2	18	12	3
19151	2	108	15	5
19152	2	63	14	5
19153	2	36	11	2
19154	2	39	13	3
19155	2	174	19	7
19156	2	36	7	2
19157	2	16	13	3
19158	4	171	24	10
19159	2	21	12	3
19160	4	93	21	5
19161	2	174	23	9
19162	2	138	17	6
19163	2	105	18	7
19164	4	159	25	10
19165	2	39	13	3
19166	2	162	23	9
19167	4	126	24	8
19168	2	65	13	3
19169	4	159	25	10
19170	2	39	13	3
19171	2	18	12	3
19172	2	16	13	3
19173	2	96	17	6
19174	2	162	28	12
19175	4	135	23	10
19176	2	17	11	3
19177	2	102	15	5
19178	2	14	12	3
19179	2	57	13	4
19180	2	18	12	3
19181	2	21	12	3
19182	2	192	25	10
19183	2	19	13	3
19184	2	19	13	3
19185	2	66	13	4
19186	2	18	12	3
19187	2	84	11	3
19188	4	126	24	8
19189	2	73	19	7
19190	2	20	11	3
19191	2	18	12	3
19192	2	99	21	8
19193	4	141	23	10
19194	4	126	24	7
19195	4	141	22	10
19196	2	93	19	7
19197	2	21	12	3
19198	2	38	12	3
19199	2	40	13	3
19200	2	23	13	4
19201	2	19	12	3
19202	2	108	15	5
19203	2	105	16	6
19204	4	93	22	6
19205	6	114	28	9
19206	4	150	28	12
19207	6	120	25	7
19208	2	63	17	6
19209	2	22	13	3
19210	4	120	24	7
19211	4	159	25	10
19212	4	153	24	10
19213	2	99	20	8
19214	4	105	19	5
19215	4	135	24	11
19216	2	102	13	4
19217	2	51	14	5
19218	2	51	8	2
19219	2	192	27	11
19220	4	126	22	7
19221	2	17	14	4
19222	2	40	13	3
19223	2	81	13	4
19224	4	126	22	7
19225	2	75	13	4
19226	4	159	25	10
19227	2	96	15	5
19228	4	168	28	12
19229	2	111	16	6
19230	2	18	15	4
19231	2	156	19	7
19232	2	81	15	5
19233	2	51	8	2
19234	2	135	22	8
19235	2	18	12	3
19236	2	21	12	3
19237	2	33	10	5
19238	2	40	13	3
19239	2	93	16	5
19240	2	81	17	6
19241	6	126	25	7
19242	2	21	12	3
19243	4	171	24	10
19244	4	96	19	5
19245	4	126	24	7
19246	2	99	21	8
19247	2	186	21	8
19248	2	81	13	4
19249	2	99	23	9
19250	4	126	24	7
19251	2	16	14	3
19252	4	126	22	8
19253	4	132	24	7
19254	4	63	17	5
19255	2	81	15	5
19256	4	99	21	6
19257	2	150	19	7
19258	2	75	19	7
19259	4	159	28	12
19260	4	132	21	9
19261	2	39	13	3
19262	4	126	21	10
19263	2	99	18	7
19264	2	105	17	6
19265	2	174	23	9
19266	2	20	11	3
19267	4	126	24	8
19268	4	96	22	6
19269	2	65	13	3
19270	2	39	13	3
19271	4	96	23	7
19272	4	126	22	10
19273	2	135	19	7
19274	2	21	12	3
19275	2	84	12	4
19276	2	81	13	4
19277	2	39	12	3
19278	4	159	28	12
19279	2	45	14	4
19280	2	18	15	4
19281	2	138	17	6
19282	4	126	24	7
19283	2	75	15	5
19284	4	132	21	10
19285	4	126	22	7
19286	2	39	13	3
19287	4	162	24	10
19288	2	15	12	3
19289	2	40	13	3
19290	2	60	13	4
19291	4	126	22	7
19292	2	21	12	3
19293	2	23	13	4
19294	4	168	25	10
19295	4	150	25	10
19296	4	162	30	14
19297	4	132	21	9
19298	2	65	13	3
19299	2	24	14	4
19300	2	174	21	8
19301	2	16	14	3
19302	4	102	19	5
19303	2	81	15	5
19304	2	39	13	3
19305	4	132	22	7
19306	2	69	15	5
19307	4	159	31	14
19308	4	120	24	7
19309	2	81	19	7
19310	4	168	25	10
19311	2	111	17	6
19312	2	23	13	4
19313	4	135	23	10
19314	4	168	25	10
19315	2	108	17	6
19316	6	120	27	9
19317	2	22	13	3
19318	4	96	19	5
19319	2	75	19	7
19320	4	126	23	7
19321	2	66	13	4
19322	4	168	25	10
19323	2	21	12	3
19324	2	87	11	3
19325	2	45	8	2
19326	2	51	8	2
19327	2	18	15	4
19328	2	33	7	2
19329	2	99	16	6
19330	4	177	28	12
19331	2	120	17	6
19332	2	40	14	3
19333	2	38	12	3
19334	2	40	13	3
19335	4	105	19	5
19336	4	126	23	8
19337	4	126	21	9
19338	2	45	8	2
19339	4	132	21	9
19340	2	21	10	2
19341	2	192	23	9
19342	2	102	15	5
19343	2	65	13	3
19344	2	105	17	6
19345	2	57	8	2
19346	4	132	21	9
19347	2	123	21	8
19348	2	150	21	8
19349	2	60	13	4
19350	2	78	13	4
19351	4	60	18	5
19352	2	132	18	7
19353	2	33	7	2
19354	4	153	27	12
19355	4	126	23	7
19356	4	126	21	10
19357	2	18	15	4
19358	2	20	10	2
19359	2	66	13	4
19360	2	99	18	7
19361	4	87	21	6
19362	2	39	12	3
19363	2	99	17	6
19364	2	41	14	4
19365	2	168	23	9
19366	2	19	12	3
19367	4	120	22	8
19368	2	84	13	4
19369	2	32	7	2
19370	2	81	21	8
19371	4	135	21	9
19372	2	87	13	4
19373	2	99	16	5
19374	4	90	21	6
19375	4	153	24	10
19376	2	123	19	7
19377	4	141	23	11
19378	2	57	21	8
19379	2	19	11	2
19380	2	64	12	3
19381	2	63	11	2
19382	2	75	17	6
19383	4	57	16	5
19384	4	159	28	12
19385	2	93	19	7
19386	4	168	25	10
19387	2	16	10	2
19388	2	186	21	8
19389	4	132	21	9
19390	2	162	21	8
19391	4	126	21	10
19392	2	75	21	8
19393	4	126	22	8
19394	4	141	21	9
19395	2	81	15	5
19396	4	132	21	9
19397	2	66	14	3
19398	2	51	10	3
19399	4	126	21	9
19400	4	126	24	7
19401	4	126	24	7
19402	2	174	21	8
19403	4	132	21	9
19404	4	96	21	6
19405	4	96	22	7
19406	2	36	11	6
19407	4	132	22	7
19408	2	108	15	5
19409	4	135	25	12
19410	4	126	22	8
19411	2	51	13	4
19412	2	174	21	8
19413	4	159	28	12
19414	2	87	17	6
19415	4	135	23	10
19416	2	174	20	8
19417	2	18	15	4
19418	2	30	7	2
19419	2	168	23	9
19420	4	132	21	9
19421	2	93	15	5
19422	4	171	27	12
19423	2	87	17	6
19424	2	108	13	4
19425	6	120	25	7
19426	2	16	10	2
19427	6	120	28	10
19428	2	180	21	8
19429	4	141	23	10
19430	4	141	24	12
19431	4	99	19	4
19432	2	24	14	4
19433	2	21	12	3
19434	2	51	11	3
19435	2	16	14	3
19436	4	168	25	10
19437	2	22	13	3
19438	6	126	27	8
19439	2	105	21	8
19440	6	126	25	7
19441	2	69	15	5
19442	2	22	13	3
19443	4	126	22	8
19444	2	20	10	2
19445	4	159	25	10
19446	4	132	23	8
19447	2	129	18	6
19448	2	57	11	3
19449	2	20	11	3
19450	2	102	13	4
19451	4	159	28	12
19452	2	162	24	9
19453	2	186	27	11
19454	2	99	27	11
19455	2	84	13	4
19456	2	141	20	7
19457	2	117	20	8
19458	2	18	15	4
19459	4	93	19	5
19460	2	71	17	6
19461	2	45	12	4
19462	4	120	21	9
19463	4	132	24	7
19464	4	126	21	10
19465	4	126	23	7
19466	2	150	19	7
19467	4	141	24	11
19468	2	81	13	4
19469	2	17	14	4
19470	2	129	15	5
19471	2	141	21	8
19472	2	75	13	4
19473	4	120	22	7
19474	4	153	24	10
19475	2	51	10	3
19476	2	40	14	3
19477	4	126	21	10
19478	2	135	17	6
19479	2	162	19	7
19480	4	132	21	10
19481	2	39	13	3
19482	2	75	17	6
19483	4	141	22	10
19484	2	132	17	6
19485	2	42	15	4
19486	2	108	16	6
19487	4	159	25	10
19488	2	17	11	3
19489	2	51	8	2
19490	4	132	21	9
19491	2	21	12	3
19492	2	18	11	3
19493	2	84	11	3
19494	2	18	12	3
19495	2	120	15	5
19496	2	192	27	11
19497	4	135	22	10
19498	2	42	15	4
19499	2	75	17	6
19500	2	117	18	6
19501	6	120	25	7
19502	6	126	29	10
19503	4	168	25	10
19504	2	87	15	5
19505	2	60	10	2
19506	4	96	21	6
19507	2	174	25	10
19508	4	126	22	7
19509	2	117	21	8
19510	2	22	12	3
19511	2	75	15	5
19512	2	16	13	3
19513	2	111	18	7
19514	2	40	13	3
19515	2	75	19	7
19516	2	87	19	7
19517	2	24	14	4
19518	2	42	15	4
19519	2	129	17	6
19520	2	192	19	7
19521	2	51	8	2
19522	2	19	10	2
19523	2	39	13	3
19524	4	126	21	10
19525	4	135	24	11
19526	2	156	19	7
19527	4	126	23	7
19528	2	99	15	5
19529	2	63	15	5
19530	4	126	23	8
19531	4	126	22	8
19532	2	51	8	2
19533	2	16	14	3
19534	4	159	25	10
19535	2	22	13	3
19536	4	120	22	7
19537	2	57	8	2
19538	2	135	17	6
19539	2	69	13	4
19540	2	16	14	3
19541	2	123	18	7
19542	2	174	21	8
19543	4	129	23	11
19544	2	39	13	3
19545	2	120	17	6
19546	2	93	19	7
19547	2	65	13	3
19548	4	141	24	12
19549	2	99	21	8
19550	2	120	15	5
19551	2	123	17	6
19552	2	120	15	5
19553	2	41	14	4
19554	2	51	11	3
19555	2	23	13	4
19556	4	162	24	10
19557	2	65	13	3
19558	2	75	11	3
19559	2	21	12	3
19560	2	36	7	2
19561	4	168	25	10
19562	2	57	8	2
19563	4	138	22	7
19564	2	66	14	3
19565	2	21	12	3
19566	2	66	13	4
19567	2	66	11	3
19568	4	126	22	10
19569	2	138	19	7
19570	4	63	18	7
19571	2	33	10	5
19572	2	99	17	6
19573	4	162	27	12
19574	2	120	15	5
19575	2	40	13	3
19576	4	126	21	9
19577	2	93	19	7
19578	6	126	29	10
19579	2	39	13	3
19580	2	66	11	3
19581	4	132	22	8
19582	2	150	19	7
19583	4	171	24	10
19584	4	159	25	10
19585	4	171	30	14
19586	4	132	22	7
19587	4	132	21	9
19588	2	30	7	2
19589	2	123	24	9
19590	2	18	11	3
19591	2	96	15	5
19592	2	132	19	7
19593	4	159	25	10
19594	2	96	15	5
19595	2	141	19	7
19596	2	19	13	3
19597	2	75	17	6
19598	4	159	25	10
19599	2	19	13	3
19600	2	81	15	5
19601	2	45	8	2
19602	2	66	13	4
19603	4	132	24	7
19604	2	22	12	3
19605	4	159	25	10
19606	2	33	10	5
19607	2	33	7	2
19608	2	39	13	3
19609	2	51	8	2
19610	2	21	12	3
19611	4	132	21	10
19612	4	162	27	12
19613	4	126	22	7
19614	2	24	14	4
19615	4	159	25	10
19616	2	20	13	4
19617	4	135	25	12
19618	4	132	25	8
19619	2	15	13	3
19620	2	18	11	3
19621	2	33	7	2
19622	2	66	14	3
19623	2	15	13	3
19624	2	40	13	3
19625	4	135	23	10
19626	2	132	15	5
19627	2	16	13	3
19628	2	75	21	8
19629	4	120	22	10
19630	4	171	24	10
19631	2	40	13	3
19632	2	156	23	9
19633	2	18	12	3
19634	4	96	19	5
19635	2	40	13	3
19636	2	168	19	7
19637	2	93	19	7
19638	4	132	21	10
19639	2	75	19	7
19640	4	150	31	14
19641	2	16	13	3
19642	2	36	7	2
19643	4	93	21	5
19644	2	22	13	3
19645	2	156	19	7
19646	4	168	25	10
19647	4	132	24	8
19648	2	19	12	3
19649	2	18	15	4
19650	2	135	17	6
19651	2	180	23	9
19652	2	81	14	5
19653	2	81	15	5
19654	4	126	24	7
19655	2	16	13	3
19656	2	22	12	3
19657	2	51	8	2
19658	4	126	22	8
19659	2	93	21	8
19660	4	120	21	9
19661	2	39	13	3
19662	2	26	12	3
19663	2	75	17	6
19664	4	135	24	11
19665	4	126	25	7
19666	4	132	24	7
19667	2	23	13	4
19668	4	96	19	4
19669	4	171	24	10
19670	2	16	14	3
19671	2	41	14	4
19672	2	40	14	3
19673	4	150	25	10
19674	2	129	19	7
19675	2	39	13	3
19676	2	22	12	3
19677	2	102	13	4
19678	2	174	21	8
19679	2	24	14	4
19680	4	102	19	5
19681	2	19	12	3
19682	2	15	13	3
19683	4	153	27	12
19684	2	186	23	9
19685	2	21	12	3
19686	2	15	13	3
19687	2	30	7	2
19688	2	66	11	3
19689	2	65	12	4
19690	4	132	24	8
19691	2	24	14	4
19692	4	120	24	7
19693	4	162	24	10
19694	4	126	23	9
19695	2	81	13	4
19696	2	18	15	4
19697	2	99	12	3
19698	2	87	17	6
19699	4	126	24	7
19700	2	156	21	8
19701	2	23	13	4
19702	2	84	13	4
19703	2	66	14	3
19704	2	105	18	6
19705	4	168	25	10
19706	2	144	19	7
19707	2	123	17	6
19708	4	171	24	10
19709	4	132	24	8
19710	2	40	14	3
19711	2	96	13	4
19712	2	75	17	6
19713	2	21	14	4
19714	4	171	27	12
19715	2	15	13	3
19716	2	45	8	2
19717	2	21	12	3
19718	4	126	21	9
19719	2	105	21	8
19720	2	87	13	4
19721	4	126	24	7
19722	4	159	25	10
19723	4	171	24	10
19724	4	177	25	10
19725	2	156	17	6
19726	2	114	18	7
19727	2	81	17	6
19728	4	141	24	11
19729	2	129	19	7
19730	4	132	21	9
19731	2	66	13	4
19732	4	99	21	6
19733	2	156	21	8
19734	4	126	24	7
19735	4	126	21	7
19736	4	159	25	10
19737	4	132	22	7
19738	2	99	13	4
19739	4	126	24	7
19740	2	19	13	3
19741	2	18	11	3
19742	2	150	23	9
19743	4	135	23	10
19744	4	96	19	5
19745	2	20	11	3
19746	4	90	19	4
19747	2	39	12	3
19748	2	81	17	6
19749	2	21	12	3
19750	2	21	12	3
19751	4	150	25	10
19752	4	126	22	7
19753	2	66	11	3
19754	4	126	21	10
19755	2	69	15	5
19756	4	162	24	10
19757	2	22	13	3
19758	2	24	14	4
19759	2	39	13	3
19760	2	39	13	3
19761	6	120	25	7
19762	4	126	25	9
19763	2	81	15	5
19764	2	21	12	3
19765	2	18	11	3
19766	2	22	13	3
19767	2	42	15	4
19768	2	87	19	7
19769	4	132	23	7
19770	2	71	15	5
19771	4	126	21	10
19772	2	41	14	4
19773	2	90	15	5
19774	4	96	19	5
19775	2	66	13	4
19776	2	192	21	8
19777	2	71	17	6
19778	4	132	21	9
19779	2	41	14	4
19780	2	51	8	2
19781	2	21	14	4
19782	4	162	27	12
19783	2	42	15	4
19784	4	159	25	10
19785	2	147	19	7
19786	2	39	12	3
19787	2	51	10	3
19788	4	126	24	8
19789	6	126	29	10
19790	4	135	25	12
19791	2	21	14	4
19792	2	102	16	6
19793	2	81	17	6
19794	4	132	24	7
19795	4	99	20	4
19796	2	19	13	3
19797	2	40	13	3
19798	2	39	12	3
19799	2	84	13	4
19800	2	78	11	3
19801	4	93	21	6
19802	2	87	15	5
19803	2	135	15	5
19804	4	150	25	10
19805	4	162	24	10
19806	2	114	15	5
19807	4	129	21	9
19808	2	39	13	3
19809	4	126	22	7
19810	4	129	24	11
19811	2	120	17	6
19812	2	15	13	3
19813	2	192	24	10
19814	2	37	11	2
19815	2	14	11	2
19816	4	126	21	9
19817	2	99	19	7
19818	2	138	19	7
19819	2	75	17	6
19820	2	156	21	8
19821	2	93	11	3
19822	2	21	12	3
19823	2	51	15	5
19824	2	40	14	3
19825	2	21	12	3
19826	2	132	19	7
19827	2	21	12	3
19828	4	177	25	10
19829	2	19	13	3
19830	2	162	19	7
19831	2	42	15	4
19832	4	120	24	8
19833	4	96	21	6
19834	2	42	15	4
19835	2	114	19	7
19836	4	168	28	12
19837	2	87	19	7
19838	4	168	25	10
19839	2	39	12	3
19840	2	84	13	4
19841	4	60	18	5
19842	2	123	20	7
19843	2	20	13	4
19844	6	120	29	10
19845	6	132	27	8
19846	2	22	13	3
19847	4	102	21	5
19848	2	192	21	8
19849	4	60	18	5
19850	4	102	19	5
19851	2	19	11	2
19852	2	66	14	3
19853	2	22	12	3
19854	4	135	26	12
19855	2	57	8	2
19856	4	159	25	10
19857	4	132	22	7
19858	4	126	22	8
19859	2	186	23	9
19860	4	126	21	9
19861	2	102	17	6
19862	2	120	15	5
19863	4	147	23	10
19864	2	132	19	7
19865	2	42	15	4
19866	2	39	13	3
19867	2	40	14	3
19868	2	93	19	7
19869	2	18	15	4
19870	4	150	25	10
19871	2	18	12	3
19872	4	96	20	4
19873	4	159	25	10
19874	4	177	28	12
19875	2	192	19	7
19876	2	39	12	3
19877	2	57	17	6
19878	2	186	22	9
19879	4	132	21	10
19880	2	33	10	5
19881	2	23	13	4
19882	4	159	25	10
19883	2	16	13	3
19884	2	65	13	3
19885	2	75	13	4
19886	2	21	12	3
19887	4	141	24	11
19888	4	126	22	7
19889	2	36	7	2
19890	2	38	12	3
19891	2	120	15	5
19892	2	17	14	4
19893	2	198	23	9
19894	4	126	24	8
19895	2	75	19	7
19896	4	129	25	11
19897	2	81	15	5
19898	2	96	13	4
19899	2	84	15	5
19900	2	102	13	4
19901	2	18	12	3
19902	2	30	12	4
19903	2	81	15	5
19904	4	96	19	5
19905	2	51	8	2
19906	2	180	25	10
19907	2	69	14	5
19908	2	153	19	7
19909	2	22	13	3
19910	2	51	8	2
19911	2	150	25	10
19912	2	21	11	3
19913	4	132	21	9
19914	2	147	22	8
19915	2	99	15	5
19916	2	75	17	6
19917	6	120	27	8
19918	4	141	24	11
19919	4	135	23	10
19920	2	66	13	4
19921	2	22	13	3
19922	4	132	21	9
19923	4	135	23	10
19924	2	19	12	3
19925	4	63	19	7
19926	4	102	19	5
19927	2	168	19	7
19928	4	126	22	8
19929	2	18	12	3
19930	2	168	20	7
19931	2	75	13	4
19932	2	192	23	9
19933	2	19	12	3
19934	4	168	28	12
19935	2	17	14	4
19936	2	21	12	3
19937	4	162	27	12
19938	2	102	15	5
19939	2	19	12	3
19940	2	57	8	2
19941	4	159	28	12
19942	2	81	15	5
19943	2	144	21	8
19944	2	63	13	4
19945	2	132	17	6
19946	4	126	21	9
19947	2	21	12	3
19948	2	39	13	3
19949	4	96	20	5
19950	2	18	12	3
19951	2	75	15	5
19952	4	87	21	6
19953	2	18	12	3
19954	4	126	24	7
19955	2	87	14	4
19956	2	156	23	9
19957	6	126	26	8
19958	2	81	11	3
19959	6	120	30	11
19960	2	40	13	3
19961	2	66	13	4
19962	2	19	13	3
19963	2	150	19	7
19964	2	16	13	3
19965	2	40	13	3
19966	6	120	30	11
19967	4	102	19	5
19968	2	19	13	3
19969	2	111	14	4
19970	4	162	24	10
19971	2	180	23	9
19972	2	39	13	3
19973	4	162	24	10
19974	2	66	14	3
19975	4	171	24	10
19976	4	126	24	8
19977	4	126	24	10
19978	2	40	14	3
19979	2	51	8	2
19980	2	42	15	4
19981	4	129	24	11
19982	2	96	13	4
19983	4	126	24	7
19984	2	168	21	8
19985	2	87	31	13
19986	2	42	15	4
19987	2	18	11	3
19988	2	37	11	2
19989	2	162	24	9
19990	2	16	13	3
19991	2	93	19	7
19992	4	132	24	7
19993	4	126	21	9
19994	2	63	12	4
19995	2	93	21	8
19996	4	177	25	10
19997	2	63	10	3
19998	2	65	12	4
19999	4	141	21	9
20000	2	57	8	2
20001	2	75	17	6
20002	4	87	22	6
20003	4	132	21	10
20004	2	16	13	3
20005	4	135	23	11
20006	2	102	13	4
20007	2	186	23	9
20008	4	96	19	4
20009	2	21	11	3
20010	2	65	13	3
20011	4	159	28	12
20012	4	171	24	10
20013	2	96	15	5
20014	2	63	23	9
20015	2	16	14	3
20016	2	65	13	3
20017	4	126	24	7
20018	4	126	21	9
20019	4	126	24	8
20020	2	16	14	3
20021	4	159	25	10
20022	4	126	25	8
20023	2	192	27	11
20024	2	14	12	3
20025	2	51	10	3
20026	2	150	19	7
20027	4	162	24	10
20028	4	168	25	10
20029	4	135	24	11
20030	2	75	19	7
20031	2	93	16	6
20032	2	57	8	2
20033	4	126	22	7
20034	2	150	25	10
20035	4	141	23	10
20036	2	132	17	6
20037	2	186	25	10
20038	2	129	19	7
20039	4	162	24	10
20040	4	162	27	12
20041	2	156	19	7
20042	2	26	12	3
20043	2	15	13	3
20044	4	120	21	10
20045	2	57	8	2
20046	4	168	25	10
20047	4	63	18	7
20048	4	135	24	11
20049	2	87	15	5
20050	4	162	27	12
20051	2	16	13	3
20052	2	69	15	5
20053	2	156	19	7
20054	6	120	27	9
20055	2	66	13	4
20056	4	159	28	12
20057	4	132	21	9
20058	4	138	24	8
20059	4	102	21	6
20060	2	20	11	3
20061	2	66	12	3
20062	2	17	11	3
20063	2	21	10	2
20064	2	75	17	6
20065	2	39	12	3
20066	4	135	24	11
20067	4	132	24	7
20068	2	18	15	4
20069	2	84	11	3
20070	2	192	21	8
20071	2	21	12	3
20072	4	126	21	9
20073	2	15	12	3
20074	2	102	13	4
20075	4	93	22	6
20076	4	120	24	7
20077	6	120	26	8
20078	2	21	12	3
20079	4	126	22	8
20080	4	132	22	8
20081	4	126	25	8
20082	4	63	19	7
20083	2	13	11	2
20084	4	132	24	7
20085	4	126	21	9
20086	2	126	15	5
20087	4	132	21	10
20088	4	135	22	10
20089	2	24	14	4
20090	2	16	10	2
20091	4	120	22	8
20092	2	66	10	4
20093	2	36	11	2
20094	2	138	15	5
20095	4	102	19	5
20096	2	81	15	5
20097	2	18	12	3
20098	2	153	21	8
20099	4	162	27	12
20100	2	63	25	10
20101	2	18	12	3
20102	2	93	18	7
20103	2	99	27	11
20104	6	114	28	9
20105	4	159	28	12
20106	2	21	14	4
20107	2	15	13	3
20108	2	21	12	3
20109	2	13	11	2
20110	4	102	19	5
20111	4	126	22	7
20112	2	138	21	8
20113	2	120	19	7
20114	2	102	16	6
20115	4	162	24	10
20116	2	33	10	5
20117	2	81	17	6
20118	2	81	21	8
20119	4	159	25	10
20120	2	24	14	4
20121	4	159	25	10
20122	2	22	13	3
20123	2	99	17	6
20124	4	126	24	7
20125	4	132	22	7
20126	2	40	14	3
20127	4	141	22	10
20128	2	20	11	3
20129	4	135	22	10
20130	2	21	12	3
20131	2	24	14	4
20132	2	192	23	9
20133	2	66	14	3
20134	2	20	11	3
20135	4	63	18	7
20136	4	96	21	6
20137	4	90	19	4
20138	2	162	23	9
20139	2	15	13	3
20140	2	66	11	3
20141	2	69	16	6
20142	4	171	24	10
20143	6	120	28	9
20144	2	37	11	2
20145	4	126	20	9
20146	6	120	27	8
20147	2	18	15	4
20148	2	114	15	5
20149	4	141	25	12
20150	4	96	21	6
20151	2	123	16	6
20152	2	81	13	4
20153	2	22	13	3
20154	2	18	12	3
20155	2	186	21	8
20156	2	38	11	2
20157	2	99	27	11
20158	2	81	18	6
20159	2	123	19	7
20160	2	42	15	4
20161	4	132	22	7
20162	2	65	13	3
20163	2	96	17	6
20164	2	39	12	3
20165	4	180	24	10
20166	2	42	15	4
20167	2	123	19	7
20168	4	168	28	12
20169	4	126	22	7
20170	4	141	26	11
20171	2	51	12	4
20172	2	41	14	4
20173	2	21	14	4
20174	4	168	25	10
20175	2	81	17	6
20176	2	15	13	3
20177	2	21	14	4
20178	2	16	14	3
20179	6	126	28	9
20180	2	69	16	5
20181	4	171	27	12
20182	2	174	19	7
20183	2	186	19	7
20184	2	135	23	9
20185	4	90	19	4
20186	2	15	13	3
20187	4	168	28	12
20188	2	81	17	6
20189	2	33	10	5
20190	4	102	19	5
20191	4	63	18	7
20192	4	126	24	7
20193	4	126	24	8
20194	4	96	22	7
20195	2	18	12	3
20196	2	20	11	3
20197	2	66	14	3
20198	4	132	21	9
20199	4	138	22	7
20200	2	40	13	3
20201	4	132	26	8
20202	2	66	11	3
20203	2	153	21	8
20204	4	171	24	10
20205	2	42	15	4
20206	4	126	24	7
20207	2	87	19	7
20208	2	66	10	2
20209	4	120	22	7
20210	2	18	15	4
20211	2	21	14	4
20212	4	147	24	11
20213	4	162	27	12
20214	4	159	25	10
20215	2	23	13	4
20216	2	75	19	7
20217	2	138	19	7
20218	2	114	18	7
20219	2	102	18	7
20220	4	102	21	6
20221	2	21	12	3
20222	4	63	17	5
20223	2	102	16	6
20224	2	23	13	4
20225	2	22	13	3
20226	2	16	14	3
20227	2	150	23	9
20228	2	99	15	5
20229	2	75	15	5
20230	2	19	11	2
20231	2	117	20	8
20232	2	102	15	5
20233	2	24	14	4
20234	4	135	23	11
20235	2	114	17	6
20236	4	93	20	5
20237	4	132	24	7
20238	2	21	10	2
20239	4	126	24	8
20240	2	150	21	8
20241	2	17	14	4
20242	2	21	12	3
20243	2	81	11	3
20244	2	66	13	4
20245	2	40	13	3
20246	2	15	13	3
20247	2	66	13	4
20248	4	96	20	6
20249	2	17	10	2
20250	2	114	15	5
20251	2	192	21	8
20252	2	66	10	2
20253	2	192	23	9
20254	2	75	13	4
20255	2	17	11	3
20256	2	78	11	3
20257	2	81	15	5
20258	2	120	15	5
20259	2	138	19	7
20260	2	40	13	3
20261	2	15	12	3
20262	2	22	13	3
20263	2	120	17	6
20264	4	180	24	10
20265	2	40	13	3
20266	4	63	19	7
20267	2	162	21	8
20268	4	126	24	7
20269	2	150	17	6
20270	2	75	13	4
20271	2	19	11	2
20272	2	19	13	3
20273	2	13	11	2
20274	6	120	28	9
20275	4	63	17	5
20276	4	57	16	5
20277	4	132	25	7
20278	2	87	21	8
20279	4	96	19	5
20280	4	162	27	12
20281	2	75	15	5
20282	4	159	25	10
20283	2	186	21	8
20284	6	120	27	9
20285	2	16	13	3
20286	2	16	14	3
20287	2	192	23	9
20288	2	120	17	6
20289	4	126	24	7
20290	2	22	13	3
20291	2	38	12	3
20292	2	22	13	3
20293	2	192	25	10
20294	2	19	12	3
20295	2	168	17	6
20296	2	42	15	4
20297	6	120	27	9
20298	2	21	14	4
20299	4	159	28	12
20300	4	159	25	10
20301	4	132	22	7
20302	4	159	28	12
20303	4	96	21	5
20304	4	126	24	8
20305	2	168	23	9
20306	2	18	11	3
20307	2	15	13	3
20308	2	105	16	6
20309	2	174	19	7
20310	2	19	13	3
20311	2	72	11	3
20312	2	65	13	3
20313	4	93	20	4
20314	4	135	24	11
20315	6	120	30	11
20316	2	81	13	4
20317	2	21	12	3
20318	2	65	13	3
20319	4	126	22	10
20320	2	81	17	6
20321	4	63	17	5
20322	2	84	11	3
20323	2	15	13	3
20324	4	153	27	12
20325	4	126	22	10
20326	4	93	20	6
20327	2	39	13	3
20328	4	132	21	10
20329	2	150	23	9
20330	2	105	17	6
20331	4	159	28	12
20332	6	126	27	9
20333	4	132	21	10
20334	4	171	24	10
20335	2	36	11	6
20336	2	180	17	6
20337	2	162	21	8
20338	4	138	24	7
20339	2	111	16	6
20340	2	105	16	6
20341	2	99	18	6
20342	2	96	13	4
20343	2	105	17	6
20344	2	63	11	2
20345	2	66	13	4
20346	4	132	21	9
20347	2	66	13	4
20348	2	117	21	8
20349	4	153	24	10
20350	2	135	17	6
20351	2	66	14	3
20352	2	84	15	5
20353	2	87	15	5
20354	2	24	14	4
20355	2	22	12	3
20356	4	120	24	7
20357	2	60	13	4
20358	4	159	28	12
20359	4	135	23	11
20360	4	126	24	7
20361	2	18	11	3
20362	2	45	16	5
20363	4	159	25	10
20364	2	18	15	4
20365	4	159	25	10
20366	2	162	17	6
20367	2	123	20	8
20368	2	108	13	4
20369	2	22	13	3
20370	4	126	22	7
20371	4	126	21	10
20372	2	168	23	9
20373	6	126	26	8
20374	2	19	12	3
20375	2	69	12	4
20376	4	93	21	6
20377	6	120	27	8
20378	2	18	12	3
20379	4	141	24	11
20380	2	22	13	3
20381	2	72	11	3
20382	4	126	22	8
20383	4	138	24	7
20384	2	17	10	2
20385	2	19	10	2
20386	4	93	21	5
20387	4	168	25	10
20388	2	19	13	3
20389	6	126	29	10
20390	4	162	27	12
20391	4	126	21	10
20392	2	102	13	4
20393	4	132	21	7
20394	2	30	12	4
20395	2	65	13	3
20396	4	138	21	9
20397	2	135	20	7
20398	2	16	13	3
20399	4	159	25	10
20400	2	51	13	4
20401	2	186	25	10
20402	2	20	11	3
20403	2	105	19	7
20404	4	141	21	9
20405	2	162	23	9
20406	4	135	25	12
20407	4	141	26	11
20408	2	16	10	2
20409	2	156	19	7
20410	2	132	21	8
20411	4	171	27	12
20412	4	171	24	10
20413	2	19	12	3
20414	4	141	23	10
20415	2	15	13	3
20416	4	147	23	10
20417	2	39	12	3
20418	4	171	27	12
20419	2	20	13	4
20420	2	42	15	4
20421	2	186	21	8
20422	2	81	16	5
20423	4	126	24	8
20424	2	42	15	4
20425	4	135	24	12
20426	4	132	21	10
20427	2	17	14	4
20428	4	132	24	7
20429	2	19	13	3
20430	2	33	7	2
20431	4	102	19	4
20432	2	102	13	4
20433	4	132	24	7
20434	4	162	24	10
20435	2	120	15	5
20436	2	16	13	3
20437	2	18	15	4
20438	2	51	8	2
20439	4	138	23	9
20440	2	16	14	3
20441	2	42	15	4
20442	2	81	25	10
20443	2	65	13	3
20444	2	41	14	4
20445	4	126	24	7
20446	2	114	15	5
20447	2	111	17	6
20448	2	22	12	3
20449	2	75	15	5
20450	4	126	21	9
20451	4	126	24	7
20452	2	153	19	7
20453	2	87	14	5
20454	4	132	22	8
20455	2	120	19	7
20456	4	171	27	12
20457	4	93	20	4
20458	2	75	15	5
20459	2	66	11	3
20460	2	13	11	2
20461	2	16	13	3
20462	6	120	29	10
20463	2	105	15	5
20464	4	162	27	12
20465	2	66	13	4
20466	2	16	10	2
20467	4	159	25	10
20468	2	93	11	3
20469	2	138	15	5
20470	2	19	12	3
20471	2	132	19	7
20472	4	126	24	7
20473	2	93	17	6
20474	2	132	17	6
20475	2	51	8	2
20476	4	132	21	9
20477	2	40	14	3
20478	4	129	24	11
20479	4	126	22	7
20480	4	135	24	11
20481	2	120	17	6
20482	6	120	25	7
20483	2	93	19	7
20484	4	132	22	7
20485	4	126	24	7
20486	2	123	22	9
20487	2	16	13	3
20488	4	141	23	10
20489	2	57	13	4
20490	4	168	25	10
20491	2	69	12	4
20492	2	51	11	3
20493	2	174	23	9
20494	2	65	12	4
20495	2	138	19	7
20496	2	18	11	3
20497	4	93	20	4
20498	2	19	12	3
20499	2	153	18	6
20500	2	102	15	5
20501	4	126	22	8
20502	4	96	19	4
20503	2	17	14	4
20504	6	126	26	8
20505	4	135	23	10
20506	2	63	13	4
20507	2	19	12	3
20508	4	132	22	7
20509	2	150	21	8
20510	4	171	27	12
20511	2	63	15	5
20512	2	75	17	6
20513	2	40	14	3
20514	4	162	24	10
20515	2	51	10	3
20516	4	159	28	12
20517	4	159	25	10
20518	4	126	25	8
20519	2	39	12	3
20520	4	126	22	8
20521	2	186	21	8
20522	2	21	12	3
20523	2	192	23	9
20524	2	120	15	5
20525	2	65	13	3
20526	2	57	8	2
20527	2	144	17	6
20528	4	171	27	12
20529	4	126	24	7
20530	2	114	17	6
20531	4	96	23	7
20532	4	63	18	7
20533	2	38	11	2
20534	4	159	28	12
20535	2	69	15	5
20536	4	96	19	5
20537	4	135	23	11
20538	6	120	27	8
20539	4	126	24	7
20540	2	18	12	3
20541	4	102	20	6
20542	2	153	19	7
20543	4	126	25	7
20544	4	141	24	11
20545	2	81	13	4
20546	2	51	10	3
20547	2	33	7	2
20548	2	168	22	9
20549	4	135	24	11
20550	2	63	23	9
20551	4	126	22	7
20552	2	16	14	3
20553	2	132	19	7
20554	2	66	11	3
20555	4	126	22	8
20556	4	132	21	9
20557	2	69	15	5
20558	4	63	18	7
20559	6	120	25	7
20560	2	40	13	3
20561	4	171	27	12
20562	2	51	8	2
20563	2	33	7	2
20564	6	120	27	9
20565	2	40	14	3
20566	2	102	15	5
20567	4	126	22	7
20568	2	87	13	4
20569	4	150	25	10
20570	2	39	13	3
20571	2	69	12	4
20572	2	150	21	8
20573	4	168	28	12
20574	4	126	21	9
20575	4	141	22	10
20576	4	126	24	7
20577	4	102	19	5
20578	4	63	17	5
20579	2	40	14	3
20580	4	159	25	10
20581	4	132	21	10
20582	2	174	17	6
20583	2	102	13	4
20584	4	162	24	10
20585	2	40	13	3
20586	2	93	23	9
20587	4	132	22	8
20588	2	138	17	6
20589	4	126	24	7
20590	2	81	15	5
20591	2	75	17	6
20592	2	64	12	3
20593	4	96	19	4
20594	2	65	13	3
20595	2	75	19	7
20596	2	21	12	3
20597	4	93	21	5
20598	2	21	12	3
20599	2	87	13	4
20600	2	102	14	5
20601	2	16	14	3
20602	2	51	11	3
20603	6	120	27	9
20604	4	135	23	10
20605	2	156	19	7
20606	4	135	22	10
20607	2	66	14	3
20608	4	87	21	6
20609	4	126	22	8
20610	4	57	16	5
20611	2	66	10	2
20612	2	93	19	7
20613	2	69	12	3
20614	2	57	8	2
20615	2	63	15	5
20616	2	15	13	3
20617	2	66	11	3
20618	2	66	13	4
20619	2	23	13	4
20620	2	15	12	3
20621	4	126	21	7
20622	2	57	8	2
20623	2	40	13	3
20624	4	159	25	10
20625	2	81	13	4
20626	2	75	19	7
20627	2	14	12	3
20628	4	159	25	10
20629	4	120	25	7
20630	4	135	24	11
20631	2	186	25	10
20632	4	159	25	10
20633	4	135	22	10
20634	2	63	14	5
20635	2	111	17	6
20636	2	174	21	8
20637	2	51	15	5
20638	2	21	12	3
20639	4	96	19	4
20640	2	23	13	4
20641	2	174	23	9
20642	4	120	22	7
20643	2	39	13	3
20644	4	132	21	10
20645	2	81	15	5
20646	2	45	8	2
20647	4	159	25	10
20648	4	132	21	9
20649	2	96	15	5
20650	2	99	18	7
20651	2	150	21	8
20652	4	129	23	10
20653	4	138	24	7
20654	2	51	13	4
20655	2	66	10	2
20656	4	171	24	10
20657	4	168	25	10
20658	2	39	13	3
20659	2	81	17	6
20660	2	20	10	2
20661	2	21	14	4
20662	4	135	24	11
20663	4	126	21	9
20664	2	66	13	4
20665	2	123	16	5
20666	2	132	19	7
20667	4	126	24	8
20668	4	126	22	7
20669	4	138	24	7
20670	4	141	23	10
20671	2	66	14	3
20672	2	102	13	4
20673	2	21	10	2
20674	2	63	25	10
20675	4	171	24	10
20676	2	22	13	3
20677	4	162	27	12
20678	2	75	25	10
20679	2	102	17	6
20680	4	138	24	8
20681	4	162	24	10
20682	2	81	11	3
20683	4	168	28	12
20684	2	84	11	3
20685	2	40	14	3
20686	2	18	12	3
20687	2	138	19	7
20688	4	126	21	10
20689	4	132	21	10
20690	4	141	24	12
20691	2	63	13	4
20692	4	159	25	10
20693	2	39	13	3
20694	6	120	30	10
20695	4	135	23	10
20696	2	87	15	5
20697	2	19	11	2
20698	2	15	13	3
20699	2	42	15	4
20700	2	75	15	5
20701	2	120	15	5
20702	4	141	23	10
20703	4	132	23	9
20704	2	51	8	2
20705	4	135	23	10
20706	4	135	24	12
20707	2	51	11	3
20708	2	20	13	4
20709	4	135	23	10
20710	4	159	28	12
20711	2	75	15	5
20712	2	132	19	7
20713	2	65	13	3
20714	2	84	11	3
20715	2	21	12	3
20716	4	129	23	10
20717	2	120	15	5
20718	2	186	23	9
20719	2	87	19	7
20720	4	132	21	10
20721	4	162	27	12
20722	2	120	13	4
20723	2	24	14	4
20724	2	65	13	3
20725	2	21	12	3
20726	2	24	14	4
20727	2	42	15	4
20728	2	132	17	6
20729	2	15	13	3
20730	2	42	15	4
20731	2	20	13	4
20732	2	198	27	11
20733	2	81	17	6
20734	2	16	13	3
20735	4	126	24	7
20736	4	87	21	6
20737	4	99	19	5
20738	4	102	19	5
20739	2	51	8	2
20740	4	126	24	7
20741	4	153	24	10
20742	4	159	28	12
20743	2	39	13	3
20744	2	21	14	4
20745	2	99	13	4
20746	4	132	22	7
20747	2	75	13	4
20748	4	93	20	4
20749	2	15	13	3
20750	2	156	17	6
20751	2	38	11	2
20752	4	126	24	7
20753	4	102	19	5
20754	2	75	13	4
20755	2	51	8	2
20756	2	14	12	3
20757	4	126	21	10
20758	4	132	21	9
20759	2	66	13	4
20760	2	150	17	6
20761	4	162	27	12
20762	2	15	13	3
20763	2	75	15	5
20764	2	87	15	5
20765	2	45	15	5
20766	2	16	14	3
20767	4	171	24	10
20768	2	84	13	4
20769	4	126	21	10
20770	2	24	14	4
20771	2	66	14	3
20772	4	132	22	7
20773	4	132	21	10
20774	2	81	11	3
20775	4	126	22	7
20776	2	102	19	7
20777	2	30	12	4
20778	2	21	14	4
20779	2	117	15	5
20780	2	75	19	7
20781	4	126	24	7
20782	4	159	25	10
20783	2	105	16	6
20784	4	126	22	7
20785	6	126	28	9
20786	2	16	10	2
20787	4	126	25	7
20788	4	159	25	10
20789	4	141	23	10
20790	2	87	17	6
20791	2	126	17	6
20792	4	162	27	12
20793	2	19	10	2
20794	4	60	18	5
20795	4	141	25	11
20796	4	132	23	7
20797	4	63	17	5
20798	2	102	13	4
20799	2	126	15	5
20800	2	81	13	4
20801	4	138	21	10
20802	2	63	14	5
20803	2	40	14	3
20804	6	120	25	7
20805	4	126	24	7
20806	4	132	23	9
20807	4	141	23	10
20808	2	87	13	4
20809	2	21	12	3
20810	4	120	22	11
20811	2	21	12	3
20812	4	102	19	5
20813	2	102	17	6
20814	2	30	7	2
20815	4	126	22	7
20816	4	177	25	10
20817	2	41	14	4
20818	2	63	23	9
20819	4	135	24	12
20820	4	132	21	9
20821	4	162	24	10
20822	2	69	15	5
20823	2	19	12	3
20824	2	66	10	2
20825	4	138	22	7
20826	2	192	25	10
20827	2	37	11	2
20828	2	69	12	4
20829	2	66	14	3
20830	4	102	19	5
20831	2	168	19	7
20832	2	87	15	5
20833	4	132	22	7
20834	2	75	13	4
20835	4	63	19	7
20836	4	132	24	7
20837	2	75	13	4
20838	4	93	22	6
20839	2	40	13	3
20840	2	111	17	6
20841	2	18	12	3
20842	4	168	25	10
20843	2	186	25	10
20844	2	93	19	7
20845	2	147	21	8
20846	2	81	11	3
20847	4	129	25	11
20848	6	126	25	7
20849	2	87	17	6
20850	4	141	27	12
20851	4	168	25	10
20852	2	39	12	3
20853	2	33	9	4
20854	2	16	14	3
20855	2	75	21	8
20856	2	84	15	5
20857	4	168	28	12
20858	2	102	15	5
20859	2	24	14	4
20860	2	87	16	6
20861	2	63	19	7
20862	4	168	25	10
20863	4	132	21	9
20864	2	13	11	2
20865	4	99	19	5
20866	2	192	25	10
20867	2	138	15	5
20868	2	81	17	6
20869	4	171	24	10
20870	2	17	11	3
20871	4	168	25	10
20872	4	147	23	11
20873	4	96	19	5
20874	4	90	21	6
20875	2	93	13	4
20876	2	33	8	2
20877	2	81	23	9
20878	4	132	23	9
20879	4	126	24	7
20880	4	141	26	12
20881	4	159	25	10
20882	4	126	22	8
20883	4	120	23	9
20884	2	153	23	9
20885	2	38	12	3
20886	2	168	19	7
20887	2	13	11	2
20888	2	21	12	3
20889	2	18	15	4
20890	6	126	30	10
20891	4	120	21	10
20892	2	156	19	7
20893	4	162	24	10
20894	2	138	18	6
20895	4	162	27	12
20896	2	132	17	6
20897	4	138	22	7
20898	2	71	19	7
20899	4	96	21	5
20900	4	159	28	12
20901	2	45	8	2
20902	2	75	13	4
20903	2	51	8	2
20904	4	132	24	7
20905	2	144	17	6
20906	2	84	15	5
20907	2	51	10	3
20908	2	72	11	3
20909	4	102	19	5
20910	2	42	15	4
20911	4	141	24	11
20912	4	132	22	10
20913	2	90	15	5
20914	4	132	22	7
20915	2	198	23	9
20916	2	21	12	3
20917	6	120	26	8
20918	2	38	12	3
20919	2	126	15	5
20920	2	63	21	8
20921	2	66	13	4
20922	2	36	11	6
20923	4	141	24	11
20924	2	17	11	3
20925	2	16	10	2
20926	2	75	15	5
20927	6	120	26	8
20928	4	162	27	12
20929	2	16	13	3
20930	4	120	25	8
20931	2	87	15	5
20932	2	138	19	7
20933	2	192	21	8
20934	2	14	12	3
20935	4	168	25	10
20936	4	162	24	10
20937	2	24	14	4
20938	2	66	10	2
20939	2	38	11	2
20940	2	126	19	7
20941	2	102	14	5
20942	2	18	12	3
20943	4	132	24	8
20944	4	171	27	12
20945	2	24	14	4
20946	2	36	11	2
20947	2	99	19	7
20948	6	126	29	10
20949	4	96	20	5
20950	4	132	22	7
20951	4	171	27	12
20952	2	66	10	4
20953	4	126	22	7
20954	4	96	19	4
20955	2	93	17	6
20956	4	168	25	10
20957	2	39	13	3
20958	4	126	23	9
20959	2	21	12	3
20960	2	84	11	3
20961	2	22	13	3
20962	2	40	13	3
20963	4	126	24	7
20964	2	117	18	7
20965	4	132	24	7
20966	2	102	13	4
20967	6	126	26	8
20968	6	120	25	7
20969	2	105	18	7
20970	4	126	22	10
20971	2	39	13	3
20972	2	174	20	8
20973	4	96	19	4
20974	4	150	28	12
20975	2	69	12	4
20976	4	126	24	8
20977	2	150	21	8
20978	2	84	15	5
20979	2	180	23	9
20980	2	15	13	3
20981	4	141	24	11
20982	6	114	28	10
20983	2	81	15	5
20984	4	120	22	7
20985	2	21	10	2
20986	2	87	17	6
20987	2	15	13	3
20988	4	126	22	7
20989	4	126	25	8
20990	6	120	25	7
20991	4	126	24	8
20992	4	126	20	9
20993	4	162	24	10
20994	2	81	17	6
20995	2	21	12	3
20996	2	40	13	3
20997	2	84	11	3
20998	2	81	15	5
20999	4	162	24	10
21000	4	135	24	11
21001	2	19	11	2
21002	4	162	24	10
21003	4	162	27	12
21004	4	171	24	10
21005	2	81	15	5
21006	2	21	12	3
21007	2	81	19	7
21008	2	21	12	3
21009	2	132	17	6
21010	2	120	15	5
21011	2	84	13	4
21012	4	135	22	10
21013	2	180	27	11
21014	2	75	13	4
21015	2	19	12	3
21016	2	144	19	7
21017	2	138	19	7
21018	2	186	23	9
21019	2	162	19	7
21020	2	156	17	6
21021	2	66	13	4
21022	2	38	11	2
21023	2	14	12	3
21024	2	14	12	3
21025	2	18	12	3
21026	2	21	12	3
21027	2	69	15	5
21028	2	57	15	5
21029	2	180	23	9
21030	4	135	22	10
21031	2	66	11	3
21032	4	135	26	11
21033	2	75	19	7
21034	4	126	22	7
21035	2	15	13	3
21036	2	75	21	8
21037	2	13	11	2
21038	2	64	12	3
21039	2	105	16	6
21040	2	22	13	3
21041	2	40	13	3
21042	2	123	18	7
21043	4	159	28	12
21044	6	120	26	8
21045	2	42	15	4
21046	2	93	19	7
21047	4	162	24	10
21048	2	75	15	5
21049	2	37	11	2
21050	4	171	24	10
21051	6	120	25	7
21052	4	126	23	8
21053	2	40	14	3
21054	2	93	19	7
21055	2	168	23	9
21056	6	114	27	9
21057	2	186	23	9
21058	4	138	24	7
21059	2	65	13	3
21060	4	126	21	9
21061	4	132	21	10
21062	4	135	25	11
21063	2	69	15	5
21064	2	87	19	7
21065	4	96	20	5
21066	4	126	22	7
21067	2	75	15	5
21068	2	120	15	5
21069	4	99	21	6
21070	2	16	13	3
21071	2	57	8	2
21072	2	81	15	5
21073	2	21	12	3
21074	2	75	19	7
21075	2	57	13	4
21076	4	162	27	12
21077	2	22	12	3
21078	4	141	24	12
21079	2	156	21	8
21080	4	105	19	5
21081	2	81	11	3
21082	2	65	13	3
21083	2	18	12	3
21084	4	120	26	7
21085	2	81	17	6
21086	2	174	21	8
21087	2	63	15	5
21088	4	126	20	9
21089	2	16	13	3
21090	2	99	15	5
21091	2	81	17	6
21092	2	87	19	7
21093	4	126	21	9
21094	2	156	19	7
21095	2	75	15	5
21096	4	171	24	10
21097	4	135	21	9
21098	2	41	14	4
21099	2	22	12	3
21100	2	96	13	4
21101	2	21	12	3
21102	2	186	21	8
21103	2	102	19	7
21104	2	21	14	4
21105	2	99	15	5
21106	6	126	31	11
21107	2	38	11	2
21108	6	114	27	9
21109	2	156	19	7
21110	4	126	22	7
21111	4	162	24	10
21112	2	66	13	4
21113	2	78	13	4
21114	2	16	14	3
21115	2	42	15	4
21116	4	138	22	7
21117	2	81	21	8
21118	2	93	25	10
21119	2	21	11	3
21120	2	18	15	4
21121	2	51	12	4
21122	2	22	13	3
21123	2	132	17	6
21124	2	51	8	2
21125	4	132	23	7
21126	2	21	12	3
21127	2	120	15	5
21128	4	171	24	10
21129	4	135	24	11
21130	6	126	25	7
21131	2	66	11	3
21132	2	78	13	4
21133	2	33	7	2
21134	2	75	15	5
21135	4	105	21	6
21136	4	168	28	12
21137	4	150	28	12
21138	2	114	17	6
21139	2	81	15	5
21140	4	168	25	10
21141	2	66	11	3
21142	6	120	25	7
21143	2	14	11	2
21144	4	135	24	11
21145	2	64	12	3
21146	6	120	30	11
21147	2	123	17	6
21148	4	126	25	9
21149	4	159	25	10
21150	6	120	25	7
21151	2	144	19	7
21152	2	81	13	4
21153	4	141	25	11
21154	6	120	29	10
21155	4	126	22	7
21156	4	162	24	10
21157	4	135	24	11
21158	2	75	13	4
21159	2	126	15	5
21160	2	123	19	7
21161	2	99	15	5
21162	2	120	17	6
21163	2	120	18	6
21164	2	21	12	3
21165	2	99	11	3
21166	2	22	13	3
21167	4	168	28	12
21168	4	132	22	7
21169	2	22	13	3
21170	4	132	24	8
21171	2	75	19	7
21172	2	22	13	3
21173	4	132	22	7
21174	4	96	19	4
21175	2	24	14	4
21176	2	75	17	6
21177	4	168	25	10
21178	2	51	14	4
21179	4	168	28	12
21180	2	120	15	5
21181	2	19	12	3
21182	2	22	13	3
21183	2	84	17	6
21184	4	120	21	10
21185	4	126	24	7
21186	2	153	23	9
21187	2	22	12	3
21188	2	40	13	3
21189	2	87	25	10
21190	4	162	24	10
21191	4	132	24	7
21192	2	102	17	6
21193	2	36	11	6
21194	4	129	22	9
21195	4	159	25	10
21196	2	33	8	2
21197	6	126	27	9
21198	2	16	13	3
21199	4	132	22	7
21200	2	117	15	5
21201	2	129	21	8
21202	2	126	16	6
21203	2	102	15	5
21204	2	17	14	4
21205	2	66	14	3
21206	2	123	16	6
21207	4	162	27	12
21208	2	51	15	5
21209	4	126	24	7
21210	4	162	24	10
21211	4	96	19	5
21212	2	17	14	4
21213	4	159	28	12
21214	4	135	24	11
21215	4	132	24	7
21216	2	84	13	4
21217	4	153	27	12
21218	4	126	22	8
21219	2	63	10	3
21220	6	120	26	8
21221	2	40	13	3
21222	4	168	25	10
21223	2	66	13	4
21224	2	16	13	3
21225	2	18	15	4
21226	4	132	21	9
21227	2	18	12	3
21228	2	75	17	6
21229	2	186	23	9
21230	4	171	24	10
21231	4	132	24	7
21232	4	87	22	6
21233	4	126	24	8
21234	2	75	19	7
21235	4	135	24	12
21236	2	192	25	10
21237	2	16	14	3
21238	2	81	15	5
21239	2	33	10	5
21240	2	81	15	5
21241	4	171	24	10
21242	2	18	12	3
21243	4	168	28	12
21244	4	150	28	12
21245	2	93	13	4
21246	2	16	13	3
21247	4	126	25	8
21248	4	171	24	10
21249	2	42	15	4
21250	4	159	25	10
21251	2	18	11	3
21252	2	18	11	3
21253	4	141	23	11
21254	2	23	13	4
21255	4	126	22	10
21256	6	120	26	8
21257	2	42	15	4
21258	2	60	13	4
21259	4	159	25	10
21260	2	21	12	3
21261	2	15	13	3
21262	2	87	15	5
21263	2	120	17	6
21264	2	23	13	4
21265	2	174	21	8
21266	2	19	10	2
21267	2	22	12	3
21268	2	168	23	9
21269	2	84	15	5
21270	2	24	14	4
21271	2	39	12	3
21272	2	156	23	9
21273	4	99	19	4
21274	2	65	13	3
21275	4	126	24	7
21276	2	87	16	6
21277	2	40	14	3
21278	2	65	13	3
21279	2	93	13	4
21280	2	114	15	5
21281	4	126	24	7
21282	4	132	23	8
21283	2	21	12	3
21284	2	41	14	4
21285	4	141	24	11
21286	2	19	13	3
21287	4	141	23	10
21288	2	186	21	8
21289	4	177	28	12
21290	4	141	24	11
21291	2	192	21	8
21292	2	15	13	3
21293	6	114	27	9
21294	2	20	13	4
21295	4	96	19	4
21296	2	111	16	5
21297	4	135	23	10
21298	2	22	13	3
21299	4	126	22	7
21300	4	132	22	10
21301	4	63	19	7
21302	2	75	15	5
21303	2	21	12	3
21304	2	84	13	4
21305	4	126	21	10
21306	2	16	14	3
21307	4	120	22	7
21308	2	38	11	2
21309	4	96	20	5
21310	2	117	21	8
21311	2	120	15	5
21312	4	132	22	7
21313	2	168	19	7
21314	2	81	17	6
21315	2	63	21	8
21316	2	19	13	3
21317	4	63	19	7
21318	4	126	22	8
21319	6	126	28	9
21320	4	180	27	12
21321	6	120	25	7
21322	2	40	14	3
21323	4	135	24	11
21324	6	126	27	8
21325	2	174	21	8
21326	2	17	14	4
21327	2	22	13	3
21328	2	150	17	6
21329	4	141	24	12
21330	2	33	8	2
21331	2	15	13	3
21332	4	168	25	10
21333	4	126	23	8
21334	2	64	12	3
21335	4	99	23	7
21336	2	21	12	3
21337	2	78	11	3
21338	2	66	12	3
21339	2	138	19	7
21340	2	138	21	8
21341	2	66	13	4
21342	2	51	10	3
21343	2	81	15	5
21344	2	16	10	2
21345	2	65	13	3
21346	4	171	27	12
21347	2	129	20	7
21348	2	51	10	3
21349	2	39	12	3
21350	2	40	14	3
21351	4	96	21	6
21352	2	66	14	3
21353	2	135	15	5
21354	4	141	23	10
21355	2	132	17	6
21356	4	132	23	8
21357	4	126	21	10
21358	4	171	27	12
21359	4	132	24	7
21360	2	22	12	3
21361	4	126	24	7
21362	2	16	10	2
21363	2	75	15	5
21364	2	138	21	8
21365	2	108	15	5
21366	2	87	17	6
21367	2	120	15	5
21368	2	150	17	6
21369	4	162	24	10
21370	2	162	19	7
21371	4	129	23	11
21372	2	123	18	7
21373	4	132	21	10
21374	2	15	12	3
21375	2	84	11	3
21376	2	24	14	4
21377	2	40	13	3
21378	4	150	28	12
21379	2	192	21	8
21380	2	78	12	4
21381	4	126	22	7
21382	2	14	12	3
21383	2	102	17	6
21384	4	126	21	10
21385	2	111	21	8
21386	2	102	13	4
21387	2	123	19	7
21388	4	60	18	5
21389	4	96	19	5
21390	2	174	23	9
21391	4	93	20	4
21392	4	126	24	8
21393	4	135	23	10
21394	2	45	13	4
21395	2	23	13	4
21396	2	87	19	7
21397	2	21	12	3
21398	4	120	24	7
21399	2	21	14	4
21400	2	45	8	2
21401	2	111	15	5
21402	2	93	15	5
21403	2	87	14	5
21404	2	16	10	2
21405	4	171	27	12
21406	4	141	24	12
21407	4	162	24	10
21408	2	40	13	3
21409	2	19	10	2
21410	6	126	25	7
21411	2	20	11	3
21412	2	22	13	3
21413	4	126	23	9
21414	4	120	24	7
21415	6	120	27	8
21416	2	65	13	3
21417	2	42	15	4
21418	2	102	13	4
21419	2	40	14	3
21420	2	23	13	4
21421	2	19	10	2
21422	4	96	19	5
21423	4	93	20	5
21424	4	96	21	6
21425	4	141	23	10
21426	2	66	13	4
21427	2	180	21	8
21428	2	22	12	3
21429	2	17	10	2
21430	2	84	13	4
21431	2	108	15	5
21432	2	69	12	4
21433	2	123	17	6
21434	2	19	10	2
21435	4	168	25	10
21436	2	15	13	3
21437	4	126	22	7
21438	2	21	10	2
21439	2	66	10	4
21440	2	81	17	6
21441	2	66	14	3
21442	4	126	24	7
21443	4	126	24	8
21444	2	66	13	4
21445	2	138	18	6
21446	2	19	12	3
21447	4	57	16	5
21448	2	69	27	11
21449	2	18	15	4
21450	2	15	13	3
21451	2	123	20	8
21452	4	141	23	11
21453	4	126	22	8
21454	2	66	11	3
21455	2	114	21	8
21456	2	22	12	3
21457	4	132	23	9
21458	4	132	21	9
21459	2	24	14	4
21460	2	102	13	4
21461	2	39	13	3
21462	2	138	17	6
21463	4	126	22	8
21464	2	18	12	3
21465	4	87	21	6
21466	2	150	17	6
21467	4	135	23	10
21468	4	126	21	10
21469	2	81	11	3
21470	2	21	12	3
21471	4	126	22	8
21472	2	108	15	5
21473	2	84	13	4
21474	4	132	24	8
21475	2	138	17	6
21476	2	81	15	5
21477	2	99	15	5
21478	6	120	26	8
21479	2	18	15	4
21480	2	99	14	5
21481	2	63	10	3
21482	2	138	17	6
21483	2	84	13	4
21484	2	87	14	5
21485	4	162	30	14
21486	2	57	17	6
21487	2	135	20	7
21488	4	159	28	12
21489	2	66	10	4
21490	4	102	19	4
21491	2	19	13	3
21492	2	84	15	5
21493	4	168	28	12
21494	4	132	22	7
21495	2	66	13	4
21496	2	114	17	6
21497	2	16	13	3
21498	2	84	11	3
21499	4	126	21	9
21500	4	126	24	7
21501	2	75	17	6
21502	4	141	23	10
21503	4	57	16	5
21504	4	63	18	7
21505	2	138	19	7
21506	2	65	13	3
21507	4	63	19	7
21508	4	93	21	6
21509	2	18	11	3
21510	2	156	23	9
21511	2	84	11	3
21512	4	135	23	10
21513	2	40	13	3
21514	4	132	21	9
21515	2	21	12	3
21516	2	120	19	7
21517	2	174	23	9
21518	2	126	15	5
21519	2	18	11	3
21520	4	93	20	5
21521	2	18	15	4
21522	2	42	15	4
21523	2	22	13	3
21524	2	63	13	4
21525	2	57	13	4
21526	2	66	14	3
21527	2	87	15	5
21528	2	102	15	5
21529	4	153	27	12
21530	4	96	19	5
21531	2	18	12	3
21532	2	51	8	2
21533	2	93	15	5
21534	2	144	15	5
21535	2	156	17	6
21536	4	126	24	7
21537	4	171	27	12
21538	4	120	21	9
21539	2	69	15	5
21540	2	60	10	2
21541	2	60	13	4
21542	4	102	19	5
21543	4	96	19	5
21544	2	13	11	2
21545	2	26	12	3
21546	4	162	30	14
21547	2	51	12	4
21548	4	63	17	5
21549	4	171	27	12
21550	2	42	15	4
21551	2	18	12	3
21552	2	156	24	10
21553	4	132	24	7
21554	6	120	26	8
21555	6	120	26	8
21556	4	102	19	5
21557	2	138	21	8
21558	2	102	15	5
21559	4	171	24	10
21560	2	96	15	5
21561	4	57	16	5
21562	4	126	21	9
21563	2	120	15	5
21564	2	23	13	4
21565	2	81	11	3
21566	4	132	21	9
21567	2	21	11	3
21568	4	141	25	12
21569	2	147	19	7
21570	2	66	13	4
21571	2	93	15	5
21572	4	120	23	7
21573	2	39	12	3
21574	2	51	11	3
21575	4	159	25	10
21576	2	16	14	3
21577	2	69	12	4
21578	2	84	14	5
21579	2	22	13	3
21580	2	16	14	3
21581	2	132	19	7
21582	4	126	22	10
21583	2	41	14	4
21584	4	126	21	10
21585	2	93	19	7
21586	4	132	22	10
21587	2	39	13	3
21588	2	65	13	3
21589	4	132	22	7
21590	2	21	14	4
21591	2	22	13	3
21592	2	18	15	4
21593	2	162	21	8
21594	2	15	13	3
21595	4	93	20	4
21596	4	99	20	4
21597	2	39	12	3
21598	4	132	22	11
21599	2	15	13	3
21600	2	40	13	3
21601	2	117	15	5
21602	2	192	19	7
21603	4	93	20	4
21604	4	135	25	12
21605	4	135	24	11
21606	2	51	12	4
21607	2	57	13	4
21608	2	87	21	8
21609	2	135	17	6
21610	2	66	13	4
21611	2	18	11	3
21612	2	15	13	3
21613	4	162	24	10
21614	4	126	24	8
21615	4	135	23	10
21616	4	168	28	12
21617	2	99	15	5
21618	2	15	13	3
21619	4	126	24	7
21620	2	78	11	3
21621	6	120	26	8
21622	2	57	17	6
21623	4	132	21	9
21624	2	18	15	4
21625	2	99	20	8
21626	2	65	13	3
21627	2	66	11	3
21628	6	114	27	9
21629	2	66	13	4
21630	2	20	11	3
21631	4	135	24	11
21632	2	156	19	7
21633	2	38	11	2
21634	2	81	13	4
21635	2	126	23	9
21636	4	96	19	5
21637	4	171	24	10
21638	2	19	12	3
21639	4	96	21	5
21640	2	16	13	3
21641	4	60	18	5
21642	4	126	21	10
21643	4	132	21	9
21644	2	96	15	5
21645	4	162	24	10
21646	2	162	21	8
21647	4	126	24	7
21648	2	102	13	4
21649	4	135	23	10
21650	4	105	19	5
21651	2	174	21	8
21652	4	102	21	6
21653	2	135	18	6
21654	2	40	13	3
21655	2	126	17	6
21656	2	42	15	4
21657	2	168	19	7
21658	2	87	13	4
21659	6	120	26	8
21660	2	105	16	6
21661	2	39	13	3
21662	2	21	12	3
21663	4	138	21	10
21664	4	159	28	12
21665	2	15	13	3
21666	2	87	25	10
21667	2	138	17	6
21668	2	21	12	3
21669	2	21	12	3
21670	2	40	14	3
21671	2	39	13	3
21672	4	126	21	9
21673	2	186	21	8
21674	4	138	22	7
21675	2	93	17	6
21676	2	64	12	3
21677	2	168	19	7
21678	2	15	13	3
21679	4	126	22	8
21680	2	22	13	3
21681	4	126	22	7
21682	2	39	13	3
21683	4	159	28	12
21684	4	63	18	7
21685	6	126	27	8
21686	2	132	17	6
21687	2	150	19	7
21688	4	126	24	7
21689	4	132	21	9
21690	2	19	12	3
21691	2	15	13	3
21692	4	162	27	12
21693	4	102	21	6
21694	4	126	21	9
21695	2	105	18	7
21696	2	144	19	7
21697	4	132	23	7
21698	2	87	16	6
21699	2	186	23	9
21700	2	26	12	3
21701	2	120	15	5
21702	2	138	15	5
21703	4	126	21	9
21704	4	153	24	10
21705	4	135	23	10
21706	2	39	13	3
21707	4	141	24	11
21708	2	41	14	4
21709	2	24	14	4
21710	4	159	31	14
21711	2	75	17	6
21712	2	132	15	5
21713	2	65	13	3
21714	4	132	24	7
21715	4	132	21	10
21716	4	135	24	11
21717	4	126	22	7
21718	2	19	12	3
21719	4	126	24	7
21720	2	21	12	3
21721	2	66	11	3
21722	2	99	15	5
21723	4	141	24	11
21724	4	126	24	7
21725	2	24	14	4
21726	4	168	28	12
21727	4	63	19	7
21728	4	132	22	8
21729	2	87	11	3
21730	4	162	24	10
21731	4	120	24	7
21732	2	22	13	3
21733	2	87	15	5
21734	2	93	19	7
21735	2	66	10	2
21736	4	126	22	8
21737	2	17	11	3
21738	4	162	27	12
21739	2	39	13	3
21740	2	40	13	3
21741	2	20	13	4
21742	2	21	12	3
21743	2	93	11	3
21744	4	126	24	7
21745	2	17	14	4
21746	2	18	11	3
21747	2	63	15	5
21748	2	75	21	8
21749	2	73	19	7
21750	4	159	28	12
21751	4	171	27	12
21752	4	96	19	5
21753	2	75	13	4
21754	2	40	13	3
21755	2	87	13	4
21756	2	87	14	5
21757	2	81	15	5
21758	2	20	11	3
21759	2	17	14	4
21760	4	159	28	12
21761	2	123	17	6
21762	2	16	14	3
21763	4	96	19	4
21764	4	159	25	10
21765	4	129	24	11
21766	2	111	20	8
21767	4	132	22	7
21768	2	16	13	3
21769	4	162	24	10
21770	2	19	10	2
21771	2	180	23	9
21772	2	40	14	3
21773	4	60	18	5
21774	2	66	14	3
21775	4	135	24	11
21776	6	120	27	8
21777	4	63	18	7
21778	4	138	21	10
21779	2	19	12	3
21780	2	87	15	5
21781	2	102	13	4
21782	2	69	13	4
21783	2	93	19	7
21784	4	150	25	10
21785	4	159	25	10
21786	4	141	23	10
21787	2	102	13	4
21788	4	93	19	4
21789	4	105	19	5
21790	2	57	8	2
21791	4	126	21	10
21792	2	63	10	3
21793	2	156	19	7
21794	2	20	13	4
21795	6	120	26	8
21796	2	21	14	4
21797	2	150	17	6
21798	4	126	22	7
21799	4	63	19	7
21800	6	120	25	7
21801	4	159	28	12
21802	2	132	15	5
21803	2	144	19	7
21804	2	21	12	3
21805	2	14	12	3
21806	2	15	13	3
21807	2	51	8	2
21808	4	99	21	6
21809	4	102	21	6
21810	4	162	27	12
21811	4	126	25	7
21812	2	22	12	3
21813	4	141	23	11
21814	2	16	13	3
21815	4	126	22	7
21816	4	162	27	12
21817	4	102	19	5
21818	2	63	10	3
21819	2	156	19	7
21820	4	99	21	6
21821	2	114	17	6
21822	2	57	13	4
21823	2	32	7	2
21824	2	41	14	4
21825	2	102	13	4
21826	6	120	26	8
21827	2	17	10	2
21828	2	186	25	10
21829	6	126	26	8
21830	2	33	7	2
21831	4	162	27	12
21832	4	132	21	9
21833	2	16	13	3
21834	4	132	21	10
21835	2	174	23	9
21836	2	19	11	2
21837	4	132	22	7
21838	2	174	21	8
21839	2	78	15	5
21840	4	102	19	5
21841	4	120	24	7
21842	4	177	25	10
21843	2	66	11	3
21844	4	177	28	12
21845	4	126	24	8
21846	4	159	28	12
21847	2	117	17	6
21848	6	126	25	7
21849	2	40	13	3
21850	2	42	15	4
21851	4	96	21	5
21852	2	99	17	6
21853	2	21	11	3
21854	2	93	11	3
21855	2	138	17	6
21856	2	14	12	3
21857	4	132	22	8
21858	2	41	14	4
21859	4	159	25	10
21860	4	168	25	10
21861	2	51	13	4
21862	2	39	12	3
21863	4	162	27	12
21864	4	132	21	9
21865	2	20	11	3
21866	4	135	24	11
21867	2	78	11	3
21868	2	15	12	3
21869	2	23	13	4
21870	2	63	12	4
21871	4	99	21	6
21872	2	51	8	2
21873	4	126	21	9
21874	2	19	12	3
21875	2	156	19	7
21876	6	126	26	8
21877	2	186	21	8
21878	4	171	24	10
21879	2	39	13	3
21880	4	159	28	12
21881	2	66	13	4
21882	4	132	21	9
21883	4	132	21	9
21884	4	132	22	7
21885	4	126	24	8
21886	2	105	16	6
21887	2	168	21	8
21888	6	114	29	10
21889	2	66	11	3
21890	2	42	15	4
21891	2	39	12	3
21892	4	141	23	11
21893	2	75	15	5
21894	2	18	15	4
21895	4	135	23	10
21896	2	99	14	5
21897	2	21	14	4
21898	2	17	14	4
21899	4	162	27	12
21900	4	162	24	10
21901	4	159	25	10
21902	2	81	13	4
21903	4	132	23	7
21904	2	108	19	7
21905	4	120	22	9
21906	2	153	17	6
21907	4	132	23	7
21908	4	126	23	8
21909	2	102	15	5
21910	6	120	25	7
21911	2	138	17	6
21912	2	93	21	8
21913	2	126	15	5
21914	2	20	11	3
21915	2	66	11	3
21916	2	93	25	10
21917	2	21	12	3
21918	4	162	27	12
21919	2	174	23	9
21920	2	33	7	2
21921	2	66	14	3
21922	4	57	16	5
21923	2	63	15	5
21924	6	132	27	8
21925	2	60	13	4
21926	4	141	23	10
21927	4	132	24	7
21928	2	102	17	6
21929	2	75	21	8
21930	2	93	15	5
21931	4	168	28	12
21932	2	22	12	3
21933	4	138	23	10
21934	2	21	12	3
21935	2	15	13	3
21936	2	84	11	3
21937	2	21	14	4
21938	6	126	25	7
21939	2	19	13	3
21940	2	57	8	2
21941	4	135	24	11
21942	2	18	12	3
21943	2	19	13	3
21944	2	39	12	3
21945	2	15	12	3
21946	2	22	13	3
21947	2	42	15	4
21948	4	141	24	11
21949	2	66	11	3
21950	4	120	23	7
21951	2	63	15	5
21952	2	114	13	4
21953	2	156	19	7
21954	6	120	27	9
21955	4	168	25	10
21956	4	63	17	5
21957	4	102	21	6
21958	2	75	15	5
21959	2	174	19	7
21960	2	39	13	3
21961	4	132	22	8
21962	2	111	19	7
21963	2	65	13	3
21964	4	96	19	5
21965	2	180	25	10
21966	2	186	27	11
21967	4	126	22	7
21968	4	132	21	10
21969	2	57	8	2
21970	4	159	25	10
21971	2	33	7	2
21972	4	135	23	10
21973	4	162	27	12
21974	4	126	22	10
21975	4	93	19	4
21976	4	126	21	10
21977	4	96	21	5
21978	4	120	24	8
21979	2	69	15	5
21980	2	81	13	4
21981	2	63	13	4
21982	2	16	10	2
21983	4	132	22	7
21984	2	19	11	2
21985	4	162	27	12
21986	2	21	12	3
21987	2	18	12	3
21988	2	40	13	3
21989	2	18	15	4
21990	4	132	21	10
21991	4	126	24	7
21992	2	81	16	6
21993	2	42	15	4
21994	2	180	23	9
21995	4	168	25	10
21996	2	22	13	3
21997	2	21	12	3
21998	2	84	13	4
21999	4	141	24	11
22000	2	99	13	4
22001	4	126	25	8
22002	4	162	24	10
22003	4	177	25	10
22004	4	168	28	12
22005	2	66	13	4
22006	2	87	16	5
22007	2	66	12	3
22008	2	15	13	3
22009	2	21	12	3
22010	4	162	27	12
22011	4	102	19	5
22012	2	19	12	3
22013	4	141	21	9
22014	2	75	15	5
22015	2	156	19	7
22016	4	63	19	7
22017	2	40	13	3
22018	2	18	12	3
22019	2	180	27	11
22020	4	93	21	6
22021	2	19	12	3
22022	2	22	13	3
22023	2	19	13	3
22024	2	32	7	2
22025	2	75	19	7
22026	2	16	13	3
22027	2	81	21	8
22028	2	16	10	2
22029	2	20	10	2
22030	2	66	14	3
22031	4	153	24	10
22032	2	117	19	7
22033	2	156	21	8
22034	2	162	17	6
22035	2	18	15	4
22036	2	39	13	3
22037	2	108	17	6
22038	2	15	13	3
22039	6	126	27	8
22040	4	132	22	7
22041	4	126	22	8
22042	4	171	27	12
22043	2	96	15	5
22044	2	22	13	3
22045	2	102	17	6
22046	2	81	17	6
22047	2	105	16	6
22048	2	102	16	5
22049	2	33	7	2
22050	6	120	27	8
22051	2	87	14	5
22052	4	138	22	7
22053	2	19	13	3
22054	4	171	24	10
22055	2	26	12	3
22056	4	159	25	10
22057	2	20	13	4
22058	4	93	19	5
22059	2	13	11	2
22060	2	99	11	3
22061	2	18	12	3
22062	2	33	8	2
22063	4	159	28	12
22064	2	15	13	3
22065	2	153	19	7
22066	4	168	28	12
22067	2	120	15	5
22068	2	39	13	3
22069	2	81	13	4
22070	2	63	21	8
22071	4	102	21	6
22072	2	96	15	5
22073	2	15	13	3
22074	6	126	27	8
22075	4	132	22	7
22076	2	21	12	3
22077	4	159	25	10
22078	4	126	22	7
22079	2	38	12	3
22080	2	87	15	5
22081	2	14	12	3
22082	2	129	19	7
22083	2	102	13	4
22084	2	132	19	7
22085	2	18	11	3
22086	2	120	15	5
22087	2	78	13	4
22088	6	132	27	8
22089	4	126	22	7
22090	4	162	27	12
22091	4	102	19	5
22092	2	168	19	7
22093	2	16	14	3
22094	4	171	24	10
22095	2	84	11	3
22096	4	132	25	7
22097	4	96	20	4
22098	2	66	10	2
22099	6	120	26	8
22100	2	117	20	7
22101	2	87	21	8
22102	4	126	24	8
22103	2	99	17	6
22104	2	65	13	3
22105	2	65	13	3
22106	2	162	21	8
22107	4	132	22	7
22108	4	132	21	9
22109	2	99	13	4
22110	2	81	11	3
22111	4	135	23	10
22112	4	141	24	11
22113	4	132	21	10
22114	2	78	11	3
22115	4	153	27	12
22116	4	126	21	10
22117	4	126	21	10
22118	2	13	11	2
22119	4	159	28	12
22120	4	126	25	8
22121	4	171	24	10
22122	2	19	12	3
22123	2	39	13	3
22124	2	39	12	3
22125	4	126	23	9
22126	4	126	24	8
22127	2	186	25	10
22128	4	93	20	5
22129	4	159	25	10
22130	2	99	11	3
22131	2	40	13	3
22132	4	132	21	9
22133	2	21	14	4
22134	4	162	24	10
22135	2	36	7	2
22136	2	75	17	6
22137	4	132	22	10
22138	2	123	21	8
22139	2	18	12	3
22140	4	126	21	9
22141	2	40	13	3
22142	2	156	22	8
22143	2	15	12	3
22144	4	93	19	4
22145	4	162	24	10
22146	4	135	24	11
22147	2	93	13	4
22148	2	41	14	4
22149	2	81	15	5
22150	4	63	18	7
22151	2	23	13	4
22152	2	16	14	3
22153	2	174	23	9
22154	2	192	21	8
22155	2	22	12	3
22156	4	159	28	12
22157	4	159	28	12
22158	4	135	22	10
22159	4	126	24	7
22160	2	40	13	3
22161	2	123	21	8
22162	2	51	8	2
22163	2	84	14	5
22164	4	132	21	10
22165	2	51	12	4
22166	4	126	24	8
22167	4	162	27	12
22168	4	138	22	8
22169	4	63	18	7
22170	2	99	19	7
22171	4	141	25	12
22172	4	132	22	7
22173	2	18	12	3
22174	2	22	12	3
22175	2	24	14	4
22176	4	93	19	4
22177	2	42	15	4
22178	2	33	9	4
22179	4	126	21	9
22180	4	63	19	7
22181	2	21	12	3
22182	2	87	15	5
22183	2	81	17	6
22184	2	18	12	3
22185	4	132	24	7
22186	2	33	10	5
22187	4	132	21	9
22188	2	16	14	3
22189	2	21	12	3
22190	4	153	24	10
22191	2	150	19	7
22192	4	132	21	9
22193	2	99	13	4
22194	2	75	15	5
22195	2	65	13	3
22196	4	126	24	8
22197	4	96	19	5
22198	4	102	20	5
22199	4	135	26	13
22200	4	162	27	12
22201	4	102	19	5
22202	2	105	18	7
22203	4	63	19	7
22204	2	42	15	4
22205	2	21	11	3
22206	2	20	10	2
22207	4	126	21	10
22208	4	126	21	9
22209	4	126	22	7
22210	2	41	14	4
22211	2	84	15	5
22212	2	33	7	2
22213	4	96	21	6
22214	2	120	17	6
22215	2	15	13	3
22216	2	13	11	2
22217	2	75	25	10
22218	2	21	12	3
22219	4	132	22	7
22220	4	126	26	7
22221	4	132	23	10
22222	2	117	20	7
22223	2	87	16	6
22224	4	132	22	7
22225	2	81	13	4
22226	2	198	23	9
22227	2	16	10	2
22228	4	99	20	5
22229	2	111	19	7
22230	2	81	21	8
22231	2	186	21	8
22232	4	57	16	5
22233	2	63	13	4
22234	2	93	17	6
22235	2	99	18	7
22236	2	51	10	3
22237	4	93	19	5
22238	2	22	13	3
22239	2	16	14	3
22240	2	75	13	4
22241	2	57	8	2
22242	2	75	15	5
22243	2	42	15	4
22244	2	102	17	6
22245	2	105	16	6
22246	4	132	22	7
22247	4	168	28	12
22248	4	171	27	12
22249	4	93	21	5
22250	2	81	15	5
22251	6	120	27	8
22252	2	132	19	7
22253	2	99	17	6
22254	2	63	21	8
22255	4	126	24	8
22256	2	153	21	8
22257	2	22	12	3
22258	2	78	13	4
22259	2	39	13	3
22260	2	102	17	6
22261	4	132	22	7
22262	2	42	15	4
22263	2	111	15	5
22264	2	144	17	6
22265	2	69	12	4
22266	2	102	15	5
22267	2	40	13	3
22268	2	17	11	3
22269	2	84	13	4
22270	2	174	21	8
22271	2	22	12	3
22272	2	51	10	3
22273	4	132	24	7
22274	2	42	15	4
22275	4	168	28	12
22276	2	75	21	8
22277	4	138	22	7
22278	2	102	15	5
22279	2	19	10	2
22280	2	51	14	4
22281	6	120	25	7
22282	2	14	12	3
22283	4	126	24	7
22284	2	75	14	5
22285	2	156	21	8
22286	4	126	23	9
22287	4	126	24	7
22288	2	117	17	6
22289	2	102	17	6
22290	6	120	27	8
22291	2	153	21	8
22292	4	126	21	10
22293	2	156	19	7
22294	4	132	22	8
22295	2	156	21	8
22296	4	120	22	10
22297	2	69	14	5
22298	4	135	23	10
22299	4	132	22	8
22300	4	132	21	9
22301	2	21	12	3
22302	4	153	24	10
22303	2	84	11	3
22304	6	126	25	7
22305	2	87	15	5
22306	4	135	23	10
22307	4	132	21	10
22308	4	171	27	12
22309	2	192	21	8
22310	2	93	21	8
22311	4	126	21	9
22312	2	180	25	10
22313	6	120	28	9
22314	2	51	15	5
22315	2	135	17	6
22316	4	159	25	10
22317	4	159	25	10
22318	2	51	14	5
22319	2	111	19	7
22320	2	180	19	7
22321	4	93	19	4
22322	4	126	25	9
22323	4	168	25	10
22324	4	135	24	11
22325	2	168	19	7
22326	2	111	18	7
22327	6	114	27	9
22328	2	40	13	3
22329	4	162	24	10
22330	2	24	14	4
22331	4	132	21	9
22332	2	39	13	3
22333	2	186	21	8
22334	4	141	24	11
22335	4	132	24	8
22336	2	57	13	4
22337	2	17	14	4
22338	2	75	15	5
22339	6	126	25	7
22340	2	147	19	7
22341	4	126	21	10
22342	2	156	21	8
22343	2	42	15	4
22344	2	66	11	3
22345	4	141	26	11
22346	4	141	23	11
22347	4	126	25	7
22348	2	66	13	4
22349	4	141	23	10
22350	2	33	9	4
22351	4	141	23	10
22352	4	120	24	7
22353	2	138	19	7
22354	2	20	13	4
22355	2	78	13	4
22356	2	21	12	3
22357	2	180	27	11
22358	4	99	19	4
22359	4	132	24	7
22360	2	123	20	8
22361	2	42	15	4
22362	2	192	26	11
22363	4	126	22	9
22364	4	141	24	11
22365	2	22	12	3
22366	2	19	13	3
22367	2	23	13	4
22368	2	40	14	3
22369	4	162	24	10
22370	2	99	16	5
22371	2	81	13	4
22372	2	66	14	3
22373	2	19	12	3
22374	4	135	24	12
22375	2	42	15	4
22376	4	126	21	10
22377	4	162	30	14
22378	2	39	13	3
22379	2	36	7	2
22380	2	38	12	3
22381	2	174	23	9
22382	2	180	23	9
22383	2	21	12	3
22384	4	132	22	7
22385	4	120	24	7
22386	4	132	21	9
22387	4	126	24	7
22388	4	138	22	7
22389	2	126	17	6
22390	4	171	24	10
22391	2	24	14	4
22392	2	18	11	3
22393	2	19	11	2
22394	4	162	24	10
22395	4	159	25	10
22396	2	117	18	7
22397	4	132	21	10
22398	2	57	13	4
22399	2	147	21	8
22400	2	40	13	3
22401	4	126	24	7
22402	4	132	21	10
22403	2	93	11	3
22404	2	63	19	7
22405	2	69	14	5
22406	4	126	22	7
22407	2	40	13	3
22408	2	19	10	2
22409	2	144	17	6
22410	4	162	27	12
22411	2	186	21	8
22412	2	153	17	6
22413	2	18	15	4
22414	2	14	12	3
22415	2	150	24	9
22416	2	51	10	3
22417	2	174	21	8
22418	2	18	11	3
22419	4	162	24	10
22420	2	41	14	4
22421	2	40	13	3
22422	2	174	23	9
22423	2	81	17	6
22424	4	120	21	10
22425	2	93	21	8
22426	4	141	23	11
22427	2	17	11	3
22428	2	45	12	4
22429	2	81	17	6
22430	2	126	15	5
22431	2	41	14	4
22432	4	162	27	12
22433	4	171	27	12
22434	2	93	15	5
22435	4	132	24	7
22436	2	40	13	3
22437	2	87	25	10
22438	2	40	13	3
22439	2	36	7	2
22440	4	162	27	12
22441	2	19	12	3
22442	2	40	13	3
22443	4	171	24	10
22444	4	126	22	7
22445	2	16	14	3
22446	2	40	14	3
22447	2	16	13	3
22448	2	168	21	8
22449	4	132	23	9
22450	2	18	15	4
22451	2	65	13	3
22452	2	21	11	3
22453	2	84	11	3
22454	2	168	23	9
22455	2	93	19	7
22456	2	156	21	8
22457	2	141	20	7
22458	2	102	15	5
22459	4	162	24	10
22460	2	19	13	3
22461	4	126	22	8
22462	2	102	15	5
22463	2	93	11	3
22464	4	171	27	12
22465	4	63	19	7
22466	4	126	23	7
22467	4	132	24	7
22468	2	147	23	9
22469	2	84	11	3
22470	4	141	23	10
22471	2	18	12	3
22472	2	18	15	4
22473	2	84	13	4
22474	2	150	21	8
22475	2	30	12	4
22476	6	126	25	7
22477	4	132	22	7
22478	4	132	24	7
22479	2	99	15	5
22480	4	96	21	6
22481	2	87	21	8
22482	2	99	19	7
22483	2	40	13	3
22484	2	21	12	3
22485	2	21	11	3
22486	2	114	17	6
22487	4	135	24	11
22488	4	162	27	12
22489	2	42	15	4
22490	4	135	23	11
22491	2	174	21	8
22492	4	99	21	6
22493	2	75	19	7
22494	6	120	29	10
22495	4	132	22	8
22496	6	120	28	9
22497	2	81	19	7
22498	4	96	21	6
22499	2	99	17	6
22500	2	126	15	5
22501	2	23	11	3
22502	4	141	22	10
22503	2	19	12	3
22504	4	132	22	7
22505	2	81	19	7
22506	2	16	14	3
22507	2	16	14	3
22508	2	174	21	8
22509	2	81	15	5
22510	4	93	19	4
22511	2	40	13	3
22512	2	39	12	3
22513	2	42	15	4
22514	2	15	12	3
22515	2	65	12	4
22516	4	162	27	12
22517	4	141	22	10
22518	4	135	23	10
22519	4	141	22	10
22520	2	16	13	3
22521	2	38	11	2
22522	4	126	24	7
22523	4	93	21	5
22524	2	18	12	3
22525	4	159	25	10
22526	2	147	21	8
22527	4	168	28	12
22528	4	132	23	9
22529	2	66	11	3
22530	2	75	19	7
22531	2	19	12	3
22532	2	66	14	3
22533	2	21	12	3
22534	4	132	23	7
22535	4	99	19	5
22536	2	69	16	6
22537	4	168	28	12
22538	2	24	14	4
22539	2	57	10	3
22540	2	174	23	9
22541	2	42	15	4
22542	4	57	16	5
22543	2	168	21	8
22544	2	16	14	3
22545	4	102	19	5
22546	2	153	19	7
22547	2	22	13	3
22548	2	150	17	6
22549	2	168	23	9
22550	4	126	22	7
22551	4	141	24	11
22552	2	38	12	3
22553	2	81	17	6
22554	4	162	27	12
22555	2	36	11	2
22556	6	120	26	8
22557	4	171	27	12
22558	2	42	15	4
22559	4	99	19	5
22560	4	132	24	7
22561	2	192	25	10
22562	4	135	24	11
22563	2	99	17	6
22564	2	16	14	3
22565	2	21	10	2
22566	2	21	12	3
22567	4	132	24	8
22568	2	99	19	7
22569	2	111	18	7
22570	2	21	10	2
22571	2	105	15	5
22572	2	81	15	5
22573	2	65	13	3
22574	2	15	13	3
22575	2	63	11	2
22576	2	57	11	3
22577	4	168	25	10
22578	2	168	19	7
22579	2	51	10	3
22580	2	174	23	9
22581	2	16	10	2
22582	2	96	13	4
22583	4	120	22	8
22584	2	81	13	4
22585	2	180	25	10
22586	2	93	21	8
22587	4	102	19	5
22588	2	51	10	3
22589	2	16	13	3
22590	2	66	13	4
22591	4	132	22	8
22592	4	132	22	8
22593	4	126	24	7
22594	2	78	13	4
22595	4	126	23	9
22596	2	18	12	3
22597	4	132	21	9
22598	4	141	23	11
22599	2	156	21	8
22600	2	39	13	3
22601	2	30	7	2
22602	4	141	22	10
22603	2	40	14	3
22604	4	126	20	9
22605	2	42	15	4
22606	4	132	24	7
22607	2	84	14	5
22608	2	22	12	3
22609	2	168	23	9
22610	2	33	9	4
22611	2	87	17	6
22612	4	90	20	5
22613	2	63	11	2
22614	2	81	11	3
22615	6	126	27	9
22616	2	51	13	4
22617	2	18	12	3
22618	2	65	13	3
22619	4	171	24	10
22620	4	141	23	10
22621	4	126	25	9
22622	4	102	19	5
22623	4	96	21	6
22624	2	21	12	3
22625	2	21	12	3
22626	4	162	27	12
22627	2	102	15	5
22628	2	66	13	4
22629	4	126	24	7
22630	2	75	19	7
22631	4	126	24	7
22632	2	156	19	7
22633	4	171	27	12
22634	2	138	19	7
22635	2	153	19	7
22636	2	15	13	3
22637	2	19	13	3
22638	4	171	27	12
22639	2	73	17	6
22640	2	65	13	3
22641	2	19	12	3
22642	2	45	13	4
22643	2	33	10	5
22644	2	22	12	3
22645	2	63	15	5
22646	4	96	22	6
22647	2	64	12	3
22648	2	65	13	3
22649	2	123	21	8
22650	4	171	27	12
22651	2	42	15	4
22652	2	66	10	2
22653	4	132	24	8
22654	2	21	12	3
22655	2	81	13	4
22656	2	37	11	2
22657	2	84	13	4
22658	2	21	12	3
22659	2	39	13	3
22660	2	22	13	3
22661	6	126	26	8
22662	4	93	19	5
22663	4	171	27	12
22664	4	153	27	12
22665	2	17	14	4
22666	2	84	13	4
22667	4	96	19	5
22668	2	38	11	2
22669	2	57	8	2
22670	4	126	22	8
22671	2	16	14	3
22672	2	40	14	3
22673	2	38	11	2
22674	2	117	16	6
22675	2	138	19	7
22676	2	180	25	10
22677	2	51	8	2
22678	2	22	12	3
22679	4	126	21	10
22680	2	42	15	4
22681	2	102	15	5
22682	2	138	19	7
22683	4	126	21	9
22684	4	138	21	9
22685	4	93	21	6
22686	2	192	19	7
22687	2	15	13	3
22688	4	60	18	5
22689	2	168	19	7
22690	4	171	24	10
22691	2	21	12	3
22692	2	22	13	3
22693	4	168	25	10
22694	4	168	28	12
22695	4	159	28	12
22696	2	40	13	3
22697	4	126	22	8
22698	2	99	19	7
22699	2	22	12	3
22700	4	96	19	5
22701	2	66	13	4
22702	2	63	13	4
22703	4	162	30	14
22704	2	40	14	3
22705	2	23	13	4
22706	2	33	8	2
22707	2	135	18	6
22708	2	63	21	8
22709	2	75	15	5
22710	2	81	15	5
22711	4	132	24	8
22712	4	126	21	10
22713	2	102	15	5
22714	2	186	24	10
22715	4	102	19	5
22716	2	40	13	3
22717	2	102	13	4
22718	2	90	15	5
22719	6	126	25	7
22720	2	16	13	3
22721	2	93	21	8
22722	4	126	21	9
22723	2	18	15	4
22724	4	126	22	7
22725	4	102	19	5
22726	4	159	25	10
22727	2	45	13	4
22728	2	150	19	7
22729	4	150	25	10
22730	2	18	11	3
22731	2	21	14	4
22732	2	18	15	4
22733	2	87	13	4
22734	2	40	13	3
22735	4	135	25	12
22736	2	16	13	3
22737	4	159	25	10
22738	2	123	19	7
22739	2	138	19	7
22740	2	21	11	3
22741	2	40	13	3
22742	2	75	23	9
22743	4	168	28	12
22744	2	21	12	3
22745	4	126	25	7
22746	2	18	12	3
22747	4	93	20	6
22748	2	66	10	2
22749	4	126	22	7
22750	2	156	19	7
22751	2	40	13	3
22752	4	159	25	10
22753	2	84	13	4
22754	6	132	27	8
22755	2	138	19	7
22756	4	168	25	10
22757	2	123	17	6
22758	4	141	24	11
22759	4	132	22	10
22760	4	96	19	5
22761	4	135	21	9
22762	2	84	13	4
22763	2	66	14	3
22764	4	126	23	7
22765	2	81	13	4
22766	2	126	17	6
22767	4	135	26	11
22768	2	21	12	3
22769	2	120	17	6
22770	4	132	24	7
22771	4	120	24	7
22772	4	126	22	7
22773	4	132	25	8
22774	2	102	13	4
22775	2	51	10	3
22776	2	21	12	3
22777	4	171	27	12
22778	2	75	19	7
22779	4	63	18	7
22780	4	57	16	5
22781	2	60	13	4
22782	2	15	12	3
22783	2	22	13	3
22784	2	39	13	3
22785	4	120	24	7
22786	2	57	19	7
22787	2	69	15	5
22788	2	120	17	6
22789	2	18	15	4
22790	2	57	21	8
22791	4	99	19	5
22792	2	40	13	3
22793	4	129	25	10
22794	6	126	26	8
22795	2	57	15	5
22796	2	63	15	5
22797	4	126	21	10
22798	2	17	11	3
22799	4	132	22	7
22800	4	126	24	7
22801	4	126	22	9
22802	2	57	8	2
22803	2	42	15	4
22804	2	17	11	3
22805	4	126	22	7
22806	2	102	15	5
22807	4	132	22	7
22808	2	19	12	3
22809	2	19	12	3
22810	2	162	28	12
22811	4	135	23	10
22812	2	38	12	3
22813	2	81	15	5
22814	2	75	17	6
22815	2	15	13	3
22816	4	141	24	11
22817	2	78	13	4
22818	2	40	13	3
22819	2	102	13	4
22820	4	159	25	10
22821	2	102	15	5
22822	2	41	14	4
22823	2	40	13	3
22824	4	126	22	7
22825	2	42	15	4
22826	4	96	22	7
22827	4	171	27	12
22828	4	159	25	10
22829	4	126	21	9
22830	2	168	23	9
22831	2	19	12	3
22832	2	150	19	7
22833	2	22	13	3
22834	2	41	14	4
22835	2	138	19	7
22836	2	39	13	3
22837	2	40	13	3
22838	2	126	15	5
22839	4	132	24	8
22840	4	96	19	5
22841	2	156	21	8
22842	4	132	21	9
22843	2	138	17	6
22844	2	18	15	4
22845	4	159	25	10
22846	4	159	25	10
22847	2	84	13	4
22848	4	93	19	4
22849	2	180	25	10
22850	2	150	19	7
22851	2	75	21	8
22852	2	19	13	3
22853	2	75	27	11
22854	2	120	19	7
22855	2	66	14	3
22856	2	51	8	2
22857	4	63	19	7
22858	2	111	15	5
22859	4	141	23	11
22860	2	81	19	7
22861	2	19	10	2
22862	2	37	11	2
22863	2	30	12	4
22864	2	87	19	7
22865	2	22	12	3
22866	2	69	13	4
22867	2	126	16	6
22868	2	111	17	6
22869	2	51	10	3
22870	4	87	21	6
22871	2	21	12	3
22872	2	16	13	3
22873	2	22	12	3
22874	2	40	13	3
22875	4	162	27	12
22876	2	39	12	3
22877	2	153	19	7
22878	2	102	17	6
22879	2	20	11	3
22880	4	99	21	6
22881	2	63	21	8
22882	4	96	21	5
22883	4	126	21	9
22884	2	19	12	3
22885	2	132	20	8
22886	2	174	21	8
22887	2	40	14	3
22888	6	114	28	10
22889	2	120	15	5
22890	4	132	24	8
22891	4	135	23	10
22892	2	16	13	3
22893	4	132	21	9
22894	2	192	19	7
22895	2	174	20	8
22896	2	66	12	3
22897	4	141	23	10
22898	2	132	19	7
22899	4	162	27	12
22900	2	18	15	4
22901	6	126	25	7
22902	4	96	19	4
22903	2	132	19	7
22904	4	162	27	12
22905	2	99	12	3
22906	2	19	13	3
22907	2	75	15	5
22908	4	171	27	12
22909	4	141	24	11
22910	2	18	11	3
22911	4	126	21	9
22912	2	84	11	3
22913	2	192	23	9
22914	4	96	20	4
22915	2	21	11	3
22916	2	120	17	6
22917	4	135	22	9
22918	2	33	7	2
22919	2	33	9	4
22920	2	75	11	3
22921	2	186	25	10
22922	2	144	21	8
22923	2	69	12	4
22924	2	99	19	7
22925	2	117	16	6
22926	2	39	13	3
22927	2	20	11	3
22928	2	75	15	5
22929	2	19	12	3
22930	2	69	17	6
22931	2	40	13	3
22932	2	69	14	5
22933	4	138	22	8
22934	2	21	12	3
22935	6	120	27	9
22936	2	69	16	5
22937	2	40	13	3
22938	4	96	19	5
22939	2	132	18	7
22940	4	87	22	6
22941	2	21	12	3
22942	2	75	17	6
22943	2	45	13	4
22944	2	75	13	4
22945	2	17	11	3
22946	2	114	19	7
22947	4	159	28	12
22948	2	78	13	4
22949	2	33	8	2
22950	2	20	11	3
22951	2	120	17	6
22952	2	21	12	3
22953	4	171	27	12
22954	2	168	19	7
22955	4	162	27	12
22956	4	120	22	7
22957	2	192	21	8
22958	4	90	21	6
22959	2	41	14	4
22960	2	168	21	8
22961	4	141	23	10
22962	2	123	20	8
22963	4	126	21	9
22964	2	66	14	3
22965	2	21	12	3
22966	2	38	12	3
22967	4	126	25	7
22968	2	66	13	4
22969	2	60	10	2
22970	2	21	12	3
22971	2	105	16	6
22972	4	159	25	10
22973	2	162	19	7
22974	2	111	17	6
22975	4	138	25	8
22976	2	75	15	5
22977	4	126	22	7
22978	2	186	21	8
22979	2	138	17	6
22980	2	51	10	3
22981	2	93	21	8
22982	4	132	22	8
22983	4	168	28	12
22984	4	132	25	8
22985	2	69	13	4
22986	4	126	24	8
22987	2	36	11	6
22988	4	126	22	8
22989	2	17	10	2
22990	4	126	21	10
22991	2	42	15	4
22992	2	159	19	7
22993	4	162	24	10
22994	4	120	25	8
22995	4	162	24	10
22996	4	168	25	10
22997	4	159	25	10
22998	2	33	10	5
22999	4	168	25	10
23000	4	126	21	9
23001	4	135	24	11
23002	4	135	25	11
23003	4	153	27	12
23004	2	21	14	4
23005	4	141	23	10
23006	2	40	13	3
23007	2	24	14	4
23008	2	69	13	4
23009	2	81	17	6
23010	4	132	24	7
23011	4	159	25	10
23012	2	174	27	11
23013	2	33	7	2
23014	4	120	26	7
23015	2	87	17	6
23016	2	132	19	7
23017	4	96	19	5
23018	2	40	14	3
23019	4	132	24	7
23020	2	40	13	3
23021	2	21	14	4
23022	2	21	12	3
23023	6	126	27	8
23024	2	126	17	6
23025	4	126	24	7
23026	4	132	24	7
23027	2	65	13	3
23028	4	93	19	4
23029	4	159	25	10
23030	2	16	13	3
23031	4	132	22	7
23032	2	24	14	4
23033	2	96	13	4
23034	2	36	11	6
23035	2	81	15	5
23036	4	126	21	7
23037	2	192	21	8
23038	4	63	17	5
23039	4	126	21	10
23040	2	21	12	3
23041	2	150	19	7
23042	2	18	15	4
23043	2	39	13	3
23044	2	114	17	6
23045	4	132	23	8
23046	2	102	13	4
23047	2	22	12	3
23048	2	39	12	3
23049	2	64	12	3
23050	2	41	14	4
23051	4	162	27	12
23052	4	93	19	4
23053	4	153	27	12
23054	4	135	24	12
23055	2	180	19	7
23056	4	147	23	10
23057	4	126	22	7
23058	6	126	27	8
23059	2	132	17	6
23060	2	156	21	8
23061	2	60	13	4
23062	4	126	22	7
23063	2	153	17	6
23064	2	150	17	6
23065	2	65	13	3
23066	2	108	14	5
23067	2	40	13	3
23068	2	16	13	3
23069	2	150	19	7
23070	2	39	13	3
23071	4	153	24	10
23072	2	13	11	2
23073	2	39	13	3
23074	2	66	13	4
23075	2	75	15	5
23076	4	135	24	11
23077	2	17	11	3
23078	2	66	12	3
23079	4	159	28	12
23080	2	66	12	3
23081	2	16	13	3
23082	2	22	13	3
23083	2	65	13	3
23084	4	126	21	9
23085	2	180	25	10
23086	2	39	13	3
23087	4	63	17	5
23088	2	120	15	5
23089	4	162	24	10
23090	2	40	13	3
23091	2	138	18	7
23092	4	57	16	5
23093	4	96	19	4
23094	2	105	27	11
23095	4	162	24	10
23096	2	39	13	3
23097	2	78	13	4
23098	6	126	27	8
23099	4	135	23	10
23100	4	132	21	9
23101	4	132	23	9
23102	6	120	26	8
23103	2	24	14	4
23104	2	51	12	4
23105	2	87	15	5
23106	4	96	19	5
23107	2	75	15	5
23108	2	93	17	6
23109	4	132	21	9
23110	2	39	13	3
23111	4	132	21	9
23112	2	69	13	4
23113	4	126	23	8
23114	4	162	24	10
23115	2	19	10	2
23116	2	21	12	3
23117	2	102	17	6
23118	4	150	28	12
23119	2	66	14	3
23120	2	39	13	3
23121	2	198	25	10
23122	4	132	25	8
23123	2	15	13	3
23124	2	15	13	3
23125	2	81	15	5
23126	4	126	24	8
23127	2	75	17	6
23128	2	19	13	3
23129	2	75	15	5
23130	2	105	18	7
23131	2	153	23	9
23132	2	57	17	6
23133	2	19	13	3
23134	2	81	13	4
23135	2	81	15	5
23136	4	171	24	10
23137	4	132	21	10
23138	2	42	15	4
23139	2	102	17	6
23140	4	159	25	10
23141	2	38	11	2
23142	2	144	17	6
23143	2	20	11	3
23144	2	138	15	5
23145	4	126	23	7
23146	4	135	26	11
23147	2	111	17	6
23148	4	126	21	9
23149	2	38	11	2
23150	4	132	21	7
23151	6	126	25	7
23152	4	168	28	12
23153	4	132	24	8
23154	2	20	10	2
23155	2	66	10	2
23156	2	65	13	3
23157	4	120	21	10
23158	2	21	12	3
23159	2	16	14	3
23160	2	75	13	4
23161	2	99	19	7
23162	2	14	12	3
23163	2	156	19	7
23164	2	159	21	8
23165	6	120	25	7
23166	2	75	17	6
23167	2	20	11	3
23168	2	81	14	5
23169	2	39	12	3
23170	2	66	11	3
23171	2	24	14	4
23172	2	51	12	4
23173	2	42	15	4
23174	2	186	21	8
23175	2	16	14	3
23176	4	141	25	12
23177	4	102	21	6
23178	4	159	25	10
23179	2	66	10	4
23180	4	126	24	7
23181	2	22	12	3
23182	2	18	15	4
23183	2	120	15	5
23184	2	93	19	7
23185	2	23	13	4
23186	4	63	18	7
23187	2	20	13	4
23188	2	117	17	6
23189	2	42	15	4
23190	2	150	19	7
23191	4	96	21	6
23192	2	51	11	3
23193	2	93	21	8
23194	2	102	15	5
23195	2	87	17	6
23196	4	93	19	4
23197	2	18	15	4
23198	2	93	19	7
23199	2	57	13	4
23200	4	126	21	9
23201	2	24	14	4
23202	2	40	13	3
23203	2	39	13	3
23204	2	144	17	6
23205	2	87	15	5
23206	2	120	13	4
23207	2	42	15	4
23208	4	177	28	12
23209	2	111	21	8
23210	2	63	15	5
23211	2	21	10	2
23212	2	66	13	4
23213	2	156	19	7
23214	2	132	19	7
23215	4	126	22	7
23216	2	168	23	9
23217	4	96	20	5
23218	2	63	15	5
23219	2	42	15	4
23220	2	73	19	7
23221	6	120	27	9
23222	4	120	22	7
23223	2	84	13	4
23224	4	168	25	10
23225	4	132	24	7
23226	4	168	25	10
23227	2	22	13	3
23228	4	126	23	8
23229	4	93	21	5
23230	2	64	12	3
23231	2	117	18	6
23232	2	186	25	10
23233	4	132	23	9
23234	2	66	14	3
23235	6	114	27	8
23236	4	96	21	6
23237	2	117	15	5
23238	2	21	11	3
23239	4	150	28	12
23240	4	126	22	7
23241	2	42	15	4
23242	2	180	23	9
23243	2	24	14	4
23244	2	66	14	3
23245	2	18	11	3
23246	2	192	23	9
23247	2	40	13	3
23248	2	16	13	3
23249	2	40	13	3
23250	4	102	21	6
23251	4	150	25	10
23252	4	93	21	6
23253	2	174	19	7
23254	4	135	24	11
23255	2	39	12	3
23256	2	16	14	3
23257	2	93	19	7
23258	4	96	21	6
23259	4	126	22	7
23260	2	57	17	6
23261	2	75	15	5
23262	2	114	15	5
23263	2	102	17	6
23264	2	63	14	5
23265	2	81	19	7
23266	4	171	24	10
23267	4	135	23	10
23268	2	20	10	2
23269	4	159	25	10
23270	4	93	20	5
23271	2	81	15	5
23272	4	162	24	10
23273	2	42	15	4
23274	2	41	14	4
23275	2	102	13	4
23276	2	21	14	4
23277	2	81	11	3
23278	2	138	17	6
23279	2	19	12	3
23280	2	132	17	6
23281	2	93	15	5
23282	4	132	22	7
23283	4	96	19	5
23284	2	111	17	6
23285	4	132	22	7
23286	2	66	13	4
23287	2	18	12	3
23288	2	117	17	6
23289	2	147	18	6
23290	2	114	19	7
23291	2	66	14	3
23292	2	81	15	5
23293	4	162	24	10
23294	2	132	21	8
23295	2	135	17	6
23296	2	150	23	9
23297	4	141	23	10
23298	2	69	13	4
23299	2	150	19	7
23300	4	87	21	6
23301	4	171	27	12
23302	2	21	12	3
23303	4	132	22	8
23304	2	150	24	9
23305	4	132	21	9
23306	2	180	25	10
23307	6	126	29	10
23308	2	40	13	3
23309	4	96	20	6
23310	2	99	17	6
23311	4	132	24	7
23312	2	150	17	6
23313	4	126	22	7
23314	2	51	8	2
23315	2	22	12	3
23316	2	21	12	3
23317	2	15	13	3
23318	2	75	17	6
23319	4	159	25	10
23320	4	138	24	7
23321	2	75	14	4
23322	2	20	13	4
23323	4	63	19	7
23324	2	66	11	3
23325	2	174	19	7
23326	2	75	15	5
23327	2	102	17	6
23328	4	162	27	12
23329	4	171	27	12
23330	4	132	24	7
23331	2	21	12	3
23332	4	141	24	11
23333	2	108	15	5
23334	2	147	21	8
23335	2	156	19	7
23336	4	135	25	12
23337	4	63	19	7
23338	2	18	15	4
23339	4	171	24	10
23340	2	40	13	3
23341	2	22	13	3
23342	2	102	15	5
23343	2	66	10	4
23344	2	150	23	9
23345	2	132	21	8
23346	4	132	21	10
23347	4	141	24	11
23348	2	64	12	3
23349	4	126	24	7
23350	2	39	12	3
23351	2	117	20	7
23352	2	120	15	5
23353	2	17	14	4
23354	2	174	17	6
23355	4	102	21	6
23356	4	135	25	12
23357	2	15	13	3
23358	2	138	17	6
23359	6	120	28	9
23360	2	174	24	9
23361	2	38	11	2
23362	4	132	23	8
23363	2	135	19	7
23364	4	63	18	7
23365	4	102	21	6
23366	4	126	22	10
23367	2	19	12	3
23368	4	159	25	10
23369	2	114	17	6
23370	2	20	11	3
23371	6	120	25	7
23372	4	132	21	10
23373	2	21	12	3
23374	2	22	13	3
23375	2	14	12	3
23376	2	51	10	3
23377	4	120	21	10
23378	2	20	11	3
23379	4	132	23	8
23380	2	18	12	3
23381	4	90	21	6
23382	4	168	25	10
23383	4	93	21	6
23384	4	141	24	11
23385	4	126	24	7
23386	2	40	13	3
23387	2	17	11	3
23388	6	120	26	8
23389	4	141	21	9
23390	4	126	21	10
23391	2	84	11	3
23392	4	135	25	12
23393	2	18	15	4
23394	4	150	25	10
23395	4	159	25	10
23396	2	19	12	3
23397	4	60	18	5
23398	4	132	23	8
23399	2	105	19	7
23400	2	150	21	8
23401	2	21	12	3
23402	4	57	16	5
23403	2	57	13	4
23404	2	96	15	5
23405	4	141	24	11
23406	4	141	24	11
23407	4	135	22	10
23408	4	159	28	12
23409	2	102	15	5
23410	2	84	11	3
23411	2	120	15	5
23412	2	40	13	3
23413	2	87	11	3
23414	4	132	24	7
23415	4	93	19	4
23416	2	66	13	4
23417	2	186	25	10
23418	2	186	25	10
23419	4	168	25	10
23420	4	162	27	12
23421	2	150	25	10
23422	4	150	25	10
23423	4	126	21	10
23424	2	63	19	7
23425	2	99	19	7
23426	2	132	19	7
23427	2	18	12	3
23428	2	66	14	3
23429	4	138	22	7
23430	4	141	21	9
23431	2	21	14	4
23432	2	186	25	10
23433	4	135	24	12
23434	4	120	27	9
23435	4	120	24	7
23436	4	120	21	10
23437	2	20	11	3
23438	4	168	25	10
23439	2	186	27	11
23440	2	123	19	7
23441	2	39	12	3
23442	2	75	13	4
23443	2	186	23	9
23444	4	126	21	9
23445	4	162	24	10
23446	2	63	15	5
23447	4	150	25	10
23448	2	51	11	3
23449	2	186	23	9
23450	4	126	24	7
23451	2	75	17	6
23452	2	16	14	3
23453	2	42	15	4
23454	2	81	27	11
23455	2	23	11	3
23456	2	75	23	9
23457	2	18	12	3
23458	4	132	21	9
23459	2	65	13	3
23460	4	126	21	9
23461	4	159	28	12
23462	2	21	12	3
23463	2	42	15	4
23464	4	135	22	10
23465	2	30	12	4
23466	2	141	17	6
23467	2	18	11	3
23468	2	150	19	7
23469	4	120	24	7
23470	2	81	17	6
23471	6	120	28	10
23472	4	63	17	5
23473	4	96	22	7
23474	2	174	19	7
23475	4	132	22	8
23476	4	159	25	10
23477	2	75	15	5
23478	2	39	12	3
23479	4	126	24	7
23480	4	93	20	5
23481	2	123	17	6
23482	4	126	22	7
23483	2	21	10	2
23484	4	120	24	7
23485	6	126	25	7
23486	4	162	27	12
23487	4	159	25	10
23488	4	105	21	6
23489	2	99	16	6
23490	4	93	19	4
23491	4	126	21	9
23492	4	96	20	6
23493	2	66	11	3
23494	2	51	8	2
23495	2	40	14	3
23496	2	69	15	5
23497	2	126	15	5
23498	2	81	17	6
23499	4	162	27	12
23500	4	162	27	12
23501	2	14	12	3
23502	2	17	11	3
23503	4	120	21	10
23504	4	162	27	12
23505	2	14	12	3
23506	2	117	17	6
23507	4	135	24	12
23508	2	22	13	3
23509	6	120	28	9
23510	2	21	11	3
23511	6	120	25	7
23512	2	16	13	3
23513	2	20	10	2
23514	4	132	24	7
23515	2	87	17	6
23516	2	66	14	3
23517	4	168	25	10
23518	4	126	21	9
23519	2	18	11	3
23520	2	186	23	9
23521	2	21	12	3
23522	4	96	21	6
23523	2	39	13	3
23524	4	93	19	4
23525	2	168	19	7
23526	2	21	12	3
23527	2	18	15	4
23528	2	75	15	5
23529	4	102	21	6
23530	4	126	22	8
23531	2	40	13	3
23532	2	18	11	3
23533	2	18	15	4
23534	2	38	11	2
23535	4	120	24	7
23536	2	40	14	3
23537	2	192	23	9
23538	2	19	13	3
23539	2	66	14	3
23540	2	51	8	2
23541	2	84	15	5
23542	2	40	13	3
23543	2	42	15	4
23544	4	93	19	4
23545	2	87	19	7
23546	2	81	13	4
23547	2	174	23	9
23548	2	174	21	8
23549	2	39	12	3
23550	4	120	21	10
23551	2	69	14	5
23552	2	84	13	4
23553	4	126	22	7
23554	4	162	24	10
23555	2	51	10	3
23556	6	132	30	10
23557	4	120	22	7
23558	2	18	15	4
23559	2	17	11	3
23560	4	126	22	7
23561	2	57	13	4
23562	4	132	25	8
23563	4	126	21	9
23564	2	15	13	3
23565	4	126	24	7
23566	4	126	21	9
23567	2	19	10	2
23568	4	132	24	7
23569	4	132	21	10
23570	2	42	15	4
23571	4	132	21	9
23572	2	65	12	4
23573	2	21	12	3
23574	2	156	19	7
23575	2	51	8	2
23576	4	138	24	7
23577	4	90	21	6
23578	2	81	13	4
23579	2	63	15	5
23580	2	81	15	5
23581	2	24	14	4
23582	4	126	24	7
23583	2	102	19	7
23584	2	36	11	2
23585	2	102	13	4
23586	4	132	21	9
23587	2	174	19	7
23588	2	81	13	4
23589	2	180	19	7
23590	2	18	12	3
23591	4	132	22	7
23592	4	168	25	10
23593	4	99	19	5
23594	2	65	13	3
23595	4	96	22	6
23596	2	150	19	7
23597	2	180	19	7
23598	4	159	25	10
23599	2	123	23	9
23600	2	66	10	2
23601	2	75	19	7
23602	2	135	20	8
23603	2	162	23	9
23604	2	71	17	6
23605	2	87	21	8
23606	2	87	21	8
23607	4	159	25	10
23608	2	65	13	3
23609	2	66	13	4
23610	2	39	12	3
23611	2	87	16	6
23612	4	132	24	7
23613	2	21	12	3
23614	6	120	26	8
23615	4	126	24	7
23616	2	138	21	8
23617	2	66	11	3
23618	2	96	17	6
23619	2	77	15	5
23620	2	73	17	6
23621	2	22	13	3
23622	2	23	13	4
23623	2	168	23	9
23624	4	126	22	10
23625	2	69	12	4
23626	2	51	11	3
23627	2	36	11	2
23628	4	126	21	10
23629	2	120	15	5
23630	4	120	24	8
23631	4	93	21	5
23632	2	192	25	10
23633	2	36	11	2
23634	2	102	15	5
23635	2	15	13	3
23636	4	162	27	12
23637	4	141	23	10
23638	4	135	23	10
23639	4	132	22	7
23640	2	198	25	10
23641	4	168	28	12
23642	2	105	16	6
23643	4	135	23	10
23644	2	15	13	3
23645	4	129	22	9
23646	4	120	24	7
23647	2	198	23	9
23648	2	19	10	2
23649	6	126	28	9
23650	2	192	23	9
23651	2	156	21	8
23652	4	126	22	10
23653	2	99	13	4
23654	2	90	13	4
23655	2	174	23	9
23656	2	162	19	7
23657	2	66	14	3
23658	2	93	15	5
23659	4	60	18	5
23660	4	102	19	5
23661	4	171	24	10
23662	2	129	19	7
23663	4	57	16	5
23664	4	126	22	7
23665	4	138	22	8
23666	2	153	17	6
23667	4	126	21	10
23668	4	138	21	9
23669	2	21	14	4
23670	4	138	22	7
23671	2	19	13	3
23672	2	84	11	3
23673	2	19	11	2
23674	2	162	17	6
23675	2	18	11	3
23676	2	37	11	2
23677	4	126	22	7
23678	2	192	21	8
23679	2	19	13	3
23680	4	102	21	6
23681	2	174	23	9
23682	2	17	14	4
23683	4	132	23	7
23684	2	132	15	5
23685	2	22	13	3
23686	4	126	24	7
23687	4	132	22	7
23688	2	66	13	4
23689	4	132	24	7
23690	2	22	12	3
23691	4	171	24	10
23692	2	81	19	7
23693	2	57	15	5
23694	2	17	11	3
23695	4	120	21	9
23696	4	159	25	10
23697	4	96	21	6
23698	2	39	13	3
23699	4	126	25	9
23700	4	135	23	11
23701	4	126	24	7
23702	2	18	12	3
23703	4	159	25	10
23704	2	120	17	6
23705	2	20	11	3
23706	4	141	23	10
23707	4	126	21	9
23708	2	123	19	7
23709	2	20	13	4
23710	2	168	26	11
23711	4	132	23	8
23712	2	174	23	9
23713	2	93	21	8
23714	6	126	25	7
23715	2	19	12	3
23716	2	123	19	7
23717	4	96	20	6
23718	2	33	7	2
23719	4	168	28	12
23720	4	96	22	6
23721	2	84	11	3
23722	4	168	25	10
23723	2	75	15	5
23724	2	69	12	4
23725	4	126	24	7
23726	4	129	24	11
23727	6	120	25	7
23728	4	132	22	7
23729	2	180	19	7
23730	2	87	21	8
23731	2	22	13	3
23732	4	141	24	12
23733	2	81	15	5
23734	2	40	13	3
23735	4	132	24	7
23736	4	126	22	7
23737	2	41	14	4
23738	2	120	15	5
23739	2	51	11	3
23740	4	126	21	9
23741	2	75	21	8
23742	2	123	20	8
23743	2	192	25	10
23744	4	168	28	12
23745	4	162	27	12
23746	2	75	17	6
23747	2	75	17	6
23748	4	162	24	10
23749	2	19	12	3
23750	2	19	12	3
23751	2	192	23	9
23752	2	96	15	5
23753	2	18	12	3
23754	4	159	25	10
23755	2	174	19	7
23756	2	87	13	4
23757	2	65	13	3
23758	2	19	13	3
23759	2	42	15	4
23760	4	171	24	10
23761	4	132	21	9
23762	2	22	13	3
23763	2	168	23	9
23764	2	21	10	2
23765	2	87	16	6
23766	4	135	22	10
23767	2	22	12	3
23768	2	57	21	8
23769	2	17	14	4
23770	4	126	22	7
23771	4	159	28	12
23772	2	81	11	3
23773	2	15	12	3
23774	2	15	12	3
23775	4	87	21	6
23776	4	126	21	10
23777	2	38	11	2
23778	4	132	21	9
23779	6	132	26	8
23780	4	132	21	9
23781	4	102	19	5
23782	2	75	21	8
23783	2	198	25	10
23784	2	18	12	3
23785	4	153	24	10
23786	4	126	22	8
23787	2	105	18	7
23788	2	18	15	4
23789	2	66	13	4
23790	2	123	21	8
23791	2	153	20	7
23792	2	186	21	8
23793	4	126	22	7
23794	4	132	22	8
23795	4	93	22	6
23796	4	162	24	10
23797	4	126	24	8
23798	2	65	13	3
23799	2	81	15	5
23800	2	99	15	5
23801	2	81	13	4
23802	2	81	11	3
23803	2	39	12	3
23804	2	123	16	6
23805	4	126	25	8
23806	2	16	13	3
23807	2	153	21	8
23808	2	132	17	6
23809	2	138	19	7
23810	2	156	21	8
23811	2	24	14	4
23812	6	120	27	8
23813	2	19	10	2
23814	2	114	19	7
23815	2	99	13	4
23816	4	132	21	9
23817	2	21	12	3
23818	4	171	27	12
23819	2	81	15	5
23820	4	162	27	12
23821	4	126	22	8
23822	2	75	15	5
23823	4	162	24	10
23824	2	21	10	2
23825	2	75	17	6
23826	4	99	20	5
23827	2	129	19	7
23828	4	93	21	5
23829	4	99	19	5
23830	2	21	11	3
23831	4	96	19	5
23832	2	84	13	4
23833	2	63	25	10
23834	2	51	13	4
23835	4	168	28	12
23836	2	38	11	2
23837	2	22	13	3
23838	6	120	26	8
23839	2	162	21	8
23840	2	19	12	3
23841	2	81	16	6
23842	2	51	15	5
23843	6	120	30	11
23844	2	132	17	6
23845	4	135	24	11
23846	4	93	20	4
23847	4	132	22	7
23848	2	16	10	2
23849	4	171	27	12
23850	2	93	15	5
23851	2	38	11	2
23852	2	39	13	3
23853	4	96	19	4
23854	2	132	19	7
23855	2	19	13	3
23856	4	93	20	4
23857	4	126	22	7
23858	2	93	15	5
23859	4	135	21	9
23860	2	108	15	5
23861	2	81	11	3
23862	2	138	17	6
23863	4	150	28	12
23864	2	84	11	3
23865	2	33	9	4
23866	2	81	15	5
23867	4	168	25	10
23868	2	168	24	10
23869	2	123	20	8
23870	2	45	8	2
23871	4	135	23	11
23872	4	126	21	9
23873	4	135	23	10
23874	2	66	13	4
23875	2	22	12	3
23876	4	171	24	10
23877	2	144	21	8
23878	6	114	27	8
23879	2	120	15	5
23880	2	51	8	2
23881	2	15	13	3
23882	2	84	13	4
23883	4	162	27	12
23884	4	171	24	10
23885	4	126	24	7
23886	4	126	24	7
23887	2	168	19	7
23888	4	99	19	5
23889	4	132	24	8
23890	2	63	15	5
23891	4	102	21	6
23892	2	42	15	4
23893	2	120	17	6
23894	2	87	21	8
23895	2	135	19	7
23896	2	19	11	2
23897	2	38	11	2
23898	2	42	15	4
23899	2	20	13	4
23900	2	186	21	8
23901	4	126	22	7
23902	2	17	11	3
23903	4	132	22	8
23904	2	40	13	3
23905	4	126	25	7
23906	2	45	13	4
23907	2	102	15	5
23908	4	126	24	8
23909	4	120	24	7
23910	2	39	12	3
23911	2	138	17	6
23912	2	51	8	2
23913	2	150	19	7
23914	2	40	14	3
23915	2	174	22	9
23916	4	159	25	10
23917	2	38	11	2
23918	4	132	22	7
23919	4	153	27	12
23920	4	132	22	7
23921	2	42	15	4
23922	2	24	14	4
23923	2	132	19	7
23924	4	93	20	4
23925	2	186	23	9
23926	2	21	12	3
23927	2	168	19	7
23928	4	159	25	10
23929	2	168	21	8
23930	2	63	27	11
23931	2	102	15	5
23932	2	19	12	3
23933	2	174	21	8
23934	2	42	15	4
23935	2	99	15	5
23936	4	102	21	6
23937	2	84	13	4
23938	6	120	25	7
23939	2	81	15	5
23940	4	153	24	10
23941	4	126	24	8
23942	2	132	19	7
23943	2	69	15	5
23944	4	105	19	5
23945	2	66	13	4
23946	4	141	24	11
23947	4	63	19	7
23948	2	63	17	6
23949	2	87	15	5
23950	2	117	18	7
23951	2	120	15	5
23952	2	180	21	8
23953	2	57	19	7
23954	2	66	14	3
23955	2	22	12	3
23956	4	102	19	5
23957	2	66	14	3
23958	2	120	17	6
23959	4	159	25	10
23960	2	66	13	4
23961	4	159	28	12
23962	2	19	12	3
23963	2	114	15	5
23964	2	22	13	3
23965	2	102	15	5
23966	2	186	23	9
23967	2	21	12	3
23968	2	150	21	8
23969	2	21	12	3
23970	4	159	25	10
23971	2	21	12	3
23972	2	14	12	3
23973	2	16	13	3
23974	2	186	23	9
23975	2	66	13	4
23976	2	102	17	6
23977	2	45	11	3
23978	4	159	25	10
23979	2	96	15	5
23980	4	162	27	12
23981	2	150	21	8
23982	2	132	17	6
23983	2	21	12	3
23984	4	126	21	10
23985	4	171	27	12
23986	2	40	13	3
23987	2	51	13	4
23988	2	123	19	7
23989	2	186	21	8
23990	2	84	11	3
23991	4	63	17	5
23992	2	150	19	7
23993	2	84	13	4
23994	2	75	19	7
23995	2	105	18	6
23996	4	159	25	10
23997	2	19	10	2
23998	2	19	13	3
23999	4	159	25	10
24000	2	81	13	4
24001	4	126	21	9
24002	4	129	22	9
24003	4	126	21	9
24004	4	96	19	5
24005	2	30	12	4
24006	4	159	25	10
24007	4	126	22	7
24008	2	38	11	2
24009	2	15	13	3
24010	2	18	15	4
24011	2	120	13	4
24012	2	138	15	5
24013	2	39	13	3
24014	6	120	26	8
24015	2	87	13	4
24016	2	18	12	3
24017	4	126	24	7
24018	2	18	11	3
24019	4	126	23	10
24020	2	57	8	2
24021	4	126	24	7
24022	2	42	15	4
24023	4	135	24	11
24024	2	24	14	4
24025	2	87	16	6
24026	6	126	26	8
24027	2	22	13	3
24028	2	73	19	7
24029	2	132	17	6
24030	4	132	25	8
24031	4	141	23	11
24032	4	138	22	7
24033	2	39	13	3
24034	4	126	25	7
24035	2	42	15	4
24036	4	132	22	7
24037	2	102	13	4
24038	2	120	15	5
24039	4	162	24	10
24040	2	21	12	3
24041	2	45	13	4
24042	2	69	15	5
24043	2	22	13	3
24044	4	171	24	10
24045	4	171	27	12
24046	2	120	15	5
24047	2	65	12	4
24048	2	30	12	4
24049	4	159	25	10
24050	4	168	28	12
24051	4	126	24	7
24052	2	21	12	3
24053	4	120	21	10
24054	2	22	13	3
24055	4	57	16	5
24056	2	99	20	7
24057	2	19	12	3
24058	2	102	13	4
24059	6	120	26	8
24060	2	111	17	6
24061	2	150	17	6
24062	4	159	28	12
24063	2	51	8	2
24064	2	14	12	3
24065	4	93	19	4
24066	4	126	21	10
24067	4	132	23	8
24068	2	40	13	3
24069	2	42	15	4
24070	2	18	15	4
24071	4	132	23	8
24072	2	21	12	3
24073	2	144	15	5
24074	2	120	20	7
24075	4	126	21	9
24076	2	66	10	4
24077	6	120	28	9
24078	2	153	21	8
24079	2	75	15	5
24080	2	36	11	2
24081	4	132	22	7
24082	4	132	21	9
24083	2	96	15	5
24084	4	102	21	6
24085	2	21	12	3
24086	4	120	21	10
24087	2	168	23	9
24088	4	159	28	12
24089	2	19	13	3
24090	2	126	15	5
24091	6	126	25	7
24092	2	22	13	3
24093	2	69	12	4
24094	4	162	24	10
24095	2	162	19	7
24096	4	126	24	7
24097	4	126	21	10
24098	2	19	13	3
24099	4	60	18	5
24100	2	69	14	5
24101	2	102	17	6
24102	2	41	14	4
24103	6	120	25	7
24104	2	21	12	3
24105	4	135	23	11
24106	2	57	15	5
24107	4	159	28	12
24108	4	168	28	12
24109	2	84	13	4
24110	2	39	12	3
24111	2	117	21	8
24112	2	14	12	3
24113	2	81	15	5
24114	2	120	15	5
24115	2	22	12	3
24116	2	102	13	4
24117	2	69	15	5
24118	2	66	13	4
24119	4	132	24	8
24120	2	40	13	3
24121	2	186	23	9
24122	4	126	25	8
24123	2	174	23	9
24124	2	111	18	7
24125	4	57	16	5
24126	4	135	24	11
24127	2	66	10	4
24128	2	51	8	2
24129	2	93	14	5
24130	4	171	27	12
24131	4	171	24	10
24132	4	126	21	10
24133	4	159	28	12
24134	6	120	25	7
24135	2	15	13	3
24136	4	120	22	9
24137	2	87	20	8
24138	4	96	21	6
24139	4	126	25	8
24140	2	150	19	7
24141	2	20	11	3
24142	4	126	22	10
24143	2	33	7	2
24144	2	36	11	6
24145	4	171	24	10
24146	2	39	12	3
24147	4	159	25	10
24148	4	132	24	7
24149	4	159	28	12
24150	4	132	21	9
24151	4	120	22	8
24152	2	41	14	4
24153	2	24	14	4
24154	2	15	13	3
24155	4	171	27	12
24156	2	81	15	5
24157	4	126	24	7
24158	2	99	17	6
24159	4	135	23	11
24160	2	117	17	6
24161	4	132	22	7
24162	2	141	21	8
24163	2	102	13	4
24164	4	171	24	10
24165	2	41	14	4
24166	2	93	19	7
24167	4	132	24	7
24168	4	159	28	12
24169	2	87	13	4
24170	2	37	11	2
24171	2	19	10	2
24172	2	192	27	11
24173	6	120	27	9
24174	2	132	19	7
24175	2	96	15	5
24176	4	132	24	8
24177	2	19	10	2
24178	2	16	14	3
24179	2	87	21	8
24180	4	162	27	12
24181	4	132	21	9
24182	2	19	13	3
24183	2	65	13	3
24184	4	162	27	12
24185	4	96	21	5
24186	2	40	14	3
24187	2	21	12	3
24188	2	69	14	5
24189	4	102	21	6
24190	2	16	10	2
24191	2	40	13	3
24192	2	21	12	3
24193	2	21	12	3
24194	4	96	22	6
24195	2	105	18	6
24196	4	126	24	7
24197	4	135	22	10
24198	4	126	24	7
24199	2	93	19	7
24200	4	135	23	10
24201	4	171	27	12
24202	2	102	15	5
24203	4	159	25	10
24204	4	150	28	12
24205	2	75	13	4
24206	4	93	19	4
24207	2	93	21	8
24208	2	22	12	3
24209	2	141	17	6
24210	2	18	15	4
24211	4	147	23	10
24212	2	84	15	5
24213	2	39	12	3
24214	2	16	14	3
24215	2	39	13	3
24216	2	117	18	6
24217	2	14	11	2
24218	4	57	16	5
24219	2	20	11	3
24220	4	93	19	4
24221	2	63	11	3
24222	4	162	24	10
24223	2	40	13	3
24224	2	15	13	3
24225	2	102	15	5
24226	4	96	20	4
24227	2	168	23	9
24228	4	159	25	10
24229	2	57	13	4
24230	2	81	11	3
24231	2	87	17	6
24232	4	159	25	10
24233	2	78	13	4
24234	4	132	21	10
24235	2	69	12	4
24236	4	129	22	9
24237	4	180	27	12
24238	4	150	28	12
24239	4	132	22	7
24240	4	126	21	10
24241	2	22	12	3
24242	4	102	21	6
24243	2	39	13	3
24244	2	66	13	4
24245	4	93	21	5
24246	4	126	21	9
24247	4	159	28	12
24248	4	135	23	10
24249	4	162	27	12
24250	4	126	22	8
24251	2	17	11	3
24252	2	117	18	7
24253	2	19	10	2
24254	2	132	17	6
24255	2	13	11	2
24256	2	51	11	3
24257	2	168	23	9
24258	2	111	19	7
24259	4	159	28	12
24260	2	138	22	9
24261	4	132	24	7
24262	4	132	22	10
24263	2	63	12	4
24264	2	15	13	3
24265	2	15	12	3
24266	2	33	7	2
24267	4	93	21	5
24268	2	21	12	3
24269	4	120	22	7
24270	2	17	11	3
24271	4	93	21	6
24272	2	42	15	4
24273	2	16	14	3
24274	2	120	15	5
24275	4	135	24	11
24276	4	120	22	7
24277	2	45	12	4
24278	4	159	25	10
24279	2	84	11	3
24280	2	19	13	3
24281	2	22	12	3
24282	4	126	22	7
24283	2	39	13	3
24284	2	42	15	4
24285	4	141	24	11
24286	2	18	15	4
24287	2	120	15	5
24288	2	198	23	9
24289	4	153	24	10
24290	2	105	15	5
24291	2	51	10	3
24292	4	126	21	9
24293	2	20	10	2
24294	2	138	19	7
24295	2	102	15	5
24296	2	19	13	3
24297	4	126	25	8
24298	4	159	28	12
24299	2	138	17	6
24300	2	96	15	5
24301	4	138	24	7
24302	6	132	26	8
24303	4	141	22	10
24304	2	75	17	6
24305	2	93	16	6
24306	2	81	19	7
24307	4	102	21	6
24308	4	96	19	4
24309	4	132	23	7
24310	4	126	24	8
24311	2	162	19	7
24312	4	135	24	11
24313	4	159	25	10
24314	4	132	22	7
24315	4	159	25	10
24316	2	162	28	12
24317	4	132	21	9
24318	4	126	26	9
24319	2	22	13	3
24320	2	21	12	3
24321	4	135	24	11
24322	2	102	17	6
24323	2	39	12	3
24324	2	22	13	3
24325	2	15	13	3
24326	2	66	10	2
24327	2	156	19	7
24328	4	126	25	7
24329	4	120	22	7
24330	4	159	25	10
24331	2	69	23	9
24332	2	16	13	3
24333	2	84	15	5
24334	6	126	25	7
24335	4	132	24	7
24336	2	93	21	8
24337	2	21	12	3
24338	2	14	11	2
24339	2	75	17	6
24340	2	147	19	7
24341	2	129	17	6
24342	2	75	19	7
24343	2	40	13	3
24344	4	93	22	6
24345	4	132	21	9
24346	2	21	11	3
24347	2	69	14	5
24348	4	57	16	5
24349	4	171	27	12
24350	4	171	24	10
24351	2	123	21	7
24352	2	117	16	6
24353	2	65	13	3
24354	2	87	15	5
24355	4	162	24	10
24356	2	147	21	8
24357	2	40	14	3
24358	4	96	20	5
24359	4	162	24	10
24360	2	33	7	2
24361	2	123	18	7
24362	4	63	17	5
24363	2	36	11	6
24364	2	114	17	6
24365	2	114	15	5
24366	4	132	24	7
24367	2	21	12	3
24368	2	81	13	4
24369	4	162	27	12
24370	2	66	10	2
24371	6	120	28	10
24372	4	132	22	10
24373	4	132	24	7
24374	2	42	15	4
24375	4	96	19	5
24376	2	19	10	2
24377	2	186	23	9
24378	2	87	15	5
24379	2	132	15	5
24380	2	84	11	3
24381	4	171	24	10
24382	4	171	24	10
24383	2	39	13	3
24384	2	120	16	6
24385	2	18	12	3
24386	4	126	24	8
24387	2	174	27	11
24388	4	168	31	14
24389	2	39	13	3
24390	4	96	21	6
24391	2	40	14	3
24392	2	45	8	2
24393	4	159	25	10
24394	2	78	13	4
24395	2	114	17	6
24396	2	16	13	3
24397	2	132	15	5
24398	4	138	21	9
24399	2	33	7	2
24400	2	20	11	3
24401	4	162	27	12
24402	2	15	13	3
24403	2	138	17	6
24404	4	126	24	7
24405	4	135	23	11
24406	4	132	24	7
24407	4	120	22	7
24408	4	141	23	11
24409	2	180	25	10
24410	2	150	22	9
24411	2	93	14	4
24412	4	141	24	11
24413	4	126	21	10
24414	4	132	24	7
24415	2	81	13	4
24416	4	126	21	10
24417	2	18	12	3
24418	2	75	21	8
24419	2	22	12	3
24420	2	105	15	5
24421	4	96	21	6
24422	2	111	19	7
24423	4	93	19	4
24424	2	33	7	2
24425	2	75	17	6
24426	4	126	24	7
24427	2	84	11	3
24428	2	96	17	6
24429	2	87	13	4
24430	4	126	21	9
24431	2	129	15	5
24432	2	117	21	8
24433	4	171	24	10
24434	4	126	22	7
24435	2	40	13	3
24436	2	20	13	4
24437	4	126	21	9
24438	2	19	11	2
24439	2	65	13	3
24440	2	21	12	3
24441	2	65	13	3
24442	2	180	23	9
24443	2	39	12	3
24444	2	19	11	2
24445	2	69	13	4
24446	4	126	22	7
24447	2	16	14	3
24448	4	132	22	8
24449	4	159	28	12
24450	4	138	21	9
24451	4	132	24	7
24452	4	126	22	8
24453	4	153	24	10
24454	4	93	21	6
24455	2	66	14	3
24456	4	126	21	10
24457	2	117	20	7
24458	4	135	23	10
24459	2	84	15	5
24460	2	21	11	3
24461	4	159	25	10
24462	2	37	11	2
24463	2	180	19	7
24464	4	90	21	6
24465	2	45	8	2
24466	4	126	24	7
24467	2	99	21	8
24468	4	135	24	11
24469	2	75	19	7
24470	2	19	12	3
24471	4	162	24	10
24472	2	37	11	2
24473	4	168	25	10
24474	4	93	21	5
24475	2	51	12	4
24476	4	129	23	10
24477	2	102	15	5
24478	2	18	15	4
24479	4	168	25	10
24480	4	126	22	10
24481	2	22	13	3
24482	2	174	21	8
24483	2	93	19	7
24484	2	66	11	3
24485	4	141	24	11
24486	2	21	12	3
24487	2	19	13	3
24488	2	51	8	2
24489	4	60	18	5
24490	2	20	13	4
24491	2	120	15	5
24492	4	168	25	10
24493	2	21	14	4
24494	2	20	13	4
24495	4	135	24	11
24496	2	51	8	2
24497	2	30	7	2
24498	2	51	13	4
24499	4	168	28	12
24500	4	135	25	11
24501	4	132	21	9
24502	2	75	11	3
24503	2	69	12	4
24504	4	168	25	10
24505	2	156	19	7
24506	2	42	15	4
24507	4	126	24	7
24508	4	126	21	10
24509	4	135	26	11
24510	4	120	24	7
24511	2	63	11	2
24512	2	39	12	3
24513	2	39	13	3
24514	2	16	14	3
24515	6	126	27	8
24516	4	171	24	10
24517	2	39	13	3
24518	2	174	23	9
24519	4	132	22	11
24520	4	162	24	10
24521	4	132	24	7
24522	4	159	25	10
24523	4	132	23	7
24524	2	81	17	6
24525	4	126	22	7
24526	4	150	25	10
24527	4	168	25	10
24528	4	162	24	10
24529	2	18	11	3
24530	2	51	12	4
24531	4	141	22	10
24532	4	168	25	10
24533	2	21	14	4
24534	2	21	12	3
24535	4	126	21	10
24536	2	75	12	3
24537	2	51	13	4
24538	4	159	25	10
24539	2	19	12	3
24540	4	135	24	11
24541	2	66	13	4
24542	4	132	22	7
24543	4	126	24	7
24544	6	120	29	10
24545	6	120	27	9
24546	4	132	21	10
24547	4	159	25	10
24548	2	51	10	3
24549	2	39	12	3
24550	4	126	22	7
24551	2	147	18	6
24552	4	168	25	10
24553	2	23	13	4
24554	2	36	11	6
24555	2	65	13	3
24556	4	126	22	7
24557	2	33	7	2
24558	2	42	15	4
24559	2	96	15	5
24560	2	81	13	4
24561	2	81	19	7
24562	2	21	12	3
24563	2	84	14	5
24564	2	69	27	11
24565	2	66	13	4
24566	4	150	28	12
24567	4	162	24	10
24568	4	102	21	6
24569	2	20	13	4
24570	4	159	25	10
24571	4	126	22	7
24572	4	138	22	8
24573	2	22	12	3
24574	4	132	23	8
24575	6	126	27	9
24576	2	192	19	7
24577	2	30	12	4
24578	4	132	23	8
24579	2	192	25	10
24580	2	51	8	2
24581	2	174	19	7
24582	6	126	27	8
24583	2	156	17	6
24584	2	87	15	5
24585	2	75	17	6
24586	2	18	11	3
24587	2	156	19	7
24588	4	126	24	7
24589	2	14	11	2
24590	2	38	12	3
24591	4	135	24	11
24592	2	120	19	7
24593	6	126	27	8
24594	2	33	8	2
24595	4	132	23	9
24596	4	126	22	7
24597	2	64	12	3
24598	4	171	24	10
24599	4	126	21	9
24600	2	162	21	8
24601	4	57	16	5
24602	4	126	22	10
24603	2	129	20	7
24604	4	171	24	10
24605	2	87	21	8
24606	2	66	13	4
24607	2	18	12	3
24608	2	79	17	6
24609	6	120	27	8
24610	6	114	27	9
24611	2	18	15	4
24612	2	39	12	3
24613	2	15	13	3
24614	4	96	20	4
24615	6	120	29	10
24616	4	132	23	7
24617	2	30	7	2
24618	2	45	8	2
24619	2	63	10	3
24620	2	45	8	2
24621	4	159	31	14
24622	2	192	25	10
24623	4	126	24	8
24624	4	168	25	10
24625	2	22	13	3
24626	4	159	28	12
24627	2	180	25	10
24628	2	87	13	4
24629	2	18	15	4
24630	2	40	13	3
24631	2	22	12	3
24632	4	162	24	10
24633	2	135	17	6
24634	2	117	17	6
24635	4	96	20	4
24636	2	150	21	8
24637	2	38	11	2
24638	2	41	14	4
24639	4	168	28	12
24640	4	132	24	7
24641	2	22	12	3
24642	4	132	24	7
24643	2	66	13	4
24644	2	21	14	4
24645	2	75	15	5
24646	2	99	11	3
24647	4	168	31	14
24648	2	40	13	3
24649	2	19	10	2
24650	2	18	11	3
24651	2	81	13	4
24652	2	75	15	5
24653	2	111	20	7
24654	4	120	22	7
24655	2	21	11	3
24656	4	126	21	9
24657	4	126	23	8
24658	2	21	14	4
24659	2	16	13	3
24660	2	18	12	3
24661	2	69	14	5
24662	2	71	17	6
24663	2	39	13	3
24664	4	135	24	11
24665	2	57	8	2
24666	2	102	17	6
24667	6	126	25	7
24668	2	81	15	5
24669	2	57	10	3
24670	2	138	20	7
24671	2	132	19	7
24672	2	81	13	4
24673	2	39	13	3
24674	2	51	13	4
24675	4	126	24	8
24676	4	132	22	7
24677	2	105	15	5
24678	4	159	28	12
24679	2	66	11	3
24680	2	75	15	5
24681	4	126	24	7
24682	4	162	24	10
24683	2	186	21	8
24684	4	135	23	10
24685	2	66	14	3
24686	6	126	26	8
24687	4	126	24	7
24688	2	84	11	3
24689	2	23	13	4
24690	2	81	15	5
24691	2	81	17	6
24692	2	66	12	3
24693	2	42	15	4
24694	4	102	19	5
24695	4	126	21	10
24696	4	171	24	10
24697	2	87	15	5
24698	4	141	23	11
24699	2	192	23	9
24700	2	33	7	2
24701	2	99	17	6
24702	2	40	14	3
24703	2	66	14	3
24704	2	150	21	8
24705	4	126	24	7
24706	4	96	20	5
24707	2	38	11	2
24708	4	162	24	10
24709	2	18	11	3
24710	2	66	13	4
24711	2	42	15	4
24712	4	162	27	12
24713	2	132	19	7
24714	2	75	19	7
24715	2	75	19	7
24716	2	16	13	3
24717	2	192	23	9
24718	2	135	17	6
24719	4	162	27	12
24720	4	126	21	10
24721	2	102	15	5
24722	2	63	21	8
24723	4	138	22	8
24724	2	102	15	5
24725	2	186	23	9
24726	2	60	10	2
24727	2	69	27	11
24728	4	162	24	10
24729	4	126	24	7
24730	2	135	19	7
24731	4	126	23	7
24732	2	117	20	8
24733	4	162	24	10
24734	4	126	21	9
24735	2	132	17	6
24736	4	63	19	7
24737	2	198	23	9
24738	4	132	21	9
24739	2	19	13	3
24740	2	36	11	2
24741	2	17	14	4
24742	4	135	23	10
24743	2	93	15	5
24744	4	168	25	10
24745	4	120	22	7
24746	2	20	11	3
24747	4	126	25	8
24748	2	39	13	3
24749	4	120	24	7
24750	4	162	24	10
24751	2	180	26	11
24752	2	87	14	5
24753	4	168	25	10
24754	2	192	21	8
24755	2	42	15	4
24756	6	120	26	8
24757	4	171	27	12
24758	6	120	25	7
24759	2	93	19	7
24760	2	18	11	3
24761	2	15	13	3
24762	6	120	30	11
24763	2	117	19	7
24764	4	126	21	10
24765	2	102	15	5
24766	2	21	14	4
24767	2	39	13	3
24768	2	156	17	6
24769	4	126	23	9
24770	2	21	12	3
24771	4	126	24	8
24772	2	19	10	2
24773	2	33	7	2
24774	2	81	15	5
24775	2	38	12	3
24776	4	141	24	11
24777	2	41	14	4
24778	4	105	19	5
24779	4	126	24	8
24780	2	66	14	3
24781	4	126	22	8
24782	2	138	19	7
24783	2	75	17	6
24784	2	81	11	3
24785	4	171	24	10
24786	2	65	13	3
24787	2	156	19	7
24788	4	90	22	6
24789	2	38	11	2
24790	2	174	21	8
24791	4	96	20	6
24792	2	69	15	5
24793	2	120	15	5
24794	2	51	11	3
24795	2	174	19	7
24796	2	45	13	4
24797	2	22	12	3
24798	4	135	24	11
24799	2	32	7	2
24800	2	117	15	5
24801	4	102	24	8
24802	2	60	10	2
24803	4	120	24	7
24804	2	105	18	7
24805	2	66	11	3
24806	2	38	11	2
24807	2	66	14	3
24808	4	93	19	5
24809	4	135	24	11
24810	2	126	15	5
24811	4	159	28	12
24812	2	66	11	3
24813	2	65	13	3
24814	2	99	16	5
24815	4	120	24	8
24816	4	135	23	10
24817	2	96	15	5
24818	2	16	14	3
24819	4	126	21	9
24820	4	126	24	7
24821	4	126	22	8
24822	2	20	11	3
24823	4	126	22	8
24824	4	132	25	8
24825	2	42	15	4
24826	2	45	11	3
24827	2	39	13	3
24828	4	126	25	8
24829	4	126	22	7
24830	2	81	13	4
24831	2	19	13	3
24832	2	81	13	4
24833	2	38	12	3
24834	4	153	24	10
24835	2	87	16	5
24836	2	22	13	3
24837	2	126	19	7
24838	4	132	24	7
24839	2	14	11	2
24840	2	63	15	5
24841	4	120	24	7
24842	2	96	17	6
24843	2	63	11	2
24844	2	63	11	2
24845	4	141	23	11
24846	4	162	24	10
24847	4	159	28	12
24848	2	84	15	5
24849	2	21	12	3
24850	4	93	20	5
24851	6	120	27	8
24852	4	150	25	10
24853	6	114	25	7
24854	4	120	24	7
24855	2	102	13	4
24856	4	126	24	7
24857	2	84	13	4
24858	4	141	23	11
24859	2	15	13	3
24860	2	16	13	3
24861	4	126	23	8
24862	2	96	13	4
24863	2	22	13	3
24864	2	102	13	4
24865	4	96	21	6
24866	2	66	11	3
24867	2	21	12	3
24868	4	171	24	10
24869	2	114	17	6
24870	2	69	12	4
24871	4	171	24	10
24872	2	84	13	4
24873	6	126	28	9
24874	2	84	13	4
24875	2	39	13	3
24876	2	23	13	4
24877	2	66	13	4
24878	2	135	19	7
24879	4	120	25	7
24880	4	126	24	7
24881	2	84	13	4
24882	2	120	15	5
24883	2	21	10	2
24884	2	102	13	4
24885	2	153	19	7
24886	4	102	19	5
24887	4	162	27	12
24888	2	22	13	3
24889	2	36	7	2
24890	2	16	14	3
24891	2	42	15	4
24892	4	93	22	5
24893	2	69	15	5
24894	4	132	22	7
24895	2	66	13	4
24896	2	96	13	4
24897	2	65	12	4
24898	2	153	21	8
24899	2	174	19	7
24900	4	162	24	10
24901	4	162	24	10
24902	4	168	25	10
24903	2	66	13	4
24904	4	132	23	8
24905	2	14	12	3
24906	4	126	23	7
24907	4	159	25	10
24908	4	126	22	7
24909	4	180	27	12
24910	4	177	25	10
24911	2	38	11	2
24912	2	150	19	7
24913	4	132	25	8
24914	2	22	13	3
24915	2	93	11	3
24916	4	141	24	11
24917	2	84	13	4
24918	2	87	14	5
24919	6	126	28	9
24920	2	120	17	6
24921	2	18	11	3
24922	2	75	21	8
24923	4	132	22	8
24924	2	102	15	5
24925	4	126	21	10
24926	2	24	14	4
24927	2	75	15	5
24928	2	117	19	7
24929	2	57	17	6
24930	2	81	11	3
24931	2	69	16	5
24932	2	126	15	5
24933	4	96	20	6
24934	2	30	7	2
24935	4	141	24	11
24936	4	63	19	7
24937	2	24	14	4
24938	6	120	25	7
24939	2	20	11	3
24940	2	63	15	5
24941	2	156	21	8
24942	2	39	13	3
24943	4	132	23	8
24944	2	39	12	3
24945	4	126	24	7
24946	4	141	24	11
24947	2	102	13	4
24948	2	40	13	3
24949	2	22	12	3
24950	2	102	15	5
24951	2	75	15	5
24952	2	138	18	6
24953	2	15	13	3
24954	2	84	13	4
24955	2	14	12	3
24956	2	120	15	5
24957	2	40	14	3
24958	4	126	21	10
24959	4	126	22	8
24960	2	19	13	3
24961	2	20	11	3
24962	2	15	13	3
24963	4	120	21	10
24964	2	21	12	3
24965	4	126	24	8
24966	2	162	19	7
24967	4	150	28	12
24968	2	69	13	4
24969	2	108	13	4
24970	4	93	20	4
24971	4	162	24	10
24972	2	36	11	2
24973	2	168	19	7
24974	4	171	24	10
24975	4	93	20	4
24976	6	120	27	9
24977	4	57	16	5
24978	2	99	21	8
24979	4	132	24	7
24980	2	81	13	4
24981	2	39	13	3
24982	4	135	23	10
24983	4	63	17	5
24984	2	87	14	5
24985	4	126	24	7
24986	2	51	13	4
24987	2	102	13	4
24988	2	65	13	3
24989	2	63	10	3
24990	2	21	12	3
24991	2	21	12	3
24992	2	99	18	7
24993	4	132	24	7
24994	2	126	19	7
24995	2	65	13	3
24996	2	102	15	5
24997	2	63	10	3
24998	2	19	13	3
24999	4	132	21	9
25000	4	126	24	7
25001	2	40	13	3
25002	4	135	23	11
25003	6	126	27	9
25004	2	18	12	3
25005	4	63	17	5
25006	4	126	25	8
25007	2	39	13	3
25008	4	102	19	5
25009	4	120	22	7
25010	2	16	14	3
25011	2	186	25	10
25012	2	19	13	3
25013	4	162	27	12
25014	2	114	17	6
25015	4	132	21	9
25016	4	162	27	12
25017	6	120	27	8
25018	2	65	13	3
25019	4	132	21	10
25020	2	38	11	2
25021	2	38	12	3
25022	4	96	21	6
25023	2	16	13	3
25024	4	150	25	10
25025	2	21	14	4
25026	4	162	27	12
25027	2	18	12	3
25028	4	132	21	10
25029	2	73	19	7
25030	2	19	12	3
25031	2	19	13	3
25032	2	138	19	7
25033	2	66	12	3
25034	2	19	12	3
25035	2	75	19	7
25036	2	66	13	4
25037	2	63	13	4
25038	4	102	19	5
25039	4	180	27	12
25040	4	162	24	10
25041	2	120	17	6
25042	4	60	18	5
25043	4	171	27	12
25044	4	162	24	10
25045	2	81	13	4
25046	2	26	12	3
25047	4	126	24	8
25048	2	73	19	7
25049	2	21	14	4
25050	4	171	24	10
25051	2	66	10	2
25052	2	17	14	4
25053	4	126	24	7
25054	2	138	17	6
25055	6	114	27	8
25056	4	132	21	10
25057	2	69	15	5
25058	2	21	12	3
25059	2	19	12	3
25060	2	69	12	4
25061	2	168	21	8
25062	2	117	22	9
25063	2	81	15	5
25064	2	36	7	2
25065	2	39	13	3
25066	2	63	11	2
25067	4	93	21	5
25068	4	132	22	7
25069	2	81	14	5
25070	4	135	23	10
25071	2	18	12	3
25072	2	51	11	3
25073	2	66	13	4
25074	4	126	21	9
25075	2	22	12	3
25076	4	99	21	5
25077	2	111	18	6
25078	2	168	21	8
25079	4	132	24	7
25080	2	198	19	7
25081	2	22	12	3
25082	2	22	13	3
25083	4	57	16	5
25084	2	63	15	5
25085	2	132	19	7
25086	2	19	13	3
25087	4	129	23	10
25088	2	84	13	4
25089	2	156	21	8
25090	4	120	24	7
25091	4	141	24	11
25092	4	96	19	5
25093	2	21	14	4
25094	4	126	21	9
25095	4	168	28	12
25096	4	99	21	6
25097	4	126	21	9
25098	2	69	12	4
25099	4	132	22	7
25100	2	150	19	7
25101	4	132	21	10
25102	2	168	19	7
25103	2	135	17	6
25104	2	17	10	2
25105	4	171	24	10
25106	6	126	31	11
25107	2	39	12	3
25108	2	51	11	3
25109	4	153	24	10
25110	2	105	22	8
25111	2	138	18	7
25112	2	24	14	4
25113	2	24	14	4
25114	2	96	13	4
25115	2	69	15	5
25116	4	96	20	6
25117	4	162	24	10
25118	2	114	17	6
25119	2	16	13	3
25120	6	126	26	8
25121	2	32	7	2
25122	2	19	12	3
25123	4	132	21	9
25124	4	126	20	9
25125	2	22	13	3
25126	2	21	14	4
25127	2	78	13	4
25128	4	120	22	9
25129	2	51	10	3
25130	2	129	19	7
25131	2	22	13	3
25132	2	114	18	7
25133	2	81	13	4
25134	2	132	19	7
25135	2	186	21	8
25136	2	63	15	5
25137	2	186	23	9
25138	2	87	13	4
25139	2	19	12	3
25140	2	16	14	3
25141	2	22	13	3
25142	4	132	24	8
25143	2	81	15	5
25144	2	38	11	2
25145	2	87	15	5
25146	4	93	22	7
25147	4	168	25	10
25148	4	159	25	10
25149	2	81	25	10
25150	2	42	15	4
25151	4	96	19	4
25152	2	75	15	5
25153	2	66	13	4
25154	2	51	8	2
25155	2	45	8	2
25156	4	135	24	11
25157	2	21	12	3
25158	6	114	27	8
25159	2	75	19	7
25160	2	192	25	10
25161	2	66	13	4
25162	2	135	18	6
25163	4	63	18	7
25164	4	126	24	7
25165	2	21	10	2
25166	2	144	21	8
25167	2	39	13	3
25168	4	132	22	7
25169	4	162	24	10
25170	4	135	24	11
25171	2	19	13	3
25172	4	93	20	6
25173	4	96	21	5
25174	4	135	24	11
25175	2	129	17	6
25176	4	168	25	10
25177	2	72	11	3
25178	4	126	21	10
25179	2	93	11	3
25180	4	90	22	6
25181	4	63	17	5
25182	4	126	22	11
25183	2	15	13	3
25184	2	16	14	3
25185	4	135	23	10
25186	2	81	13	4
25187	4	129	25	10
25188	2	162	23	9
25189	4	132	22	7
25190	2	41	14	4
25191	4	171	27	12
25192	4	171	27	12
25193	4	162	27	12
25194	2	84	12	4
25195	2	65	13	3
25196	4	129	23	10
25197	6	126	25	7
25198	2	41	14	4
25199	4	135	25	12
25200	4	132	24	7
25201	6	126	27	9
25202	2	77	17	6
25203	2	40	13	3
25204	4	141	24	11
25205	4	141	25	12
25206	2	117	19	7
25207	4	168	28	12
25208	2	87	14	5
25209	4	171	27	12
25210	4	159	25	10
25211	4	126	21	9
25212	4	171	27	12
25213	6	132	27	8
25214	2	18	12	3
25215	2	111	19	7
25216	2	192	21	8
25217	2	57	8	2
25218	2	33	8	2
25219	2	75	17	6
25220	2	14	12	3
25221	2	66	11	3
25222	2	21	12	3
25223	2	150	17	6
25224	6	120	25	7
25225	4	126	24	7
25226	2	132	17	6
25227	4	126	22	7
25228	2	21	12	3
25229	4	132	21	9
25230	2	15	13	3
25231	4	132	24	7
25232	2	51	8	2
25233	2	51	8	2
25234	4	180	27	12
25235	2	51	8	2
25236	2	16	13	3
25237	2	81	14	5
25238	4	132	23	8
25239	4	126	26	7
25240	4	159	28	12
25241	2	57	13	4
25242	4	150	28	12
25243	4	126	24	7
25244	4	159	28	12
25245	2	87	11	3
25246	4	159	31	14
25247	4	159	25	10
25248	2	66	13	4
25249	2	84	15	5
25250	2	41	14	4
25251	4	162	27	12
25252	4	132	22	8
25253	2	40	14	3
25254	2	16	13	3
25255	2	18	12	3
25256	2	162	21	8
25257	4	126	21	9
25258	6	120	25	7
25259	2	19	13	3
25260	4	141	23	10
25261	2	15	13	3
25262	2	21	12	3
25263	2	38	12	3
25264	2	87	11	3
25265	4	126	21	10
25266	4	132	21	9
25267	2	22	13	3
25268	4	132	21	10
25269	4	132	20	9
25270	4	159	25	10
25271	2	22	12	3
25272	2	93	17	6
25273	2	40	13	3
25274	4	135	23	10
25275	2	180	25	10
25276	2	77	15	5
25277	2	69	13	4
25278	2	39	13	3
25279	4	132	25	9
25280	4	168	25	10
25281	4	126	25	8
25282	2	66	10	2
25283	2	132	19	7
25284	2	15	13	3
25285	4	132	21	9
25286	2	96	15	5
25287	2	117	17	6
25288	2	17	11	3
25289	4	159	25	10
25290	6	126	31	11
25291	2	18	11	3
25292	2	20	13	4
25293	2	51	8	2
25294	4	135	21	9
25295	4	126	24	7
25296	2	96	17	6
25297	4	162	24	10
25298	2	81	16	6
25299	2	75	15	5
25300	4	120	24	7
25301	2	33	7	2
25302	2	18	12	3
25303	2	42	15	4
25304	4	102	19	5
25305	2	84	11	3
25306	4	162	24	10
25307	2	75	21	8
25308	4	132	24	8
25309	2	21	14	4
25310	2	186	25	10
25311	4	135	22	10
25312	2	40	13	3
25313	2	63	17	6
25314	2	51	14	5
25315	4	99	21	6
25316	4	96	19	5
25317	2	66	10	4
25318	2	33	8	2
25319	2	20	11	3
25320	4	96	22	7
25321	2	102	15	5
25322	4	129	25	11
25323	2	23	13	4
25324	2	87	23	9
25325	4	141	24	11
25326	2	132	19	7
25327	2	156	21	8
25328	4	168	25	10
25329	4	159	28	12
25330	2	69	15	5
25331	2	20	10	2
25332	4	132	22	7
25333	2	120	13	4
25334	4	141	24	11
25335	2	186	21	8
25336	2	87	14	5
25337	2	39	13	3
25338	2	42	15	4
25339	4	60	18	5
25340	4	159	25	10
25341	2	22	13	3
25342	6	120	30	11
25343	2	39	13	3
25344	4	162	27	12
25345	2	64	12	3
25346	2	73	19	7
25347	4	168	28	12
25348	4	135	24	12
25349	2	65	12	4
25350	2	33	7	2
25351	4	126	24	7
25352	4	126	22	10
25353	2	120	21	8
25354	4	87	22	6
25355	4	171	24	10
25356	2	81	17	6
25357	4	141	23	10
25358	2	40	14	3
25359	6	126	26	8
25360	4	93	19	4
25361	2	51	10	3
25362	2	42	15	4
25363	2	33	8	2
25364	4	159	25	10
25365	4	126	24	7
25366	4	87	21	6
25367	2	15	13	3
25368	4	132	24	7
25369	2	168	21	8
25370	2	186	25	10
25371	2	93	19	7
25372	4	126	21	9
25373	2	81	18	6
25374	4	168	25	10
25375	4	96	19	5
25376	2	19	13	3
25377	4	132	25	8
25378	2	174	23	9
25379	4	135	24	11
25380	2	39	13	3
25381	2	57	21	8
25382	2	57	13	4
25383	2	66	11	3
25384	6	126	29	10
25385	2	81	15	5
25386	2	38	12	3
25387	4	171	24	10
25388	4	132	22	7
25389	2	123	21	8
25390	2	108	17	6
25391	2	81	15	5
25392	4	135	23	11
25393	2	69	16	5
25394	2	39	12	3
25395	2	26	12	3
25396	2	39	13	3
25397	4	135	23	10
25398	2	66	13	4
25399	4	126	21	10
25400	2	40	13	3
25401	4	126	21	9
25402	2	21	12	3
25403	4	126	21	10
25404	2	21	12	3
25405	2	192	22	9
25406	2	180	23	9
25407	4	93	21	6
25408	4	126	21	10
25409	4	102	19	5
25410	4	159	28	12
25411	2	41	14	4
25412	2	26	12	3
25413	2	37	11	2
25414	2	96	17	6
25415	4	135	24	11
25416	2	51	10	3
25417	2	39	12	3
25418	2	63	10	3
25419	4	132	24	8
25420	2	84	15	5
25421	2	40	14	3
25422	2	168	23	9
25423	2	22	13	3
25424	4	162	27	12
25425	4	120	21	10
25426	2	150	19	7
25427	6	126	27	9
25428	4	150	31	14
25429	2	72	11	3
25430	2	30	7	2
25431	2	96	13	4
25432	2	19	12	3
25433	4	141	24	11
25434	4	168	28	12
25435	4	159	25	10
25436	2	51	8	2
25437	2	102	13	4
25438	4	141	23	10
25439	2	51	14	4
25440	4	159	25	10
25441	2	22	13	3
25442	2	129	21	8
25443	2	21	14	4
25444	2	57	16	5
25445	2	117	21	8
25446	6	120	25	7
25447	2	120	13	4
25448	4	90	21	6
25449	2	186	27	11
25450	2	26	12	3
25451	2	66	13	4
25452	2	21	14	4
25453	2	66	12	3
25454	2	93	15	5
25455	2	40	14	3
25456	6	114	27	9
25457	2	66	14	3
25458	2	20	11	3
25459	4	96	21	6
25460	4	132	21	9
25461	4	126	24	8
25462	2	150	19	7
25463	2	81	17	6
25464	4	159	25	10
25465	4	141	24	11
25466	2	16	13	3
25467	2	132	17	6
25468	4	153	24	10
25469	2	87	18	6
25470	4	159	28	12
25471	2	84	11	3
25472	4	159	25	10
25473	2	24	14	4
25474	2	81	15	5
25475	2	18	15	4
25476	2	87	21	8
25477	4	132	23	7
25478	2	42	15	4
25479	2	66	13	4
25480	2	39	13	3
25481	2	65	13	3
25482	4	168	25	10
25483	2	81	21	8
25484	4	168	28	12
25485	2	40	13	3
25486	4	141	24	11
25487	2	69	12	4
25488	2	186	25	10
25489	2	174	23	9
25490	2	40	13	3
25491	2	40	13	3
25492	4	135	21	9
25493	2	15	12	3
25494	4	159	28	12
25495	2	81	13	4
25496	4	159	25	10
25497	6	120	27	9
25498	2	63	15	5
25499	4	162	27	12
25500	2	21	12	3
25501	2	37	11	2
25502	2	63	10	3
25503	4	132	25	8
25504	2	120	15	5
25505	4	63	17	5
25506	2	150	21	8
25507	4	126	24	8
25508	2	81	12	4
25509	4	162	27	12
25510	2	21	11	3
25511	4	132	25	8
25512	6	114	27	9
25513	4	141	22	10
25514	4	168	28	12
25515	4	171	24	10
25516	2	174	21	8
25517	4	168	25	10
25518	4	126	21	9
25519	2	66	11	3
25520	4	126	22	7
25521	2	45	11	3
25522	4	96	23	7
25523	2	75	19	7
25524	4	120	25	8
25525	4	99	21	6
25526	2	24	14	4
25527	2	135	21	8
25528	2	120	17	6
25529	2	32	7	2
25530	2	16	13	3
25531	2	132	17	6
25532	2	15	13	3
25533	4	126	22	7
25534	4	162	27	12
25535	2	75	17	6
25536	2	117	17	6
25537	2	168	23	9
25538	4	126	21	9
25539	2	16	10	2
25540	2	18	11	3
25541	4	126	22	7
25542	4	96	21	6
25543	2	19	13	3
25544	4	132	24	7
25545	2	17	11	3
25546	4	132	22	8
25547	2	75	19	7
25548	2	102	15	5
25549	2	16	13	3
25550	4	141	23	10
25551	2	40	14	3
25552	2	120	21	8
25553	2	174	21	8
25554	6	114	27	9
25555	2	65	13	3
25556	2	117	21	8
25557	2	33	10	5
25558	2	33	8	2
25559	2	22	13	3
25560	4	141	27	12
25561	4	126	21	10
25562	2	96	15	5
25563	2	39	13	3
25564	2	51	8	2
25565	2	18	12	3
25566	2	39	13	3
25567	4	168	25	10
25568	2	40	13	3
25569	4	96	23	7
25570	2	38	12	3
25571	4	132	21	9
25572	2	120	19	7
25573	2	22	13	3
25574	2	93	11	3
25575	4	96	19	4
25576	4	126	24	7
25577	4	129	24	11
25578	2	17	10	2
25579	2	168	21	8
25580	2	15	13	3
25581	2	51	12	4
25582	4	159	28	12
25583	4	96	22	7
25584	2	51	8	2
25585	4	171	24	10
25586	2	57	8	2
25587	2	99	15	5
25588	2	120	15	5
25589	2	14	12	3
25590	4	162	27	12
25591	4	132	22	11
25592	4	132	22	8
25593	2	22	13	3
25594	2	135	23	9
25595	2	60	13	4
25596	2	138	21	8
25597	2	120	17	6
25598	4	177	25	10
25599	4	132	25	7
25600	2	87	11	3
25601	4	159	25	10
25602	2	78	11	3
25603	4	162	24	10
25604	2	120	13	4
25605	4	162	27	12
25606	2	120	17	6
25607	2	51	8	2
25608	2	132	17	6
25609	2	156	22	9
25610	2	102	13	4
25611	2	21	12	3
25612	4	150	28	12
25613	2	40	13	3
25614	2	39	13	3
25615	4	153	27	12
25616	6	114	27	8
25617	2	135	17	6
25618	2	93	15	5
25619	4	126	21	9
25620	2	150	21	8
25621	2	37	11	2
25622	4	126	22	10
25623	2	93	19	7
25624	4	102	21	6
25625	4	126	22	8
25626	2	120	17	6
25627	2	81	15	5
25628	2	22	12	3
25629	2	114	17	6
25630	2	84	11	3
25631	6	120	27	8
25632	2	69	15	5
25633	6	126	25	7
25634	2	22	12	3
25635	2	18	11	3
25636	4	159	25	10
25637	2	19	10	2
25638	2	150	17	6
25639	2	21	12	3
25640	4	141	23	11
25641	6	120	25	7
25642	2	22	12	3
25643	2	63	21	8
25644	2	69	15	5
25645	4	159	31	14
25646	4	126	21	9
25647	4	132	22	8
25648	2	21	14	4
25649	2	66	11	3
25650	4	120	22	8
25651	2	19	13	3
25652	2	81	17	6
25653	2	42	15	4
25654	2	120	15	5
25655	4	141	25	10
25656	4	171	24	10
25657	2	66	13	4
25658	2	39	13	3
25659	4	93	22	6
25660	4	159	25	10
25661	6	120	26	8
25662	2	21	12	3
25663	4	171	27	12
25664	2	21	12	3
25665	2	117	16	6
25666	2	150	21	8
25667	2	93	14	5
25668	2	22	12	3
25669	2	156	22	8
25670	4	126	21	10
25671	2	24	14	4
25672	4	177	25	10
25673	2	39	13	3
25674	2	186	21	8
25675	4	126	22	7
25676	2	174	21	8
25677	2	15	13	3
25678	2	33	8	2
25679	2	18	15	4
25680	2	20	10	2
25681	6	126	28	9
25682	4	129	22	9
25683	2	105	17	6
25684	6	120	27	9
25685	4	141	22	10
25686	4	126	24	8
25687	2	186	25	10
25688	2	65	13	3
25689	2	19	12	3
25690	2	69	12	4
25691	4	171	24	10
25692	4	93	21	6
25693	2	99	21	8
25694	2	192	23	9
25695	2	102	15	5
25696	2	66	11	3
25697	2	66	13	4
25698	4	126	24	7
25699	2	57	15	5
25700	2	132	19	7
25701	2	186	21	8
25702	2	150	21	8
25703	2	120	15	5
25704	4	132	24	7
25705	2	105	16	6
25706	2	19	13	3
25707	2	24	14	4
25708	4	102	21	6
25709	2	180	25	10
25710	2	75	13	4
25711	4	132	21	10
25712	2	19	13	3
25713	4	168	25	10
25714	4	162	24	10
25715	2	16	14	3
25716	2	117	21	8
25717	2	75	15	5
25718	2	87	21	8
25719	4	159	25	10
25720	4	168	25	10
25721	4	171	27	12
25722	4	126	25	8
25723	4	132	22	11
25724	2	117	15	5
25725	4	93	21	5
25726	2	33	8	2
25727	2	15	13	3
25728	4	132	22	10
25729	2	17	14	4
25730	6	120	26	8
25731	2	66	10	2
25732	2	40	14	3
25733	2	21	14	4
25734	6	126	29	10
25735	2	111	16	5
25736	4	132	24	7
25737	6	120	27	9
25738	2	36	11	2
25739	2	138	19	7
25740	2	78	15	5
25741	4	93	21	6
25742	4	102	23	7
25743	2	93	13	4
25744	2	132	17	6
25745	4	159	28	12
25746	6	114	26	8
25747	2	93	21	8
25748	2	40	13	3
25749	2	105	20	8
25750	4	93	21	5
25751	2	75	19	7
25752	4	126	21	10
25753	2	93	21	8
25754	4	141	23	10
25755	4	132	22	7
25756	2	198	21	8
25757	2	19	12	3
25758	2	33	8	2
25759	2	79	21	8
25760	2	186	23	9
25761	2	120	17	6
25762	2	51	10	3
25763	2	19	13	3
25764	2	102	13	4
25765	2	138	19	7
25766	4	171	24	10
25767	2	96	15	5
25768	2	192	25	10
25769	2	22	13	3
25770	4	171	24	10
25771	2	123	21	8
25772	2	57	15	5
25773	4	126	21	10
25774	4	135	25	11
25775	2	42	15	4
25776	4	162	24	10
25777	6	126	25	7
25778	4	126	22	7
25779	2	19	12	3
25780	2	174	21	8
25781	2	37	11	2
25782	2	75	13	4
25783	4	135	22	10
25784	4	135	21	9
25785	2	21	14	4
25786	2	75	16	6
25787	2	81	13	4
25788	4	120	24	8
25789	2	24	14	4
25790	4	135	24	11
25791	4	159	25	10
25792	2	84	13	4
25793	4	93	20	4
25794	2	81	17	6
25795	2	42	15	4
25796	4	171	24	10
25797	2	21	10	2
25798	2	19	10	2
25799	4	171	24	10
25800	4	126	23	9
25801	2	66	11	3
25802	4	141	21	9
25803	4	126	24	8
25804	2	87	17	6
25805	2	78	13	4
25806	4	132	21	9
25807	2	84	11	3
25808	2	22	12	3
25809	2	51	10	3
25810	4	126	22	8
25811	2	150	22	9
25812	2	51	12	4
25813	4	96	19	5
25814	6	120	27	9
25815	2	93	15	5
25816	2	41	14	4
25817	4	96	19	5
25818	4	105	19	5
25819	2	22	13	3
25820	2	78	13	4
25821	2	63	19	7
25822	4	159	25	10
25823	2	141	19	7
25824	2	75	13	4
25825	2	129	18	7
25826	2	81	11	3
25827	4	162	24	10
25828	2	93	17	6
25829	2	174	21	8
25830	2	156	17	6
25831	4	120	21	10
25832	4	132	23	7
25833	4	96	19	5
25834	2	21	14	4
25835	4	168	28	12
25836	2	57	8	2
25837	4	126	23	10
25838	4	171	27	12
25839	4	171	27	12
25840	2	75	14	4
25841	2	63	14	5
25842	2	19	12	3
25843	2	19	10	2
25844	2	21	12	3
25845	2	66	11	3
25846	2	21	14	4
25847	6	120	29	10
25848	2	21	12	3
25849	2	13	11	2
25850	2	81	13	4
25851	4	126	22	7
25852	2	13	11	2
25853	2	132	19	7
25854	4	168	25	10
25855	4	126	22	7
25856	4	135	22	10
25857	2	51	8	2
25858	2	87	13	4
25859	4	96	20	5
25860	2	66	11	3
25861	4	90	21	6
25862	2	17	14	4
25863	2	96	13	4
25864	2	120	15	5
25865	4	162	24	10
25866	2	96	13	4
25867	2	33	7	2
25868	4	171	24	10
25869	2	87	14	5
25870	2	41	14	4
25871	2	18	12	3
25872	2	22	12	3
25873	2	156	23	9
25874	4	102	20	4
25875	2	41	14	4
25876	2	22	12	3
25877	2	99	15	5
25878	2	87	16	5
25879	2	156	19	7
25880	2	16	13	3
25881	2	66	13	4
25882	2	39	13	3
25883	2	15	13	3
25884	4	126	24	8
25885	4	96	21	5
25886	4	96	20	5
25887	2	63	21	8
25888	4	159	25	10
25889	2	15	12	3
25890	2	192	25	10
25891	2	15	13	3
25892	2	186	23	9
25893	2	66	11	3
25894	4	99	20	5
25895	4	126	22	7
25896	4	129	25	11
25897	2	63	11	2
25898	4	135	25	12
25899	2	17	14	4
25900	2	65	13	3
25901	4	162	27	12
25902	2	87	17	6
25903	4	132	24	8
25904	2	174	21	8
25905	4	159	25	10
25906	2	147	22	8
25907	4	126	21	10
25908	2	21	14	4
25909	4	63	19	7
25910	2	42	15	4
25911	4	96	20	5
25912	2	37	11	2
25913	2	19	13	3
25914	2	63	19	7
25915	2	168	21	8
25916	2	99	17	6
25917	2	45	10	3
25918	4	63	17	5
25919	4	132	25	9
25920	2	69	17	6
25921	4	120	26	7
25922	4	132	21	9
25923	4	126	24	7
25924	2	81	15	5
25925	2	186	23	9
25926	2	156	21	8
25927	4	162	27	12
25928	4	150	25	10
25929	2	51	14	5
25930	4	150	25	10
25931	2	20	13	4
25932	2	81	15	5
25933	4	60	18	5
25934	2	19	12	3
25935	2	78	13	4
25936	4	102	20	4
25937	4	126	24	7
25938	4	126	24	7
25939	2	22	12	3
25940	4	135	24	11
25941	4	135	24	11
25942	2	108	13	4
25943	4	135	24	11
25944	2	192	23	9
25945	2	87	21	8
25946	2	147	21	8
25947	2	21	14	4
25948	2	51	13	4
25949	2	102	15	5
25950	2	57	17	6
25951	4	141	23	10
25952	2	51	8	2
25953	4	102	19	5
25954	4	126	22	7
25955	2	18	12	3
25956	2	18	15	4
25957	2	41	14	4
25958	4	132	21	10
25959	4	168	25	10
25960	4	120	22	8
25961	2	57	17	6
25962	2	39	13	3
25963	2	120	17	6
25964	2	18	12	3
25965	2	138	17	6
25966	2	180	23	9
25967	4	141	23	10
25968	2	16	13	3
25969	2	75	17	6
25970	4	99	19	5
25971	4	135	25	11
25972	2	40	14	3
25973	2	105	15	5
25974	2	132	19	7
25975	2	99	17	6
25976	4	96	21	6
25977	2	21	14	4
25978	4	126	25	7
25979	2	147	17	6
25980	4	168	25	10
25981	2	19	13	3
25982	4	180	24	10
25983	4	168	25	10
25984	2	66	13	4
25985	4	126	23	7
25986	2	192	26	11
25987	2	45	13	4
25988	2	162	21	8
25989	4	93	19	5
25990	2	132	19	7
25991	2	87	19	7
25992	4	168	28	12
25993	2	57	8	2
25994	2	51	8	2
25995	2	198	23	9
25996	2	42	15	4
25997	4	171	24	10
25998	6	126	26	8
25999	2	21	14	4
26000	4	132	25	7
26001	2	75	15	5
26002	2	87	13	4
26003	2	15	13	3
26004	2	18	12	3
26005	4	126	21	9
26006	2	102	17	6
26007	2	19	11	2
26008	2	51	13	4
26009	2	42	15	4
26010	2	192	23	9
26011	4	93	20	4
26012	4	129	22	10
26013	2	156	20	8
26014	4	96	19	5
26015	2	24	14	4
26016	2	120	15	5
26017	4	171	27	12
26018	2	23	13	4
26019	2	144	19	7
26020	2	21	14	4
26021	4	126	21	9
26022	2	153	19	7
26023	2	19	11	2
26024	2	99	19	7
26025	2	21	12	3
26026	2	51	10	3
26027	4	126	21	9
26028	4	102	21	6
26029	4	102	21	6
26030	2	135	17	6
26031	4	96	21	6
26032	2	75	17	6
26033	2	15	13	3
26034	2	42	15	4
26035	2	117	19	7
26036	4	126	22	9
26037	2	71	15	5
26038	4	126	24	7
26039	4	126	21	10
26040	4	93	19	5
26041	4	129	23	10
26042	4	132	24	7
26043	6	120	29	10
26044	4	126	22	7
26045	2	84	11	3
26046	2	15	13	3
26047	2	186	27	11
26048	4	141	24	11
26049	2	75	21	8
26050	2	81	19	7
26051	4	96	19	4
26052	6	120	27	9
26053	2	20	11	3
26054	4	126	23	7
26055	2	174	23	9
26056	4	171	27	12
26057	2	120	17	6
26058	4	126	24	7
26059	4	135	23	10
26060	4	159	28	12
26061	2	192	21	8
26062	4	93	20	5
26063	4	132	22	7
26064	4	141	27	12
26065	2	123	21	8
26066	2	57	8	2
26067	4	126	22	7
26068	2	42	15	4
26069	4	126	24	8
26070	6	120	27	8
26071	2	66	13	4
26072	2	138	21	8
26073	2	81	15	5
26074	2	41	14	4
26075	4	132	21	9
26076	2	66	11	3
26077	4	135	21	9
26078	4	171	24	10
26079	4	135	21	9
26080	2	19	12	3
26081	4	126	22	7
26082	2	69	15	5
26083	2	135	17	6
26084	4	126	25	8
26085	4	102	19	5
26086	2	117	21	8
26087	2	81	15	5
26088	4	168	25	10
26089	2	41	14	4
26090	2	81	17	6
26091	4	132	24	7
26092	2	150	19	7
26093	2	39	12	3
26094	2	81	14	5
26095	2	51	12	4
26096	2	24	14	4
26097	4	132	21	7
26098	2	66	11	3
26099	2	40	13	3
26100	2	138	15	5
26101	2	36	11	6
26102	4	96	21	6
26103	2	19	12	3
26104	6	126	27	9
26105	2	87	15	5
26106	6	120	27	8
26107	4	132	21	9
26108	2	40	14	3
26109	4	159	25	10
26110	4	126	22	8
26111	2	186	25	10
26112	4	132	25	8
26113	6	126	25	7
26114	2	19	12	3
26115	2	19	13	3
26116	2	180	23	9
26117	2	65	13	3
26118	2	22	12	3
26119	2	69	12	4
26120	2	18	12	3
26121	4	120	24	8
26122	2	37	11	2
26123	2	21	12	3
26124	2	138	21	8
26125	2	81	15	5
26126	4	135	25	12
26127	2	84	11	3
26128	2	108	17	6
26129	2	21	14	4
26130	4	126	24	7
26131	4	132	24	7
26132	2	117	18	6
26133	2	156	23	9
26134	2	39	12	3
26135	2	120	17	6
26136	2	75	13	4
26137	2	16	14	3
26138	4	162	27	12
26139	2	75	16	6
26140	6	120	25	7
26141	2	81	13	4
26142	2	81	15	5
26143	2	138	21	8
26144	2	99	19	7
26145	4	126	22	8
26146	2	19	10	2
26147	2	24	14	4
26148	4	93	19	4
26149	2	87	15	5
26150	2	84	13	4
26151	2	39	13	3
26152	2	111	19	7
26153	4	141	24	11
26154	4	93	22	5
26155	2	99	17	6
26156	2	40	13	3
26157	2	87	17	6
26158	2	192	21	8
26159	4	162	24	10
26160	4	126	24	7
26161	2	37	11	2
26162	2	138	17	6
26163	4	126	22	7
26164	2	21	12	3
26165	4	159	31	14
26166	4	120	21	9
26167	6	120	25	7
26168	2	192	22	9
26169	4	162	24	10
26170	2	168	23	9
26171	2	19	12	3
26172	4	171	27	12
26173	2	186	22	9
26174	4	87	22	6
26175	2	20	11	3
26176	2	81	15	5
26177	2	22	12	3
26178	2	81	11	3
26179	4	132	24	7
26180	2	75	15	5
26181	2	18	12	3
26182	2	20	11	3
26183	2	17	11	3
26184	2	120	17	6
26185	2	16	14	3
26186	2	75	21	8
26187	4	141	23	10
26188	2	75	17	6
26189	4	126	22	8
26190	4	93	20	4
26191	2	40	13	3
26192	4	102	21	6
26193	4	126	22	8
26194	2	15	13	3
26195	2	186	25	10
26196	2	174	21	8
26197	4	96	21	6
26198	2	99	17	6
26199	2	65	13	3
26200	4	132	22	10
26201	4	126	24	8
26202	2	65	13	3
26203	2	75	15	5
26204	2	63	11	2
26205	2	192	26	10
26206	2	39	13	3
26207	2	69	13	4
26208	4	63	19	7
26209	2	21	12	3
26210	2	105	19	7
26211	4	126	21	9
26212	4	126	21	9
26213	4	132	22	7
26214	2	162	19	7
26215	4	126	22	7
26216	2	38	12	3
26217	4	126	23	7
26218	2	24	14	4
26219	2	18	12	3
26220	4	126	22	10
26221	2	168	21	8
26222	2	99	18	7
26223	2	17	11	3
26224	2	69	15	5
26225	2	41	14	4
26226	4	63	17	5
26227	4	141	23	10
26228	2	71	17	6
26229	2	18	15	4
26230	2	87	16	6
26231	4	168	28	12
26232	2	138	17	6
26233	4	141	22	10
26234	4	132	22	7
26235	2	24	14	4
26236	4	126	21	10
26237	2	64	12	3
26238	2	63	15	5
26239	2	138	17	6
26240	2	120	17	6
26241	2	21	12	3
26242	4	168	31	14
26243	2	99	16	6
26244	2	57	11	3
26245	4	162	27	12
26246	2	51	12	4
26247	2	87	15	5
26248	4	162	24	10
26249	2	81	17	6
26250	4	126	24	7
26251	2	75	15	5
26252	2	102	13	4
26253	2	19	12	3
26254	2	40	14	3
26255	2	22	13	3
26256	4	150	25	10
26257	2	66	13	4
26258	4	132	21	10
26259	4	126	24	7
26260	2	16	14	3
26261	4	126	22	7
26262	2	198	25	10
26263	2	78	13	4
26264	2	33	7	2
26265	2	45	12	4
26266	2	126	19	7
26267	2	114	15	5
26268	2	87	15	5
26269	2	192	23	9
26270	2	120	15	5
26271	2	40	14	3
26272	2	84	11	3
26273	2	102	15	5
26274	4	180	24	10
26275	2	93	15	5
26276	2	75	19	7
26277	2	39	13	3
26278	4	126	21	9
26279	4	120	21	10
26280	4	162	24	10
26281	2	40	13	3
26282	4	96	21	6
26283	2	159	20	7
26284	2	24	14	4
26285	2	40	13	3
26286	4	162	24	10
26287	2	21	12	3
26288	6	126	26	8
26289	4	132	22	8
26290	4	168	25	10
26291	4	132	22	8
26292	2	87	15	5
26293	2	16	14	3
26294	4	153	24	10
26295	2	21	12	3
26296	4	132	22	7
26297	2	33	10	5
26298	4	162	27	12
26299	2	15	13	3
26300	4	132	23	8
26301	2	138	17	6
26302	2	20	10	2
26303	4	102	23	7
26304	2	18	15	4
26305	2	15	13	3
26306	2	168	21	8
26307	2	75	15	5
26308	2	13	11	2
26309	4	102	21	6
26310	4	141	24	11
26311	2	15	13	3
26312	2	42	15	4
26313	4	126	22	8
26314	2	87	15	5
26315	2	138	20	8
26316	4	132	24	7
26317	4	126	24	7
26318	2	41	14	4
26319	2	66	12	3
26320	4	141	26	12
26321	4	168	25	10
26322	2	75	17	6
26323	4	141	24	11
26324	4	132	23	8
26325	2	72	11	3
26326	2	102	15	5
26327	4	132	23	8
26328	4	162	24	10
26329	2	81	15	5
26330	4	141	22	10
26331	2	40	13	3
26332	4	132	22	7
26333	4	162	24	10
26334	4	126	21	9
26335	4	96	21	6
26336	2	78	11	3
26337	4	168	25	10
26338	2	87	16	6
26339	2	36	11	6
26340	4	132	22	11
26341	4	126	22	7
26342	4	126	22	8
26343	2	15	12	3
26344	4	159	25	10
26345	2	102	13	4
26346	2	81	11	3
26347	2	186	21	8
26348	2	192	23	9
26349	2	57	15	5
26350	2	63	15	5
26351	4	171	24	10
26352	4	99	20	5
26353	2	19	10	2
26354	2	14	12	3
26355	2	16	13	3
26356	4	147	23	10
26357	4	159	31	14
26358	4	177	25	10
26359	2	105	16	6
26360	2	19	13	3
26361	2	57	8	2
26362	2	57	25	10
26363	4	93	19	4
26364	2	117	20	8
26365	2	14	12	3
26366	2	19	10	2
26367	2	30	12	4
26368	2	150	19	7
26369	2	39	13	3
26370	4	126	23	8
26371	2	66	14	3
26372	2	87	15	5
26373	2	24	14	4
26374	4	60	18	5
26375	2	22	13	3
26376	2	21	12	3
26377	2	168	19	7
26378	4	159	28	12
26379	4	171	24	10
26380	4	132	23	9
26381	4	171	24	10
26382	6	126	26	8
26383	2	66	13	4
26384	2	132	17	6
26385	2	84	13	4
26386	2	162	19	7
26387	2	66	12	3
26388	4	126	24	7
26389	2	79	19	7
26390	4	126	24	7
26391	4	132	22	7
26392	2	39	13	3
26393	2	65	13	3
26394	2	138	17	6
26395	2	42	15	4
26396	4	126	21	9
26397	2	30	7	2
26398	2	123	18	7
26399	4	126	21	9
26400	2	45	12	4
26401	2	132	17	6
26402	2	156	21	8
26403	2	21	12	3
26404	4	132	22	7
26405	2	78	13	4
26406	2	93	19	7
26407	4	171	27	12
26408	4	168	25	10
26409	2	186	27	11
26410	2	75	17	6
26411	2	135	17	6
26412	6	126	25	7
26413	2	51	8	2
26414	6	120	25	7
26415	2	18	15	4
26416	2	87	14	5
26417	4	102	19	5
26418	2	21	12	3
26419	2	87	19	7
26420	2	69	15	5
26421	2	144	19	7
26422	4	141	23	11
26423	2	180	21	8
26424	4	132	24	8
26425	2	42	15	4
26426	2	41	14	4
26427	2	18	12	3
26428	2	93	17	6
26429	2	18	15	4
26430	2	19	13	3
26431	2	120	19	7
26432	2	65	13	3
26433	2	66	13	4
26434	6	132	26	8
26435	4	171	24	10
26436	2	21	12	3
26437	4	159	25	10
26438	4	126	24	7
26439	4	135	29	14
26440	2	150	21	8
26441	4	96	19	5
26442	4	162	24	10
26443	2	84	13	4
26444	2	21	11	3
26445	2	66	11	3
26446	4	126	21	9
26447	2	33	7	2
26448	2	51	13	4
26449	2	21	14	4
26450	4	132	21	9
26451	2	19	13	3
26452	4	162	24	10
26453	2	39	13	3
26454	2	39	13	3
26455	2	18	12	3
26456	2	93	19	7
26457	4	99	19	4
26458	2	102	13	4
26459	4	162	24	10
26460	4	138	22	7
26461	4	141	25	12
26462	4	93	20	4
26463	2	75	17	6
26464	2	114	17	6
26465	4	132	22	8
26466	2	84	13	4
26467	2	51	14	4
26468	2	102	13	4
26469	2	138	19	7
26470	4	132	21	10
26471	2	123	18	7
26472	4	177	25	10
26473	2	40	14	3
26474	4	120	24	7
26475	2	162	19	7
26476	2	40	13	3
26477	2	69	12	4
26478	2	138	19	7
26479	2	39	13	3
26480	2	81	12	4
26481	4	159	28	12
26482	2	120	17	6
26483	2	87	17	6
26484	2	21	12	3
26485	4	168	25	10
26486	2	102	15	5
26487	4	141	23	10
26488	2	21	12	3
26489	2	21	12	3
26490	4	171	27	12
26491	6	126	26	8
26492	2	84	13	4
26493	4	159	25	10
26494	4	126	24	8
26495	2	57	17	6
26496	2	156	19	7
26497	2	38	12	3
26498	4	90	22	6
26499	6	126	25	7
26500	2	150	19	7
26501	2	57	17	6
26502	2	93	11	3
26503	2	174	21	8
26504	4	120	22	8
26505	2	93	15	5
26506	4	99	19	4
26507	6	120	27	9
26508	4	126	22	7
26509	2	16	14	3
26510	2	66	11	3
26511	4	141	21	9
26512	2	105	15	5
26513	4	135	23	10
26514	2	14	11	2
26515	2	17	11	3
26516	4	132	22	7
26517	4	168	25	10
26518	2	42	15	4
26519	4	171	24	10
26520	6	126	25	7
26521	4	96	21	6
26522	2	39	12	3
26523	4	132	24	8
26524	4	126	21	10
26525	2	81	11	3
26526	2	192	21	8
26527	2	21	12	3
26528	4	132	22	7
26529	2	39	13	3
26530	4	126	21	9
26531	2	17	11	3
26532	2	40	13	3
26533	2	21	12	3
26534	2	39	12	3
26535	2	39	13	3
26536	2	120	15	5
26537	6	126	25	7
26538	4	162	24	10
26539	4	93	21	6
26540	4	141	24	11
26541	4	93	19	5
26542	4	159	25	10
26543	4	126	22	11
26544	6	120	26	8
26545	4	159	25	10
26546	2	40	14	3
26547	2	24	14	4
26548	4	168	28	12
26549	2	192	21	8
26550	4	126	21	10
26551	4	102	19	5
26552	2	87	17	6
26553	2	33	7	2
26554	2	69	14	5
26555	2	20	13	4
26556	4	120	21	10
26557	2	81	16	6
26558	4	159	25	10
26559	4	171	24	10
26560	4	126	24	8
26561	2	63	25	10
26562	2	57	17	6
26563	2	105	19	7
26564	4	132	22	7
26565	6	120	25	7
26566	2	120	17	6
26567	2	114	17	6
26568	2	65	13	3
26569	2	192	22	9
26570	2	22	12	3
26571	2	123	21	8
26572	4	126	22	8
26573	2	22	13	3
26574	4	126	21	10
26575	2	18	12	3
26576	2	81	15	5
26577	2	64	12	3
26578	2	18	12	3
26579	2	63	17	6
26580	2	14	12	3
26581	2	21	12	3
26582	4	162	27	12
26583	6	126	27	8
26584	4	159	25	10
26585	2	93	17	6
26586	2	75	13	4
26587	2	19	10	2
26588	2	66	13	4
26589	4	168	28	12
26590	2	81	19	7
26591	2	150	17	6
26592	4	126	24	7
26593	2	22	12	3
26594	2	21	14	4
26595	4	126	22	7
26596	4	153	24	10
26597	2	18	15	4
26598	2	42	15	4
26599	2	132	19	7
26600	2	19	10	2
26601	4	162	24	10
26602	2	16	13	3
26603	2	120	15	5
26604	4	126	24	8
26605	4	162	24	10
26606	2	102	13	4
26607	2	78	13	4
26608	4	132	25	8
26609	2	75	15	5
26610	4	126	21	9
26611	4	126	23	8
26612	4	168	31	14
26613	4	135	24	11
26614	2	21	12	3
26615	2	20	11	3
26616	2	39	13	3
26617	4	132	25	9
26618	4	171	24	10
26619	4	93	19	4
26620	2	168	23	9
26621	2	14	11	2
26622	2	15	13	3
26623	2	162	21	8
26624	2	78	13	4
26625	2	111	16	6
26626	2	150	21	8
26627	2	19	12	3
26628	2	38	11	2
26629	2	38	12	3
26630	2	84	15	5
26631	4	126	24	7
26632	4	168	28	12
26633	2	38	12	3
26634	4	126	22	7
26635	4	162	24	10
26636	2	129	15	5
26637	2	156	21	8
26638	2	39	13	3
26639	4	159	28	12
26640	4	132	22	7
26641	4	150	25	10
26642	2	81	13	4
26643	2	65	13	3
26644	2	81	15	5
26645	2	69	14	5
26646	2	156	21	8
26647	4	96	22	6
26648	2	21	12	3
26649	2	144	20	7
26650	2	138	19	7
26651	2	102	17	6
26652	2	21	12	3
26653	4	126	22	8
26654	2	84	11	3
26655	4	120	21	9
26656	4	168	25	10
26657	4	132	24	8
26658	2	14	11	2
26659	2	16	13	3
26660	2	21	12	3
26661	2	14	11	2
26662	2	22	13	3
26663	2	42	15	4
26664	2	15	13	3
26665	4	135	23	10
26666	2	39	13	3
26667	4	120	21	9
26668	4	93	19	4
26669	4	132	21	10
26670	2	66	11	3
26671	4	126	25	7
26672	2	39	12	3
26673	4	132	24	8
26674	2	21	14	4
26675	4	126	21	9
26676	2	120	18	7
26677	2	42	15	4
26678	4	126	21	9
26679	4	141	23	10
26680	4	132	24	7
26681	4	138	23	9
26682	4	126	24	8
26683	2	19	12	3
26684	2	17	14	4
26685	4	135	23	10
26686	2	156	19	7
26687	2	65	13	3
26688	2	138	17	6
26689	4	159	25	10
26690	2	19	10	2
26691	4	63	18	7
26692	4	132	21	9
26693	4	162	24	10
26694	4	96	20	6
26695	2	156	20	7
26696	4	171	27	12
26697	4	132	23	7
26698	4	126	22	8
26699	4	132	21	10
26700	2	192	23	9
26701	4	162	24	10
26702	2	16	14	3
26703	2	192	23	9
26704	2	19	12	3
26705	2	87	11	3
26706	2	65	12	4
26707	2	65	13	3
26708	4	93	20	4
26709	2	192	21	8
26710	4	159	25	10
26711	2	18	15	4
26712	2	66	13	4
26713	4	126	26	7
26714	2	87	15	5
26715	2	22	12	3
26716	2	93	14	4
26717	2	81	15	5
26718	4	168	25	10
26719	4	132	24	7
26720	4	153	24	10
26721	4	150	25	10
26722	2	51	8	2
26723	2	90	11	3
26724	2	21	14	4
26725	4	159	28	12
26726	2	153	17	6
26727	4	132	25	9
26728	2	75	15	5
26729	2	75	17	6
26730	2	126	15	5
26731	2	66	12	3
26732	2	135	19	7
26733	2	114	15	5
26734	2	102	13	4
26735	4	126	24	8
26736	2	99	17	6
26737	2	132	17	6
26738	2	18	12	3
26739	2	75	17	6
26740	4	126	24	7
26741	2	138	19	7
26742	2	19	12	3
26743	2	108	13	4
26744	2	15	13	3
26745	2	36	7	2
26746	2	18	12	3
26747	4	93	21	6
26748	2	16	14	3
26749	2	87	27	11
26750	4	171	24	10
26751	2	23	13	4
26752	4	135	24	12
26753	2	21	12	3
26754	4	126	23	9
26755	2	18	11	3
26756	4	162	27	12
26757	4	93	19	4
26758	2	22	13	3
26759	2	16	13	3
26760	2	21	12	3
26761	2	39	13	3
26762	4	162	24	10
26763	2	180	23	9
26764	4	159	25	10
26765	4	126	21	9
26766	4	135	25	12
26767	2	120	19	7
26768	2	192	23	9
26769	2	16	14	3
26770	4	141	24	11
26771	2	22	13	3
26772	2	81	21	8
26773	2	81	17	6
26774	4	132	22	8
26775	4	159	25	10
26776	4	132	24	8
26777	2	15	13	3
26778	2	21	10	2
26779	4	126	22	7
26780	6	126	29	10
26781	2	17	10	2
26782	6	126	26	8
26783	4	153	24	10
26784	2	147	19	7
26785	2	192	25	10
26786	2	39	13	3
26787	2	18	12	3
26788	6	126	26	8
26789	4	132	22	7
26790	2	16	13	3
26791	2	42	15	4
26792	4	141	22	10
26793	2	81	16	5
26794	4	171	24	10
26795	2	99	19	7
26796	2	120	18	6
26797	2	39	13	3
26798	2	81	11	3
26799	2	87	16	6
26800	2	19	12	3
26801	4	171	24	10
26802	4	102	19	5
26803	2	14	11	2
26804	2	174	21	8
26805	4	141	25	10
26806	2	21	14	4
26807	4	126	21	9
26808	4	135	24	12
26809	2	39	13	3
26810	4	126	21	10
26811	4	96	24	8
26812	4	171	24	10
26813	4	120	22	7
26814	2	13	11	2
26815	2	150	21	8
26816	4	159	25	10
26817	4	93	19	4
26818	2	41	14	4
26819	2	132	19	7
26820	4	126	23	8
26821	4	162	24	10
26822	4	126	25	9
26823	2	36	11	6
26824	2	15	13	3
26825	4	63	17	5
26826	2	75	19	7
26827	2	192	21	8
26828	2	17	14	4
26829	2	42	15	4
26830	4	126	22	7
26831	4	126	22	10
26832	4	159	28	12
26833	2	111	18	7
26834	2	16	14	3
26835	2	111	18	6
26836	2	81	11	3
26837	2	120	15	5
26838	2	102	13	4
26839	4	132	22	7
26840	4	96	19	4
26841	2	36	7	2
26842	4	135	22	10
26843	2	102	15	5
26844	4	135	23	10
26845	2	99	13	4
26846	2	15	13	3
26847	2	38	11	2
26848	6	120	26	8
26849	4	126	22	7
26850	4	135	25	10
26851	2	21	12	3
26852	6	126	25	7
26853	2	57	13	4
26854	2	117	19	7
26855	2	75	21	8
26856	6	120	30	11
26857	2	186	25	10
26858	2	41	14	4
26859	2	51	10	3
26860	2	81	17	6
26861	2	168	19	7
26862	4	162	24	10
26863	2	19	12	3
26864	2	66	14	3
26865	2	102	15	5
26866	2	19	10	2
26867	6	120	28	9
26868	6	120	28	9
26869	2	16	13	3
26870	6	126	27	8
26871	2	36	11	2
26872	2	144	17	6
26873	2	75	17	6
26874	2	75	15	5
26875	2	114	17	6
26876	2	141	19	7
26877	4	141	22	10
26878	2	51	8	2
26879	2	42	15	4
26880	4	126	24	8
26881	2	75	19	7
26882	4	180	24	10
26883	2	22	13	3
26884	4	171	24	10
26885	4	126	24	8
26886	2	16	13	3
26887	2	168	21	8
26888	4	162	24	10
26889	4	132	24	7
26890	2	40	13	3
26891	2	81	13	4
26892	2	126	15	5
26893	2	156	21	8
26894	2	40	13	3
26895	2	120	17	6
26896	2	24	14	4
26897	4	87	22	6
26898	4	162	24	10
26899	2	66	10	2
26900	2	144	19	7
26901	2	22	12	3
26902	2	40	13	3
26903	4	126	22	7
26904	2	16	10	2
26905	2	39	13	3
26906	2	120	17	6
26907	4	132	21	9
26908	2	180	23	9
26909	4	135	24	11
26910	2	162	21	8
26911	2	168	23	9
26912	4	132	24	8
26913	4	126	24	7
26914	2	66	11	3
26915	2	17	11	3
26916	2	192	21	8
26917	2	93	21	8
26918	4	171	24	10
26919	2	84	11	3
26920	2	96	17	6
26921	2	16	13	3
26922	2	81	13	4
26923	2	63	10	3
26924	2	41	14	4
26925	2	93	17	6
26926	2	20	11	3
26927	4	126	24	7
26928	2	138	19	7
26929	4	135	24	11
26930	4	126	25	7
26931	4	93	20	5
26932	2	18	15	4
26933	4	159	25	10
26934	4	162	24	10
26935	2	39	13	3
26936	2	24	14	4
26937	2	114	21	8
26938	2	66	11	3
26939	2	138	21	8
26940	2	162	23	9
26941	2	138	19	7
26942	4	126	24	7
26943	2	21	12	3
26944	2	63	23	9
26945	2	66	14	3
26946	4	120	24	7
26947	4	120	24	7
26948	2	75	13	4
26949	4	96	20	4
26950	2	30	12	4
26951	2	41	14	4
26952	4	159	28	12
26953	2	105	20	8
26954	2	75	21	8
26955	2	57	15	5
26956	2	22	13	3
26957	2	19	12	3
26958	2	120	13	4
26959	4	162	24	10
26960	2	16	10	2
26961	2	66	11	3
26962	2	23	13	4
26963	2	66	13	4
26964	2	93	15	5
26965	4	96	19	5
26966	4	63	18	7
26967	4	132	21	9
26968	2	87	15	5
26969	4	159	25	10
26970	2	120	20	7
26971	2	21	12	3
26972	4	168	28	12
26973	2	168	21	8
26974	4	135	23	10
26975	4	126	22	8
26976	2	84	11	3
26977	2	40	13	3
26978	4	135	24	11
26979	2	84	14	5
26980	2	22	12	3
26981	2	39	12	3
26982	4	126	24	7
26983	2	168	23	9
26984	2	117	13	4
26985	2	81	11	3
26986	2	21	12	3
26987	2	18	11	3
26988	2	66	13	4
26989	2	16	13	3
26990	4	102	21	6
26991	4	87	19	4
26992	2	64	12	3
26993	2	102	15	5
26994	2	75	15	5
26995	4	141	23	10
26996	2	18	12	3
26997	2	93	15	5
26998	2	84	13	4
26999	4	96	21	5
27000	2	21	14	4
27001	2	129	19	7
27002	2	65	13	3
27003	4	162	24	10
27004	6	126	27	8
27005	2	99	16	5
27006	2	39	12	3
27007	2	33	8	2
27008	4	132	22	8
27009	2	21	14	4
27010	2	78	13	4
27011	4	159	31	14
27012	2	17	11	3
27013	2	84	11	3
27014	2	93	11	3
27015	4	132	24	8
27016	4	132	22	8
27017	2	19	12	3
27018	2	66	11	3
27019	2	186	23	9
27020	2	174	21	8
27021	6	126	26	8
27022	4	93	21	6
27023	2	22	12	3
27024	2	102	17	6
27025	2	66	11	3
27026	4	162	24	10
27027	4	171	24	10
27028	4	171	27	12
27029	4	126	26	7
27030	2	75	15	5
27031	4	120	24	7
27032	4	132	22	8
27033	4	132	24	7
27034	2	15	12	3
27035	2	22	12	3
27036	2	18	11	3
27037	2	22	12	3
27038	2	174	19	7
27039	6	120	26	8
27040	4	129	23	11
27041	4	150	25	10
27042	2	186	21	8
27043	4	162	27	12
27044	2	75	17	6
27045	2	17	14	4
27046	4	132	21	10
27047	2	64	12	3
27048	2	40	13	3
27049	2	78	13	4
27050	2	21	11	3
27051	4	126	24	7
27052	2	138	19	7
27053	2	69	14	4
27054	2	22	13	3
27055	2	18	12	3
27056	2	102	15	5
27057	4	138	22	8
27058	4	126	22	7
27059	2	66	13	4
27060	4	162	24	10
27061	2	108	15	5
27062	4	126	24	8
27063	4	135	24	11
27064	4	63	18	7
27065	2	174	23	9
27066	2	69	13	4
27067	4	168	31	14
27068	2	84	13	4
27069	4	96	21	5
27070	2	16	13	3
27071	2	21	12	3
27072	4	126	24	8
27073	2	63	13	4
27074	2	42	15	4
27075	4	168	25	10
27076	2	93	15	5
27077	4	126	24	8
27078	2	18	12	3
27079	2	38	12	3
27080	2	81	17	6
27081	2	186	21	8
27082	2	114	17	6
27083	2	69	15	5
27084	2	69	14	5
27085	2	168	19	7
27086	2	105	19	7
27087	4	126	24	7
27088	6	126	27	8
27089	4	126	23	8
27090	4	135	23	10
27091	2	39	13	3
27092	2	16	14	3
27093	2	96	15	5
27094	4	135	24	11
27095	2	20	11	3
27096	2	22	12	3
27097	4	171	24	10
27098	2	39	12	3
27099	2	192	23	9
27100	4	150	25	10
27101	4	162	24	10
27102	4	96	19	5
27103	2	63	13	4
27104	2	84	13	4
27105	2	150	21	8
27106	2	63	14	5
27107	2	40	14	3
27108	2	40	13	3
27109	2	51	10	3
27110	2	156	19	7
27111	4	63	17	5
27112	4	93	20	5
27113	4	126	21	9
27114	4	159	25	10
27115	2	22	12	3
27116	2	51	12	4
27117	2	129	20	8
27118	2	117	18	7
27119	4	126	22	10
27120	4	171	24	10
27121	2	186	25	10
27122	6	120	27	9
27123	2	16	10	2
27124	2	162	21	8
27125	2	18	12	3
27126	4	126	25	8
27127	2	111	23	9
27128	2	84	14	5
27129	2	66	11	3
27130	6	120	26	8
27131	2	21	14	4
27132	2	102	15	5
27133	6	114	29	10
27134	4	168	31	14
27135	2	129	17	6
27136	2	22	12	3
27137	4	132	23	10
27138	4	132	22	8
27139	6	120	27	9
27140	4	126	21	9
27141	2	81	19	7
27142	4	132	22	7
27143	2	18	15	4
27144	2	36	11	6
27145	4	132	23	9
27146	2	57	8	2
27147	2	174	21	8
27148	4	126	22	8
27149	4	132	21	10
27150	2	78	11	3
27151	4	126	24	7
27152	4	63	17	5
27153	2	87	18	7
27154	4	150	25	10
27155	2	42	15	4
27156	2	120	17	6
27157	2	24	14	4
27158	4	177	25	10
27159	2	150	19	7
27160	2	42	15	4
27161	2	66	13	4
27162	4	132	25	9
27163	2	57	13	4
27164	6	126	25	7
27165	2	66	13	4
27166	2	18	15	4
27167	2	51	10	3
27168	2	65	13	3
27169	2	114	17	6
27170	2	168	23	9
27171	2	66	13	4
27172	2	108	15	5
27173	4	171	24	10
27174	2	39	12	3
27175	4	171	24	10
27176	2	108	15	5
27177	2	162	17	6
27178	4	96	21	6
27179	2	21	12	3
27180	4	138	22	8
27181	2	24	14	4
27182	2	42	15	4
27183	4	141	23	10
27184	2	99	15	5
27185	4	132	21	9
27186	2	16	13	3
27187	4	153	27	12
27188	4	126	24	7
27189	2	87	11	3
27190	4	171	24	10
27191	4	120	24	8
27192	4	162	27	12
27193	2	174	25	10
27194	2	81	15	5
27195	2	36	11	2
27196	4	120	23	7
27197	2	75	17	6
27198	4	63	18	7
27199	2	36	7	2
27200	4	159	25	10
27201	4	171	27	12
27202	2	51	10	3
27203	2	168	21	8
27204	2	41	14	4
27205	2	174	19	7
27206	6	120	26	8
27207	4	171	24	10
27208	2	21	12	3
27209	2	75	17	6
27210	2	24	14	4
27211	2	84	15	5
27212	4	126	22	7
27213	2	19	12	3
27214	4	135	24	11
27215	2	63	15	5
27216	2	21	12	3
27217	4	162	24	10
27218	4	162	27	12
27219	2	75	15	5
27220	2	73	19	7
27221	2	129	19	7
27222	2	135	20	7
27223	2	129	19	7
27224	2	19	12	3
27225	2	66	13	4
27226	6	126	27	8
27227	2	180	25	10
27228	4	168	25	10
27229	4	135	23	10
27230	2	123	22	8
27231	6	120	25	7
27232	2	144	17	6
27233	4	132	22	7
27234	4	162	24	10
27235	4	135	23	10
27236	2	14	12	3
27237	4	171	24	10
27238	4	171	24	10
27239	4	126	22	7
27240	4	126	21	7
27241	2	66	14	3
27242	4	96	19	5
27243	2	57	8	2
27244	4	159	28	12
27245	4	120	23	7
27246	2	75	23	9
27247	2	75	21	8
27248	2	99	16	6
27249	4	150	28	12
27250	2	40	13	3
27251	2	111	15	5
27252	2	19	13	3
27253	2	19	12	3
27254	2	66	13	4
27255	2	81	13	4
27256	2	102	13	4
27257	4	126	24	7
27258	2	132	17	6
27259	2	114	17	6
27260	4	141	23	10
27261	4	135	24	11
27262	4	135	25	11
27263	2	75	17	6
27264	2	102	13	4
27265	2	132	19	7
27266	4	132	21	9
27267	2	63	13	4
27268	4	120	22	7
27269	2	105	17	6
27270	4	147	23	11
27271	4	63	18	7
27272	4	162	27	12
27273	2	17	10	2
27274	2	21	12	3
27275	4	132	24	8
27276	4	126	24	7
27277	2	114	17	6
27278	4	171	24	10
27279	4	126	21	10
27280	2	15	12	3
27281	4	135	24	11
27282	6	120	25	7
27283	2	24	14	4
27284	4	132	22	7
27285	2	84	13	4
27286	4	132	22	8
27287	2	174	21	8
27288	4	132	23	10
27289	4	132	24	7
27290	2	66	10	2
27291	2	102	15	5
27292	2	138	19	7
27293	2	16	13	3
27294	2	40	14	3
27295	2	33	8	2
27296	2	21	14	4
27297	6	120	25	7
27298	4	126	21	10
27299	2	102	13	4
27300	2	87	19	7
27301	4	132	24	7
27302	4	168	28	12
27303	4	90	22	6
27304	2	93	19	7
27305	2	19	13	3
27306	2	64	12	3
27307	2	66	13	4
27308	4	171	27	12
27309	2	63	14	5
27310	2	23	13	4
27311	2	132	17	6
27312	4	132	21	10
27313	2	41	14	4
27314	2	96	15	5
27315	2	81	15	5
27316	2	41	14	4
27317	2	18	11	3
27318	4	126	23	10
27319	2	75	23	9
27320	6	126	25	7
27321	4	105	21	6
27322	2	66	11	3
27323	4	93	19	4
27324	2	73	19	7
27325	2	105	20	8
27326	4	162	24	10
27327	4	126	21	10
27328	4	159	25	10
27329	6	120	26	8
27330	4	126	22	7
27331	2	14	12	3
27332	4	171	24	10
27333	2	40	13	3
27334	2	120	18	6
27335	4	168	25	10
27336	2	19	13	3
27337	4	93	20	5
27338	2	81	17	6
27339	4	126	21	9
27340	2	93	11	3
27341	4	126	22	7
27342	4	132	24	8
27343	2	168	21	8
27344	2	21	11	3
27345	4	171	24	10
27346	2	81	13	4
27347	4	132	21	9
27348	2	39	13	3
27349	2	21	12	3
27350	2	40	13	3
27351	2	23	11	3
27352	2	81	15	5
27353	2	18	15	4
27354	2	81	13	4
27355	2	150	17	6
27356	2	15	12	3
27357	2	42	15	4
27358	2	66	11	3
27359	4	168	28	12
27360	2	22	13	3
27361	4	126	21	9
27362	2	51	13	4
27363	4	171	27	12
27364	4	126	24	8
27365	2	66	10	4
27366	4	138	22	7
27367	2	75	23	9
27368	4	96	20	6
27369	4	132	24	8
27370	2	69	17	6
27371	2	19	10	2
27372	2	18	15	4
27373	2	99	13	4
27374	2	75	21	8
27375	2	174	19	7
27376	2	39	12	3
27377	2	19	13	3
27378	2	20	11	3
27379	2	22	13	3
27380	4	159	25	10
27381	2	15	13	3
27382	2	69	19	7
27383	2	21	11	3
27384	4	132	24	8
27385	4	126	22	9
27386	2	22	12	3
27387	2	63	10	3
27388	2	51	14	5
27389	2	18	15	4
27390	2	162	21	8
27391	2	73	21	8
27392	2	174	19	7
27393	4	96	19	5
27394	4	159	28	12
27395	2	96	13	4
27396	2	123	19	7
27397	2	18	15	4
27398	4	159	25	10
27399	4	132	24	7
27400	4	126	24	7
27401	2	57	11	3
27402	2	78	13	4
27403	4	135	23	10
27404	2	99	13	4
27405	4	171	24	10
27406	4	102	23	7
27407	4	159	28	12
27408	2	123	23	9
27409	2	66	11	3
27410	2	66	13	4
27411	4	147	23	10
27412	2	66	11	3
27413	4	159	28	12
27414	2	111	18	7
27415	2	180	23	9
27416	2	21	12	3
27417	2	90	11	3
27418	2	14	12	3
27419	2	21	10	2
27420	4	138	23	8
27421	4	171	27	12
27422	2	19	13	3
27423	2	81	17	6
27424	2	15	13	3
27425	2	40	13	3
27426	2	65	13	3
27427	2	117	18	7
27428	4	171	24	10
27429	2	129	17	6
27430	2	19	10	2
27431	2	81	15	5
27432	2	57	15	5
27433	2	132	19	7
27434	2	75	15	5
27435	2	63	19	7
27436	2	39	13	3
27437	4	132	22	7
27438	6	126	26	8
27439	4	135	24	11
27440	4	150	25	10
27441	2	71	19	7
27442	2	102	13	4
27443	2	40	13	3
27444	4	159	28	12
27445	2	150	21	8
27446	2	75	13	4
27447	4	138	21	10
27448	2	150	23	9
27449	4	135	24	11
27450	6	120	26	8
27451	2	84	11	3
27452	2	39	13	3
27453	2	156	19	7
27454	2	18	12	3
27455	2	75	17	6
27456	2	40	14	3
27457	2	20	13	4
27458	2	69	12	4
27459	4	126	24	7
27460	2	84	11	3
27461	2	19	12	3
27462	2	19	12	3
27463	2	40	13	3
27464	2	22	13	3
27465	2	135	17	6
27466	4	141	24	11
27467	2	14	12	3
27468	2	93	13	4
27469	4	168	25	10
27470	2	51	14	4
27471	2	84	15	5
27472	2	117	16	5
27473	2	42	15	4
27474	2	186	23	9
27475	2	41	14	4
27476	2	23	13	4
27477	4	162	27	12
27478	4	171	27	12
27479	2	66	11	3
27480	2	99	15	5
27481	2	23	13	4
27482	2	18	15	4
27483	2	174	21	8
27484	4	132	24	7
27485	2	21	14	4
27486	2	57	13	4
27487	2	15	13	3
27488	2	138	20	8
27489	2	174	21	8
27490	2	102	17	6
27491	2	126	19	7
27492	4	96	19	5
27493	4	162	24	10
27494	2	102	15	5
27495	2	21	11	3
27496	4	126	21	10
27497	2	63	16	6
27498	2	102	17	6
27499	2	114	19	7
27500	2	75	27	11
27501	2	40	13	3
27502	4	60	18	5
27503	2	102	15	5
27504	4	162	24	10
27505	4	150	28	12
27506	6	120	29	10
27507	2	84	13	4
27508	4	126	25	7
27509	2	138	17	6
27510	2	51	8	2
27511	4	141	23	10
27512	4	132	21	9
27513	4	159	25	10
27514	2	93	19	7
27515	2	168	23	9
27516	4	120	22	7
27517	2	150	21	8
27518	2	75	25	10
27519	2	132	19	7
27520	2	20	11	3
27521	2	186	24	10
27522	2	20	11	3
27523	4	126	22	8
27524	4	120	23	8
27525	4	135	24	12
27526	2	105	18	7
27527	4	171	24	10
27528	2	129	19	7
27529	2	22	12	3
27530	4	135	22	10
27531	2	19	12	3
27532	2	57	13	4
27533	2	159	22	8
27534	2	102	13	4
27535	2	18	12	3
27536	2	156	19	7
27537	4	150	28	12
27538	2	15	13	3
27539	2	65	12	4
27540	4	57	16	5
27541	2	75	17	6
27542	2	102	13	4
27543	2	81	15	5
27544	2	41	14	4
27545	2	66	13	4
27546	2	16	14	3
27547	2	16	14	3
27548	2	40	13	3
27549	4	141	24	11
27550	2	78	13	4
27551	2	117	15	5
27552	4	135	22	10
27553	2	22	12	3
27554	2	21	10	2
27555	4	132	24	8
27556	2	66	10	2
27557	4	135	22	10
27558	4	60	18	5
27559	2	21	12	3
27560	2	84	13	4
27561	2	19	13	3
27562	2	21	12	3
27563	4	93	20	5
27564	2	99	15	5
27565	4	141	22	10
27566	2	75	17	6
27567	2	111	18	7
27568	4	135	24	11
27569	2	147	22	8
27570	4	63	19	7
27571	2	16	10	2
27572	2	96	17	6
27573	2	150	19	7
27574	4	132	22	7
27575	2	19	13	3
27576	4	141	24	11
27577	4	162	24	10
27578	2	40	13	3
27579	2	22	13	3
27580	4	63	17	5
27581	2	38	12	3
27582	4	132	21	9
27583	2	21	12	3
27584	2	21	12	3
27585	2	78	11	3
27586	2	168	19	7
27587	2	114	15	5
27588	2	18	12	3
27589	4	126	22	7
27590	4	96	22	7
27591	2	16	13	3
27592	2	93	17	6
27593	4	159	25	10
27594	2	41	14	4
27595	4	126	22	7
27596	2	24	14	4
27597	2	84	15	5
27598	4	171	24	10
27599	4	132	24	8
27600	2	135	18	6
27601	2	40	13	3
27602	4	132	24	7
27603	2	132	17	6
27604	4	132	22	7
27605	4	150	28	12
27606	4	141	23	11
27607	4	141	21	9
27608	2	84	15	5
27609	4	141	24	11
27610	2	66	11	3
27611	2	15	13	3
27612	2	81	23	9
27613	2	69	13	4
27614	4	96	21	6
27615	2	84	15	5
27616	4	126	22	8
27617	4	132	22	7
27618	2	20	10	2
27619	4	153	24	10
27620	2	77	17	6
27621	4	147	24	12
27622	4	126	22	8
27623	4	126	21	9
27624	2	186	21	8
27625	2	42	15	4
27626	2	18	12	3
27627	2	22	13	3
27628	2	30	12	4
27629	2	105	16	6
27630	4	126	22	7
27631	2	138	19	7
27632	4	159	25	10
27633	4	99	19	4
27634	2	75	13	4
27635	2	198	25	10
27636	2	20	10	2
27637	2	21	11	3
27638	4	132	23	8
27639	2	51	13	4
27640	6	126	26	8
27641	2	138	17	6
27642	4	162	27	12
27643	2	81	17	6
27644	2	40	13	3
27645	4	99	21	5
27646	2	81	19	7
27647	2	20	11	3
27648	2	87	15	5
27649	2	23	13	4
27650	4	135	24	12
27651	4	93	21	6
27652	2	174	23	9
27653	4	153	27	12
27654	2	18	12	3
27655	2	75	19	7
27656	6	126	25	7
27657	4	132	21	10
27658	2	81	13	4
27659	4	171	24	10
27660	2	17	14	4
27661	4	141	24	11
27662	2	18	12	3
27663	2	18	12	3
27664	2	33	7	2
27665	4	126	21	10
27666	2	81	16	6
27667	2	36	11	2
27668	2	20	11	3
27669	2	87	14	4
27670	4	126	24	7
27671	2	75	21	8
27672	2	120	15	5
27673	2	21	10	2
27674	2	33	10	5
27675	4	132	21	9
27676	4	159	25	10
27677	4	93	20	4
27678	2	75	19	7
27679	4	120	24	7
27680	2	66	10	2
27681	2	21	12	3
27682	4	96	21	6
27683	4	168	25	10
27684	4	168	25	10
27685	4	162	24	10
27686	4	126	22	7
27687	2	57	8	2
27688	2	39	13	3
27689	2	18	12	3
27690	2	17	10	2
27691	2	51	13	4
27692	6	114	27	9
27693	2	38	11	2
27694	2	99	11	3
27695	2	66	13	4
27696	2	75	19	7
27697	2	16	13	3
27698	4	96	21	6
27699	2	18	12	3
27700	2	66	11	3
27701	2	20	11	3
27702	4	171	27	12
27703	4	159	25	10
27704	2	156	23	9
27705	2	75	17	6
27706	4	162	24	10
27707	4	126	21	10
27708	2	150	19	7
27709	4	126	21	9
27710	2	40	13	3
27711	2	186	23	9
27712	2	15	13	3
27713	4	132	22	7
27714	4	102	21	6
27715	4	171	27	12
27716	4	141	21	9
27717	2	63	21	8
27718	4	135	23	10
27719	2	81	15	5
27720	6	120	26	8
27721	4	126	21	9
27722	2	19	12	3
27723	2	66	10	2
27724	4	126	22	7
27725	4	126	21	9
27726	4	126	24	8
27727	2	40	13	3
27728	4	120	26	7
27729	2	168	19	7
27730	4	141	23	10
27731	2	65	13	3
27732	2	117	21	7
27733	4	126	22	10
27734	4	126	24	7
27735	4	126	21	9
27736	4	120	22	9
27737	4	126	24	8
27738	4	135	24	11
27739	2	120	17	6
27740	4	159	25	10
27741	2	22	13	3
27742	2	51	8	2
27743	4	93	19	5
27744	4	159	25	10
27745	2	33	7	2
27746	2	65	13	3
27747	2	42	15	4
27748	4	126	21	9
27749	4	126	24	8
27750	2	42	15	4
27751	2	39	12	3
27752	2	21	12	3
27753	2	19	13	3
27754	4	120	21	9
27755	2	138	17	6
27756	4	102	23	7
27757	2	69	12	4
27758	2	14	11	2
27759	2	99	15	5
27760	4	159	28	12
27761	2	21	10	2
27762	4	120	22	9
27763	4	171	24	10
27764	2	14	12	3
27765	2	114	19	7
27766	4	141	28	13
27767	2	150	17	6
27768	4	129	25	11
27769	2	30	12	4
27770	4	168	28	12
27771	2	93	15	5
27772	2	132	21	8
27773	2	20	13	4
27774	4	129	25	11
27775	4	132	22	7
27776	2	19	10	2
27777	2	20	11	3
27778	2	63	15	5
27779	2	168	23	9
27780	4	168	28	12
27781	2	21	14	4
27782	4	132	23	8
27783	2	33	10	5
27784	4	132	24	7
27785	2	60	13	4
27786	2	21	14	4
27787	4	135	23	10
27788	2	135	23	9
27789	2	84	11	3
27790	2	75	19	7
27791	2	21	14	4
27792	4	126	21	9
27793	2	87	16	6
27794	2	129	17	6
27795	2	75	15	5
27796	2	174	23	9
27797	2	102	13	4
27798	2	66	13	4
27799	4	132	24	7
27800	2	20	11	3
27801	2	21	12	3
27802	2	99	12	3
27803	2	168	23	9
27804	4	129	22	9
27805	4	135	24	11
27806	2	126	15	5
27807	2	75	17	6
27808	2	102	15	5
27809	2	87	15	5
27810	4	126	24	7
27811	2	81	15	5
27812	6	120	27	8
27813	2	40	13	3
27814	2	63	23	9
27815	4	126	24	7
27816	4	168	25	10
27817	2	21	12	3
27818	2	21	14	4
27819	4	159	25	10
27820	2	174	21	8
27821	2	18	12	3
27822	2	156	22	8
27823	2	39	12	3
27824	2	33	7	2
27825	4	126	21	7
27826	2	66	14	3
27827	2	96	13	4
27828	6	120	26	8
27829	2	22	13	3
27830	2	42	15	4
27831	4	162	24	10
27832	4	126	22	7
27833	2	18	12	3
27834	2	42	15	4
27835	4	93	19	4
27836	2	114	17	6
27837	2	111	15	5
27838	2	21	12	3
27839	4	132	22	8
27840	6	114	29	10
27841	4	141	24	11
27842	2	66	10	2
27843	4	138	21	9
27844	4	126	22	7
27845	4	132	22	8
27846	4	135	23	10
27847	2	57	15	5
27848	2	192	19	7
27849	2	19	10	2
27850	4	126	23	8
27851	4	168	28	12
27852	2	75	19	7
27853	4	141	23	10
27854	2	75	15	5
27855	2	87	21	8
27856	2	40	14	3
27857	2	99	15	5
27858	2	63	14	5
27859	2	21	10	2
27860	4	126	24	7
27861	2	87	19	7
27862	6	120	28	9
27863	2	117	17	6
27864	2	123	19	7
27865	2	22	12	3
27866	4	93	21	6
27867	2	16	14	3
27868	2	19	13	3
27869	4	162	24	10
27870	2	21	10	2
27871	2	39	13	3
27872	2	15	13	3
27873	2	87	13	4
27874	2	99	13	4
27875	4	132	22	8
27876	2	138	21	8
27877	2	40	14	3
27878	4	126	23	10
27879	2	120	15	5
27880	2	69	17	6
27881	4	168	25	10
27882	2	75	19	7
27883	4	126	22	7
27884	2	75	21	8
27885	2	18	15	4
27886	4	168	28	12
27887	4	168	25	10
27888	4	126	24	11
27889	2	18	11	3
27890	6	126	25	7
27891	4	126	24	7
27892	4	132	21	10
27893	4	168	25	10
27894	2	19	12	3
27895	2	19	10	2
27896	2	186	23	9
27897	4	141	23	10
27898	2	57	13	4
27899	2	174	21	8
27900	2	192	19	7
27901	4	171	24	10
27902	2	87	23	9
27903	2	138	15	5
27904	2	120	19	7
27905	4	135	24	11
27906	2	19	10	2
27907	4	126	21	10
27908	2	174	25	10
27909	2	19	13	3
27910	2	16	14	3
27911	2	18	15	4
27912	2	21	11	3
27913	2	96	17	6
27914	2	40	13	3
27915	2	150	23	9
27916	4	159	28	12
27917	4	132	21	10
27918	4	132	25	7
27919	2	87	13	4
27920	2	162	19	7
27921	4	96	19	4
27922	2	93	19	7
27923	2	18	15	4
27924	2	180	21	8
27925	4	126	22	10
27926	2	162	23	9
27927	4	168	28	12
27928	4	159	25	10
27929	2	81	17	6
27930	2	15	13	3
27931	2	150	24	9
27932	4	159	28	12
27933	2	75	21	8
27934	2	81	15	5
27935	2	150	19	7
27936	2	39	13	3
27937	4	168	28	12
27938	4	171	27	12
27939	4	162	24	10
27940	2	75	17	6
27941	2	99	15	5
27942	2	20	13	4
27943	4	126	22	8
27944	2	129	16	5
27945	2	186	25	10
27946	2	66	10	2
27947	4	93	20	5
27948	2	66	10	2
27949	2	40	13	3
27950	6	126	27	8
27951	2	66	13	4
27952	2	69	14	5
27953	2	65	12	4
27954	2	23	13	4
27955	2	22	13	3
27956	2	123	18	7
27957	2	40	14	3
27958	2	120	15	5
27959	2	192	25	10
27960	2	18	12	3
27961	6	120	29	10
27962	2	123	20	7
27963	4	132	24	10
27964	4	126	23	8
27965	4	105	21	6
27966	2	162	19	7
27967	2	75	21	8
27968	4	171	27	12
27969	2	81	13	4
27970	2	71	17	6
27971	4	168	28	12
27972	2	24	14	4
27973	2	22	13	3
27974	2	19	13	3
27975	4	135	23	10
27976	2	51	8	2
27977	4	129	21	9
27978	2	174	23	9
27979	2	21	12	3
27980	2	40	14	3
27981	4	171	27	12
27982	4	135	23	10
27983	4	159	25	10
27984	4	162	24	10
27985	4	162	24	10
27986	2	42	15	4
27987	2	14	11	2
27988	4	120	22	8
27989	4	102	20	6
27990	2	66	13	4
27991	4	126	23	8
27992	2	15	13	3
27993	2	33	8	2
27994	2	114	13	4
27995	2	65	13	3
27996	2	126	17	6
27997	2	102	15	5
27998	4	150	28	12
27999	4	99	19	4
28000	2	120	17	6
28001	2	75	19	7
28002	4	126	24	8
28003	2	153	24	9
28004	2	23	13	4
28005	4	126	21	9
28006	4	126	22	7
28007	2	21	12	3
28008	2	39	13	3
28009	2	126	15	5
28010	2	99	15	5
28011	2	162	21	8
28012	2	63	15	5
28013	2	96	13	4
28014	4	135	24	11
28015	4	132	25	8
28016	4	168	28	12
28017	4	126	21	9
28018	2	111	17	6
28019	4	96	21	6
28020	2	69	12	4
28021	4	132	22	8
28022	4	96	19	4
28023	4	171	27	12
28024	2	186	25	10
28025	2	39	13	3
28026	2	87	15	5
28027	4	132	24	7
28028	2	66	10	2
28029	2	36	11	6
28030	2	102	14	5
28031	4	138	24	7
28032	2	40	13	3
28033	4	132	22	7
28034	2	69	13	4
28035	2	120	18	7
28036	4	132	24	7
28037	2	15	13	3
28038	2	84	15	5
28039	2	66	14	3
28040	4	132	25	9
28041	4	96	19	5
28042	2	123	19	7
28043	2	40	14	3
28044	2	16	13	3
28045	2	138	17	6
28046	2	18	15	4
28047	2	81	19	7
28048	2	63	14	5
28049	2	66	14	3
28050	4	141	22	10
28051	2	39	13	3
28052	2	114	19	7
28053	4	171	27	12
28054	2	84	13	4
28055	4	135	23	10
28056	4	132	21	9
28057	2	75	15	5
28058	2	17	10	2
28059	4	135	23	10
28060	2	66	13	4
28061	4	126	24	7
28062	2	57	8	2
28063	4	168	28	12
28064	4	135	22	10
28065	4	168	25	10
28066	2	65	13	3
28067	2	51	8	2
28068	2	75	19	7
28069	2	93	21	8
28070	4	126	22	8
28071	2	18	11	3
28072	2	105	19	7
28073	4	93	19	5
28074	4	168	28	12
28075	2	57	15	5
28076	2	111	18	6
28077	4	126	21	10
28078	4	138	21	10
28079	2	75	19	7
28080	2	21	12	3
28081	2	84	13	4
28082	4	132	25	9
28083	4	96	21	5
28084	2	174	21	8
28085	4	102	21	6
28086	2	36	7	2
28087	2	87	20	7
28088	4	132	24	8
28089	2	93	17	6
28090	4	162	27	12
28091	4	135	23	11
28092	4	126	22	7
28093	2	117	18	7
28094	2	102	13	4
28095	2	39	12	3
28096	2	81	14	5
28097	6	126	29	10
28098	2	17	14	4
28099	2	18	15	4
28100	2	138	19	7
28101	2	66	13	4
28102	4	171	24	10
28103	2	57	13	4
28104	2	42	15	4
28105	2	36	7	2
28106	4	126	24	7
28107	2	102	13	4
28108	4	126	24	7
28109	4	141	25	11
28110	2	156	19	7
28111	2	33	7	2
28112	2	40	14	3
28113	4	141	24	11
28114	2	75	13	4
28115	2	19	12	3
28116	2	37	11	2
28117	2	114	17	6
28118	2	66	12	3
28119	2	51	13	4
28120	2	21	14	4
28121	4	120	21	9
28122	4	159	25	10
28123	2	18	12	3
28124	4	132	24	7
28125	2	96	17	6
28126	2	42	15	4
28127	4	141	23	11
28128	4	132	22	7
28129	2	84	13	4
28130	2	18	12	3
28131	4	159	25	10
28132	4	126	22	7
28133	4	96	19	4
28134	2	156	21	8
28135	2	65	12	4
28136	2	186	29	12
28137	2	22	13	3
28138	2	93	19	7
28139	2	18	12	3
28140	2	156	21	8
28141	2	114	15	5
28142	4	120	22	8
28143	2	65	13	3
28144	4	159	28	12
28145	4	132	21	10
28146	4	171	24	10
28147	2	40	13	3
28148	2	156	21	8
28149	4	96	19	5
28150	2	63	14	5
28151	4	138	21	9
28152	2	40	13	3
28153	2	84	11	3
28154	4	129	23	10
28155	2	81	13	4
28156	2	36	7	2
28157	2	84	13	4
28158	4	96	21	6
28159	4	126	21	10
28160	2	75	15	5
28161	2	18	15	4
28162	2	21	12	3
28163	2	75	11	3
28164	2	81	15	5
28165	2	38	12	3
28166	2	117	15	5
28167	2	41	14	4
28168	2	42	15	4
28169	2	102	13	4
28170	2	180	23	9
28171	2	32	7	2
28172	2	192	21	8
28173	2	18	15	4
28174	4	168	31	14
28175	2	84	12	4
28176	2	39	12	3
28177	4	135	25	12
28178	2	40	13	3
28179	4	162	24	10
28180	2	40	14	3
28181	2	63	12	4
28182	2	21	12	3
28183	4	120	22	7
28184	2	102	13	4
28185	4	120	24	7
28186	2	63	17	6
28187	2	40	13	3
28188	2	90	13	4
28189	2	81	19	7
28190	2	102	15	5
28191	2	153	19	7
28192	4	120	26	8
28193	2	21	12	3
28194	2	87	14	4
28195	4	171	24	10
28196	4	96	22	7
28197	4	141	26	11
28198	2	186	25	10
28199	2	168	19	7
28200	4	129	22	10
28201	2	22	12	3
28202	2	18	11	3
28203	4	120	24	7
28204	4	132	22	7
28205	2	84	15	5
28206	4	159	25	10
28207	4	171	24	10
28208	6	126	29	10
28209	2	186	21	8
28210	2	93	21	8
28211	4	171	24	10
28212	2	105	19	7
28213	2	174	21	8
28214	2	30	7	2
28215	4	132	21	10
28216	6	120	25	7
28217	2	120	15	5
28218	2	71	15	5
28219	4	93	19	4
28220	2	15	13	3
28221	2	84	15	5
28222	2	84	17	6
28223	2	81	17	6
28224	2	75	19	7
28225	2	81	15	5
28226	2	102	13	4
28227	2	21	12	3
28228	4	168	28	12
28229	4	93	21	5
28230	4	132	21	10
28231	2	69	12	4
28232	2	120	15	5
28233	4	126	22	7
28234	4	120	24	8
28235	4	135	23	10
28236	2	102	13	4
28237	4	126	23	7
28238	4	168	25	10
28239	2	87	16	6
28240	2	105	19	7
28241	2	51	10	3
28242	2	22	12	3
28243	4	126	22	8
28244	4	171	24	10
28245	4	162	24	10
28246	2	180	21	8
28247	2	87	18	6
28248	4	132	21	10
28249	2	21	12	3
28250	2	75	17	6
28251	4	120	24	7
28252	2	21	10	2
28253	4	159	25	10
28254	2	132	15	5
28255	2	78	11	3
28256	2	123	19	7
28257	2	75	15	5
28258	4	63	19	7
28259	2	42	15	4
28260	2	22	13	3
28261	2	40	13	3
28262	4	141	24	11
28263	4	168	25	10
28264	2	63	13	4
28265	2	93	15	5
28266	2	19	13	3
28267	2	192	25	10
28268	2	18	15	4
28269	2	20	10	2
28270	2	99	15	5
28271	4	120	21	10
28272	4	135	25	11
28273	2	18	12	3
28274	4	126	21	9
28275	4	162	27	12
28276	2	57	8	2
28277	2	65	13	3
28278	2	22	13	3
28279	2	99	18	7
28280	2	144	19	7
28281	2	105	15	5
28282	2	156	21	8
28283	2	40	14	3
28284	4	171	27	12
28285	2	84	13	4
28286	2	18	12	3
28287	2	21	12	3
28288	2	36	7	2
28289	2	51	13	4
28290	2	16	13	3
28291	4	135	24	10
28292	4	126	22	7
28293	2	16	13	3
28294	2	192	21	8
28295	4	126	24	7
28296	4	141	23	11
28297	2	66	13	4
28298	2	93	15	5
28299	2	87	23	9
28300	4	57	16	5
28301	4	132	23	8
28302	2	71	19	7
28303	2	99	13	4
28304	2	15	13	3
28305	4	171	24	10
28306	2	23	13	4
28307	2	40	14	3
28308	2	41	14	4
28309	2	42	15	4
28310	2	114	17	6
28311	2	75	15	5
28312	2	39	13	3
28313	4	171	24	10
28314	2	75	19	7
28315	2	114	19	7
28316	6	120	27	9
28317	2	138	17	6
28318	2	18	15	4
28319	4	126	21	10
28320	2	39	12	3
28321	2	45	10	3
28322	4	171	27	12
28323	4	126	24	7
28324	4	162	24	10
28325	4	126	21	7
28326	2	87	14	5
28327	4	126	25	8
28328	2	96	15	5
28329	2	16	13	3
28330	2	117	21	8
28331	4	135	23	10
28332	4	132	24	8
28333	2	51	8	2
28334	2	120	15	5
28335	2	42	15	4
28336	4	141	22	10
28337	4	57	16	5
28338	2	168	24	10
28339	2	21	14	4
28340	4	150	25	10
28341	4	168	25	10
28342	2	75	15	5
28343	2	69	17	6
28344	4	168	25	10
28345	2	174	23	9
28346	4	162	27	12
28347	4	96	19	4
28348	4	159	28	12
28349	4	126	21	9
28350	2	114	15	5
28351	2	26	12	3
28352	4	126	22	11
28353	2	15	13	3
28354	4	132	21	9
28355	4	120	24	7
28356	2	65	13	3
28357	4	57	16	5
28358	2	16	14	3
28359	2	41	14	4
28360	2	114	17	6
28361	4	132	24	7
28362	4	159	28	12
28363	4	159	28	12
28364	2	16	13	3
28365	4	60	18	5
28366	4	159	31	14
28367	4	129	24	11
28368	2	18	12	3
28369	2	87	11	3
28370	4	159	31	14
28371	2	81	15	5
28372	2	22	13	3
28373	4	93	22	6
28374	4	120	22	8
28375	2	22	12	3
28376	4	126	21	7
28377	4	168	25	10
28378	2	22	13	3
28379	2	13	11	2
28380	2	66	11	3
28381	2	15	13	3
28382	4	126	23	9
28383	4	132	24	7
28384	2	81	18	6
28385	2	75	16	6
28386	2	156	19	7
28387	2	21	14	4
28388	2	19	10	2
28389	2	114	17	6
28390	4	126	21	9
28391	2	105	16	5
28392	4	162	27	12
28393	2	40	13	3
28394	4	141	25	12
28395	4	126	22	10
28396	4	138	22	7
28397	6	126	28	9
28398	4	63	19	7
28399	2	22	13	3
28400	4	168	25	10
28401	2	21	14	4
28402	2	51	10	3
28403	4	141	24	12
28404	4	141	23	10
28405	2	40	13	3
28406	2	39	13	3
28407	2	75	17	6
28408	4	60	18	5
28409	4	162	27	12
28410	4	126	21	10
28411	2	138	17	6
28412	2	96	15	5
28413	2	87	15	5
28414	2	33	10	5
28415	2	21	14	4
28416	4	159	25	10
28417	2	78	13	4
28418	2	57	8	2
28419	2	51	13	4
28420	2	65	13	3
28421	2	63	13	4
28422	4	150	28	12
28423	4	141	24	11
28424	4	132	25	7
28425	2	93	15	5
28426	4	135	24	11
28427	2	93	19	7
28428	4	96	19	5
28429	2	21	12	3
28430	4	168	25	10
28431	2	39	13	3
28432	2	21	11	3
28433	2	15	13	3
28434	2	114	17	6
28435	2	132	17	6
28436	2	21	12	3
28437	4	96	19	5
28438	4	168	25	10
28439	2	138	19	7
28440	4	126	24	8
28441	4	126	22	8
28442	2	150	17	6
28443	2	93	21	8
28444	2	19	13	3
28445	2	75	17	6
28446	2	23	11	3
28447	4	87	19	4
28448	4	102	19	5
28449	2	87	21	8
28450	2	18	12	3
28451	4	132	24	7
28452	2	18	11	3
28453	2	150	21	8
28454	4	159	28	12
28455	2	20	13	4
28456	2	123	21	8
28457	2	24	14	4
28458	2	39	13	3
28459	4	126	21	9
28460	2	81	13	4
28461	4	126	22	8
28462	4	150	28	12
28463	4	126	21	9
28464	2	96	17	6
28465	2	57	15	5
28466	4	132	21	10
28467	4	126	24	7
28468	4	57	16	5
28469	4	132	25	7
28470	2	84	11	3
28471	2	69	16	5
28472	4	126	22	11
28473	4	159	28	12
28474	2	81	16	6
28475	2	38	12	3
28476	2	87	17	6
28477	2	37	11	2
28478	2	15	13	3
28479	2	65	12	4
28480	4	132	24	7
28481	2	120	15	5
28482	2	24	14	4
28483	4	162	24	10
28484	2	20	13	4
28485	2	65	12	4
28486	4	129	22	9
28487	4	126	21	9
28488	4	162	24	10
28489	2	93	21	8
28490	2	33	9	4
28491	2	162	19	7
28492	4	162	27	12
28493	2	42	15	4
28494	4	171	24	10
28495	4	126	24	8
28496	2	19	13	3
28497	2	40	14	3
28498	2	150	23	9
28499	2	18	15	4
28500	4	126	24	7
28501	2	114	19	7
28502	4	162	24	10
28503	2	120	15	5
28504	2	33	7	2
28505	2	63	21	8
28506	2	42	15	4
28507	2	87	17	6
28508	2	65	15	5
28509	4	135	23	10
28510	4	135	24	11
28511	2	63	15	5
28512	2	42	15	4
28513	4	96	21	6
28514	2	69	15	5
28515	4	138	21	9
28516	4	171	27	12
28517	6	120	27	8
28518	2	180	19	7
28519	2	114	15	5
28520	2	135	21	8
28521	4	135	26	13
28522	4	126	22	7
28523	2	75	15	5
28524	4	126	25	8
28525	2	84	13	4
28526	6	114	25	7
28527	2	63	10	3
28528	2	64	12	3
28529	2	66	14	3
28530	2	14	12	3
28531	2	18	11	3
28532	4	120	21	9
28533	2	42	15	4
28534	2	138	19	7
28535	2	64	12	3
28536	4	132	23	8
28537	2	126	15	5
28538	2	117	19	7
28539	2	66	14	3
28540	4	162	24	10
28541	4	150	25	10
28542	2	15	13	3
28543	2	174	23	9
28544	2	87	15	5
28545	6	120	25	7
28546	2	51	13	4
28547	2	24	14	4
28548	2	99	15	5
28549	2	66	14	3
28550	4	63	17	5
28551	2	41	14	4
28552	2	84	11	3
28553	2	186	21	8
28554	2	21	12	3
28555	2	192	23	9
28556	4	126	21	9
28557	2	66	10	4
28558	2	15	13	3
28559	2	71	15	5
28560	2	69	13	4
28561	2	120	17	6
28562	2	15	13	3
28563	4	126	22	7
28564	2	66	13	4
28565	2	40	13	3
28566	2	84	11	3
28567	2	21	12	3
28568	4	132	22	8
28569	2	33	7	2
28570	2	57	13	4
28571	2	51	12	4
28572	2	186	21	8
28573	4	126	21	10
28574	4	90	19	4
28575	2	99	16	6
28576	4	96	19	5
28577	4	96	21	6
28578	2	99	19	7
28579	2	19	10	2
28580	4	159	28	12
28581	2	21	12	3
28582	4	132	24	7
28583	4	162	27	12
28584	2	99	19	7
28585	4	126	23	8
28586	2	84	13	4
28587	2	63	11	2
28588	2	120	17	6
28589	4	168	28	12
28590	2	17	14	4
28591	2	57	11	3
28592	4	126	21	9
28593	2	138	21	8
28594	2	51	8	2
28595	2	87	11	3
28596	2	138	17	6
28597	2	40	13	3
28598	2	75	15	5
28599	4	132	21	10
28600	4	126	23	7
28601	4	96	20	5
28602	2	21	12	3
28603	2	156	19	7
28604	4	63	19	7
28605	4	126	20	9
28606	2	132	17	6
28607	4	135	23	11
28608	2	33	9	4
28609	2	24	14	4
28610	2	24	14	4
28611	2	20	11	3
28612	2	108	13	4
28613	2	18	12	3
28614	2	14	12	3
28615	2	63	10	3
28616	2	57	11	3
28617	4	120	21	10
28618	2	174	21	8
28619	4	159	28	12
28620	4	138	22	7
28621	2	66	13	4
28622	4	126	22	7
28623	2	120	17	6
28624	2	69	17	6
28625	2	75	13	4
28626	2	19	12	3
28627	4	132	21	10
28628	4	171	24	10
28629	4	171	24	10
28630	4	159	25	10
28631	2	180	23	9
28632	4	171	27	12
28633	2	21	12	3
28634	4	162	24	10
28635	4	87	19	4
28636	4	141	24	11
28637	2	42	15	4
28638	4	141	25	12
28639	2	63	14	5
28640	4	153	24	10
28641	2	40	13	3
28642	4	171	24	10
28643	2	75	13	4
28644	4	168	28	12
28645	4	132	21	9
28646	2	75	15	5
28647	4	126	23	7
28648	2	39	12	3
28649	4	132	22	8
28650	2	18	12	3
28651	4	159	25	10
28652	4	159	25	10
28653	4	132	21	7
28654	2	24	14	4
28655	2	42	15	4
28656	2	19	12	3
28657	2	40	14	3
28658	2	33	8	2
28659	4	129	22	9
28660	2	24	14	4
28661	2	41	14	4
28662	2	99	17	6
28663	4	57	16	5
28664	2	150	19	7
28665	2	75	17	6
28666	2	40	14	3
28667	2	66	13	4
28668	4	120	26	7
28669	2	26	12	3
28670	2	75	17	6
28671	2	17	14	4
28672	4	102	21	6
28673	2	20	11	3
28674	2	75	13	4
28675	2	63	10	3
28676	2	87	13	4
28677	4	126	21	9
28678	4	132	24	7
28679	2	99	18	7
28680	2	20	13	4
28681	2	81	15	5
28682	4	171	24	10
28683	2	174	19	7
28684	2	78	11	3
28685	2	123	21	8
28686	4	93	19	4
28687	2	16	13	3
28688	2	93	14	5
28689	2	65	13	3
28690	2	42	15	4
28691	2	156	17	6
28692	4	120	25	7
28693	2	69	15	5
28694	2	63	11	2
28695	2	63	15	5
28696	4	126	21	10
28697	2	14	12	3
28698	6	126	27	8
28699	2	21	12	3
28700	2	138	17	6
28701	4	141	23	10
28702	2	156	21	8
28703	2	40	13	3
28704	2	117	17	6
28705	2	20	13	4
28706	2	75	17	6
28707	4	87	21	6
28708	4	93	19	4
28709	2	87	14	5
28710	2	180	21	8
28711	2	66	11	3
28712	4	129	21	9
28713	2	19	10	2
28714	4	132	21	9
28715	2	38	11	2
28716	4	159	28	12
28717	6	126	25	7
28718	4	132	21	9
28719	2	22	12	3
28720	2	105	16	6
28721	6	132	27	8
28722	2	57	10	3
28723	4	141	23	10
28724	2	117	17	6
28725	4	126	22	10
28726	2	39	12	3
28727	2	17	14	4
28728	2	24	14	4
28729	2	17	14	4
28730	2	75	17	6
28731	2	39	13	3
28732	2	65	13	3
28733	4	102	21	6
28734	4	162	24	10
28735	2	192	23	9
28736	4	141	26	11
28737	2	192	22	9
28738	4	171	24	10
28739	4	150	25	10
28740	2	75	21	8
28741	2	198	19	7
28742	2	18	12	3
28743	4	135	23	11
28744	2	16	14	3
28745	2	19	12	3
28746	4	162	24	10
28747	2	63	10	3
28748	2	198	23	9
28749	2	42	15	4
28750	2	42	15	4
28751	2	15	12	3
28752	2	75	17	6
28753	2	132	17	6
28754	2	87	13	4
28755	4	126	22	7
28756	2	18	12	3
28757	4	63	18	7
28758	2	22	13	3
28759	2	156	17	6
28760	4	126	21	10
28761	2	20	13	4
28762	4	162	27	12
28763	2	174	21	8
28764	4	126	23	9
28765	2	16	13	3
28766	4	126	22	10
28767	4	126	24	7
28768	4	147	23	10
28769	4	168	28	12
28770	2	174	23	9
28771	6	120	25	7
28772	2	16	14	3
28773	2	65	13	3
28774	4	132	21	10
28775	2	40	13	3
28776	4	159	25	10
28777	4	126	21	9
28778	4	168	28	12
28779	2	63	11	2
28780	4	126	21	7
28781	4	126	24	7
28782	2	33	10	5
28783	4	132	22	7
28784	4	168	28	12
28785	2	39	13	3
28786	2	117	18	7
28787	6	126	27	8
28788	4	120	22	7
28789	2	40	13	3
28790	4	135	23	11
28791	4	132	22	7
28792	2	18	12	3
28793	4	96	19	4
28794	2	81	15	5
28795	2	120	17	6
28796	2	129	19	7
28797	2	69	14	4
28798	2	120	19	7
28799	4	132	24	7
28800	2	75	19	7
28801	2	21	12	3
28802	2	39	13	3
28803	2	162	23	9
28804	4	132	24	7
28805	2	40	14	3
28806	2	156	21	8
28807	2	22	13	3
28808	2	23	13	4
28809	4	141	23	10
28810	2	150	17	6
28811	2	186	25	10
28812	2	105	18	7
28813	2	13	11	2
28814	2	81	15	5
28815	2	192	23	9
28816	2	41	14	4
28817	4	132	24	8
28818	4	135	24	11
28819	2	65	13	3
28820	2	87	13	4
28821	2	30	7	2
28822	2	15	12	3
28823	2	64	12	3
28824	2	87	15	5
28825	2	26	12	3
28826	2	93	15	5
28827	4	93	20	5
28828	4	132	22	8
28829	2	39	12	3
28830	2	57	11	3
28831	2	93	21	8
28832	4	96	20	4
28833	4	132	24	8
28834	6	120	26	8
28835	4	126	23	8
28836	4	135	23	10
28837	4	168	25	10
28838	2	21	12	3
28839	4	126	24	8
28840	4	132	21	9
28841	4	102	19	5
28842	2	81	13	4
28843	2	51	13	4
28844	2	17	10	2
28845	4	132	22	8
28846	4	132	21	10
28847	4	168	25	10
28848	4	126	24	8
28849	2	23	13	4
28850	2	38	11	2
28851	2	16	14	3
28852	4	126	22	8
28853	4	150	28	12
28854	4	162	27	12
28855	2	81	17	6
28856	2	66	12	3
28857	2	20	11	3
28858	4	168	25	10
28859	4	126	22	8
28860	2	14	12	3
28861	6	126	25	7
28862	2	66	11	3
28863	2	96	15	5
28864	2	81	11	3
28865	2	198	21	8
28866	4	90	22	6
28867	4	141	24	11
28868	4	126	21	9
28869	2	42	15	4
28870	4	63	19	7
28871	2	63	10	3
28872	2	138	19	7
28873	2	33	9	4
28874	4	159	28	12
28875	2	144	21	8
28876	2	147	19	7
28877	2	132	17	6
28878	4	132	25	8
28879	2	138	19	7
28880	2	51	8	2
28881	2	22	13	3
28882	2	75	13	4
28883	2	114	17	6
28884	2	120	15	5
28885	4	126	22	8
28886	2	18	15	4
28887	2	156	19	7
28888	2	65	13	3
28889	2	168	25	10
28890	2	162	21	8
28891	2	75	17	6
28892	2	66	11	3
28893	2	57	17	6
28894	4	159	25	10
28895	2	21	12	3
28896	2	105	17	6
28897	2	16	13	3
28898	2	39	13	3
28899	2	40	13	3
28900	2	16	14	3
28901	6	126	27	8
28902	4	63	19	7
28903	4	129	22	9
28904	2	69	12	3
28905	2	40	13	3
28906	4	126	21	10
28907	2	24	14	4
28908	2	39	12	3
28909	2	18	12	3
28910	4	162	24	10
28911	2	41	14	4
28912	2	38	12	3
28913	2	18	12	3
28914	2	36	11	6
28915	2	42	15	4
28916	2	19	12	3
28917	4	162	24	10
28918	2	174	27	11
28919	4	141	24	11
28920	4	126	24	7
28921	4	162	24	10
28922	2	69	16	5
28923	2	21	12	3
28924	2	105	18	7
28925	4	126	21	9
28926	2	39	12	3
28927	2	17	11	3
28928	4	126	22	7
28929	4	135	23	10
28930	2	51	13	4
28931	4	93	20	5
28932	2	42	15	4
28933	2	21	14	4
28934	2	114	13	4
28935	6	120	29	10
28936	2	22	12	3
28937	2	66	13	4
28938	2	16	13	3
28939	4	63	19	7
28940	2	57	21	8
28941	2	138	17	6
28942	4	159	28	12
28943	2	78	11	3
28944	4	159	25	10
28945	2	40	13	3
28946	2	21	12	3
28947	4	132	21	10
28948	2	102	15	5
28949	4	96	19	5
28950	2	66	11	3
28951	2	162	19	7
28952	2	66	14	3
28953	4	171	27	12
28954	2	15	13	3
28955	2	81	15	5
28956	2	75	21	8
28957	2	22	13	3
28958	4	138	24	7
28959	2	15	13	3
28960	4	63	17	5
28961	2	21	14	4
28962	2	41	14	4
28963	2	84	13	4
28964	4	141	24	11
28965	2	75	15	5
28966	2	69	14	5
28967	2	40	13	3
28968	2	63	14	5
28969	2	99	18	7
28970	4	141	24	11
28971	6	114	27	9
28972	4	171	27	12
28973	2	33	7	2
28974	2	150	19	7
28975	4	177	25	10
28976	2	18	12	3
28977	2	81	17	6
28978	2	126	15	5
28979	4	126	24	8
28980	2	21	12	3
28981	2	129	19	7
28982	2	99	18	7
28983	2	102	13	4
28984	4	93	20	5
28985	2	65	13	3
28986	2	87	13	4
28987	4	99	19	5
28988	2	18	11	3
28989	2	102	15	5
28990	4	90	19	4
28991	2	69	15	5
28992	2	40	13	3
28993	4	168	25	10
28994	4	126	24	7
28995	2	66	11	3
28996	4	168	25	10
28997	2	30	7	2
28998	2	57	13	4
28999	2	168	20	7
29000	2	138	19	7
29001	4	162	24	10
29002	2	78	13	4
29003	2	19	10	2
29004	2	40	14	3
29005	2	65	13	3
29006	4	63	17	5
29007	4	153	24	10
29008	2	87	11	3
29009	2	114	19	7
29010	4	126	21	10
29011	4	120	21	10
29012	4	162	27	12
29013	2	16	13	3
29014	2	26	12	3
29015	2	57	13	4
29016	4	162	24	10
29017	6	126	27	8
29018	4	132	25	8
29019	4	132	24	7
29020	4	171	24	10
29021	4	132	21	10
29022	2	33	8	2
29023	2	15	13	3
29024	4	141	21	9
29025	4	132	24	7
29026	2	117	20	7
29027	2	99	15	5
29028	2	69	13	4
29029	4	126	24	7
29030	2	105	21	8
29031	2	51	8	2
29032	2	81	14	5
29033	4	132	22	7
29034	2	41	14	4
29035	4	126	23	7
29036	2	16	14	3
29037	2	19	12	3
29038	6	120	27	8
29039	4	159	28	12
29040	2	40	14	3
29041	4	168	28	12
29042	2	168	19	7
29043	4	93	20	6
29044	2	21	11	3
29045	2	81	19	7
29046	2	105	18	6
29047	2	192	23	9
29048	2	40	14	3
29049	2	81	17	6
29050	4	132	23	8
29051	4	162	24	10
29052	2	30	12	4
29053	2	40	13	3
29054	2	75	15	5
29055	4	63	17	5
29056	4	93	19	5
29057	4	63	18	7
29058	2	84	13	4
29059	6	126	25	7
29060	2	39	13	3
29061	2	22	13	3
29062	4	132	22	7
29063	4	132	21	9
29064	2	87	14	5
29065	4	162	24	10
29066	2	135	19	7
29067	2	150	21	8
29068	4	132	21	10
29069	4	63	17	5
29070	2	102	15	5
29071	2	39	13	3
29072	4	138	21	9
29073	4	159	25	10
29074	2	96	13	4
29075	2	84	13	4
29076	2	20	13	4
29077	2	66	11	3
29078	2	51	12	4
29079	4	57	16	5
29080	6	120	28	9
29081	4	171	30	14
29082	6	126	29	10
29083	2	40	13	3
29084	4	162	30	14
29085	2	66	11	3
29086	4	159	25	10
29087	2	51	10	3
29088	2	150	17	6
29089	2	120	15	5
29090	2	21	12	3
29091	2	39	12	3
29092	2	87	21	8
29093	2	114	17	6
29094	2	42	15	4
29095	4	105	19	5
29096	2	24	14	4
29097	4	171	24	10
29098	2	147	21	8
29099	4	135	24	11
29100	4	135	25	10
29101	2	45	11	3
29102	2	66	11	3
29103	2	18	11	3
29104	4	93	19	4
29105	4	96	20	5
29106	2	114	13	4
29107	4	126	25	9
29108	2	66	13	4
29109	4	135	23	11
29110	2	150	21	8
29111	2	15	13	3
29112	2	40	13	3
29113	4	132	24	8
29114	2	81	17	6
29115	6	126	25	7
29116	4	132	21	10
29117	4	129	23	10
29118	4	102	21	6
29119	2	120	16	6
29120	4	159	31	14
29121	2	22	13	3
29122	4	102	23	7
29123	4	102	21	6
29124	2	180	21	8
29125	4	141	23	11
29126	4	141	22	10
29127	4	159	25	10
29128	4	162	27	12
29129	2	21	12	3
29130	2	22	13	3
29131	2	105	13	4
29132	2	117	17	6
29133	2	174	21	8
29134	6	126	27	8
29135	2	84	13	4
29136	2	84	11	3
29137	2	168	21	8
29138	2	36	7	2
29139	2	93	19	7
29140	2	168	19	7
29141	2	19	12	3
29142	2	84	13	4
29143	4	126	24	7
29144	2	42	15	4
29145	2	37	11	2
29146	2	41	14	4
29147	2	75	17	6
29148	2	150	21	8
29149	6	120	26	8
29150	4	141	24	11
29151	2	22	13	3
29152	2	30	12	4
29153	2	96	13	4
29154	4	159	25	10
29155	2	51	11	3
29156	2	186	27	11
29157	2	57	8	2
29158	2	16	14	3
29159	2	19	13	3
29160	2	57	8	2
29161	2	138	19	7
29162	2	75	17	6
29163	2	19	13	3
29164	2	20	10	2
29165	2	129	17	6
29166	2	69	17	6
29167	2	16	13	3
29168	4	132	24	7
29169	4	132	22	8
29170	2	168	19	7
29171	6	120	25	7
29172	4	132	22	7
29173	2	19	10	2
29174	2	39	13	3
29175	2	174	23	9
29176	2	147	21	8
29177	2	75	17	6
29178	2	63	11	2
29179	2	126	15	5
29180	4	162	24	10
29181	2	174	22	9
29182	4	135	23	11
29183	2	102	13	4
29184	2	20	11	3
29185	2	75	17	6
29186	2	19	10	2
29187	4	159	28	12
29188	4	141	23	10
29189	2	168	21	8
29190	2	105	17	6
29191	4	126	24	8
29192	2	51	8	2
29193	4	126	24	7
29194	2	75	16	6
29195	2	41	14	4
29196	2	57	8	2
29197	4	126	22	8
29198	2	19	13	3
29199	4	126	21	9
29200	2	120	15	5
29201	2	120	19	7
29202	2	21	12	3
29203	2	18	12	3
29204	2	156	17	6
29205	2	51	10	3
29206	2	18	15	4
29207	2	66	10	2
29208	2	150	21	8
29209	2	84	15	5
29210	6	126	27	9
29211	2	102	15	5
29212	4	168	25	10
29213	2	81	13	4
29214	2	102	13	4
29215	2	81	15	5
29216	4	96	20	6
29217	4	135	23	10
29218	4	162	24	10
29219	2	69	17	6
29220	4	135	22	10
29221	4	168	25	10
29222	2	65	13	3
29223	4	132	22	7
29224	4	135	24	11
29225	2	40	13	3
29226	2	41	14	4
29227	4	135	23	10
29228	2	105	17	6
29229	2	81	15	5
29230	2	69	13	4
29231	2	174	23	9
29232	2	39	13	3
29233	4	120	21	9
29234	4	102	21	6
29235	4	135	23	11
29236	4	162	24	10
29237	2	19	11	2
29238	2	57	19	7
29239	2	33	9	4
29240	2	132	17	6
29241	4	126	24	7
29242	4	126	24	8
29243	2	15	13	3
29244	4	120	21	10
29245	2	19	12	3
29246	6	132	25	7
29247	4	159	25	10
29248	4	132	22	10
29249	4	126	24	8
29250	2	84	15	5
29251	4	93	19	4
29252	4	132	24	7
29253	4	126	21	9
29254	4	96	21	6
29255	2	24	14	4
29256	2	19	10	2
29257	2	81	17	6
29258	4	132	25	8
29259	2	120	15	5
29260	2	18	15	4
29261	4	132	21	10
29262	2	111	21	8
29263	2	69	13	4
29264	2	93	18	7
29265	2	93	21	8
29266	2	39	13	3
29267	4	141	23	10
29268	2	96	15	5
29269	2	66	13	4
29270	2	96	15	5
29271	4	171	24	10
29272	2	18	15	4
29273	4	126	22	8
29274	4	138	21	9
29275	2	87	16	5
29276	2	66	14	3
29277	2	21	12	3
29278	4	132	22	8
29279	2	16	13	3
29280	2	123	20	8
29281	2	93	17	6
29282	2	21	10	2
29283	4	132	23	7
29284	2	126	15	5
29285	2	40	13	3
29286	2	73	19	7
29287	2	120	17	6
29288	2	93	23	9
29289	4	126	21	10
29290	2	40	14	3
29291	2	19	12	3
29292	4	135	24	11
29293	2	162	17	6
29294	2	21	11	3
29295	2	81	23	9
29296	2	84	13	4
29297	4	126	22	7
29298	2	19	12	3
29299	2	69	14	4
29300	4	168	25	10
29301	2	45	8	2
29302	2	40	13	3
29303	2	39	13	3
29304	2	21	12	3
29305	2	69	13	4
29306	4	162	24	10
29307	2	16	13	3
29308	2	84	13	4
29309	2	15	13	3
29310	4	126	22	8
29311	2	69	14	5
29312	4	63	19	7
29313	2	123	21	8
29314	4	126	21	10
29315	4	93	20	4
29316	4	126	21	9
29317	2	78	13	4
29318	2	81	15	5
29319	2	16	13	3
29320	4	132	24	7
29321	2	87	13	4
29322	2	102	13	4
29323	4	132	22	7
29324	2	81	17	6
29325	2	66	12	3
29326	2	84	13	4
29327	2	21	12	3
29328	2	21	12	3
29329	2	39	13	3
29330	4	102	19	5
29331	2	75	15	5
29332	2	17	10	2
29333	2	20	11	3
29334	2	69	15	5
29335	2	114	17	6
29336	2	72	11	3
29337	2	138	19	7
29338	4	93	20	4
29339	4	171	24	10
29340	2	120	13	4
29341	4	162	24	10
29342	2	174	23	9
29343	4	126	21	9
29344	2	138	19	7
29345	2	40	14	3
29346	2	81	13	4
29347	2	198	21	8
29348	2	114	18	7
29349	6	126	26	8
29350	4	162	27	12
29351	2	81	15	5
29352	2	33	7	2
29353	2	19	10	2
29354	2	36	7	2
29355	2	39	12	3
29356	2	150	21	8
29357	2	120	17	6
29358	4	138	22	8
29359	2	42	15	4
29360	2	17	14	4
29361	2	66	14	3
29362	4	126	22	7
29363	4	132	21	9
29364	2	65	13	3
29365	2	81	15	5
29366	2	21	12	3
29367	2	174	27	11
29368	2	51	8	2
29369	2	18	12	3
29370	4	102	19	5
29371	4	96	19	4
29372	2	57	17	6
29373	2	84	11	3
29374	2	138	15	5
29375	2	26	12	3
29376	2	37	11	2
29377	2	84	15	5
29378	2	33	8	2
29379	2	18	12	3
29380	2	16	13	3
29381	2	117	18	7
29382	4	126	21	10
29383	2	51	8	2
29384	4	141	23	10
29385	4	159	25	10
29386	2	75	19	7
29387	4	126	21	10
29388	2	81	15	5
29389	2	63	17	6
29390	2	38	12	3
29391	2	15	12	3
29392	2	66	14	3
29393	2	87	21	8
29394	4	141	23	11
29395	2	22	12	3
29396	2	18	12	3
29397	2	99	17	6
29398	2	66	13	4
29399	2	66	14	3
29400	2	19	13	3
29401	2	60	13	4
29402	2	192	21	8
29403	4	120	22	7
29404	2	66	10	2
29405	2	21	12	3
29406	4	96	21	6
29407	4	126	22	7
29408	4	93	19	4
29409	4	96	21	6
29410	2	180	21	8
29411	4	141	27	12
29412	4	168	25	10
29413	4	132	23	9
29414	4	171	24	10
29415	2	156	21	8
29416	6	120	28	9
29417	2	132	19	7
29418	2	63	17	6
29419	2	63	15	5
29420	4	132	22	8
29421	2	15	13	3
29422	4	135	23	11
29423	2	66	14	3
29424	4	87	22	6
29425	4	171	24	10
29426	2	150	17	6
29427	4	153	24	10
29428	2	20	13	4
29429	6	126	25	7
29430	2	69	27	11
29431	2	126	19	7
29432	4	135	25	12
29433	2	20	11	3
29434	2	138	20	7
29435	2	18	12	3
29436	2	66	13	4
29437	2	174	25	10
29438	4	168	25	10
29439	4	96	20	6
29440	4	132	22	8
29441	4	63	17	5
29442	2	105	17	6
29443	2	18	15	4
29444	2	21	12	3
29445	2	51	8	2
29446	2	40	14	3
29447	4	141	23	10
29448	2	21	12	3
29449	2	150	21	8
29450	4	126	22	8
29451	4	135	23	10
29452	2	17	14	4
29453	4	135	22	10
29454	2	24	14	4
29455	2	102	13	4
29456	4	159	28	12
29457	4	126	21	10
29458	2	21	12	3
29459	2	87	13	4
29460	4	126	22	7
29461	2	20	10	2
29462	2	75	15	5
29463	2	16	14	3
29464	2	57	17	6
29465	2	87	15	5
29466	2	120	17	6
29467	2	81	21	8
29468	2	99	16	6
29469	2	39	12	3
29470	4	126	24	7
29471	4	126	21	10
29472	2	75	15	5
29473	2	135	17	6
29474	2	79	19	7
29475	4	96	21	6
29476	4	141	21	9
29477	4	126	22	10
29478	2	99	13	4
29479	4	135	24	11
29480	2	135	16	5
29481	4	126	22	8
29482	4	90	19	4
29483	2	18	12	3
29484	2	75	19	7
29485	4	135	23	10
29486	2	21	12	3
29487	2	192	23	9
29488	2	66	13	4
29489	2	16	10	2
29490	2	156	19	7
29491	2	87	14	4
29492	2	105	20	8
29493	6	120	29	10
29494	2	102	14	4
29495	4	168	25	10
29496	2	129	17	6
29497	2	15	12	3
29498	6	120	26	8
29499	4	132	24	7
29500	4	126	22	10
29501	2	75	19	7
29502	4	96	19	4
29503	2	63	15	5
29504	4	141	24	11
29505	2	22	13	3
29506	2	132	19	7
29507	2	66	11	3
29508	2	21	12	3
29509	2	138	18	6
29510	2	66	14	3
29511	2	75	15	5
29512	4	102	21	6
29513	4	126	21	9
29514	4	129	26	12
29515	2	65	13	3
29516	2	24	14	4
29517	2	42	15	4
29518	2	22	12	3
29519	4	171	24	10
29520	6	126	25	7
29521	2	38	11	2
29522	4	141	23	11
29523	4	96	21	6
29524	2	66	14	3
29525	4	168	28	12
29526	2	93	19	7
29527	4	150	25	10
29528	4	135	23	11
29529	2	40	14	3
29530	2	22	12	3
29531	2	156	19	7
29532	2	120	15	5
29533	2	111	19	7
29534	4	159	25	10
29535	2	57	8	2
29536	2	81	21	8
29537	2	24	14	4
29538	2	96	15	5
29539	4	150	28	12
29540	2	15	13	3
29541	2	120	17	6
29542	2	19	13	3
29543	2	102	17	6
29544	2	192	24	10
29545	4	162	27	12
29546	4	126	21	10
29547	4	120	24	7
29548	2	22	13	3
29549	2	114	15	5
29550	2	17	10	2
29551	2	162	23	9
29552	2	102	13	4
29553	2	66	13	4
29554	4	129	22	10
29555	2	22	13	3
29556	4	162	27	12
29557	4	168	25	10
29558	4	129	25	10
29559	2	156	19	7
29560	2	57	11	3
29561	4	168	28	12
29562	2	39	13	3
29563	2	120	15	5
29564	2	39	13	3
29565	2	168	22	9
29566	4	141	23	10
29567	6	120	26	8
29568	2	65	13	3
29569	2	19	13	3
29570	2	20	11	3
29571	4	159	28	12
29572	2	174	21	8
29573	2	168	21	8
29574	2	90	15	5
29575	2	99	19	7
29576	4	90	21	6
29577	2	117	17	6
29578	2	174	23	9
29579	2	40	13	3
29580	4	141	23	10
29581	4	168	25	10
29582	2	23	13	4
29583	2	81	13	4
29584	2	19	13	3
29585	2	39	12	3
29586	4	132	22	8
29587	2	24	14	4
29588	4	150	28	12
29589	2	132	17	6
29590	6	126	27	8
29591	2	33	7	2
29592	4	120	23	7
29593	2	57	11	3
29594	4	126	22	7
29595	2	102	15	5
29596	4	132	24	7
29597	4	126	22	7
29598	2	66	14	3
29599	2	93	15	5
29600	2	81	15	5
29601	2	69	12	4
29602	2	63	14	4
29603	4	153	24	10
29604	4	129	22	9
29605	4	141	25	11
29606	4	126	21	9
29607	2	16	14	3
29608	2	19	13	3
29609	2	38	11	2
29610	4	132	24	7
29611	2	65	13	3
29612	2	75	21	8
29613	2	39	13	3
29614	2	22	13	3
29615	4	126	21	10
29616	2	81	15	5
29617	2	66	13	4
29618	2	72	11	3
29619	2	192	23	9
29620	6	126	27	9
29621	2	84	13	4
29622	2	19	13	3
29623	4	162	24	10
29624	4	126	23	8
29625	2	84	13	4
29626	4	126	21	9
29627	2	162	19	7
29628	4	126	22	7
29629	2	75	15	5
29630	2	81	13	4
29631	2	150	21	8
29632	4	63	19	7
29633	6	120	25	7
29634	2	150	23	9
29635	2	174	19	7
29636	2	63	14	5
29637	4	132	22	8
29638	6	126	27	9
29639	2	162	19	7
29640	2	120	15	5
29641	2	24	14	4
29642	2	21	14	4
29643	2	102	13	4
29644	2	84	11	3
29645	4	135	24	11
29646	2	20	11	3
29647	2	21	12	3
29648	4	96	19	5
29649	2	135	23	9
29650	2	99	15	5
29651	4	135	25	12
29652	6	126	27	8
29653	4	102	19	5
29654	2	24	14	4
29655	4	93	20	5
29656	2	69	12	4
29657	2	81	13	4
29658	4	132	21	9
29659	2	13	11	2
29660	4	135	25	10
29661	4	120	23	7
29662	2	16	14	3
29663	4	171	27	12
29664	2	40	13	3
29665	2	15	13	3
29666	4	126	22	7
29667	2	66	14	3
29668	2	168	21	8
29669	2	99	16	6
29670	2	18	11	3
29671	2	57	12	4
29672	2	41	14	4
29673	2	36	11	2
29674	2	17	11	3
29675	2	51	14	5
29676	4	132	22	7
29677	2	87	14	4
29678	4	135	25	12
29679	2	81	17	6
29680	4	99	19	5
29681	2	84	11	3
29682	2	66	14	3
29683	2	192	23	9
29684	4	99	19	4
29685	4	132	21	9
29686	6	126	27	9
29687	2	33	7	2
29688	2	99	13	4
29689	2	75	15	5
29690	2	15	13	3
29691	2	123	17	6
29692	4	162	27	12
29693	2	87	15	5
29694	2	15	13	3
29695	2	42	15	4
29696	4	93	21	6
29697	2	39	13	3
29698	4	141	23	11
29699	2	57	8	2
29700	2	51	13	4
29701	2	18	15	4
29702	4	126	24	7
29703	2	51	8	2
29704	4	168	28	12
29705	4	129	24	11
29706	4	96	20	5
29707	2	15	13	3
29708	4	162	24	10
29709	4	138	22	7
29710	2	39	13	3
29711	6	120	25	7
29712	2	180	25	10
29713	4	63	19	7
29714	2	99	18	7
29715	4	126	24	8
29716	2	120	19	7
29717	2	39	13	3
29718	2	22	13	3
29719	2	19	12	3
29720	2	126	13	4
29721	2	198	23	9
29722	4	162	24	10
29723	4	63	18	7
29724	2	24	14	4
29725	2	180	23	9
29726	4	168	28	12
29727	4	93	21	6
29728	2	66	10	2
29729	2	66	10	4
29730	4	135	23	11
29731	2	99	29	12
29732	4	141	24	11
29733	2	19	12	3
29734	6	120	25	7
29735	2	63	13	4
29736	2	81	15	5
29737	4	102	19	5
29738	2	19	13	3
29739	2	20	13	4
29740	6	114	27	9
29741	2	51	8	2
29742	2	150	19	7
29743	2	180	25	10
29744	2	192	25	10
29745	4	168	25	10
29746	2	81	15	5
29747	2	132	17	6
29748	2	75	27	11
29749	2	18	12	3
29750	2	42	15	4
29751	2	18	15	4
29752	4	63	17	5
29753	2	102	17	6
29754	2	78	11	3
29755	4	96	20	4
29756	2	63	15	5
29757	2	81	27	11
29758	2	120	17	6
29759	2	123	17	6
29760	4	168	31	14
29761	4	132	22	8
29762	2	138	19	7
29763	2	81	17	6
29764	2	33	7	2
29765	4	168	25	10
29766	4	135	24	11
29767	2	17	14	4
29768	2	16	14	3
29769	4	129	24	11
29770	2	21	12	3
29771	2	84	13	4
29772	4	132	24	7
29773	4	141	25	12
29774	4	168	25	10
29775	2	18	11	3
29776	4	93	21	6
29777	2	66	11	3
29778	4	126	24	8
29779	4	102	19	5
29780	4	159	28	12
29781	2	87	19	7
29782	2	57	8	2
29783	4	126	24	7
29784	4	120	21	9
29785	2	22	13	3
29786	2	147	17	6
29787	2	42	15	4
29788	2	81	17	6
29789	4	126	22	10
29790	4	168	28	12
29791	4	168	25	10
29792	2	168	25	10
29793	2	21	10	2
29794	2	40	14	3
29795	4	126	22	7
29796	2	65	13	3
29797	4	162	24	10
29798	2	186	23	9
29799	2	39	13	3
29800	4	168	25	10
29801	4	126	21	10
29802	2	75	21	8
29803	2	138	21	8
29804	2	51	12	4
29805	4	132	21	9
29806	2	17	11	3
29807	2	13	11	2
29808	2	40	13	3
29809	2	21	10	2
29810	4	159	25	10
29811	2	42	15	4
29812	4	126	22	7
29813	2	99	18	6
29814	2	57	14	5
29815	2	186	25	10
29816	2	18	12	3
29817	4	132	24	7
29818	2	75	19	7
29819	4	126	24	8
29820	2	33	8	2
29821	2	66	14	3
29822	2	57	17	6
29823	2	150	17	6
29824	6	120	25	7
29825	2	39	13	3
29826	2	21	11	3
29827	6	126	28	9
29828	4	147	23	11
29829	2	51	8	2
29830	4	126	21	10
29831	2	192	23	9
29832	2	81	13	4
29833	6	114	27	9
29834	4	141	23	10
29835	4	99	21	6
29836	4	162	27	12
29837	4	132	24	7
29838	4	126	22	7
29839	4	126	22	7
29840	2	51	8	2
29841	2	117	19	7
29842	4	132	22	7
29843	2	147	21	8
29844	4	153	27	12
29845	4	168	25	10
29846	2	40	14	3
29847	2	168	21	8
29848	4	162	24	10
29849	2	84	11	3
29850	4	126	24	7
29851	4	135	25	11
29852	2	75	15	5
29853	2	19	12	3
29854	4	159	25	10
29855	4	159	25	10
29856	4	171	24	10
29857	2	65	12	4
29858	4	171	27	12
29859	2	66	11	3
29860	4	63	18	7
29861	4	141	23	10
29862	4	135	22	10
29863	4	126	21	9
29864	2	65	13	3
29865	2	93	19	7
29866	2	93	19	7
29867	2	147	19	7
29868	2	156	19	7
29869	4	147	23	10
29870	2	64	12	3
29871	2	42	15	4
29872	4	126	24	7
29873	2	19	12	3
29874	2	198	21	8
29875	2	162	21	8
29876	2	63	11	2
29877	4	135	23	10
29878	4	132	21	9
29879	4	159	25	10
29880	2	24	14	4
29881	2	129	19	7
29882	4	96	19	5
29883	2	22	12	3
29884	4	120	25	7
29885	2	66	13	4
29886	4	141	25	12
29887	2	102	15	5
29888	2	114	17	6
29889	2	87	27	11
29890	2	75	15	5
29891	2	81	14	5
29892	4	162	24	10
29893	4	126	21	9
29894	4	162	27	12
29895	2	102	13	4
29896	4	171	24	10
29897	4	159	25	10
29898	2	22	13	3
29899	4	126	22	8
29900	4	126	24	8
29901	4	132	22	7
29902	2	16	14	3
29903	4	132	22	7
29904	2	180	25	10
29905	2	65	13	3
29906	2	75	15	5
29907	4	159	25	10
29908	4	126	24	8
29909	2	16	14	3
29910	2	84	11	3
29911	2	174	21	8
29912	2	156	23	9
29913	2	18	15	4
29914	2	15	12	3
29915	2	192	21	8
29916	2	22	13	3
29917	2	108	14	5
29918	4	126	21	9
29919	2	69	16	5
29920	2	39	12	3
29921	4	126	21	9
29922	2	99	19	7
29923	2	105	20	8
29924	2	63	21	8
29925	2	93	17	6
29926	4	135	24	11
29927	2	19	13	3
29928	2	18	12	3
29929	2	21	12	3
29930	2	17	11	3
29931	4	126	21	9
29932	4	132	23	8
29933	4	168	25	10
29934	2	168	21	8
29935	4	126	25	9
29936	4	126	22	11
29937	2	16	14	3
29938	4	126	22	7
29939	2	22	13	3
29940	4	126	22	8
29941	4	126	25	7
29942	2	65	13	3
29943	2	96	15	5
29944	2	66	13	4
29945	4	132	22	7
29946	2	40	13	3
29947	2	57	13	4
29948	2	22	12	3
29949	4	150	25	10
29950	4	168	25	10
29951	4	96	20	6
29952	2	39	12	3
29953	2	19	10	2
29954	2	18	11	3
29955	2	18	15	4
29956	2	81	13	4
29957	4	93	21	5
29958	4	126	25	7
29959	4	159	28	12
29960	2	24	14	4
29961	4	93	20	4
29962	2	105	18	7
29963	4	132	24	7
29964	2	21	12	3
29965	2	81	15	5
29966	2	21	12	3
29967	2	33	10	5
29968	2	17	10	2
29969	2	132	19	7
29970	2	40	13	3
29971	4	126	24	8
29972	2	21	12	3
29973	2	13	11	2
29974	4	135	24	11
29975	4	126	24	8
29976	2	162	21	8
29977	2	135	21	8
29978	6	120	25	7
29979	2	99	15	5
29980	4	126	22	8
29981	4	126	22	7
29982	4	132	23	8
29983	2	21	12	3
29984	2	42	15	4
29985	4	105	19	5
29986	4	135	23	10
29987	2	22	13	3
29988	4	132	24	7
29989	4	96	22	7
29990	4	162	24	10
29991	2	21	12	3
29992	2	40	13	3
29993	2	21	14	4
29994	2	102	13	4
29995	2	57	21	8
29996	2	99	17	6
29997	4	129	23	10
29998	2	39	12	3
29999	2	102	15	5
30000	2	66	13	4
30001	2	15	12	3
30002	2	162	23	9
30003	2	36	11	2
30004	2	40	13	3
30005	2	14	11	2
30006	4	159	25	10
30007	2	87	19	7
30008	6	126	26	8
30009	2	117	15	5
30010	2	19	11	2
30011	2	105	17	6
30012	2	156	19	7
30013	6	126	25	7
30014	2	16	14	3
30015	2	16	14	3
30016	2	81	15	5
30017	2	21	12	3
30018	2	21	14	4
30019	2	19	13	3
30020	4	162	27	12
30021	2	162	21	8
30022	2	168	21	8
30023	4	105	21	6
30024	2	87	17	6
30025	2	40	14	3
30026	2	16	10	2
30027	2	150	21	8
30028	2	84	13	4
30029	2	81	14	5
30030	2	180	23	9
30031	2	40	13	3
30032	2	42	15	4
30033	2	18	12	3
30034	2	120	17	6
30035	2	162	17	6
30036	4	168	28	12
30037	2	21	12	3
30038	4	126	26	7
30039	2	22	13	3
30040	2	102	17	6
30041	2	17	11	3
30042	2	87	19	7
30043	2	37	11	2
30044	6	126	28	9
30045	2	26	12	3
30046	2	120	16	6
30047	4	141	24	11
30048	2	75	17	6
30049	4	126	21	10
30050	2	168	23	9
30051	2	69	12	4
30052	2	20	13	4
30053	2	126	17	6
30054	2	81	15	5
30055	4	126	21	9
30056	2	84	11	3
30057	2	41	14	4
30058	4	135	24	11
30059	2	24	14	4
30060	4	96	20	4
30061	2	174	23	9
30062	4	120	24	7
30063	2	96	13	4
30064	2	18	11	3
30065	4	132	25	9
30066	2	24	14	4
30067	4	159	25	10
30068	4	126	22	7
30069	4	180	27	12
30070	2	66	14	3
30071	4	168	28	12
30072	2	126	15	5
30073	2	120	17	6
30074	4	87	19	4
30075	2	99	11	3
30076	2	57	13	4
30077	2	102	15	5
30078	4	126	22	7
30079	2	15	13	3
30080	2	19	12	3
30081	4	120	21	9
30082	2	15	13	3
30083	2	33	7	2
30084	2	51	11	3
30085	2	123	20	8
30086	4	126	21	9
30087	2	40	13	3
30088	2	21	12	3
30089	2	192	25	10
30090	4	159	25	10
30091	2	153	25	10
30092	2	75	17	6
30093	2	33	9	4
30094	2	21	12	3
30095	2	33	7	2
30096	2	65	12	4
30097	4	171	27	12
30098	2	19	12	3
30099	4	159	28	12
30100	4	126	25	8
30101	2	123	20	8
30102	2	39	12	3
30103	4	93	19	4
30104	2	132	19	7
30105	2	84	13	4
30106	2	87	17	6
30107	2	186	24	10
30108	4	93	20	4
30109	4	126	21	10
30110	2	117	14	4
30111	4	102	21	6
30112	2	65	13	3
30113	4	162	27	12
30114	2	21	12	3
30115	4	171	30	14
30116	2	126	17	6
30117	4	96	22	6
30118	4	132	24	7
30119	2	75	19	7
30120	2	105	16	5
30121	2	18	11	3
30122	2	51	10	3
30123	2	66	11	3
30124	2	63	14	5
30125	4	126	24	7
30126	4	135	24	11
30127	4	132	21	10
30128	2	180	26	11
30129	4	162	27	12
30130	2	42	15	4
30131	4	132	23	8
30132	2	66	14	3
30133	2	57	17	6
30134	2	15	13	3
30135	2	19	12	3
30136	2	18	12	3
30137	2	18	11	3
30138	2	66	13	4
30139	2	40	14	3
30140	4	141	24	12
30141	4	63	19	7
30142	4	141	22	10
30143	4	171	27	12
30144	4	132	21	10
30145	2	16	14	3
30146	4	126	21	10
30147	4	126	21	9
30148	2	23	11	3
30149	4	132	21	9
30150	2	156	19	7
30151	4	135	23	10
30152	2	21	11	3
30153	2	132	19	7
30154	4	102	19	5
30155	2	114	17	6
30156	4	171	24	10
30157	2	22	13	3
30158	4	162	24	10
30159	2	174	21	8
30160	2	21	11	3
30161	2	39	12	3
30162	2	24	14	4
30163	2	23	13	4
30164	2	150	23	9
30165	2	21	12	3
30166	2	16	13	3
30167	2	135	17	6
30168	2	132	15	5
30169	4	90	20	5
30170	2	162	23	9
30171	2	75	19	7
30172	4	159	25	10
30173	2	57	15	5
30174	4	93	19	4
30175	2	64	12	3
30176	2	93	21	8
30177	2	33	10	5
30178	4	171	24	10
30179	2	99	19	7
30180	2	102	17	6
30181	2	63	15	5
30182	2	41	14	4
30183	2	17	14	4
30184	2	21	14	4
30185	2	81	16	5
30186	2	57	8	2
30187	2	24	14	4
30188	4	120	24	7
30189	4	126	22	8
30190	4	126	21	10
30191	2	18	15	4
30192	2	69	23	9
30193	2	18	15	4
30194	2	198	19	7
30195	2	87	13	4
30196	2	57	8	2
30197	2	168	21	8
30198	2	102	13	4
30199	4	126	24	7
30200	2	96	17	6
30201	4	96	20	6
30202	2	81	17	6
30203	2	22	12	3
30204	4	168	25	10
30205	2	174	21	8
30206	4	168	25	10
30207	4	120	24	7
30208	4	132	24	8
30209	2	71	17	6
30210	4	63	18	7
30211	2	102	17	6
30212	2	21	12	3
30213	4	126	24	7
30214	4	135	24	11
30215	2	105	18	7
30216	4	63	17	5
30217	4	126	22	7
30218	4	135	26	11
30219	2	18	12	3
30220	2	17	14	4
30221	2	66	10	2
30222	4	150	25	10
30223	4	168	28	12
30224	2	138	19	7
30225	2	69	21	8
30226	4	132	24	7
30227	4	96	21	6
30228	4	126	21	9
30229	4	96	19	5
30230	2	81	17	6
30231	2	78	13	4
30232	2	168	24	10
30233	2	81	15	5
30234	2	150	21	8
30235	2	75	19	7
30236	4	93	20	5
30237	4	120	24	7
30238	2	75	15	5
30239	2	102	13	4
30240	2	93	19	7
30241	6	126	29	10
30242	2	90	13	4
30243	2	18	11	3
30244	2	17	10	2
30245	4	126	22	8
30246	2	40	13	3
30247	2	69	12	4
30248	2	39	13	3
30249	6	120	27	8
30250	2	93	21	8
30251	6	120	29	10
30252	4	120	24	7
30253	4	126	22	7
30254	2	22	13	3
30255	2	13	11	2
30256	6	126	27	8
30257	2	39	12	3
30258	2	22	13	3
30259	2	168	19	7
30260	4	135	25	11
30261	2	15	12	3
30262	2	138	17	6
30263	2	93	17	6
30264	2	21	12	3
30265	2	123	19	7
30266	2	99	19	7
30267	2	75	19	7
30268	4	150	25	10
30269	2	117	20	8
30270	2	102	15	5
30271	4	141	27	12
30272	2	111	14	4
30273	4	120	22	9
30274	2	19	12	3
30275	2	87	15	5
30276	4	153	24	10
30277	2	40	13	3
30278	4	132	25	9
30279	2	75	15	5
30280	2	150	19	7
30281	4	171	24	10
30282	2	18	15	4
30283	4	150	25	10
30284	4	132	21	9
30285	2	16	13	3
30286	4	93	21	5
30287	2	87	13	4
30288	4	102	19	5
30289	2	33	7	2
30290	4	132	24	8
30291	2	192	21	8
30292	2	38	12	3
30293	2	60	10	2
30294	4	168	25	10
30295	2	21	14	4
30296	4	120	24	7
30297	2	16	13	3
30298	2	57	8	2
30299	2	75	17	6
30300	4	126	25	7
30301	2	45	11	3
30302	2	40	13	3
30303	2	19	13	3
30304	2	120	18	6
30305	4	168	25	10
30306	4	180	27	12
30307	4	132	22	7
30308	4	132	23	9
30309	2	14	12	3
30310	2	42	15	4
30311	2	99	15	5
30312	2	81	16	6
30313	4	126	24	8
30314	4	171	24	10
30315	4	141	23	10
30316	2	21	12	3
30317	2	42	15	4
30318	2	51	10	3
30319	2	108	17	6
30320	4	180	24	10
30321	2	66	10	4
30322	6	126	28	9
30323	4	126	22	7
30324	4	135	22	10
30325	2	198	23	9
30326	2	102	13	4
30327	2	16	14	3
30328	4	141	23	11
30329	2	93	19	7
30330	2	19	13	3
30331	2	102	17	6
30332	2	19	10	2
30333	4	162	27	12
30334	4	96	19	5
30335	2	87	15	5
30336	2	192	21	8
30337	2	150	21	8
30338	2	138	19	7
30339	2	75	21	8
30340	2	51	13	4
30341	2	16	13	3
30342	2	123	18	7
30343	4	135	25	12
30344	2	135	17	6
30345	2	40	13	3
30346	2	15	13	3
30347	2	15	13	3
30348	4	135	23	10
30349	2	19	13	3
30350	2	75	15	5
30351	2	123	19	7
30352	6	120	27	8
30353	2	21	12	3
30354	2	84	13	4
30355	4	132	22	10
30356	4	132	21	9
30357	2	33	9	4
30358	2	174	23	9
30359	2	42	15	4
30360	2	84	13	4
30361	4	93	20	4
30362	4	102	19	5
30363	4	126	25	7
30364	4	168	28	12
30365	2	40	14	3
30366	4	135	22	10
30367	2	81	11	3
30368	2	192	22	9
30369	4	126	25	8
30370	2	153	22	8
30371	2	99	18	7
30372	2	81	19	7
30373	2	20	13	4
30374	2	63	21	8
30375	4	132	24	8
30376	2	41	14	4
30377	2	132	19	7
30378	2	64	12	3
30379	4	132	22	7
30380	4	135	23	11
30381	2	66	12	3
30382	2	22	13	3
30383	2	39	12	3
30384	2	19	12	3
30385	2	120	17	6
30386	2	18	12	3
30387	2	99	14	4
30388	2	21	14	4
30389	2	120	18	6
30390	2	18	11	3
30391	4	168	25	10
30392	4	126	24	7
30393	2	23	13	4
30394	4	159	25	10
30395	2	40	13	3
30396	4	162	24	10
30397	4	159	25	10
30398	4	96	22	5
30399	2	66	14	3
30400	2	33	7	2
30401	4	93	20	4
30402	2	186	23	9
30403	2	51	8	2
30404	2	138	17	6
30405	2	21	12	3
30406	2	81	17	6
30407	2	15	13	3
30408	2	75	17	6
30409	2	15	13	3
30410	4	159	28	12
30411	2	93	18	6
30412	4	96	19	5
30413	2	22	13	3
30414	6	120	26	8
30415	4	126	21	9
30416	2	138	17	6
30417	4	168	25	10
30418	2	84	11	3
30419	4	159	25	10
30420	6	126	29	9
30421	4	126	24	7
30422	2	63	11	2
30423	2	21	10	2
30424	4	138	21	9
30425	2	21	14	4
30426	2	51	8	2
30427	2	22	13	3
30428	2	57	10	3
30429	2	111	17	6
30430	2	22	13	3
30431	2	144	21	8
30432	2	16	13	3
30433	2	75	17	6
30434	2	33	7	2
30435	2	99	17	6
30436	2	51	8	2
30437	2	66	13	4
30438	4	162	27	12
30439	4	126	22	7
30440	2	138	17	6
30441	4	126	21	9
30442	4	132	23	8
30443	2	41	14	4
30444	2	138	21	8
30445	2	87	31	13
30446	4	132	24	7
30447	2	71	15	5
30448	2	20	13	4
30449	2	51	10	3
30450	2	21	12	3
30451	4	63	17	5
30452	2	102	13	4
30453	2	19	12	3
30454	2	66	10	4
30455	4	132	21	9
30456	2	19	13	3
30457	4	171	24	10
30458	2	75	17	6
30459	2	51	8	2
30460	2	192	23	9
30461	2	81	17	6
30462	4	138	22	7
30463	2	21	12	3
30464	4	177	28	12
30465	2	174	19	7
30466	2	51	8	2
30467	4	141	24	11
30468	2	40	13	3
30469	2	102	15	5
30470	2	36	11	6
30471	2	63	15	5
30472	4	132	24	7
30473	2	93	16	5
30474	2	120	17	6
30475	2	81	15	5
30476	2	18	15	4
30477	2	186	23	9
30478	4	96	19	4
30479	4	135	24	12
30480	2	21	12	3
30481	2	66	11	3
30482	4	126	24	7
30483	2	192	23	9
30484	4	135	23	11
30485	4	93	22	6
30486	2	57	10	3
30487	4	171	24	10
30488	2	30	12	4
30489	2	66	14	3
30490	2	15	13	3
30491	2	63	11	2
30492	6	120	28	9
30493	4	132	22	8
30494	6	120	25	7
30495	2	102	15	5
30496	4	126	24	7
30497	2	81	15	5
30498	4	168	25	10
30499	2	65	13	3
30500	2	123	17	6
30501	2	84	14	5
30502	2	138	15	5
30503	2	36	7	2
30504	6	132	25	7
30505	4	162	27	12
30506	2	21	12	3
30507	2	162	23	9
30508	2	147	19	7
30509	2	40	13	3
30510	2	102	15	5
30511	2	41	14	4
30512	2	192	27	11
30513	2	18	12	3
30514	2	87	21	8
30515	4	159	25	10
30516	2	13	11	2
30517	2	162	21	8
30518	2	39	12	3
30519	2	18	12	3
30520	2	108	15	5
30521	2	102	13	4
30522	4	132	22	8
30523	4	168	28	12
30524	2	87	15	5
30525	2	24	14	4
30526	6	120	27	9
30527	4	180	27	12
30528	2	66	14	3
30529	2	81	15	5
30530	2	69	12	4
30531	2	60	13	4
30532	2	65	13	3
30533	2	114	17	6
30534	2	57	8	2
30535	2	15	12	3
30536	2	87	19	7
30537	2	129	15	5
30538	2	42	15	4
30539	2	40	13	3
30540	2	120	15	5
30541	2	21	12	3
30542	4	162	27	12
30543	2	192	23	9
30544	2	66	10	2
30545	2	19	13	3
30546	2	72	11	3
30547	2	16	14	3
30548	2	168	23	9
30549	2	39	13	3
30550	4	168	28	12
30551	4	120	24	8
30552	2	17	14	4
30553	2	22	12	3
30554	2	63	14	5
30555	2	144	21	8
30556	2	153	21	8
30557	2	18	12	3
30558	2	81	15	5
30559	2	192	21	8
30560	6	126	25	7
30561	2	22	13	3
30562	4	129	24	11
30563	4	129	23	11
30564	4	126	24	8
30565	4	126	22	7
30566	2	42	15	4
30567	4	126	24	7
30568	4	96	19	4
30569	6	120	25	7
30570	4	126	24	7
30571	2	22	13	3
30572	2	75	13	4
30573	4	168	25	10
30574	2	87	18	6
30575	2	99	13	4
30576	6	120	28	9
30577	4	132	24	8
30578	2	102	14	5
30579	2	117	16	5
30580	4	126	22	7
30581	2	63	11	2
30582	4	168	28	12
30583	2	84	13	4
30584	2	38	12	3
30585	4	132	22	7
30586	2	21	12	3
30587	2	57	13	4
30588	2	22	13	3
30589	2	123	20	7
30590	4	141	23	10
30591	2	33	7	2
30592	2	63	15	5
30593	4	126	22	7
30594	4	126	21	9
30595	2	21	14	4
30596	4	168	25	10
30597	2	15	13	3
30598	4	132	21	9
30599	2	81	17	6
30600	4	132	24	7
30601	2	99	18	6
30602	4	162	27	12
30603	4	159	25	10
30604	2	99	21	8
30605	4	132	21	10
30606	4	171	24	10
30607	2	57	17	6
30608	2	150	19	7
30609	2	21	12	3
30610	2	102	13	4
30611	2	81	13	4
30612	4	171	27	12
30613	4	135	23	10
30614	4	171	24	10
30615	2	120	15	5
30616	4	126	21	9
30617	4	60	18	5
30618	4	141	25	12
30619	2	105	14	4
30620	2	41	14	4
30621	2	19	12	3
30622	2	15	12	3
30623	2	39	13	3
30624	2	75	21	8
30625	2	65	13	3
30626	2	87	17	6
30627	2	21	12	3
30628	2	87	17	6
30629	4	171	24	10
30630	2	57	8	2
30631	2	23	13	4
30632	2	17	10	2
30633	4	132	21	10
30634	4	96	19	5
30635	2	81	21	8
30636	6	120	27	9
30637	4	132	22	8
30638	4	102	19	5
30639	2	81	15	5
30640	2	13	11	2
30641	2	18	11	3
30642	2	120	17	6
30643	4	132	21	9
30644	2	15	13	3
30645	4	132	24	7
30646	2	22	13	3
30647	2	21	11	3
30648	2	93	17	6
30649	2	84	13	4
30650	2	156	21	8
30651	2	168	21	8
30652	2	42	15	4
30653	4	135	22	10
30654	2	93	27	11
30655	2	96	15	5
30656	2	138	19	7
30657	2	168	21	8
30658	2	42	15	4
30659	2	87	19	7
30660	2	69	15	5
30661	4	96	19	5
30662	2	99	19	7
30663	4	126	22	8
30664	6	120	25	7
30665	2	16	14	3
30666	2	23	11	3
30667	2	144	19	7
30668	2	99	19	7
30669	2	39	13	3
30670	2	168	20	7
30671	4	132	24	7
30672	4	126	21	9
30673	2	32	7	2
30674	2	20	13	4
30675	4	99	19	5
30676	2	40	14	3
30677	2	42	15	4
30678	2	23	13	4
30679	4	141	24	11
30680	4	96	19	5
30681	2	21	12	3
30682	2	60	13	4
30683	4	162	27	12
30684	2	22	13	3
30685	4	132	22	7
30686	2	66	14	3
30687	2	40	13	3
30688	2	39	13	3
30689	4	132	21	9
30690	2	40	14	3
30691	2	108	17	6
30692	2	39	13	3
30693	2	42	15	4
30694	2	156	19	7
30695	4	126	22	10
30696	2	21	12	3
30697	4	126	24	7
30698	4	171	24	10
30699	2	123	17	6
30700	2	15	13	3
30701	2	39	12	3
30702	2	18	15	4
30703	2	65	13	3
30704	2	65	13	3
30705	2	63	15	5
30706	2	156	19	7
30707	4	150	28	12
30708	2	84	13	4
30709	4	129	24	11
30710	4	135	23	10
30711	2	63	19	7
30712	2	117	21	8
30713	2	22	13	3
30714	2	81	15	5
30715	4	159	25	10
30716	2	69	18	6
30717	4	135	24	11
30718	2	38	12	3
30719	4	141	23	10
30720	4	153	24	10
30721	2	39	13	3
30722	2	81	17	6
30723	4	132	25	8
30724	2	39	12	3
30725	2	19	12	3
30726	2	150	21	8
30727	2	108	14	5
30728	2	51	11	3
30729	4	87	19	4
30730	2	16	14	3
30731	2	22	12	3
30732	4	171	27	12
30733	4	180	27	12
30734	6	120	27	8
30735	2	20	13	4
30736	2	15	13	3
30737	4	96	21	6
30738	4	135	23	10
30739	2	126	13	4
30740	2	84	13	4
30741	2	99	14	4
30742	2	81	15	5
30743	4	120	22	10
30744	2	111	15	5
30745	2	51	8	2
30746	2	18	12	3
30747	4	162	24	10
30748	2	19	10	2
30749	4	126	22	7
30750	4	57	16	5
30751	2	123	22	8
30752	2	150	17	6
30753	2	42	15	4
30754	4	129	25	12
30755	2	168	17	6
30756	2	75	21	8
30757	4	96	21	6
30758	2	123	24	9
30759	4	132	21	9
30760	2	162	21	8
30761	2	15	12	3
30762	4	162	27	12
30763	2	120	19	7
30764	4	162	27	12
30765	2	24	14	4
30766	4	141	21	9
30767	4	168	28	12
30768	4	153	27	12
30769	4	135	23	10
30770	4	96	20	5
30771	2	66	11	3
30772	4	126	21	9
30773	2	18	12	3
30774	6	120	27	8
30775	2	66	13	4
30776	2	39	13	3
30777	4	162	27	12
30778	2	65	13	3
30779	2	108	15	5
30780	2	19	12	3
30781	4	168	28	12
30782	2	102	17	6
30783	2	156	22	9
30784	2	81	16	6
30785	4	180	27	12
30786	4	102	19	5
30787	4	135	22	10
30788	2	138	17	6
30789	2	37	11	2
30790	4	168	28	12
30791	4	102	19	5
30792	4	171	24	10
30793	2	99	15	5
30794	2	102	17	6
30795	4	126	22	8
30796	4	162	27	12
30797	4	138	22	8
30798	2	117	15	5
30799	4	126	25	8
30800	4	102	19	5
30801	2	15	12	3
30802	2	186	21	8
30803	2	16	13	3
30804	6	120	26	8
30805	4	93	20	5
30806	2	39	13	3
30807	2	66	13	4
30808	2	21	12	3
30809	4	132	23	7
30810	2	87	17	6
30811	2	168	19	7
30812	2	186	21	8
30813	2	102	13	4
30814	2	141	19	7
30815	2	19	13	3
30816	4	132	21	10
30817	4	168	28	12
30818	2	21	11	3
30819	2	33	10	5
30820	4	126	22	8
30821	2	117	17	6
30822	4	135	24	11
30823	2	18	15	4
30824	4	63	17	5
30825	4	159	25	10
30826	4	135	22	10
30827	2	21	14	4
30828	2	198	23	9
30829	2	19	13	3
30830	2	39	12	3
30831	2	93	19	7
30832	4	132	22	8
30833	2	41	14	4
30834	2	22	13	3
30835	2	123	20	7
30836	2	153	19	7
30837	4	132	21	9
30838	2	38	11	2
30839	2	84	13	4
30840	2	40	14	3
30841	2	102	19	7
30842	4	132	24	7
30843	6	126	29	9
30844	2	20	11	3
30845	2	45	13	4
30846	4	159	25	10
30847	2	99	15	5
30848	2	20	13	4
30849	2	78	11	3
30850	2	15	12	3
30851	4	132	23	8
30852	2	117	17	6
30853	2	66	13	4
30854	2	150	21	8
30855	2	66	11	3
30856	2	117	18	6
30857	4	171	24	10
30858	2	105	20	7
30859	4	126	22	7
30860	2	144	19	7
30861	2	150	21	8
30862	2	22	12	3
30863	4	132	21	9
30864	2	19	13	3
30865	2	40	13	3
30866	2	120	13	4
30867	4	126	24	7
30868	4	162	27	12
30869	4	132	23	8
30870	4	135	21	9
30871	6	126	29	10
30872	2	39	13	3
30873	2	120	15	5
30874	2	174	25	10
30875	2	41	14	4
30876	2	84	15	5
30877	4	96	21	5
30878	4	159	25	10
30879	2	186	21	8
30880	4	93	19	4
30881	4	132	24	7
30882	4	126	21	9
30883	4	171	24	10
30884	2	120	13	4
30885	2	22	13	3
30886	4	129	24	11
30887	2	51	14	5
30888	2	198	23	9
30889	2	39	13	3
30890	2	30	7	2
30891	4	132	24	8
30892	2	180	23	9
30893	4	150	28	12
30894	6	120	25	7
30895	4	126	24	7
30896	2	174	23	9
30897	2	87	14	5
30898	2	24	14	4
30899	4	99	21	6
30900	2	19	12	3
30901	2	21	14	4
30902	4	162	24	10
30903	2	66	13	4
30904	2	19	12	3
30905	2	19	12	3
30906	2	192	21	8
30907	2	40	14	3
30908	6	126	27	9
30909	2	21	12	3
30910	2	81	13	4
30911	2	73	19	7
30912	4	129	23	10
30913	4	132	21	10
30914	2	19	11	2
30915	2	39	12	3
30916	2	18	12	3
30917	2	57	10	3
30918	2	24	14	4
30919	6	114	27	9
30920	2	66	11	3
30921	2	174	23	9
30922	2	18	12	3
30923	2	75	15	5
30924	2	66	11	3
30925	2	81	11	3
30926	2	174	21	8
30927	2	132	19	7
30928	2	84	13	4
30929	4	132	22	10
30930	2	40	14	3
30931	2	65	12	4
30932	2	66	11	3
30933	2	186	23	9
30934	2	87	15	5
30935	2	51	10	3
30936	2	75	15	5
30937	4	126	24	8
30938	4	132	24	7
30939	2	162	21	8
30940	4	102	21	6
30941	2	81	13	4
30942	2	18	15	4
30943	4	162	27	12
30944	4	159	28	12
30945	2	168	23	9
30946	2	38	11	2
30947	4	135	22	10
30948	2	120	17	6
30949	4	96	20	4
30950	2	40	14	3
30951	2	21	12	3
30952	4	138	23	8
30953	2	63	14	5
30954	2	16	14	3
30955	2	22	13	3
30956	2	22	13	3
30957	2	84	11	3
30958	2	117	20	8
30959	2	14	12	3
30960	4	159	31	14
30961	2	69	12	4
30962	4	132	24	7
30963	2	60	13	4
30964	2	15	13	3
30965	2	69	11	3
30966	2	24	14	4
30967	2	19	13	3
30968	2	36	7	2
30969	2	102	13	4
30970	2	141	17	6
30971	2	57	13	4
30972	4	159	25	10
30973	2	75	17	6
30974	4	99	19	5
30975	2	38	12	3
30976	4	57	16	5
30977	2	156	15	5
30978	4	159	28	12
30979	2	24	14	4
30980	6	126	28	9
30981	2	66	10	2
30982	2	23	13	4
30983	4	132	22	8
30984	2	21	14	4
30985	4	126	21	10
30986	2	22	13	3
30987	2	156	17	6
30988	4	141	24	12
30989	2	19	10	2
30990	2	39	13	3
30991	2	87	14	5
30992	2	22	12	3
30993	2	192	23	9
30994	2	22	12	3
30995	4	126	21	9
30996	2	150	17	6
30997	2	39	13	3
30998	2	63	11	2
30999	2	87	11	3
31000	4	162	27	12
31001	2	60	13	4
31002	2	39	13	3
31003	4	96	19	5
31004	2	156	21	8
31005	2	19	12	3
31006	2	180	25	10
31007	2	21	11	3
31008	2	75	17	6
31009	2	75	15	5
31010	2	174	21	8
31011	2	17	11	3
31012	2	21	12	3
31013	2	150	23	9
31014	2	96	17	6
31015	4	132	24	7
31016	2	57	17	6
31017	2	87	29	12
31018	2	87	14	5
31019	6	120	25	7
31020	4	141	25	12
31021	2	39	12	3
31022	4	96	20	5
31023	2	105	17	6
31024	4	138	22	7
31025	2	150	19	7
31026	2	20	10	2
31027	4	126	22	10
31028	4	126	22	8
31029	2	75	21	8
31030	2	120	15	5
31031	2	24	14	4
31032	4	126	22	7
31033	4	57	16	5
31034	2	81	15	5
31035	2	132	17	6
31036	2	40	13	3
31037	4	96	20	4
31038	2	102	13	4
31039	2	18	12	3
31040	4	141	21	9
31041	2	63	17	6
31042	2	75	21	8
31043	2	57	13	4
31044	2	39	12	3
31045	2	102	13	4
31046	2	51	14	4
31047	4	102	21	6
31048	2	156	19	7
31049	2	23	13	4
31050	2	81	11	3
31051	4	96	19	5
31052	4	132	22	7
31053	4	162	30	14
31054	4	159	28	12
31055	4	102	19	4
31056	2	16	13	3
31057	2	117	18	7
31058	2	75	15	5
31059	2	19	13	3
31060	4	126	21	9
31061	4	159	31	14
31062	4	141	24	12
31063	6	120	26	8
31064	4	126	23	8
31065	2	93	21	8
31066	2	186	21	8
31067	2	87	19	7
31068	2	22	12	3
31069	2	20	11	3
31070	2	132	19	7
31071	4	135	24	11
31072	6	120	29	10
31073	4	171	27	12
31074	2	150	21	8
31075	6	120	27	8
31076	2	102	13	4
31077	4	126	22	7
31078	2	33	7	2
31079	2	84	11	3
31080	2	102	13	4
31081	2	39	12	3
31082	4	162	24	10
31083	2	23	13	4
31084	4	126	22	7
31085	2	39	13	3
31086	4	162	27	12
31087	2	23	13	4
31088	2	111	15	5
31089	4	126	21	10
31090	2	21	12	3
31091	2	63	13	4
31092	2	120	17	6
31093	4	171	24	10
31094	2	40	14	3
31095	2	66	11	3
31096	4	168	25	10
31097	4	126	23	8
31098	2	84	11	3
31099	2	21	12	3
31100	2	99	11	3
31101	2	129	19	7
31102	4	126	24	7
31103	2	19	12	3
31104	4	96	20	5
31105	4	120	23	10
31106	2	41	14	4
31107	2	144	21	8
31108	4	135	25	12
31109	2	39	13	3
31110	2	114	15	5
31111	4	135	26	11
31112	2	105	19	7
31113	4	126	22	7
31114	4	96	19	5
31115	2	168	21	8
31116	2	123	21	8
31117	4	171	24	10
31118	4	159	25	10
31119	2	156	21	8
31120	2	81	17	6
31121	4	141	23	10
31122	2	66	14	3
31123	2	39	13	3
31124	2	123	20	8
31125	2	174	20	8
31126	2	66	11	3
31127	2	186	19	7
31128	4	126	24	7
31129	2	21	10	2
31130	2	186	21	8
31131	4	141	24	11
31132	2	19	11	2
31133	2	84	11	3
31134	4	96	19	5
31135	2	42	15	4
31136	2	105	18	7
31137	4	162	24	10
31138	4	102	19	5
31139	2	75	17	6
31140	2	20	11	3
31141	4	132	24	8
31142	2	99	20	8
31143	2	66	13	4
31144	2	123	21	8
31145	2	57	15	5
31146	2	147	16	5
31147	2	120	15	5
31148	2	39	12	3
31149	2	87	11	3
31150	4	96	21	6
31151	2	33	8	2
31152	2	78	13	4
31153	2	40	13	3
31154	2	60	10	2
31155	2	16	14	3
31156	2	99	15	5
31157	2	16	13	3
31158	4	180	24	10
31159	4	126	24	7
31160	4	120	22	7
31161	4	60	18	5
31162	2	84	13	4
31163	2	19	13	3
31164	2	99	19	7
31165	4	171	27	12
31166	2	156	19	7
31167	2	180	23	9
31168	2	57	17	6
31169	2	39	13	3
31170	2	87	15	5
31171	2	150	17	6
31172	4	135	24	11
31173	2	21	12	3
31174	4	138	21	9
31175	6	120	28	9
31176	2	40	14	3
31177	4	96	21	6
31178	2	21	12	3
31179	4	162	24	10
31180	2	17	14	4
31181	4	162	24	10
31182	4	132	25	7
31183	4	126	21	9
31184	2	51	14	5
31185	4	162	24	10
31186	2	22	12	3
31187	4	126	24	8
31188	4	159	25	10
31189	2	40	13	3
31190	4	135	25	11
31191	2	63	19	7
31192	2	19	10	2
31193	2	39	13	3
31194	4	135	24	11
31195	2	75	15	5
31196	2	57	8	2
31197	2	99	27	11
31198	2	117	21	8
31199	2	126	15	5
31200	4	96	21	6
31201	4	171	24	10
31202	4	132	24	8
31203	2	66	13	4
31204	4	102	19	5
31205	2	57	8	2
31206	2	132	19	7
31207	2	66	13	4
31208	4	162	27	12
31209	2	51	10	3
31210	2	102	17	6
31211	4	162	27	12
31212	2	19	12	3
31213	2	168	21	8
31214	2	129	19	7
31215	4	63	17	5
31216	2	150	19	7
31217	2	81	17	6
31218	2	40	13	3
31219	2	93	19	7
31220	4	162	27	12
31221	2	37	11	2
31222	2	120	15	5
31223	2	132	15	5
31224	2	66	13	4
31225	2	45	12	4
31226	4	132	22	11
31227	4	126	21	10
31228	2	96	13	4
31229	2	40	13	3
31230	4	126	22	7
31231	2	156	17	6
31232	4	126	23	9
31233	4	132	22	7
31234	2	51	8	2
31235	4	168	28	12
31236	2	51	12	4
31237	2	42	15	4
31238	2	63	10	3
31239	4	135	25	12
31240	2	162	23	9
31241	4	135	21	9
31242	2	40	14	3
31243	4	162	27	12
31244	2	66	12	3
31245	6	126	27	9
31246	6	120	27	8
31247	4	168	25	10
31248	2	123	19	7
31249	4	96	21	5
31250	2	21	10	2
31251	4	102	19	5
31252	2	69	12	4
31253	2	38	12	3
31254	2	63	23	9
31255	4	126	24	8
31256	2	17	10	2
31257	4	171	27	12
31258	2	168	21	8
31259	2	81	13	4
31260	2	24	14	4
31261	2	69	12	4
31262	4	132	25	8
31263	2	84	11	3
31264	2	66	13	4
31265	2	87	21	8
31266	4	168	25	10
31267	2	81	15	5
31268	2	192	23	9
31269	2	75	13	4
31270	2	22	13	3
31271	2	120	17	6
31272	4	93	21	6
31273	4	96	21	6
31274	2	21	14	4
31275	4	126	26	7
31276	2	87	12	4
31277	2	41	14	4
31278	2	39	13	3
31279	2	39	12	3
31280	2	99	13	4
31281	4	141	26	12
31282	2	24	14	4
31283	2	87	15	5
31284	4	162	24	10
31285	4	132	24	8
31286	2	21	12	3
31287	2	114	17	6
31288	2	66	10	2
31289	2	21	11	3
31290	2	120	19	7
31291	2	87	19	7
31292	4	162	27	12
31293	4	132	22	8
31294	2	123	18	7
31295	2	66	12	3
31296	2	40	13	3
31297	4	126	22	9
31298	2	132	17	6
31299	2	123	22	9
31300	2	120	17	6
31301	2	75	19	7
31302	4	159	28	12
31303	2	75	15	5
31304	2	192	23	9
31305	2	117	20	7
31306	4	135	24	11
31307	2	66	14	3
31308	4	126	22	8
31309	4	96	23	7
31310	2	65	13	3
31311	4	126	23	8
31312	2	21	14	4
31313	2	21	12	3
31314	4	141	24	11
31315	2	132	19	7
31316	2	19	12	3
31317	2	23	13	4
31318	2	186	25	10
31319	4	171	24	10
31320	2	18	15	4
31321	2	40	14	3
31322	2	180	19	7
31323	4	93	21	6
31324	2	117	19	7
31325	2	42	15	4
31326	6	120	26	8
31327	2	87	13	4
31328	4	120	24	7
31329	4	135	23	10
31330	2	65	13	3
31331	4	126	22	10
31332	2	19	13	3
31333	2	81	15	5
31334	2	21	10	2
31335	4	126	22	8
31336	4	132	23	9
31337	4	63	18	7
31338	2	42	15	4
31339	2	33	10	5
31340	2	36	11	2
31341	4	132	24	7
31342	2	65	13	3
31343	2	180	23	9
31344	4	141	24	11
31345	4	126	21	10
31346	4	159	28	12
31347	2	15	13	3
31348	2	22	12	3
31349	4	126	23	8
31350	2	111	21	8
31351	2	20	11	3
31352	4	126	24	8
31353	4	129	25	10
31354	2	21	10	2
31355	2	96	13	4
31356	2	105	19	7
31357	6	126	25	7
31358	4	99	19	5
31359	4	141	24	11
31360	2	57	8	2
31361	4	153	24	10
31362	2	20	13	4
31363	4	63	18	7
31364	2	66	13	4
31365	2	102	17	6
31366	2	75	21	8
31367	4	126	25	7
31368	2	186	25	10
31369	2	162	23	9
31370	2	180	23	9
31371	2	24	14	4
31372	4	159	25	10
31373	2	15	13	3
31374	2	51	8	2
31375	2	60	13	4
31376	2	87	11	3
31377	2	66	12	3
31378	4	126	22	7
31379	2	75	13	4
31380	2	138	19	7
31381	4	126	21	9
31382	2	75	15	5
31383	2	19	13	3
31384	2	150	21	8
31385	2	93	15	5
31386	4	159	28	12
31387	2	57	11	3
31388	2	192	21	8
31389	4	126	21	10
31390	2	111	15	5
31391	2	138	22	9
31392	4	159	25	10
31393	2	120	17	6
31394	2	16	10	2
31395	4	162	24	10
31396	4	159	28	12
31397	2	16	13	3
31398	4	96	21	6
31399	2	57	15	5
31400	2	96	13	4
31401	2	69	16	6
31402	4	141	25	12
31403	2	84	13	4
31404	4	132	24	7
31405	6	126	26	8
31406	4	63	19	7
31407	2	26	12	3
31408	2	105	17	6
31409	2	75	19	7
31410	2	93	13	4
31411	2	138	21	8
31412	4	141	23	11
31413	4	168	25	10
31414	4	96	19	5
31415	2	39	12	3
31416	4	96	19	5
31417	4	132	22	7
31418	4	120	21	10
31419	4	132	22	8
31420	2	16	14	3
31421	2	192	25	10
31422	4	132	22	8
31423	2	38	11	2
31424	2	22	12	3
31425	4	141	25	10
31426	4	162	24	10
31427	4	159	25	10
31428	2	40	13	3
31429	4	96	21	6
31430	2	22	13	3
31431	2	14	12	3
31432	4	162	27	12
31433	4	126	24	8
31434	2	180	23	9
31435	4	126	25	8
31436	4	93	19	5
31437	4	153	24	10
31438	2	41	14	4
31439	2	42	15	4
31440	2	51	10	3
31441	2	16	13	3
31442	2	23	13	4
31443	2	123	18	7
31444	4	126	22	7
31445	2	69	15	5
31446	2	114	17	6
31447	2	40	14	3
31448	2	138	19	7
31449	4	132	24	7
31450	4	120	26	8
31451	4	132	24	7
31452	2	168	21	8
31453	2	69	14	5
31454	2	40	14	3
31455	2	38	11	2
31456	2	186	23	9
31457	2	102	13	4
31458	2	186	23	9
31459	2	99	14	4
31460	4	141	23	10
31461	2	156	21	8
31462	2	40	13	3
31463	2	81	11	3
31464	2	66	14	3
31465	2	81	13	4
31466	2	40	14	3
31467	2	22	13	3
31468	2	45	8	2
31469	4	168	28	12
31470	2	93	17	6
31471	2	156	19	7
31472	4	168	25	10
31473	2	15	13	3
31474	2	144	17	6
31475	2	102	13	4
31476	4	162	24	10
31477	2	39	12	3
31478	2	22	12	3
31479	4	132	23	7
31480	2	21	12	3
31481	4	138	24	7
31482	2	24	14	4
31483	4	96	21	6
31484	2	66	13	4
31485	4	126	24	7
31486	2	132	18	6
31487	2	93	17	6
31488	2	132	21	8
31489	2	114	17	6
31490	4	126	24	7
31491	2	40	13	3
31492	4	102	21	6
31493	4	126	24	8
31494	2	192	23	9
31495	4	102	21	6
31496	2	69	12	4
31497	4	126	21	9
31498	2	22	12	3
31499	2	57	13	4
31500	2	57	8	2
31501	4	120	25	7
31502	4	162	27	12
31503	6	120	28	9
31504	2	174	21	8
31505	4	159	28	12
31506	2	19	12	3
31507	6	114	29	10
31508	2	132	17	6
31509	4	132	21	10
31510	4	141	23	11
31511	2	33	7	2
31512	4	135	26	12
31513	4	135	22	10
31514	2	162	17	6
31515	2	192	25	10
31516	4	168	25	10
31517	2	120	17	6
31518	2	66	11	3
31519	2	18	15	4
31520	2	57	11	3
31521	2	81	15	5
31522	4	171	24	10
31523	4	162	27	12
31524	4	60	18	5
31525	2	39	12	3
31526	2	132	17	6
31527	2	20	13	4
31528	6	126	29	10
31529	2	23	11	3
31530	2	17	10	2
31531	4	126	24	7
31532	2	33	7	2
31533	2	126	15	5
31534	2	40	13	3
31535	2	63	15	5
31536	2	75	19	7
31537	4	102	21	6
31538	4	141	23	10
31539	4	162	27	12
31540	2	150	19	7
31541	2	41	14	4
31542	4	126	24	8
31543	4	171	24	10
31544	2	16	13	3
31545	2	93	17	6
31546	4	138	22	8
31547	2	84	11	3
31548	2	15	13	3
31549	4	96	21	6
31550	2	51	10	3
31551	4	132	24	8
31552	2	117	13	4
31553	2	81	13	4
31554	2	63	13	4
31555	2	120	19	7
31556	4	141	24	11
31557	4	171	24	10
31558	4	120	21	9
31559	4	162	24	10
31560	2	19	12	3
31561	2	21	14	4
31562	2	57	8	2
31563	4	126	24	7
31564	4	159	25	10
31565	2	99	19	7
31566	4	135	23	11
31567	2	51	8	2
31568	2	57	13	4
31569	2	75	19	7
31570	4	132	23	8
31571	2	150	17	6
31572	2	51	8	2
31573	2	24	14	4
31574	2	65	13	3
31575	2	21	12	3
31576	2	41	14	4
31577	2	87	15	5
31578	2	75	17	6
31579	4	96	19	5
31580	2	21	11	3
31581	4	168	28	12
31582	2	105	17	6
31583	2	81	13	4
31584	4	135	23	10
31585	2	75	17	6
31586	2	51	8	2
31587	2	13	11	2
31588	4	132	24	7
31589	2	39	13	3
31590	2	38	12	3
31591	4	87	21	6
31592	2	66	13	4
31593	2	120	15	5
31594	4	171	24	10
31595	2	75	19	7
31596	2	150	19	7
31597	4	159	28	12
31598	4	162	27	12
31599	2	114	17	6
31600	2	138	20	7
31601	2	39	13	3
31602	2	192	23	9
31603	4	132	22	10
31604	4	135	23	11
31605	4	159	25	10
31606	2	144	19	7
31607	4	63	17	5
31608	2	33	7	2
31609	2	126	15	5
31610	4	126	24	8
31611	2	78	13	4
31612	2	13	11	2
31613	2	41	14	4
31614	2	102	13	4
31615	4	135	23	10
31616	4	96	20	6
31617	2	24	14	4
31618	2	69	16	6
31619	6	126	25	7
31620	4	171	27	12
31621	4	126	24	7
31622	4	132	24	7
31623	2	64	12	3
31624	2	21	12	3
31625	2	138	21	8
31626	2	19	13	3
31627	2	75	15	5
31628	2	18	12	3
31629	2	120	19	7
31630	2	75	19	7
31631	2	42	15	4
31632	4	159	25	10
31633	2	19	10	2
31634	2	147	18	6
31635	6	126	26	8
31636	2	156	21	8
31637	4	138	22	8
31638	2	57	8	2
31639	2	69	15	5
31640	4	171	24	10
31641	4	126	22	7
31642	2	22	13	3
31643	2	84	15	5
31644	2	144	21	8
31645	2	57	19	7
31646	2	21	11	3
31647	4	141	21	9
31648	4	120	24	8
31649	2	15	13	3
31650	2	63	14	5
31651	2	20	11	3
31652	2	16	13	3
31653	4	96	21	6
31654	2	24	14	4
31655	4	126	22	7
31656	2	22	12	3
31657	2	19	13	3
31658	6	120	25	7
31659	4	102	19	4
31660	4	126	21	10
31661	2	21	14	4
31662	2	18	12	3
31663	4	171	24	10
31664	2	81	13	4
31665	2	21	12	3
31666	4	126	24	7
31667	4	93	21	5
31668	2	39	12	3
31669	2	15	13	3
31670	2	18	12	3
31671	4	96	22	7
31672	2	37	11	2
31673	4	138	24	7
31674	2	16	13	3
31675	4	96	19	5
31676	2	93	15	5
31677	4	141	23	10
31678	2	18	12	3
31679	2	102	15	5
31680	4	132	21	10
31681	4	96	20	6
31682	2	114	19	7
31683	2	65	15	5
31684	2	66	12	3
31685	4	126	21	9
31686	2	66	10	2
31687	2	13	11	2
31688	2	192	23	9
31689	2	186	23	9
31690	2	129	16	5
31691	4	132	22	7
31692	4	159	25	10
31693	2	21	14	4
31694	2	96	15	5
31695	4	132	24	7
31696	2	99	21	8
31697	4	135	24	11
31698	2	93	15	5
31699	4	168	25	10
31700	6	114	27	9
31701	2	42	15	4
31702	4	102	19	5
31703	4	132	24	8
31704	2	186	25	10
31705	4	132	24	7
31706	2	16	13	3
31707	2	99	11	3
31708	2	102	13	4
31709	2	21	12	3
31710	4	162	24	10
31711	2	129	17	6
31712	2	87	14	5
31713	6	120	25	7
31714	4	135	25	11
31715	4	99	20	4
31716	4	132	24	7
31717	2	150	19	7
31718	6	120	25	7
31719	4	135	23	10
31720	2	39	12	3
31721	2	16	13	3
31722	4	135	21	9
31723	2	17	10	2
31724	2	45	13	4
31725	2	63	21	8
31726	2	81	13	4
31727	2	40	14	3
31728	4	135	24	11
31729	2	81	13	4
31730	2	21	12	3
31731	2	21	12	3
31732	2	99	15	5
31733	2	87	19	7
31734	2	15	13	3
31735	4	126	21	9
31736	2	81	13	4
31737	2	18	12	3
31738	2	102	17	6
31739	4	135	22	10
31740	4	162	24	10
31741	2	168	21	8
31742	2	132	17	6
31743	2	39	13	3
31744	4	126	21	9
31745	2	51	13	4
31746	4	138	25	8
31747	4	126	25	8
31748	2	20	13	4
31749	2	65	13	3
31750	6	120	27	9
31751	2	23	11	3
31752	4	132	24	9
31753	2	22	13	3
31754	4	126	22	10
31755	4	132	22	10
31756	2	21	10	2
31757	2	22	13	3
31758	4	60	18	5
31759	2	81	13	4
31760	2	84	11	3
31761	4	120	22	11
31762	4	132	22	8
31763	4	132	21	9
31764	2	66	14	3
31765	4	159	28	12
31766	2	21	12	3
31767	4	126	24	7
31768	2	42	15	4
31769	4	60	18	5
31770	2	21	14	4
31771	2	16	13	3
31772	4	132	24	7
31773	2	22	13	3
31774	2	138	15	5
31775	2	153	19	7
31776	2	117	17	6
31777	2	150	19	7
31778	2	75	19	7
31779	2	87	13	4
31780	4	141	25	12
31781	4	168	25	10
31782	2	168	21	8
31783	4	162	24	10
31784	2	66	13	4
31785	4	132	24	7
31786	2	168	23	9
31787	2	19	12	3
31788	2	81	16	6
31789	2	81	13	4
31790	4	135	23	10
31791	2	51	12	4
31792	2	75	25	10
31793	6	126	25	7
31794	2	51	8	2
31795	4	126	22	11
31796	4	93	19	4
31797	2	22	13	3
31798	2	69	18	6
31799	2	40	13	3
31800	4	96	21	6
31801	2	87	19	7
31802	2	126	15	5
31803	2	123	22	9
31804	2	57	13	4
31805	2	40	14	3
31806	2	21	14	4
31807	4	126	23	10
31808	4	87	21	6
31809	2	120	17	6
31810	2	19	13	3
31811	2	51	14	5
31812	2	65	13	3
31813	4	132	22	11
31814	4	99	21	6
31815	4	126	22	7
31816	2	14	12	3
31817	2	102	17	6
31818	2	111	13	4
31819	4	153	24	10
31820	2	17	10	2
31821	2	87	13	4
31822	2	150	21	8
31823	2	81	15	5
31824	2	81	13	4
31825	4	126	23	8
31826	2	120	15	5
31827	4	141	23	10
31828	2	132	19	7
31829	4	135	23	10
31830	2	73	19	7
31831	2	39	13	3
31832	2	75	19	7
31833	2	69	15	5
31834	2	138	17	6
31835	2	114	17	6
31836	4	126	24	7
31837	2	18	12	3
31838	2	22	13	3
31839	2	20	11	3
31840	2	69	12	3
31841	2	120	13	4
31842	4	102	21	6
31843	2	21	14	4
31844	2	99	11	3
31845	2	38	12	3
31846	2	120	17	6
31847	2	51	13	4
31848	2	156	21	8
31849	2	87	15	5
31850	2	168	19	7
31851	4	162	27	12
31852	4	126	22	7
31853	4	159	28	12
31854	4	132	22	8
31855	4	126	23	7
31856	4	132	21	9
31857	2	99	21	8
31858	2	123	21	8
31859	4	126	22	8
31860	2	16	13	3
31861	4	168	25	10
31862	2	38	11	2
31863	2	111	13	4
31864	4	93	19	4
31865	2	16	14	3
31866	2	39	12	3
31867	2	22	12	3
31868	2	40	14	3
31869	4	132	25	7
31870	2	120	18	7
31871	4	132	21	10
31872	2	65	13	3
31873	2	40	13	3
31874	4	141	24	11
31875	4	93	20	4
31876	4	132	24	7
31877	2	162	21	8
31878	4	168	28	12
31879	2	16	14	3
31880	2	57	8	2
31881	2	17	11	3
31882	2	123	16	5
31883	2	168	19	7
31884	2	75	13	4
31885	4	126	24	7
31886	2	84	13	4
31887	2	39	12	3
31888	2	114	13	4
31889	4	162	24	10
31890	2	22	13	3
31891	2	18	15	4
31892	2	22	12	3
31893	2	18	15	4
31894	2	81	15	5
31895	4	141	22	10
31896	2	99	21	8
31897	2	120	17	6
31898	2	21	14	4
31899	2	18	15	4
31900	2	14	12	3
31901	4	168	28	12
31902	2	81	19	7
31903	2	39	13	3
31904	2	42	15	4
31905	2	19	12	3
31906	2	186	25	10
31907	2	120	13	4
31908	4	126	24	8
31909	2	20	13	4
31910	2	150	19	7
31911	2	19	10	2
31912	4	135	23	10
31913	2	57	13	4
31914	2	63	15	5
31915	2	144	15	5
31916	2	117	21	8
31917	2	51	10	3
31918	4	141	26	11
31919	4	171	24	10
31920	4	159	25	10
31921	2	21	12	3
31922	2	40	14	3
31923	4	96	19	4
31924	2	69	13	4
31925	4	171	24	10
31926	2	40	13	3
31927	2	141	19	7
31928	4	135	24	11
31929	4	132	22	7
31930	2	186	25	10
31931	2	73	19	7
31932	2	84	15	5
31933	4	93	21	5
31934	2	63	15	5
31935	2	21	14	4
31936	6	126	25	7
31937	4	99	20	4
31938	2	30	12	4
31939	2	147	19	7
31940	2	66	13	4
31941	2	39	12	3
31942	2	19	12	3
31943	2	19	10	2
31944	4	126	24	7
31945	6	120	26	8
31946	2	33	8	2
31947	4	150	28	12
31948	2	81	21	8
31949	4	171	24	10
31950	2	174	17	6
31951	4	162	27	12
31952	4	162	27	12
31953	2	19	10	2
31954	4	132	24	7
31955	2	22	12	3
31956	2	20	11	3
31957	2	156	22	8
31958	4	102	20	4
31959	4	135	23	10
31960	2	156	19	7
31961	2	135	17	6
31962	4	159	28	12
31963	2	42	15	4
31964	4	102	19	5
31965	4	132	22	8
31966	4	63	19	7
31967	4	120	24	8
31968	4	162	24	10
31969	2	87	25	10
31970	2	57	10	3
31971	2	39	12	3
31972	2	18	15	4
31973	4	132	24	7
31974	4	135	26	11
31975	4	60	18	5
31976	4	132	24	8
31977	2	19	13	3
31978	2	21	12	3
31979	4	132	23	7
31980	4	171	24	10
31981	2	75	17	6
31982	2	42	15	4
31983	6	126	27	9
31984	2	168	22	9
31985	4	141	24	11
31986	2	15	13	3
31987	4	147	23	11
31988	2	36	11	6
31989	4	132	24	8
31990	6	120	29	10
31991	4	168	25	10
31992	4	171	27	12
31993	2	39	12	3
31994	2	19	12	3
31995	4	63	17	5
31996	4	96	20	6
31997	2	132	17	6
31998	2	93	21	8
31999	4	96	22	6
32000	2	66	14	3
32001	4	132	24	8
32002	2	99	13	4
32003	2	21	12	3
32004	2	22	12	3
32005	2	19	11	2
32006	2	19	10	2
32007	2	24	14	4
32008	2	41	14	4
32009	4	138	21	10
32010	2	39	13	3
32011	2	37	11	2
32012	2	120	13	4
32013	2	21	10	2
32014	2	156	19	7
32015	4	93	20	4
32016	2	16	14	3
32017	2	168	19	7
32018	2	192	21	8
32019	4	102	19	5
32020	2	63	16	6
32021	4	126	21	10
32022	2	24	14	4
32023	4	168	28	12
32024	2	19	12	3
32025	4	141	23	10
32026	4	63	19	7
32027	2	39	13	3
32028	2	21	12	3
32029	2	102	13	4
32030	6	126	27	9
32031	2	16	13	3
32032	2	57	15	5
32033	4	57	16	5
32034	4	132	21	9
32035	2	41	14	4
32036	4	168	28	12
32037	2	17	10	2
32038	2	20	11	3
32039	2	138	19	7
32040	2	135	15	5
32041	2	21	12	3
32042	2	102	17	6
32043	4	132	24	7
32044	2	114	17	6
32045	2	180	23	9
32046	4	126	24	7
32047	4	168	25	10
32048	2	66	13	4
32049	2	75	17	6
32050	2	45	8	2
32051	2	24	14	4
32052	2	144	19	7
32053	2	192	23	9
32054	4	162	24	10
32055	2	66	10	2
32056	4	135	23	10
32057	4	150	25	10
32058	2	18	12	3
32059	2	81	17	6
32060	2	21	12	3
32061	6	126	27	9
32062	2	156	21	8
32063	2	75	15	5
32064	4	132	24	8
32065	4	132	22	10
32066	2	19	10	2
32067	2	93	17	6
32068	4	132	24	7
32069	4	57	16	5
32070	2	81	15	5
32071	2	57	21	8
32072	2	39	13	3
32073	4	126	23	8
32074	2	102	15	5
32075	4	162	27	12
32076	2	75	25	10
32077	2	138	17	6
32078	2	14	12	3
32079	6	120	29	10
32080	2	135	19	7
32081	4	162	24	10
32082	2	87	19	7
32083	2	192	19	7
32084	2	45	12	4
32085	2	21	12	3
32086	4	120	22	7
32087	4	159	25	10
32088	2	81	13	4
32089	4	93	20	4
32090	4	132	24	7
32091	4	162	27	12
32092	2	96	13	4
32093	2	105	15	5
32094	2	66	13	4
32095	2	45	8	2
32096	4	132	21	9
32097	2	15	13	3
32098	4	93	21	5
32099	6	120	25	7
32100	4	171	24	10
32101	2	87	21	8
32102	2	120	19	7
32103	2	87	13	4
32104	4	132	24	7
32105	6	114	27	9
32106	2	123	15	5
32107	2	99	15	5
32108	2	40	13	3
32109	4	129	25	11
32110	2	147	21	8
32111	4	171	27	12
32112	2	57	8	2
32113	2	66	11	3
32114	4	162	27	12
32115	2	63	13	4
32116	2	19	12	3
32117	2	84	13	4
32118	4	126	25	7
32119	2	20	11	3
32120	2	114	17	6
32121	4	162	24	10
32122	2	75	19	7
32123	4	159	25	10
32124	2	63	14	5
32125	2	16	10	2
32126	4	159	28	12
32127	2	66	13	4
32128	4	93	19	4
32129	4	132	22	7
32130	4	132	21	9
32131	2	96	13	4
32132	2	87	19	7
32133	4	132	21	9
32134	2	150	17	6
32135	2	19	13	3
32136	2	33	8	2
32137	2	120	17	6
32138	6	132	25	7
32139	2	75	21	8
32140	2	51	8	2
32141	4	132	24	9
32142	4	162	27	12
32143	2	63	13	4
32144	4	57	16	5
32145	4	171	24	10
32146	2	22	13	3
32147	2	87	13	4
32148	2	99	17	6
32149	2	150	17	6
32150	2	22	13	3
32151	2	57	8	2
32152	2	105	16	6
32153	4	102	19	5
32154	2	63	14	5
32155	4	138	21	9
32156	2	24	14	4
32157	4	96	21	6
32158	2	65	13	3
32159	4	96	21	6
32160	2	51	8	2
32161	4	141	22	10
32162	2	198	25	10
32163	2	63	11	2
32164	2	186	25	10
32165	4	171	27	12
32166	2	17	14	4
32167	2	21	12	3
32168	2	87	14	5
32169	2	120	19	7
32170	6	126	26	8
32171	6	120	25	7
32172	2	150	23	9
32173	4	168	28	12
32174	4	162	24	10
32175	2	66	14	3
32176	2	37	11	2
32177	2	57	11	3
32178	2	69	13	4
32179	2	174	19	7
32180	4	126	24	7
32181	4	168	28	12
32182	2	66	13	4
32183	4	132	22	7
32184	4	93	19	4
32185	2	21	12	3
32186	2	84	15	5
32187	2	75	15	5
32188	2	147	17	6
32189	2	22	12	3
32190	4	168	28	12
32191	2	75	15	5
32192	2	18	12	3
32193	4	132	22	7
32194	6	120	26	8
32195	2	69	14	5
32196	2	69	14	5
32197	2	84	13	4
32198	2	39	13	4
32199	2	42	15	4
32200	2	69	12	4
32201	2	57	8	2
32202	2	66	13	4
32203	4	126	23	8
32204	4	126	24	8
32205	2	23	11	3
32206	2	57	11	3
32207	4	171	27	12
32208	2	102	15	5
32209	2	129	17	6
32210	2	87	13	4
32211	2	18	12	3
32212	2	132	19	7
32213	4	171	24	10
32214	2	41	14	4
32215	4	135	23	10
32216	2	51	11	3
32217	4	126	25	8
32218	2	33	7	2
32219	2	60	13	4
32220	4	126	25	8
32221	2	192	25	10
32222	2	81	17	6
32223	4	96	19	5
32224	4	96	19	5
32225	4	132	22	7
32226	4	168	25	10
32227	4	141	23	10
32228	2	65	13	3
32229	2	192	23	9
32230	2	21	12	3
32231	4	162	24	10
32232	2	18	12	3
32233	2	39	13	3
32234	2	18	15	4
32235	2	65	13	3
32236	4	135	24	11
32237	4	159	25	10
32238	2	168	19	7
32239	2	40	14	3
32240	2	93	18	6
32241	2	102	17	6
32242	4	60	18	5
32243	2	65	13	3
32244	4	168	28	12
32245	2	39	13	3
32246	2	81	15	5
32247	4	132	25	8
32248	4	57	16	5
32249	2	18	15	4
32250	6	120	25	7
32251	4	126	24	8
32252	2	21	12	3
32253	2	15	13	3
32254	4	135	23	11
32255	2	73	17	6
32256	2	111	18	7
32257	2	156	19	7
32258	2	120	17	6
32259	2	17	14	4
32260	4	132	22	8
32261	2	75	19	7
32262	2	33	9	4
32263	2	40	13	3
32264	2	192	25	10
32265	2	14	12	3
32266	4	132	22	8
32267	2	23	11	3
32268	6	120	28	9
32269	2	64	12	3
32270	2	17	14	4
32271	2	174	27	11
32272	4	153	24	10
32273	2	174	23	9
32274	2	84	11	3
32275	2	18	12	3
32276	2	63	11	2
32277	2	132	17	6
32278	2	16	13	3
32279	4	96	21	5
32280	2	18	12	3
32281	2	147	19	7
32282	4	132	22	10
32283	4	96	20	4
32284	2	102	13	4
32285	2	18	12	3
32286	2	45	12	4
32287	2	147	21	8
32288	6	126	26	8
32289	2	63	11	2
32290	4	93	20	4
32291	2	39	13	3
32292	4	141	22	10
32293	4	96	19	5
32294	2	18	12	3
32295	2	186	23	9
32296	2	21	12	3
32297	2	144	17	6
32298	2	13	11	2
32299	2	99	19	7
32300	2	93	27	11
32301	2	111	19	7
32302	2	84	15	5
32303	4	126	21	9
32304	2	111	20	8
32305	2	15	13	3
32306	4	135	23	10
32307	4	93	19	4
32308	4	126	24	7
32309	2	84	11	3
32310	2	16	10	2
32311	2	75	13	4
32312	2	18	12	3
32313	2	66	13	4
32314	2	84	11	3
32315	4	171	27	12
32316	2	75	13	4
32317	2	78	13	4
32318	2	111	15	5
32319	2	186	23	9
32320	4	126	21	9
32321	4	126	22	10
32322	4	126	21	10
32323	2	15	13	3
32324	4	57	16	5
32325	4	168	25	10
32326	2	40	13	3
32327	4	135	23	10
32328	2	120	15	5
32329	4	126	22	8
32330	4	102	21	6
32331	2	39	12	3
32332	2	20	13	4
32333	2	84	15	5
32334	4	171	27	12
32335	2	15	13	3
32336	2	15	13	3
32337	2	102	15	5
32338	4	135	25	11
32339	2	21	11	3
32340	4	132	22	8
32341	2	17	14	4
32342	2	105	18	7
32343	4	171	24	10
32344	2	93	15	5
32345	4	141	25	11
32346	4	159	25	10
32347	2	81	15	5
32348	2	144	17	6
32349	2	192	23	9
32350	2	42	15	4
32351	4	129	22	10
32352	2	39	13	3
32353	2	18	12	3
32354	2	93	19	7
32355	2	87	14	5
32356	2	81	13	4
32357	2	21	12	3
32358	2	75	15	5
32359	4	162	24	10
32360	4	132	21	9
32361	2	75	12	4
32362	4	126	26	9
32363	2	21	12	3
32364	2	102	16	5
32365	2	84	15	5
32366	2	84	13	4
32367	4	93	19	5
32368	2	168	19	7
32369	2	24	14	4
32370	2	99	15	5
32371	4	162	24	10
32372	2	174	21	8
32373	2	16	13	3
32374	4	126	24	8
32375	4	126	25	7
32376	4	93	21	6
32377	2	21	12	3
32378	4	93	20	5
32379	2	22	13	3
32380	2	16	14	3
32381	2	21	12	3
32382	4	126	22	8
32383	2	114	17	6
32384	4	135	23	10
32385	2	153	21	8
32386	2	16	14	3
32387	2	42	15	4
32388	2	84	13	4
32389	2	33	10	5
32390	4	141	23	11
32391	4	93	20	5
32392	4	132	22	8
32393	4	126	22	7
32394	2	22	12	3
32395	2	81	15	5
32396	4	171	27	12
32397	2	51	13	4
32398	2	26	12	3
32399	2	84	11	3
32400	2	117	17	6
32401	2	19	11	2
32402	4	135	23	10
32403	4	93	23	6
32404	2	156	19	7
32405	2	65	13	3
32406	4	168	28	12
32407	2	16	13	3
32408	4	135	23	10
32409	2	75	13	4
32410	4	168	25	10
32411	2	63	21	8
32412	2	21	10	2
32413	4	126	22	7
32414	2	21	12	3
32415	2	126	23	9
32416	4	159	25	10
32417	2	93	19	7
32418	4	63	19	7
32419	2	75	21	8
32420	2	16	13	3
32421	4	141	25	12
32422	2	99	15	5
32423	2	37	11	2
32424	4	132	21	9
32425	4	126	21	10
32426	4	129	24	11
32427	6	126	25	7
32428	2	81	13	4
32429	2	21	12	3
32430	2	81	13	4
32431	2	78	13	4
32432	4	102	21	6
32433	4	141	23	11
32434	4	63	19	7
32435	4	132	24	7
32436	2	33	7	2
32437	2	117	20	8
32438	2	87	15	5
32439	2	41	14	4
32440	4	96	19	5
32441	2	65	13	3
32442	2	117	17	6
32443	6	120	28	9
32444	2	19	12	3
32445	2	21	12	3
32446	2	57	13	4
32447	4	135	22	10
32448	2	19	12	3
32449	2	168	21	8
32450	2	105	14	5
32451	2	21	12	3
32452	4	132	24	7
32453	2	57	11	3
32454	2	18	12	3
32455	4	135	24	11
32456	4	120	24	7
32457	2	21	12	3
32458	2	66	14	3
32459	2	42	15	4
32460	2	51	14	4
32461	2	99	13	4
32462	2	18	12	3
32463	2	81	15	5
32464	2	99	19	7
32465	4	96	19	5
32466	4	132	24	7
32467	2	111	18	7
32468	2	63	11	2
32469	2	21	12	3
32470	2	39	13	3
32471	2	66	13	4
32472	2	21	12	3
32473	2	84	11	3
32474	4	126	26	8
32475	6	120	26	8
32476	4	159	25	10
32477	2	23	11	3
32478	2	132	21	8
32479	2	75	21	8
32480	2	198	19	7
32481	6	120	25	7
32482	2	138	17	6
32483	6	132	25	7
32484	2	57	15	5
32485	4	93	21	5
32486	4	63	18	7
32487	2	16	13	3
32488	4	162	24	10
32489	2	186	23	9
32490	2	66	14	3
32491	4	102	19	5
32492	4	96	22	6
32493	2	19	13	3
32494	2	15	13	3
32495	2	69	14	5
32496	4	132	21	9
32497	6	126	25	7
32498	4	171	27	12
32499	2	15	13	3
32500	4	120	21	10
32501	2	18	12	3
32502	2	18	15	4
32503	2	120	17	6
32504	4	102	19	5
32505	2	18	11	3
32506	2	87	13	4
32507	4	102	21	6
32508	4	87	20	4
32509	4	171	24	10
32510	4	159	28	12
32511	2	40	14	3
32512	2	99	19	7
32513	4	126	23	10
32514	2	147	19	7
32515	4	126	22	8
32516	4	159	28	12
32517	2	96	13	4
32518	4	132	25	8
32519	2	186	23	9
32520	2	45	10	3
32521	2	93	11	3
32522	2	84	11	3
32523	2	63	17	6
32524	2	174	21	8
32525	4	63	17	5
32526	6	126	26	8
32527	2	57	10	3
32528	4	168	28	12
32529	4	159	28	12
32530	2	81	13	4
32531	4	126	21	10
32532	2	186	19	7
32533	4	135	23	10
32534	2	84	15	5
32535	2	69	14	5
32536	2	22	13	3
32537	2	21	11	3
32538	2	162	23	9
32539	2	99	17	6
32540	4	177	28	12
32541	4	135	24	11
32542	2	41	14	4
32543	2	132	17	6
32544	2	40	13	3
32545	2	30	12	4
32546	4	132	21	9
32547	2	123	19	7
32548	4	159	25	10
32549	2	19	11	2
32550	2	156	19	7
32551	2	39	13	3
32552	2	150	19	7
32553	2	93	15	5
32554	4	168	28	12
32555	2	40	13	3
32556	4	132	24	7
32557	4	153	24	10
32558	4	126	22	7
32559	4	132	22	8
32560	2	117	19	7
32561	2	63	10	3
32562	2	84	13	4
32563	4	135	23	11
32564	2	33	9	4
32565	4	135	26	11
32566	4	135	24	11
32567	2	75	17	6
32568	4	126	22	7
32569	2	132	19	7
32570	4	126	21	9
32571	2	186	25	10
32572	2	71	17	6
32573	2	39	12	3
32574	4	141	24	11
32575	2	40	13	3
32576	2	180	23	9
32577	4	126	21	9
32578	2	30	7	2
32579	4	147	23	10
32580	4	168	25	10
32581	4	96	20	5
32582	4	132	21	9
32583	4	120	21	9
32584	4	141	23	10
32585	2	93	19	7
32586	4	120	22	7
32587	2	150	19	7
32588	2	75	13	4
32589	2	14	11	2
32590	2	57	8	2
32591	2	162	19	7
32592	2	14	11	2
32593	2	66	14	3
32594	2	75	13	4
32595	2	16	13	3
32596	4	120	26	7
32597	4	126	23	9
32598	2	69	13	4
32599	2	19	13	3
32600	2	21	12	3
32601	2	138	19	7
32602	2	16	14	3
32603	2	22	13	3
32604	2	81	11	3
32605	4	159	28	12
32606	4	171	24	10
32607	4	159	25	10
32608	2	41	14	4
32609	2	174	27	11
32610	2	75	15	5
32611	2	18	15	4
32612	2	63	15	5
32613	4	126	22	7
32614	2	57	8	2
32615	4	126	21	9
32616	2	36	11	2
32617	6	120	25	7
32618	4	120	21	10
32619	2	84	11	3
32620	2	41	14	4
32621	2	153	23	9
32622	2	186	23	9
32623	4	159	28	12
32624	4	141	26	11
32625	4	168	25	10
32626	2	198	23	9
32627	4	159	25	10
32628	6	120	27	8
32629	2	40	13	3
32630	2	42	15	4
32631	4	126	21	9
32632	2	65	13	3
32633	2	120	17	6
32634	4	63	18	7
32635	4	132	25	7
32636	4	135	25	12
32637	2	150	21	8
32638	4	93	21	6
32639	2	65	13	3
32640	2	120	19	7
32641	2	78	12	4
32642	2	75	13	4
32643	2	75	15	5
32644	2	138	19	7
32645	4	135	23	10
32646	2	21	12	3
32647	2	174	27	11
32648	2	84	11	3
32649	4	162	24	10
32650	2	93	13	4
32651	2	21	12	3
32652	6	120	25	7
32653	4	141	22	10
32654	2	42	15	4
32655	4	90	21	6
32656	2	66	13	4
32657	2	64	12	3
32658	2	180	23	9
32659	2	78	13	4
32660	2	150	21	8
32661	4	126	21	9
32662	4	171	24	10
32663	4	132	22	7
32664	4	138	24	7
32665	4	150	28	12
32666	2	180	23	9
32667	4	132	23	8
32668	2	132	18	6
32669	4	126	22	8
32670	4	159	28	12
32671	2	75	19	7
32672	2	21	11	3
32673	2	38	12	3
32674	4	60	18	5
32675	2	21	14	4
32676	4	153	27	12
32677	6	120	25	7
32678	2	24	14	4
32679	4	126	24	8
32680	2	22	12	3
32681	2	45	8	2
32682	4	159	25	10
32683	2	63	17	6
32684	4	102	19	5
32685	2	63	15	5
32686	4	132	22	8
32687	4	126	25	8
32688	4	162	27	12
32689	4	150	28	12
32690	2	51	10	3
32691	6	126	27	8
32692	2	40	14	3
32693	2	174	23	9
32694	2	21	12	3
32695	4	168	28	12
32696	4	126	26	8
32697	2	66	13	4
32698	2	156	15	5
32699	2	174	23	9
32700	2	81	13	4
32701	2	19	12	3
32702	4	168	25	10
32703	4	168	25	10
32704	6	126	27	8
32705	4	162	27	12
32706	4	126	22	8
32707	2	33	8	2
32708	2	66	14	3
32709	4	159	25	10
32710	2	192	24	10
32711	2	69	13	4
32712	4	120	24	7
32713	4	168	25	10
32714	4	162	27	12
32715	2	18	12	3
32716	2	18	11	3
32717	2	17	11	3
32718	2	22	13	3
32719	2	22	12	3
32720	2	117	16	5
32721	4	96	20	5
32722	4	93	21	6
32723	4	126	22	7
32724	2	96	15	5
32725	2	19	11	2
32726	2	69	15	5
32727	4	63	19	7
32728	2	120	15	5
32729	2	120	16	5
32730	4	99	21	6
32731	2	40	13	3
32732	2	24	14	4
32733	2	75	17	6
32734	2	150	21	8
32735	2	21	12	3
32736	2	40	14	3
32737	4	135	23	10
32738	2	15	13	3
32739	2	174	21	8
32740	2	64	12	3
32741	4	135	24	11
32742	6	120	26	8
32743	2	117	17	6
32744	2	87	15	5
32745	4	162	24	10
32746	2	147	19	7
32747	4	126	21	10
32748	2	65	13	3
32749	4	126	21	10
32750	2	174	17	6
32751	2	57	13	4
32752	4	99	22	5
32753	2	120	17	6
32754	4	126	22	8
32755	4	126	25	8
32756	2	174	21	8
32757	2	65	13	3
32758	4	126	24	8
32759	4	126	21	9
32760	4	132	23	8
32761	4	171	24	10
32762	4	126	24	7
32763	2	21	14	4
32764	2	18	12	3
32765	2	117	17	6
32766	2	78	13	4
32767	2	21	12	3
32768	4	141	23	11
32769	4	132	22	8
32770	4	159	28	12
32771	2	147	19	7
32772	4	126	24	8
32773	6	120	29	10
32774	6	120	28	9
32775	2	21	12	3
32776	4	171	27	12
32777	4	126	24	8
32778	2	63	11	2
32779	2	20	13	4
32780	2	17	14	4
32781	6	120	25	7
32782	4	180	27	12
32783	4	135	24	10
32784	4	102	19	5
32785	2	22	12	3
32786	4	162	24	10
32787	4	171	27	12
32788	4	63	18	7
32789	6	120	28	9
32790	2	65	13	3
32791	2	102	17	6
32792	2	147	15	5
32793	2	21	12	3
32794	2	162	17	6
32795	4	132	22	7
32796	4	126	24	8
32797	2	168	19	7
32798	2	21	12	3
32799	2	156	19	7
32800	2	22	13	3
32801	2	132	17	6
32802	2	81	13	4
32803	2	14	11	2
32804	4	171	24	10
32805	2	21	12	3
32806	4	126	22	7
32807	4	105	19	5
32808	2	81	17	6
32809	2	66	14	3
32810	6	120	29	9
32811	4	159	25	10
32812	2	57	17	6
32813	2	51	8	2
32814	4	102	21	6
32815	2	57	10	3
32816	2	135	18	6
32817	2	69	13	4
32818	2	156	21	8
32819	2	21	12	3
32820	2	16	14	3
32821	2	144	17	6
32822	2	41	14	4
32823	2	14	11	2
32824	2	198	25	10
32825	2	63	13	4
32826	4	126	24	8
32827	2	84	11	3
32828	2	99	13	4
32829	2	21	11	3
32830	2	81	13	4
32831	2	18	12	3
32832	2	93	17	6
32833	2	40	13	3
32834	6	120	29	10
32835	2	99	21	8
32836	4	126	24	7
32837	2	132	21	8
32838	4	168	25	10
32839	4	120	22	7
32840	2	18	15	4
32841	2	19	11	2
32842	2	36	11	6
32843	4	132	24	8
32844	4	171	24	10
32845	4	132	23	8
32846	2	65	13	3
32847	2	69	15	5
32848	2	42	15	4
32849	2	180	25	10
32850	4	126	24	7
32851	2	41	14	4
32852	2	21	14	4
32853	4	159	25	10
32854	4	132	22	11
32855	2	21	11	3
32856	2	42	15	4
32857	2	69	12	4
32858	4	135	25	12
32859	4	135	25	10
32860	4	159	31	14
32861	2	165	23	9
32862	2	87	13	4
32863	4	150	28	12
32864	2	138	18	7
32865	2	75	15	5
32866	2	22	13	3
32867	2	114	17	6
32868	2	45	10	3
32869	2	39	12	3
32870	2	15	13	3
32871	4	126	26	8
32872	2	41	14	4
32873	2	108	13	4
32874	2	17	10	2
32875	2	21	12	3
32876	4	132	21	10
32877	2	21	12	3
32878	2	75	15	5
32879	2	18	12	3
32880	2	21	12	3
32881	2	162	19	7
32882	4	102	19	5
32883	4	126	23	9
32884	2	19	12	3
32885	2	21	12	3
32886	4	126	24	7
32887	4	132	24	7
32888	4	159	25	10
32889	2	21	12	3
32890	2	66	11	3
32891	2	81	13	4
32892	4	126	21	9
32893	2	18	12	3
32894	2	78	13	4
32895	2	38	11	2
32896	2	75	12	4
32897	2	20	11	3
32898	4	132	22	8
32899	4	159	28	12
32900	2	19	12	3
32901	2	22	12	3
32902	4	135	24	12
32903	2	87	17	6
32904	2	63	11	2
32905	4	159	25	10
32906	4	159	25	10
32907	2	14	12	3
32908	4	96	19	5
32909	4	162	27	12
32910	2	39	13	3
32911	2	18	12	3
32912	2	21	14	4
32913	2	20	11	3
32914	4	159	28	12
32915	6	120	25	7
32916	2	81	17	6
32917	4	135	24	11
32918	2	21	12	3
32919	2	19	12	3
32920	2	81	15	5
32921	4	126	24	8
32922	2	180	17	6
32923	2	66	13	4
32924	4	102	21	6
32925	2	24	14	4
32926	4	126	24	8
32927	4	132	23	8
32928	2	18	15	4
32929	2	180	23	9
32930	2	71	15	5
32931	2	135	15	5
32932	2	75	21	8
32933	6	126	27	9
32934	4	168	25	10
32935	2	13	11	2
32936	4	171	24	10
32937	2	21	14	4
32938	4	150	25	10
32939	2	33	7	2
32940	4	141	23	11
32941	4	150	28	12
32942	4	129	24	11
32943	4	120	21	9
32944	2	18	12	3
32945	4	63	18	7
32946	2	192	25	10
32947	2	23	13	4
32948	6	126	27	9
32949	2	126	17	6
32950	2	186	23	9
32951	2	40	13	3
32952	4	120	24	7
32953	2	38	11	2
32954	2	42	15	4
32955	2	99	15	5
32956	2	180	23	9
32957	2	57	17	6
32958	2	36	11	2
32959	2	19	12	3
32960	2	42	15	4
32961	2	96	13	4
32962	4	168	25	10
32963	4	132	22	7
32964	2	64	12	3
32965	4	132	21	9
32966	2	42	15	4
32967	2	174	19	7
32968	2	63	14	5
32969	4	171	27	12
32970	4	171	27	12
32971	2	40	13	3
32972	2	21	14	4
32973	4	159	25	10
32974	2	75	23	9
32975	2	150	17	6
32976	4	126	26	7
32977	4	135	24	11
32978	2	33	10	5
32979	2	39	13	3
32980	2	156	19	7
32981	4	135	23	10
32982	6	120	25	7
32983	4	126	21	9
32984	4	141	23	11
32985	2	123	17	6
32986	4	60	18	5
32987	2	19	10	2
32988	4	126	22	7
32989	2	81	15	5
32990	4	132	24	7
32991	2	120	15	5
32992	2	96	15	5
32993	2	102	14	5
32994	2	117	20	7
32995	6	126	25	7
32996	2	66	13	4
32997	2	16	13	3
32998	2	102	15	5
32999	4	135	22	10
33000	4	150	25	10
33001	2	84	13	4
33002	4	171	24	10
33003	2	168	23	9
33004	2	40	14	3
33005	2	114	17	6
33006	4	132	24	7
33007	4	93	19	4
33008	2	21	12	3
33009	2	21	11	3
33010	4	126	21	9
33011	4	126	21	10
33012	2	75	19	7
33013	4	93	21	6
33014	2	39	12	3
33015	2	39	13	3
33016	4	162	24	10
33017	2	16	10	2
33018	2	42	15	4
33019	2	96	15	5
33020	4	135	23	10
33021	2	18	15	4
33022	2	19	12	3
33023	2	111	16	6
33024	2	57	13	4
33025	4	132	22	8
33026	2	18	11	3
33027	2	57	8	2
33028	2	105	16	5
33029	2	132	15	5
33030	2	69	14	5
33031	2	81	15	5
33032	4	126	21	10
33033	2	24	14	4
33034	2	18	12	3
33035	2	65	13	3
33036	2	19	13	3
33037	2	39	12	3
33038	2	40	14	3
33039	2	66	10	4
33040	4	96	21	5
33041	4	141	23	10
33042	2	174	21	8
33043	2	33	9	4
33044	4	120	22	10
33045	4	126	21	10
33046	4	60	18	5
33047	2	138	19	7
33048	4	126	23	9
33049	2	40	14	3
33050	2	19	10	2
33051	2	21	12	3
33052	2	192	21	8
33053	2	96	17	6
33054	4	126	24	8
33055	2	99	11	3
33056	2	75	17	6
33057	4	99	19	5
33058	6	120	25	7
33059	2	22	13	3
33060	4	126	21	9
33061	2	15	13	3
33062	2	41	14	4
33063	2	102	17	6
33064	2	81	13	4
33065	4	159	25	10
33066	4	63	17	5
33067	2	21	12	3
33068	4	168	25	10
33069	4	141	23	11
33070	2	18	15	4
33071	4	90	21	6
33072	4	135	24	11
33073	4	162	24	10
33074	4	159	28	12
33075	4	135	21	9
33076	2	45	12	4
33077	2	21	12	3
33078	4	120	24	8
33079	2	41	14	4
33080	2	18	12	3
33081	4	126	21	10
33082	2	42	15	4
33083	2	40	14	3
33084	4	135	24	11
33085	2	21	12	3
33086	2	81	13	4
33087	4	150	25	10
33088	2	51	12	4
33089	2	81	11	3
33090	2	21	12	3
33091	2	174	19	7
33092	2	120	17	6
33093	4	132	23	9
33094	2	102	16	5
33095	2	30	7	2
33096	4	57	16	5
33097	2	75	19	7
33098	6	120	25	7
33099	2	180	19	7
33100	2	22	13	3
33101	4	135	23	10
33102	4	168	25	10
33103	2	120	15	5
33104	2	93	15	5
33105	2	87	16	6
33106	2	192	21	8
33107	6	120	25	7
33108	4	126	24	8
33109	2	57	8	2
33110	2	66	13	4
33111	4	159	25	10
33112	4	126	21	9
33113	2	93	15	5
33114	2	66	13	4
33115	4	96	21	5
33116	2	21	12	3
33117	2	78	13	4
33118	2	69	13	4
33119	2	32	7	2
33120	2	84	11	3
33121	4	162	27	12
33122	2	24	14	4
33123	4	126	22	8
33124	2	81	13	4
33125	2	66	10	4
33126	2	24	14	4
33127	2	18	11	3
33128	4	132	25	7
33129	2	111	17	6
33130	2	168	21	8
33131	2	24	14	4
33132	2	117	20	8
33133	2	75	17	6
33134	2	102	16	6
33135	2	21	14	4
33136	2	18	12	3
33137	4	126	21	9
33138	4	132	25	8
33139	2	132	19	7
33140	4	168	25	10
33141	4	126	23	8
33142	4	138	22	7
33143	2	81	17	6
33144	4	93	22	5
33145	4	141	23	10
33146	4	138	22	8
33147	2	66	14	3
33148	2	21	11	3
33149	2	42	15	4
33150	4	132	24	8
33151	2	174	21	8
33152	4	132	21	9
33153	2	150	19	7
33154	2	69	15	5
33155	2	81	17	6
33156	2	96	15	5
33157	4	141	23	11
33158	6	126	26	8
33159	2	24	14	4
33160	2	180	21	8
33161	2	108	15	5
33162	2	126	17	6
33163	2	66	11	3
33164	2	57	15	5
33165	2	69	21	8
33166	2	51	8	2
33167	4	171	27	12
33168	2	105	18	7
33169	4	126	22	9
33170	2	17	11	3
33171	4	135	23	10
33172	2	84	13	4
33173	4	135	24	11
33174	2	84	13	4
33175	4	126	24	7
33176	2	57	13	4
33177	2	123	22	9
33178	4	126	24	8
33179	4	60	18	5
33180	2	99	19	7
33181	2	51	14	5
33182	2	15	13	3
33183	4	168	31	14
33184	2	87	13	4
33185	4	126	24	8
33186	2	81	11	3
33187	2	168	19	7
33188	4	171	24	10
33189	2	77	15	5
33190	4	162	27	12
33191	2	19	10	2
33192	2	16	13	3
33193	2	84	11	3
33194	2	93	15	5
33195	4	126	24	7
33196	2	19	12	3
33197	2	15	13	3
33198	2	63	11	3
33199	4	132	24	7
33200	4	135	23	11
33201	2	114	16	6
33202	2	15	13	3
33203	2	180	23	9
33204	2	21	12	3
33205	4	96	21	6
33206	2	168	21	8
33207	4	126	21	9
33208	4	159	25	10
33209	2	96	15	5
33210	2	18	12	3
33211	2	132	19	7
33212	2	51	11	3
33213	2	132	19	7
33214	4	126	21	9
33215	4	126	24	7
33216	4	153	24	10
33217	2	41	14	4
33218	2	45	13	4
33219	2	42	15	4
33220	2	18	12	3
33221	2	20	13	4
33222	2	21	12	3
33223	4	126	24	7
33224	2	81	15	5
33225	2	144	15	5
33226	2	69	15	5
33227	4	102	19	5
33228	2	81	15	5
33229	2	66	14	3
33230	2	120	15	5
33231	2	174	23	9
33232	2	19	13	3
33233	4	120	24	8
33234	4	96	19	4
33235	2	16	10	2
33236	2	21	12	3
33237	6	120	29	10
33238	2	69	13	4
33239	4	129	22	9
33240	4	168	25	10
33241	2	120	19	7
33242	4	63	17	5
33243	4	132	21	10
33244	2	69	16	6
33245	4	141	23	10
33246	6	126	25	7
33247	2	66	12	3
33248	4	159	25	10
33249	4	135	22	10
33250	2	150	19	7
33251	2	39	12	3
33252	2	156	19	7
33253	4	126	21	9
33254	4	159	25	10
33255	6	120	27	8
33256	2	21	12	3
33257	2	63	13	4
33258	2	22	13	3
33259	4	126	21	9
33260	2	156	19	7
33261	6	120	26	8
33262	2	40	14	3
33263	4	162	24	10
33264	2	15	13	3
33265	4	132	21	9
33266	2	24	14	4
33267	2	114	19	7
33268	2	81	21	8
33269	2	21	14	4
33270	2	66	13	4
33271	4	177	28	12
33272	4	132	23	8
33273	2	30	12	4
33274	4	141	23	10
33275	2	65	13	3
33276	4	171	27	12
33277	4	162	27	12
33278	6	114	27	8
33279	4	132	22	8
33280	2	192	21	8
33281	2	40	14	3
33282	2	66	10	2
33283	2	17	14	4
33284	2	69	12	4
33285	4	132	21	9
33286	2	40	14	3
33287	2	78	13	4
33288	2	51	10	3
33289	2	84	11	3
33290	4	126	25	8
33291	2	108	15	5
33292	2	51	13	4
33293	2	168	23	9
33294	2	84	11	3
33295	4	150	28	12
33296	2	17	14	4
33297	4	162	27	12
33298	2	69	15	5
33299	2	22	13	3
33300	2	168	21	8
33301	4	93	20	5
33302	2	22	13	3
33303	4	63	19	7
33304	2	75	17	6
33305	2	153	22	8
33306	2	21	10	2
33307	2	186	23	9
33308	2	42	15	4
33309	2	75	15	5
33310	2	102	15	5
33311	2	51	10	3
33312	2	18	12	3
33313	2	75	15	5
33314	2	81	15	5
33315	2	75	17	6
33316	4	135	24	11
33317	4	135	22	10
33318	2	18	11	3
33319	4	96	21	6
33320	2	81	15	5
33321	2	66	13	4
33322	2	66	13	4
33323	4	132	22	8
33324	2	66	12	3
33325	4	93	21	6
33326	4	135	23	10
33327	4	132	22	7
33328	2	64	12	3
33329	4	132	24	7
33330	4	132	21	10
33331	2	69	14	5
33332	4	126	24	8
33333	2	22	13	3
33334	4	126	21	9
33335	4	135	21	9
33336	2	16	10	2
33337	2	132	17	6
33338	2	147	22	8
33339	2	105	20	7
33340	4	141	24	10
33341	2	66	13	4
33342	2	78	11	3
33343	2	69	19	7
33344	2	42	15	4
33345	4	141	23	10
33346	4	126	24	8
33347	2	138	21	8
33348	4	132	21	9
33349	4	93	21	5
33350	2	84	14	5
33351	2	65	13	3
33352	2	40	13	3
33353	2	64	12	3
33354	2	87	16	6
33355	2	20	13	4
33356	2	93	19	7
33357	2	129	16	5
33358	2	51	8	2
33359	2	21	12	3
33360	2	138	19	7
33361	4	93	19	4
33362	2	21	12	3
33363	4	135	24	12
33364	4	126	21	9
33365	2	138	19	7
33366	4	126	22	7
33367	2	15	13	3
33368	2	81	11	3
33369	2	32	7	2
33370	2	180	21	8
33371	2	66	13	4
33372	2	132	19	7
33373	4	135	24	12
33374	2	16	14	3
33375	2	138	19	7
33376	2	42	15	4
33377	2	65	13	3
33378	4	126	22	7
33379	4	120	26	8
33380	2	129	17	6
33381	2	39	12	3
33382	6	126	29	10
33383	2	102	13	4
33384	2	87	16	6
33385	4	96	19	5
33386	2	66	14	3
33387	2	81	14	5
33388	4	171	24	10
33389	2	24	14	4
33390	2	41	14	4
33391	2	192	27	11
33392	6	126	26	8
33393	2	81	15	5
33394	4	132	22	7
33395	2	21	12	3
33396	2	120	17	6
33397	2	41	14	4
33398	2	162	21	8
33399	2	180	21	8
33400	2	75	13	4
33401	4	150	25	10
33402	4	132	22	7
33403	4	162	24	10
33404	4	135	24	11
33405	4	141	24	11
33406	2	64	12	3
33407	2	84	13	4
33408	2	17	11	3
33409	4	132	23	8
33410	2	168	23	9
33411	4	126	22	7
33412	2	42	15	4
33413	2	40	13	3
33414	2	111	17	6
33415	2	14	12	3
33416	2	39	13	3
33417	4	162	24	10
33418	2	93	21	8
33419	2	138	19	7
33420	2	22	13	3
33421	2	20	11	3
33422	2	81	15	5
33423	2	84	11	3
33424	4	171	24	10
33425	2	21	14	4
33426	4	159	28	12
33427	2	66	13	4
33428	2	18	11	3
33429	2	99	21	8
33430	2	16	14	3
33431	4	57	16	5
33432	2	15	13	3
33433	2	39	13	3
33434	2	22	13	3
33435	2	41	14	4
33436	2	21	11	3
33437	4	135	23	11
33438	2	81	13	4
33439	4	102	19	5
33440	2	123	20	8
33441	2	65	13	3
33442	2	19	13	3
33443	2	84	15	5
33444	2	132	21	8
33445	4	126	22	8
33446	2	63	13	4
33447	4	135	24	11
33448	2	65	13	3
33449	6	120	28	10
33450	4	159	28	12
33451	2	123	21	8
33452	2	75	19	7
33453	2	84	15	5
33454	4	126	21	10
33455	2	22	12	3
33456	4	126	21	10
33457	2	102	13	4
33458	2	51	8	2
33459	2	174	23	9
33460	4	132	23	8
33461	6	120	29	10
33462	4	135	22	10
33463	4	93	22	6
33464	4	126	24	8
33465	2	99	15	5
33466	4	126	22	7
33467	2	156	19	7
33468	4	162	24	10
33469	2	21	14	4
33470	2	75	17	6
33471	2	45	12	4
33472	2	16	13	3
33473	4	132	22	7
33474	2	87	16	6
33475	2	78	13	4
33476	2	81	11	3
33477	2	66	13	4
33478	2	99	15	5
33479	6	120	27	8
33480	2	40	13	3
33481	2	78	13	4
33482	4	63	19	7
33483	2	23	11	3
33484	4	171	24	10
33485	2	16	13	3
33486	2	19	12	3
33487	2	16	13	3
33488	2	24	14	4
33489	4	132	23	8
33490	4	126	22	7
33491	2	51	10	3
33492	4	135	23	10
33493	2	69	15	5
33494	2	150	21	8
33495	2	21	14	4
33496	2	186	23	9
33497	2	18	15	4
33498	2	40	14	3
33499	2	40	13	3
33500	2	168	23	9
33501	2	69	19	7
33502	2	162	23	9
33503	2	150	23	9
33504	4	132	24	8
33505	2	65	13	3
33506	4	96	21	6
33507	2	40	13	3
33508	2	69	19	7
33509	2	19	10	2
33510	4	162	24	10
33511	2	63	19	7
33512	4	141	23	10
33513	2	87	13	4
33514	2	81	16	6
33515	2	42	15	4
33516	2	30	7	2
33517	2	17	11	3
33518	4	132	22	7
33519	4	126	24	8
33520	2	87	11	3
33521	4	162	24	10
33522	4	126	22	8
33523	2	150	17	6
33524	2	93	19	7
33525	4	138	21	9
33526	4	171	27	12
33527	2	123	17	6
33528	2	156	19	7
33529	2	17	14	4
33530	2	69	12	4
33531	2	21	12	3
33532	2	57	17	6
33533	4	63	17	5
33534	4	138	21	10
33535	2	87	15	5
33536	2	19	11	2
33537	4	132	22	7
33538	2	138	17	6
33539	4	126	24	7
33540	2	22	13	3
33541	2	21	10	2
33542	2	21	14	4
33543	4	132	21	9
33544	2	111	19	7
33545	2	16	14	3
33546	2	21	11	3
33547	4	171	27	12
33548	4	132	21	10
33549	4	126	24	8
33550	2	105	17	6
33551	2	18	15	4
33552	2	168	17	6
33553	2	156	17	6
33554	2	75	27	11
33555	2	40	13	3
33556	2	168	23	9
33557	2	21	12	3
33558	2	93	16	5
33559	2	87	15	5
33560	4	141	24	11
33561	2	21	14	4
33562	2	65	13	3
33563	6	120	25	7
33564	2	22	13	3
33565	4	135	22	10
33566	2	21	12	3
33567	4	132	22	7
33568	2	120	17	6
33569	2	75	15	5
33570	4	135	24	11
33571	2	38	11	2
33572	2	75	15	5
33573	2	19	13	3
33574	2	65	13	3
33575	4	126	24	7
33576	4	171	27	12
33577	4	126	24	7
33578	2	38	11	2
33579	4	171	24	10
33580	4	171	24	10
33581	2	21	12	3
33582	4	126	22	7
33583	4	159	28	12
33584	2	84	11	3
33585	2	192	25	10
33586	2	75	17	6
33587	2	21	12	3
33588	4	126	21	9
33589	2	16	10	2
33590	2	22	13	3
33591	6	120	25	7
33592	4	159	28	12
33593	2	15	13	3
33594	2	24	14	4
33595	4	141	24	12
33596	2	21	12	3
33597	2	66	14	3
33598	4	126	23	7
33599	2	20	11	3
33600	4	132	21	9
33601	2	153	19	7
33602	4	96	19	5
33603	2	20	11	3
33604	2	75	15	5
33605	2	114	18	7
33606	2	129	25	10
33607	4	132	21	9
33608	2	174	21	8
33609	4	126	24	7
33610	2	123	20	8
33611	4	135	25	12
33612	2	41	14	4
33613	4	132	22	11
33614	2	39	13	3
33615	2	102	17	6
33616	4	135	23	10
33617	2	21	12	3
33618	4	141	23	10
33619	4	57	16	5
33620	4	126	21	9
33621	4	60	18	5
33622	4	126	22	10
33623	4	162	27	12
33624	4	168	25	10
33625	2	81	13	4
33626	4	102	19	5
33627	2	51	12	4
33628	4	171	27	12
33629	4	159	25	10
33630	2	135	21	8
33631	2	39	13	3
33632	4	150	28	12
33633	2	77	15	5
33634	2	42	15	4
33635	2	63	19	7
33636	2	66	13	4
33637	2	150	19	7
33638	4	126	22	10
33639	4	135	23	10
33640	2	21	10	2
33641	4	162	24	10
33642	4	126	22	8
33643	2	16	10	2
33644	2	186	25	10
33645	2	99	21	8
33646	2	15	13	3
33647	4	126	21	9
33648	2	174	19	7
33649	2	18	12	3
33650	2	84	11	3
33651	2	75	15	5
33652	4	162	24	10
33653	2	81	15	5
33654	2	16	14	3
33655	4	126	21	10
33656	2	17	11	3
33657	4	162	27	12
33658	2	21	10	2
33659	2	16	10	2
33660	2	102	15	5
33661	2	41	14	4
33662	2	105	16	6
33663	2	66	13	4
33664	2	102	13	4
33665	4	126	22	7
33666	2	16	10	2
33667	2	168	21	8
33668	2	38	11	2
33669	4	96	22	6
33670	4	96	19	4
33671	4	120	21	9
33672	2	39	13	3
33673	2	78	13	4
33674	4	159	25	10
33675	2	21	11	3
33676	2	150	19	7
33677	2	105	16	6
33678	2	120	19	7
33679	4	168	25	10
33680	2	159	21	8
33681	2	120	17	6
33682	2	75	17	6
33683	2	15	13	3
33684	2	66	10	2
33685	4	162	24	10
33686	4	93	22	7
33687	4	93	20	5
33688	4	168	25	10
33689	4	126	24	8
33690	2	87	17	6
33691	2	57	8	2
33692	2	102	17	6
33693	2	156	23	9
33694	2	144	15	5
33695	2	17	10	2
33696	2	65	13	3
33697	4	96	19	5
33698	4	162	24	10
33699	4	126	24	7
33700	4	132	21	9
33701	4	96	21	6
33702	4	93	21	5
33703	2	120	17	6
33704	2	21	12	3
33705	4	126	24	7
33706	4	87	20	5
33707	4	93	23	6
33708	2	84	11	3
33709	4	126	21	10
33710	2	90	11	3
33711	2	15	13	3
33712	4	162	27	12
33713	2	39	13	3
33714	2	39	13	3
33715	2	84	15	5
33716	2	42	15	4
33717	2	180	19	7
33718	4	96	21	6
33719	2	17	10	2
33720	2	81	15	5
33721	2	16	14	3
33722	2	168	19	7
33723	4	162	24	10
33724	2	57	11	3
33725	2	15	13	3
33726	2	51	13	4
33727	2	192	25	10
33728	2	75	15	5
33729	2	21	12	3
33730	4	132	24	7
33731	2	39	13	3
33732	2	69	13	4
33733	4	96	21	6
33734	4	132	25	7
33735	2	51	12	4
33736	2	51	10	3
33737	4	132	22	7
33738	2	40	14	3
33739	2	66	13	4
33740	4	138	24	7
33741	2	75	15	5
33742	2	21	12	3
33743	4	129	24	11
33744	2	15	13	3
33745	2	21	10	2
33746	2	117	18	7
33747	6	120	26	8
33748	2	51	10	3
33749	4	135	23	10
33750	2	22	13	3
33751	2	16	13	3
33752	4	126	22	8
33753	4	162	27	12
33754	4	159	25	10
33755	2	22	13	3
33756	2	21	12	3
33757	2	14	12	3
33758	2	19	13	3
33759	2	65	13	3
33760	2	66	11	3
33761	2	65	13	3
33762	2	18	15	4
33763	6	120	27	8
33764	2	78	11	3
33765	2	15	13	3
33766	2	63	11	2
33767	2	81	13	4
33768	4	126	22	8
33769	2	168	19	7
33770	4	102	19	5
33771	4	168	25	10
33772	4	159	28	12
33773	2	84	13	4
33774	2	21	12	3
33775	6	120	29	9
33776	2	120	15	5
33777	2	40	13	3
33778	4	129	24	11
33779	4	132	22	8
33780	4	162	24	10
33781	4	159	25	10
33782	4	126	24	7
33783	2	81	17	6
33784	4	126	21	9
33785	4	162	30	14
33786	2	63	15	5
33787	4	96	20	6
33788	2	105	16	5
33789	2	81	13	4
33790	2	168	19	7
33791	2	150	21	8
33792	4	96	19	4
33793	4	135	23	11
33794	2	129	14	4
33795	4	135	24	11
33796	2	99	16	5
33797	4	132	21	9
33798	4	159	25	10
33799	4	141	24	11
33800	4	63	18	7
33801	2	66	13	4
33802	4	126	21	9
33803	4	63	19	7
33804	2	81	14	4
33805	2	84	11	3
33806	2	22	13	3
33807	4	132	21	10
33808	2	66	10	2
33809	4	168	25	10
33810	2	66	13	4
33811	2	19	12	3
33812	2	81	15	5
33813	2	75	19	7
33814	4	120	24	7
33815	4	126	25	9
33816	2	93	15	5
33817	2	21	12	3
33818	2	40	13	3
33819	2	186	23	9
33820	4	162	24	10
33821	2	162	19	7
33822	6	120	27	9
33823	2	66	11	3
33824	2	123	23	9
33825	4	159	28	12
33826	2	120	15	5
33827	2	63	11	2
33828	2	138	17	6
33829	2	63	15	4
33830	2	22	13	3
33831	2	150	19	7
33832	2	21	12	3
33833	2	66	14	3
33834	2	20	11	3
33835	2	93	17	6
33836	4	60	18	5
33837	4	132	21	10
33838	2	18	15	4
33839	2	75	15	5
33840	4	126	24	8
33841	2	51	14	5
33842	2	66	13	4
33843	4	168	25	10
33844	2	129	18	6
33845	4	168	25	10
33846	2	81	15	5
33847	2	81	15	5
33848	2	192	23	9
33849	4	63	17	5
33850	4	63	19	7
33851	2	21	10	2
33852	2	105	19	7
33853	4	126	24	7
33854	4	168	25	10
33855	4	135	22	10
33856	4	132	24	7
33857	2	21	14	4
33858	2	16	13	3
33859	2	21	12	3
33860	4	162	24	10
33861	2	65	13	3
33862	2	51	8	2
33863	4	180	24	10
33864	2	66	13	4
33865	4	63	18	7
33866	2	99	18	7
33867	4	63	17	5
33868	4	132	24	7
33869	2	17	10	2
33870	4	141	24	11
33871	4	126	24	8
33872	2	18	15	4
33873	2	75	17	6
33874	4	168	28	12
33875	4	120	22	9
33876	4	132	22	7
33877	4	126	22	7
33878	4	159	25	10
33879	2	99	17	6
33880	4	96	21	6
33881	4	63	18	7
33882	2	198	21	8
33883	6	126	26	8
33884	4	96	21	6
33885	2	23	13	4
33886	2	39	13	3
33887	4	159	28	12
33888	2	18	11	3
33889	2	17	11	3
33890	4	126	23	8
33891	4	126	21	10
33892	2	15	13	3
33893	4	159	25	10
33894	2	168	19	7
33895	2	16	13	3
33896	4	132	21	10
33897	2	79	17	6
33898	2	132	19	7
33899	2	186	21	8
33900	2	78	11	3
33901	2	174	23	9
33902	2	75	12	4
33903	2	21	12	3
33904	2	21	12	3
33905	2	21	12	3
33906	2	15	13	3
33907	4	126	22	7
33908	2	21	12	3
33909	2	39	13	3
33910	2	120	17	6
33911	2	21	12	3
33912	2	168	23	9
33913	4	120	21	9
33914	2	26	12	3
33915	4	96	19	5
33916	2	180	23	9
33917	4	171	24	10
33918	4	141	23	10
33919	4	135	24	11
33920	4	60	18	5
33921	2	96	15	5
33922	4	171	24	10
33923	4	138	22	7
33924	2	87	19	7
33925	2	99	17	6
33926	2	18	15	4
33927	4	168	28	12
33928	2	174	19	7
33929	4	126	22	9
33930	4	126	23	7
33931	4	159	28	12
33932	2	15	13	3
33933	2	75	17	6
33934	2	69	15	5
