doc_id	turns	utf8_bytes	tokens	supervised
0	2	608	132	123
1	2	798	178	170
2	2	1299	324	315
3	2	1061	213	205
4	2	780	155	139
5	2	877	203	181
6	2	496	149	128
7	2	1334	304	279
8	2	716	183	168
9	2	579	200	181
10	2	54	17	8
11	2	1077	321	303
12	2	1079	260	250
13	2	132	51	21
14	2	1330	312	297
15	2	1097	285	275
16	2	1152	238	223
17	2	1384	284	274
18	2	81	31	15
19	2	452	149	140
20	2	1242	321	305
21	2	147	61	53
22	2	204	54	35
23	2	526	162	151
24	2	920	290	277
25	2	451	144	134
26	2	1224	366	350
27	2	440	139	121
28	2	1095	279	269
29	2	248	111	98
30	2	987	236	222
31	2	1113	252	239
32	2	192	58	44
33	2	171	45	13
34	2	531	145	121
35	2	377	85	32
36	2	403	100	88
37	2	424	144	132
38	2	109	37	18
39	2	748	185	170
40	2	639	194	174
41	2	600	104	89
42	2	421	87	78
43	2	1218	261	249
44	2	103	28	20
45	2	123	31	21
46	2	165	54	16
47	2	278	103	91
48	2	181	62	44
49	2	89	33	12
50	2	419	140	121
51	2	506	166	147
52	2	597	155	146
53	2	120	42	12
54	2	260	72	63
55	2	46	24	11
56	2	392	137	120
57	2	186	78	64
58	2	273	85	54
59	2	389	117	98
60	2	1071	259	241
61	2	192	43	33
62	2	160	35	25
63	2	372	103	86
64	2	1303	244	224
65	2	135	42	33
66	2	1030	259	246
67	2	259	67	56
68	2	222	58	40
69	2	79	32	16
70	2	72	22	11
71	2	431	103	95
72	2	1358	290	277
73	2	144	36	14
74	2	531	106	78
75	2	879	196	181
76	2	1172	345	325
77	2	883	221	211
78	2	1321	271	260
79	2	615	120	107
80	2	929	205	194
81	2	1337	380	353
82	2	359	121	92
83	2	484	127	103
84	2	1522	333	321
85	2	126	36	11
86	2	767	173	148
87	2	990	196	186
88	2	987	405	394
89	2	157	79	62
90	2	850	167	158
91	2	207	65	45
92	2	72	28	16
93	2	888	224	213
94	2	208	81	49
95	2	42	20	9
96	2	1357	271	261
97	2	468	96	84
98	2	213	41	31
99	2	360	138	128
100	2	125	47	28
101	2	199	52	41
102	2	129	24	12
103	2	123	31	17
104	2	246	59	33
105	2	86	27	16
106	2	45	20	9
107	2	150	34	23
108	2	189	39	30
109	2	1072	296	287
110	2	156	32	24
111	2	388	104	87
112	2	618	174	65
113	2	220	78	63
114	2	153	31	15
115	2	210	74	55
116	2	419	115	93
117	2	370	83	61
118	2	153	36	28
119	2	405	111	98
120	2	103	27	18
121	2	429	209	187
122	2	123	49	32
123	2	252	68	51
124	2	289	76	40
125	2	81	21	11
126	2	138	33	21
127	2	455	144	130
128	2	264	102	83
129	2	862	206	182
130	2	130	33	23
131	2	279	60	46
132	2	507	132	102
133	2	200	42	30
134	2	535	139	124
135	2	338	75	60
136	2	89	45	12
137	2	691	158	147
138	2	1522	399	390
139	2	852	266	235
140	2	955	234	215
141	2	801	214	174
142	2	389	127	95
143	2	501	194	158
144	2	1305	332	311
145	2	1441	460	415
146	2	945	385	349
147	2	1459	348	331
148	2	1301	399	388
149	2	1262	286	273
150	2	616	189	173
151	2	156	32	25
152	2	1167	240	226
153	2	1069	252	241
154	2	185	44	31
155	2	203	68	55
156	2	645	160	146
157	2	464	114	78
158	2	180	61	24
159	2	535	181	170
160	2	378	100	91
161	2	1186	336	304
162	2	165	47	24
163	2	1217	263	252
164	2	118	28	7
165	2	191	65	24
166	2	119	33	15
167	2	117	32	21
168	2	391	110	90
169	2	497	117	105
170	2	102	27	12
171	2	179	44	7
172	2	84	24	14
173	2	672	177	161
174	2	284	63	53
175	2	326	77	62
176	2	136	47	17
177	2	192	45	34
178	2	552	132	123
179	2	778	161	152
180	2	701	228	196
181	2	830	240	220
182	2	420	112	89
183	2	1159	257	246
184	2	258	82	65
185	2	1154	270	255
186	2	451	155	136
187	2	66	21	12
188	2	1279	317	302
189	2	1029	233	220
190	2	1245	253	245
191	2	245	78	66
192	2	728	208	200
193	2	524	165	146
194	2	301	91	77
195	2	1269	352	324
196	2	459	113	88
197	2	780	138	126
198	2	198	52	39
199	2	1129	240	226
200	2	339	98	70
201	2	241	65	54
202	2	53	28	19
203	2	1474	307	296
204	2	1144	274	265
205	2	99	35	22
206	2	144	45	32
207	2	125	47	29
208	2	474	106	96
209	2	934	271	259
210	2	1043	198	189
211	2	187	43	22
212	2	241	63	52
213	2	120	46	19
214	2	733	176	167
215	2	306	64	54
216	2	126	47	35
217	2	220	42	22
218	2	768	328	312
219	2	1070	294	279
220	2	129	35	25
221	2	724	192	182
222	2	99	27	12
223	2	852	236	224
224	2	849	208	199
225	2	83	33	18
226	2	166	63	52
227	2	350	141	123
228	2	459	127	115
229	2	294	76	59
230	2	106	32	10
231	2	841	242	231
232	2	603	128	106
233	2	487	136	125
234	2	1207	371	354
235	2	1290	385	359
236	2	1072	255	238
237	2	1235	343	330
238	2	189	62	49
239	2	242	101	79
240	2	1183	379	354
241	2	693	201	189
242	2	330	73	64
243	2	1163	346	329
244	2	1062	221	206
245	2	1143	271	251
246	2	83	33	21
247	2	304	89	67
248	2	1174	335	319
249	2	158	41	28
250	2	93	26	13
251	2	388	103	80
252	2	1082	262	250
253	2	1200	229	217
254	2	642	127	118
255	2	264	72	58
256	2	897	248	226
257	2	870	206	119
258	2	528	183	153
259	2	270	80	70
260	2	90	38	20
261	2	389	110	25
262	2	64	26	13
263	2	675	240	227
264	2	91	42	13
265	2	294	57	39
266	2	56	20	5
267	2	1066	296	275
268	2	111	30	19
269	2	174	33	22
270	2	219	90	48
271	2	480	96	87
272	2	129	43	18
273	2	240	120	100
274	2	391	115	97
275	2	1168	351	337
276	2	246	45	37
277	2	476	154	137
278	2	171	53	35
279	2	777	187	176
280	2	1154	335	316
281	2	220	85	56
282	2	101	39	21
283	2	1051	232	216
284	2	181	56	41
285	2	541	148	129
286	2	1258	360	336
287	2	1209	204	194
288	2	496	123	109
289	2	859	203	192
290	2	1155	342	331
291	2	549	105	96
292	2	951	182	168
293	2	80	27	13
294	2	480	177	164
295	2	1201	292	282
296	2	583	130	119
297	2	967	200	189
298	2	925	228	214
299	2	1053	223	213
300	2	1442	284	251
301	2	109	28	16
302	2	292	88	53
303	2	1006	213	194
304	2	132	44	17
305	2	233	46	26
306	2	1177	261	254
307	2	545	133	69
308	2	1008	179	166
309	2	147	39	20
310	2	517	139	57
311	2	135	45	32
312	2	944	218	206
313	2	377	115	97
314	2	1001	316	303
315	2	1468	319	307
316	2	1024	320	303
317	2	553	123	111
318	2	1285	240	225
319	2	1088	195	182
320	2	1294	247	239
321	2	1224	330	312
322	2	366	100	85
323	2	1183	314	297
324	2	998	276	261
325	2	1146	213	205
326	2	191	53	10
327	2	587	163	89
328	2	1487	370	332
329	2	525	113	99
330	2	243	60	15
331	2	618	173	160
332	2	632	140	112
333	2	1423	307	288
334	2	171	49	31
335	2	824	235	215
336	2	309	74	62
337	2	286	82	35
338	2	292	70	32
339	2	175	51	22
340	2	101	35	16
341	2	912	189	177
342	2	133	30	12
343	2	300	62	41
344	2	216	46	38
345	2	952	199	190
346	2	738	248	237
347	2	75	25	8
348	2	1031	214	201
349	2	617	154	144
350	2	530	158	128
351	2	749	142	131
352	2	94	35	26
353	2	699	209	198
354	2	422	101	73
355	2	110	68	49
356	2	1010	229	219
357	2	456	126	109
358	2	1203	326	311
359	2	268	77	54
360	2	393	112	97
361	2	1069	235	222
362	2	815	183	173
363	2	971	253	239
364	2	881	201	190
365	2	474	120	112
366	2	349	76	56
367	2	119	28	17
368	2	92	38	19
369	2	468	100	67
370	2	252	66	55
371	2	321	87	76
372	2	61	21	7
373	2	60	29	11
374	2	107	35	20
375	2	1388	307	298
376	2	125	43	20
377	2	45	24	11
378	2	96	28	15
379	2	1253	251	241
380	2	1194	248	234
381	2	181	42	29
382	2	232	72	63
383	2	127	43	20
384	2	260	87	71
385	2	163	53	44
386	2	296	76	63
387	2	484	111	100
388	2	183	43	34
389	2	522	139	129
390	2	1126	284	274
391	2	1122	329	313
392	2	1203	262	248
393	2	1170	253	244
394	2	959	303	290
395	2	1285	239	229
396	2	1151	275	262
397	2	1177	244	234
398	2	1238	274	258
399	2	1182	250	239
400	2	925	201	190
401	2	1250	348	338
402	2	208	60	39
403	2	75	24	7
404	2	312	73	59
405	2	177	54	38
406	2	95	26	3
407	2	273	59	39
408	2	36	15	5
409	2	1157	329	312
410	2	1134	319	301
411	2	733	228	216
412	2	840	245	233
413	2	1340	364	322
414	2	1150	299	288
415	2	995	254	243
416	2	419	124	111
417	2	206	59	18
418	2	1056	269	255
419	2	1351	337	320
420	2	1128	247	234
421	2	169	70	52
422	2	996	290	279
423	2	1110	249	241
424	2	144	39	22
425	2	121	34	20
426	2	195	62	36
427	2	977	226	216
428	2	1201	308	297
429	2	173	58	41
430	2	757	229	217
431	2	590	175	161
432	2	1228	279	261
433	2	481	120	105
434	2	868	255	244
435	2	1351	269	252
436	2	158	55	40
437	2	1513	359	345
438	2	459	129	110
439	2	1206	258	243
440	2	1273	299	285
441	2	1202	233	222
442	2	358	76	30
443	2	1083	347	334
444	2	1529	368	357
445	2	483	92	79
446	2	1528	325	310
447	2	178	54	42
448	2	1049	254	232
449	2	706	236	224
450	2	420	84	70
451	2	328	80	51
452	2	1150	259	249
453	2	640	171	154
454	2	1168	221	202
455	2	494	170	148
456	2	124	33	10
457	2	189	68	55
458	2	854	208	195
459	2	803	249	236
460	2	166	58	42
461	2	431	125	108
462	2	92	38	25
463	2	1008	248	237
464	2	240	57	46
465	2	414	113	104
466	2	253	75	61
467	2	1187	339	317
468	2	309	75	49
469	2	271	68	52
470	2	1130	223	212
471	2	234	64	53
472	2	354	100	81
473	2	1179	280	265
474	2	1150	198	188
475	2	877	190	178
476	2	1374	310	299
477	2	649	164	123
478	2	1426	300	257
479	2	834	189	171
480	2	1513	308	300
481	2	135	36	24
482	2	117	29	14
483	2	837	185	57
484	2	67	34	23
485	2	168	52	36
486	2	291	80	63
487	2	111	25	11
488	2	1024	247	235
489	2	1079	226	215
490	2	298	68	51
491	2	141	45	26
492	2	195	55	43
493	2	1188	393	373
494	2	585	231	209
495	2	1277	239	228
496	2	840	241	230
497	2	888	187	175
498	2	391	161	145
499	2	1239	306	296
500	2	1133	263	252
501	2	114	28	7
502	2	1486	336	318
503	2	851	265	253
504	2	1255	282	270
505	2	1341	277	259
506	2	106	37	19
507	2	332	94	81
508	2	357	76	61
509	2	624	247	228
510	2	1311	340	325
511	2	423	117	103
512	2	463	149	125
513	2	70	26	15
514	2	105	31	17
515	2	631	167	156
516	2	876	234	221
517	2	275	87	59
518	2	1234	250	235
519	2	1166	220	205
520	2	1139	244	232
521	2	1280	287	274
522	2	252	86	67
523	2	962	188	177
524	2	804	232	217
525	2	452	140	127
526	2	238	54	37
527	2	872	144	132
528	2	1177	317	304
529	2	595	176	156
530	2	1305	343	318
531	2	600	126	116
532	2	917	201	188
533	2	563	161	149
534	2	321	82	71
535	2	624	126	113
536	2	257	57	42
537	2	726	162	150
538	2	738	203	190
539	2	159	34	17
540	2	157	47	27
541	2	472	123	99
542	2	231	59	44
543	2	153	38	19
544	2	1073	268	250
545	2	389	80	61
546	2	330	85	69
547	2	244	69	52
548	2	93	23	9
549	2	436	92	66
550	2	295	71	55
551	2	186	39	26
552	2	189	53	35
553	2	292	105	89
554	2	580	143	121
555	2	114	31	15
556	2	1234	298	277
557	2	589	115	104
558	2	759	190	177
559	2	407	96	68
560	2	602	213	205
561	2	830	172	151
562	2	237	63	52
563	2	994	252	240
564	2	834	192	183
565	2	315	60	45
566	2	109	28	9
567	2	710	175	163
568	2	203	53	22
569	2	897	197	174
570	2	385	103	89
571	2	1515	370	309
572	2	177	48	25
573	2	272	69	56
574	2	316	95	79
575	2	170	51	40
576	2	271	120	97
577	2	302	68	57
578	2	753	163	133
579	2	211	60	46
580	2	408	122	87
581	2	57	19	12
582	2	1122	296	266
583	2	324	113	91
584	2	1360	338	303
585	2	1143	304	290
586	2	300	102	89
587	2	703	243	235
588	2	444	131	106
589	2	99	29	18
590	2	1184	335	322
591	2	1189	352	335
592	2	86	39	19
593	2	105	30	21
594	2	546	153	141
595	2	86	37	19
596	2	127	31	22
597	2	505	179	167
598	2	1377	320	305
599	2	1226	267	255
600	2	149	34	13
601	2	297	63	52
602	2	240	57	43
603	2	1209	304	291
604	2	308	97	64
605	2	1045	187	176
606	2	462	113	82
607	2	1287	353	336
608	2	102	27	8
609	2	846	209	189
610	2	154	45	16
611	2	328	132	118
612	2	1368	271	251
613	2	741	132	112
614	2	1069	336	324
615	2	1246	315	303
616	2	221	69	56
617	2	1049	236	227
618	2	1430	304	292
619	2	942	193	181
620	2	839	216	207
621	2	1288	283	273
622	2	1431	328	314
623	2	840	185	173
624	2	990	202	191
625	2	1218	277	263
626	2	1554	387	371
627	2	1412	297	278
628	2	1209	293	281
629	2	1304	288	275
630	2	253	49	28
631	2	1089	237	225
632	2	249	57	40
633	2	1235	232	222
634	2	151	51	36
635	2	289	68	51
636	2	1476	367	319
637	2	1134	290	277
638	2	523	194	178
639	2	680	229	200
640	2	541	188	124
641	2	150	34	23
642	2	581	150	138
643	2	274	93	75
644	2	231	68	55
645	2	527	156	128
646	2	189	59	37
647	2	414	139	122
648	2	909	222	207
649	2	694	233	223
650	2	65	31	14
651	2	1220	343	325
652	2	581	151	138
653	2	695	196	187
654	2	767	169	158
655	2	787	198	183
656	2	72	23	8
657	2	174	69	56
658	2	1128	342	327
659	2	557	165	132
660	2	794	151	139
661	2	1034	210	194
662	2	716	166	149
663	2	375	120	98
664	2	880	252	239
665	2	1011	216	205
666	2	815	214	197
667	2	815	318	303
668	2	405	137	113
669	2	1176	303	288
670	2	160	61	49
671	2	300	71	56
672	2	1226	307	290
673	2	44	32	17
674	2	919	281	258
675	2	523	96	81
676	2	780	177	128
677	2	608	128	99
678	2	181	68	44
679	2	502	123	107
680	2	186	41	31
681	2	577	154	139
682	2	111	28	17
683	2	681	182	167
684	2	416	106	80
685	2	167	57	34
686	2	121	40	28
687	2	186	50	24
688	2	1138	292	271
689	2	442	135	120
690	2	341	96	78
691	2	265	71	50
692	2	863	169	161
693	2	749	253	241
694	2	289	98	79
695	2	1153	259	246
696	2	222	42	31
697	2	124	38	27
698	2	132	32	16
699	2	1052	224	210
700	2	749	229	215
701	2	366	115	96
702	2	609	167	152
703	2	1356	295	282
704	2	128	39	22
705	2	141	30	20
706	2	338	87	72
707	2	973	294	285
708	2	812	201	186
709	2	94	34	8
710	2	374	120	100
711	2	1111	338	326
712	2	943	251	240
713	2	442	125	113
714	2	81	22	6
715	2	120	36	12
716	2	1049	261	248
717	2	232	61	38
718	2	1004	371	329
719	2	690	241	224
720	2	1099	227	205
721	2	850	249	225
722	2	144	30	18
723	2	350	87	69
724	2	233	69	32
725	2	767	145	135
726	2	260	103	85
727	2	283	106	84
728	2	1593	376	369
729	2	155	70	40
730	2	1545	441	422
731	2	167	63	24
732	2	78	27	10
733	2	117	35	13
734	2	153	41	28
735	2	1327	339	325
736	2	862	234	224
737	2	1442	314	295
738	2	1439	291	281
739	2	908	274	263
740	2	1348	253	242
741	2	829	184	174
742	2	221	63	38
743	2	806	196	78
744	2	294	86	63
745	2	162	36	24
746	2	111	27	15
747	2	372	97	85
748	2	1098	229	219
749	2	431	77	66
750	2	956	181	174
751	2	90	34	23
752	2	1195	428	403
753	2	1092	293	278
754	2	422	106	94
755	2	476	153	139
756	2	1120	211	201
757	2	957	261	241
758	2	758	210	196
759	2	313	105	81
760	2	1070	367	307
761	2	576	126	111
762	2	1140	223	179
763	2	717	174	161
764	2	102	32	9
765	2	89	37	23
766	2	818	206	193
767	2	169	52	36
768	2	1206	323	308
769	2	537	168	156
770	2	379	153	117
771	2	851	239	207
772	2	363	101	92
773	2	879	246	235
774	2	454	163	136
775	2	406	104	70
776	2	959	260	248
777	2	913	179	167
778	2	979	257	239
779	2	1122	364	351
780	2	78	20	12
781	2	186	47	27
782	2	222	50	37
783	2	178	51	11
784	2	211	50	35
785	2	245	53	40
786	2	668	149	136
787	2	451	119	107
788	2	641	142	130
789	2	510	143	121
790	2	117	33	14
791	2	458	114	99
792	2	1409	274	252
793	2	640	263	238
794	2	1066	320	306
795	2	1570	415	397
796	2	103	44	20
797	2	132	39	26
798	2	671	185	164
799	2	612	182	165
800	2	1304	290	277
801	2	1289	345	332
802	2	1175	268	256
803	2	737	207	188
804	2	897	171	157
805	2	1215	297	285
806	2	1226	320	272
807	2	165	56	37
808	2	1113	219	208
809	2	696	177	140
810	2	1161	236	215
811	2	953	193	182
812	2	1199	314	302
813	2	952	223	212
814	2	1446	312	298
815	2	1070	308	286
816	2	121	40	8
817	2	652	206	194
818	2	169	43	32
819	2	471	83	69
820	2	275	61	47
821	2	522	123	111
822	2	511	114	102
823	2	858	193	175
824	2	923	195	183
825	2	298	72	61
826	2	715	249	235
827	2	1288	300	285
828	2	532	122	107
829	2	294	70	53
830	2	180	43	24
831	2	303	81	65
832	2	191	79	68
833	2	464	119	63
834	2	598	162	142
835	2	194	59	26
836	2	98	36	21
837	2	957	247	228
838	2	117	33	18
839	2	227	49	30
840	2	775	235	221
841	2	187	71	42
842	2	239	68	32
843	2	192	80	65
844	2	147	72	57
845	2	358	126	113
846	2	143	49	25
847	2	1165	250	243
848	2	931	208	195
849	2	368	121	85
850	2	112	46	29
851	2	1346	307	296
852	2	723	220	183
853	2	183	49	26
854	2	198	45	35
855	2	92	36	23
856	2	612	126	111
857	2	235	54	41
858	2	375	79	69
859	2	1168	254	237
860	2	126	28	19
861	2	1133	242	231
862	2	437	101	88
863	2	132	28	15
864	2	381	109	91
865	2	381	90	69
866	2	461	93	84
867	2	1009	223	212
868	2	1018	258	245
869	2	695	163	146
870	2	1005	320	306
871	2	120	33	8
872	2	464	99	84
873	2	861	180	169
874	2	559	156	131
875	2	342	76	65
876	2	957	248	231
877	2	288	78	55
878	2	112	35	10
879	2	145	49	31
880	2	192	40	28
881	2	162	44	16
882	2	294	102	79
883	2	899	179	157
884	2	751	168	151
885	2	150	43	26
886	2	866	174	163
887	2	1177	314	296
888	2	185	41	25
889	2	175	54	26
890	2	1065	285	268
891	2	479	118	99
892	2	267	69	55
893	2	922	189	171
894	2	172	46	28
895	2	210	40	27
896	2	1357	249	237
897	2	633	118	109
898	2	225	58	21
899	2	165	49	28
900	2	1253	293	280
901	2	647	170	145
902	2	1033	229	217
903	2	1428	300	287
904	2	1283	286	273
905	2	1166	285	265
906	2	847	198	184
907	2	984	291	270
908	2	1276	362	340
909	2	1272	335	319
910	2	1248	225	213
911	2	702	160	147
912	2	1299	290	278
913	2	956	215	205
914	2	989	236	223
915	2	811	186	173
916	2	1294	340	326
917	2	1303	307	295
918	2	191	56	3
919	2	693	283	262
920	2	696	215	202
921	2	98	28	16
922	2	371	128	114
923	2	1106	331	316
924	2	238	47	18
925	2	646	189	171
926	2	1149	226	209
927	2	66	21	4
928	2	1200	250	238
929	2	117	41	15
930	2	757	171	160
931	2	361	137	122
932	2	761	167	159
933	2	207	52	39
934	2	128	35	15
935	2	1351	257	246
936	2	546	191	178
937	2	242	61	26
938	2	284	83	62
939	2	605	163	150
940	2	616	189	171
941	2	788	252	236
942	2	1209	243	231
943	2	1357	268	252
944	2	1521	298	275
945	2	1185	252	217
946	2	49	29	17
947	2	938	205	189
948	2	1238	267	248
949	2	345	75	70
950	2	175	48	20
951	2	396	85	69
952	2	119	42	16
953	2	468	121	106
954	2	90	26	15
955	2	423	132	119
956	2	106	41	25
957	2	922	178	144
958	2	1343	259	247
959	2	162	42	30
960	2	1082	208	194
961	2	1094	246	186
962	2	153	39	19
963	2	1170	244	234
964	2	162	47	8
965	2	775	164	151
966	2	105	33	10
967	2	61	30	20
968	2	447	84	75
969	2	103	27	6
970	2	127	34	9
971	2	180	35	16
972	2	165	36	27
973	2	321	84	67
974	2	198	52	38
975	2	171	41	20
976	2	445	150	121
977	2	635	185	175
978	2	444	95	77
979	2	695	219	197
980	2	605	164	132
981	2	716	157	143
982	2	1372	288	273
983	2	148	44	33
984	2	140	58	37
985	2	289	80	67
986	2	621	123	113
987	2	937	193	179
988	2	326	97	74
989	2	192	68	57
990	2	468	102	89
991	2	310	71	54
992	2	547	128	114
993	2	95	34	10
994	2	378	123	106
995	2	498	138	123
996	2	288	104	78
997	2	82	34	19
998	2	99	27	10
999	2	1004	245	225
1000	2	256	66	46
1001	2	945	251	213
1002	2	108	39	26
1003	2	111	39	14
1004	2	1415	307	286
1005	2	349	90	77
1006	2	357	124	108
1007	2	257	91	78
1008	2	106	37	22
1009	2	88	33	15
1010	2	337	94	62
1011	2	313	111	102
1012	2	508	120	93
1013	2	982	280	264
1014	2	183	36	26
1015	2	496	92	74
1016	2	120	41	23
1017	2	432	83	73
1018	2	806	248	226
1019	2	401	114	87
1020	2	311	93	81
1021	2	42	15	7
1022	2	437	100	70
1023	2	499	102	88
1024	2	1389	249	210
1025	2	1396	291	265
1026	2	403	133	109
1027	2	655	154	75
1028	2	1252	256	244
1029	2	231	101	89
1030	2	226	48	31
1031	2	111	37	23
1032	2	390	124	111
1033	2	1100	221	202
1034	2	1325	323	298
1035	2	785	168	158
1036	2	212	48	38
1037	2	239	63	20
1038	2	228	72	51
1039	2	99	35	15
1040	2	136	44	28
1041	2	223	54	44
1042	2	882	178	164
1043	2	610	163	147
1044	2	126	35	24
1045	2	1191	286	277
1046	2	186	73	53
1047	2	1077	247	232
1048	2	1289	256	244
1049	2	298	117	106
1050	2	1029	224	213
1051	2	1268	312	301
1052	2	906	227	217
1053	2	204	61	37
1054	2	159	39	27
1055	2	475	103	57
1056	2	1331	261	250
1057	2	183	40	28
1058	2	126	35	11
1059	2	429	101	87
1060	2	108	38	20
1061	2	63	19	7
1062	2	153	51	18
1063	2	983	196	186
1064	2	656	134	122
1065	2	832	295	275
1066	2	282	71	62
1067	2	993	236	225
1068	2	495	112	101
1069	2	279	101	84
1070	2	1041	250	236
1071	2	300	70	41
1072	2	767	222	211
1073	2	864	185	176
1074	2	116	40	21
1075	2	1057	245	235
1076	2	636	194	181
1077	2	1220	232	220
1078	2	835	252	214
1079	2	114	45	29
1080	2	126	30	10
1081	2	177	50	24
1082	2	405	100	87
1083	2	538	112	53
1084	2	1127	335	319
1085	2	329	96	85
1086	2	1009	252	242
1087	2	642	156	129
1088	2	51	17	9
1089	2	455	129	105
1090	2	797	208	195
1091	2	432	104	82
1092	2	201	58	48
1093	2	226	68	41
1094	2	1117	297	289
1095	2	219	41	31
1096	2	607	181	166
1097	2	1042	261	249
1098	2	1097	327	315
1099	2	1147	309	297
1100	2	486	96	84
1101	2	1202	243	234
1102	2	92	27	13
1103	2	870	193	177
1104	2	1076	235	224
1105	2	1219	270	254
1106	2	132	56	45
1107	2	1069	228	219
1108	2	239	70	53
1109	2	270	63	45
1110	2	185	56	40
1111	2	348	86	74
1112	2	695	192	180
1113	2	106	25	7
1114	2	493	154	141
1115	2	1272	332	314
1116	2	240	60	49
1117	2	463	123	111
1118	2	940	245	232
1119	2	135	39	27
1120	2	1395	276	263
1121	2	1174	270	260
1122	2	1451	301	289
1123	2	138	43	23
1124	2	195	45	32
1125	2	1121	251	239
1126	2	977	205	195
1127	2	435	82	28
1128	2	323	83	75
1129	2	252	81	68
1130	2	619	137	125
1131	2	42	21	9
1132	2	608	127	117
1133	2	117	32	12
1134	2	116	29	16
1135	2	89	30	11
1136	2	581	155	135
1137	2	432	173	16
1138	2	184	56	19
1139	2	201	82	38
1140	2	242	93	54
1141	2	568	193	166
1142	2	416	132	84
1143	2	133	33	21
1144	2	236	54	22
1145	2	1561	295	284
1146	2	510	112	100
1147	2	811	215	205
1148	2	227	66	31
1149	2	44	18	8
1150	2	90	29	17
1151	2	544	139	125
1152	2	279	96	77
1153	2	1416	368	356
1154	2	440	193	172
1155	2	1105	313	301
1156	2	210	55	29
1157	2	156	49	27
1158	2	792	201	193
1159	2	1080	231	218
1160	2	724	180	160
1161	2	266	92	73
1162	2	1366	487	467
1163	2	209	43	32
1164	2	1190	358	343
1165	2	809	269	255
1166	2	674	199	190
1167	2	990	260	250
1168	2	903	320	302
1169	2	467	181	167
1170	2	431	114	104
1171	2	474	118	103
1172	2	312	58	48
1173	2	864	182	171
1174	2	1063	239	228
1175	2	169	50	32
1176	2	825	169	157
1177	2	935	192	176
1178	2	411	92	41
1179	2	415	115	95
1180	2	420	127	94
1181	2	525	133	59
1182	2	62	24	11
1183	2	186	43	31
1184	2	81	20	13
1185	2	1006	183	171
1186	2	1201	262	251
1187	2	977	212	196
1188	2	117	43	27
1189	2	1373	261	250
1190	2	492	150	132
1191	2	1008	198	188
1192	2	229	63	45
1193	2	1124	234	216
1194	2	1220	238	221
1195	2	495	156	142
1196	2	1100	262	250
1197	2	330	97	67
1198	2	140	51	20
1199	2	58	24	11
1200	2	499	99	86
1201	2	1091	255	242
1202	2	264	49	40
1203	2	1271	278	267
1204	2	1004	222	211
1205	2	1059	306	286
1206	2	113	35	18
1207	2	375	79	69
1208	2	117	32	11
1209	2	1139	307	281
1210	2	210	50	34
1211	2	126	30	18
1212	2	107	39	15
1213	2	1074	192	182
1214	2	1152	245	226
1215	2	333	108	98
1216	2	1241	249	240
1217	2	87	29	11
1218	2	454	155	139
1219	2	759	342	330
1220	2	548	193	178
1221	2	147	57	46
1222	2	1189	351	332
1223	2	816	173	163
1224	2	54	20	10
1225	2	108	29	5
1226	2	1160	287	278
1227	2	337	71	55
1228	2	545	104	94
1229	2	960	226	215
1230	2	861	300	288
1231	2	1069	232	222
1232	2	1318	283	269
1233	2	1357	256	240
1234	2	1310	305	290
1235	2	1067	234	217
1236	2	979	248	236
1237	2	1146	325	312
1238	2	951	273	263
1239	2	1069	274	262
1240	2	540	112	103
1241	2	970	228	218
1242	2	710	305	285
1243	2	1222	283	268
1244	2	1089	391	380
1245	2	1052	246	234
1246	2	1031	278	264
1247	2	261	64	52
1248	2	337	72	62
1249	2	234	56	42
1250	2	145	41	23
1251	2	61	29	16
1252	2	189	43	31
1253	2	211	65	44
1254	2	355	91	79
1255	2	729	217	206
1256	2	106	46	34
1257	2	1118	342	322
1258	2	340	101	75
1259	2	1178	313	298
1260	2	646	188	178
1261	2	1010	307	284
1262	2	1334	266	255
1263	2	366	72	60
1264	2	839	208	191
1265	2	1207	347	330
1266	2	132	46	34
1267	2	147	36	24
1268	2	1174	240	227
1269	2	223	70	42
1270	2	195	42	29
1271	2	964	213	200
1272	2	1454	392	376
1273	2	1282	265	251
1274	2	1236	296	269
1275	2	1333	272	261
1276	2	1036	207	195
1277	2	1237	235	220
1278	2	917	190	177
1279	2	133	62	45
1280	2	1318	308	292
1281	2	1010	213	197
1282	2	372	114	68
1283	2	844	234	215
1284	2	539	195	175
1285	2	1003	334	325
1286	2	1252	385	367
1287	2	576	118	101
1288	2	687	121	107
1289	2	381	109	93
1290	2	416	163	127
1291	2	660	163	143
1292	2	1237	259	241
1293	2	237	58	44
1294	2	1211	243	232
1295	2	426	181	169
1296	2	1373	350	334
1297	2	319	74	59
1298	2	79	20	3
1299	2	334	167	156
1300	2	1125	230	219
1301	2	721	236	221
1302	2	84	22	13
1303	2	575	169	151
1304	2	547	151	100
1305	2	384	162	120
1306	2	916	221	205
1307	2	388	98	83
1308	2	344	139	55
1309	2	230	69	59
1310	2	483	106	93
1311	2	255	54	42
1312	2	386	103	85
1313	2	267	63	43
1314	2	217	63	6
1315	2	1006	200	183
1316	2	231	69	56
1317	2	1047	260	246
1318	2	928	174	163
1319	2	243	57	46
1320	2	96	26	8
1321	2	142	36	13
1322	2	875	206	193
1323	2	171	44	23
1324	2	1187	279	271
1325	2	75	20	6
1326	2	708	203	189
1327	2	504	118	105
1328	2	131	69	61
1329	2	754	129	118
1330	2	872	178	169
1331	2	424	108	97
1332	2	255	72	64
1333	2	1049	271	255
1334	2	159	45	27
1335	2	104	29	15
1336	2	530	187	145
1337	2	893	199	183
1338	2	975	256	238
1339	2	797	161	134
1340	2	1012	188	168
1341	2	353	93	76
1342	2	97	32	17
1343	2	567	107	94
1344	2	129	28	14
1345	2	277	116	96
1346	2	551	164	148
1347	2	133	44	15
1348	2	328	143	130
1349	2	402	107	96
1350	2	1056	196	180
1351	2	132	33	19
1352	2	1205	299	282
1353	2	1102	287	276
1354	2	861	222	204
1355	2	922	206	189
1356	2	192	45	33
1357	2	142	28	13
1358	2	75	26	16
1359	2	1226	293	277
1360	2	150	35	23
1361	2	468	193	166
1362	2	183	60	50
1363	2	285	94	83
1364	2	308	95	77
1365	2	740	199	170
1366	2	1407	302	292
1367	2	1047	298	286
1368	2	334	140	81
1369	2	135	56	39
1370	2	1114	261	245
1371	2	1054	273	254
1372	2	467	251	224
1373	2	522	123	106
1374	2	1385	514	485
1375	2	664	162	154
1376	2	300	81	68
1377	2	148	43	29
1378	2	1420	297	286
1379	2	406	105	86
1380	2	295	119	109
1381	2	1556	332	322
1382	2	131	49	33
1383	2	313	119	107
1384	2	1152	224	212
1385	2	552	127	113
1386	2	543	171	157
1387	2	96	37	20
1388	2	135	49	24
1389	2	325	80	72
1390	2	631	152	139
1391	2	123	37	24
1392	2	454	152	141
1393	2	1152	331	315
1394	2	111	33	18
1395	2	681	230	218
1396	2	591	174	162
1397	2	540	202	189
1398	2	219	47	39
1399	2	1068	394	383
1400	2	790	173	155
1401	2	1024	268	255
1402	2	390	192	176
1403	2	251	71	60
1404	2	1377	377	367
1405	2	979	256	245
1406	2	180	50	40
1407	2	250	61	30
1408	2	1364	340	281
1409	2	297	52	39
1410	2	1099	318	277
1411	2	264	58	46
1412	2	1229	375	346
1413	2	1174	233	219
1414	2	1143	280	268
1415	2	1119	290	261
1416	2	736	150	139
1417	2	494	122	111
1418	2	857	240	228
1419	2	101	28	18
1420	2	121	43	18
1421	2	1165	327	311
1422	2	789	188	179
1423	2	262	86	71
1424	2	986	325	297
1425	2	703	139	127
1426	2	886	185	172
1427	2	109	32	11
1428	2	183	44	31
1429	2	156	39	17
1430	2	1015	258	248
1431	2	1147	325	314
1432	2	156	55	44
1433	2	718	153	142
1434	2	1150	257	239
1435	2	712	172	158
1436	2	175	51	29
1437	2	879	286	266
1438	2	1243	303	285
1439	2	553	186	165
1440	2	538	112	101
1441	2	263	82	63
1442	2	633	119	110
1443	2	63	21	10
1444	2	936	224	198
1445	2	614	158	142
1446	2	445	140	119
1447	2	1283	292	279
1448	2	97	37	16
1449	2	87	27	6
1450	2	911	247	232
1451	2	72	34	11
1452	2	1335	291	279
1453	2	196	92	62
1454	2	1244	301	288
1455	2	229	77	64
1456	2	1205	311	298
1457	2	85	25	9
1458	2	406	134	112
1459	2	1238	267	255
1460	2	125	40	13
1461	2	79	34	19
1462	2	192	74	58
1463	2	348	75	64
1464	2	978	238	220
1465	2	864	250	232
1466	2	674	141	130
1467	2	532	117	106
1468	2	1091	246	233
1469	2	1349	279	267
1470	2	990	194	180
1471	2	1584	315	303
1472	2	1025	204	192
1473	2	878	179	168
1474	2	1174	254	231
1475	2	1424	296	280
1476	2	167	70	58
1477	2	1233	285	274
1478	2	457	130	111
1479	2	559	128	116
1480	2	142	40	22
1481	2	853	197	186
1482	2	704	219	206
1483	2	748	196	178
1484	2	244	103	89
1485	2	429	102	84
1486	2	1273	338	319
1487	2	176	59	25
1488	2	232	69	38
1489	2	75	27	20
1490	2	1196	318	304
1491	2	446	149	129
1492	2	1085	262	248
1493	2	1299	264	248
1494	2	1222	425	401
1495	2	643	222	205
1496	2	252	54	42
1497	2	1270	239	220
1498	2	571	153	133
1499	2	1193	448	436
1500	2	614	152	129
1501	2	944	187	177
1502	2	674	153	141
1503	2	1295	293	281
1504	2	966	197	184
1505	2	1607	382	368
1506	2	531	101	71
1507	2	140	50	22
1508	2	297	73	65
1509	2	1246	396	372
1510	2	579	194	175
1511	2	317	105	82
1512	2	312	108	87
1513	2	690	177	151
1514	2	767	334	298
1515	2	980	216	194
1516	2	119	45	30
1517	2	1120	242	230
1518	2	185	53	38
1519	2	486	115	78
1520	2	549	131	113
1521	2	225	56	19
1522	2	149	32	17
1523	2	213	42	30
1524	2	1035	318	300
1525	2	207	43	31
1526	2	198	45	31
1527	2	372	88	55
1528	2	401	92	71
1529	2	176	69	52
1530	2	1468	289	268
1531	2	108	38	18
1532	2	1057	235	223
1533	2	790	138	127
1534	2	177	58	39
1535	2	369	77	56
1536	2	789	231	163
1537	2	1157	310	297
1538	2	185	56	40
1539	2	1280	254	240
1540	2	52	21	10
1541	2	948	187	171
1542	2	1393	270	261
1543	2	861	277	264
1544	2	975	245	234
1545	2	1166	247	232
1546	2	657	166	150
1547	2	436	94	71
1548	2	518	161	125
1549	2	222	49	31
1550	2	561	125	112
1551	2	178	64	53
1552	2	355	110	82
1553	2	1573	310	297
1554	2	1082	200	189
1555	2	645	216	200
1556	2	1378	266	256
1557	2	219	56	44
1558	2	510	121	107
1559	2	135	33	15
1560	2	1099	315	294
1561	2	773	152	140
1562	2	1027	184	174
1563	2	995	220	211
1564	2	1240	291	276
1565	2	1111	218	205
1566	2	1017	190	181
1567	2	1414	296	283
1568	2	449	170	157
1569	2	928	205	193
1570	2	1110	349	335
1571	2	387	71	59
1572	2	948	189	180
1573	2	1127	243	236
1574	2	705	125	117
1575	2	255	87	64
1576	2	873	154	147
1577	2	1411	329	306
1578	2	783	214	198
1579	2	1305	238	230
1580	2	207	69	52
1581	2	1349	263	247
1582	2	1037	257	248
1583	2	328	93	65
1584	2	279	82	67
1585	2	197	65	49
1586	2	74	31	16
1587	2	247	98	86
1588	2	212	72	30
1589	2	858	286	269
1590	2	1230	272	253
1591	2	998	203	179
1592	2	1017	317	304
1593	2	537	105	90
1594	2	567	151	140
1595	2	751	225	215
1596	2	72	22	9
1597	2	1152	344	330
1598	2	344	105	89
1599	2	1217	307	276
1600	2	561	119	73
1601	2	1159	321	305
1602	2	1163	230	217
1603	2	657	137	124
1604	2	1025	206	196
1605	2	803	219	205
1606	2	895	257	247
1607	2	1023	178	166
1608	2	1382	264	254
1609	2	171	36	24
1610	2	726	198	183
1611	2	607	143	132
1612	2	1174	335	323
1613	2	891	236	225
1614	2	709	168	149
1615	2	879	274	261
1616	2	70	30	13
1617	2	847	194	183
1618	2	480	171	158
1619	2	1182	351	331
1620	2	353	103	36
1621	2	231	48	31
1622	2	96	28	18
1623	2	91	33	15
1624	2	151	57	40
1625	2	1071	248	237
1626	2	1014	233	218
1627	2	172	69	36
1628	2	734	176	159
1629	2	303	98	68
1630	2	381	91	75
1631	2	1220	259	250
1632	2	1288	356	340
1633	2	1331	296	281
1634	2	220	61	31
1635	2	466	116	105
1636	2	1199	274	257
1637	2	1169	359	344
1638	2	1096	304	290
1639	2	1201	263	250
1640	2	222	65	52
1641	2	123	42	11
1642	2	1145	238	228
1643	2	912	177	163
1644	2	386	86	40
1645	2	169	39	20
1646	2	310	70	50
1647	2	1060	239	228
1648	2	1248	373	359
1649	2	1218	317	306
1650	2	165	39	12
1651	2	1144	339	322
1652	2	408	137	116
1653	2	198	54	39
1654	2	941	204	194
1655	2	779	191	177
1656	2	187	41	16
1657	2	1254	318	303
1658	2	564	184	161
1659	2	1242	252	243
1660	2	531	106	89
1661	2	242	84	65
1662	2	1051	380	358
1663	2	228	71	51
1664	2	78	22	3
1665	2	66	23	7
1666	2	800	185	168
1667	2	432	118	84
1668	2	594	142	125
1669	2	148	42	21
1670	2	157	43	25
1671	2	941	284	266
1672	2	533	164	152
1673	2	381	77	23
1674	2	1291	308	294
1675	2	278	82	66
1676	2	13	12	3
1677	2	160	62	48
1678	2	1117	343	325
1679	2	602	192	75
1680	2	1218	263	242
1681	2	996	238	227
1682	2	1063	231	219
1683	2	243	48	39
1684	2	772	174	98
1685	2	130	26	11
1686	2	270	73	49
1687	2	413	116	97
1688	2	96	26	17
1689	2	380	97	77
1690	2	890	218	203
1691	2	1330	303	293
1692	2	1440	298	287
1693	2	1011	213	186
1694	2	300	91	71
1695	2	506	141	121
1696	2	702	170	160
1697	2	1195	298	283
1698	2	391	102	83
1699	2	429	91	72
1700	2	1368	279	258
1701	2	113	31	20
1702	2	1118	321	307
1703	2	803	224	202
1704	2	76	35	26
1705	2	973	205	196
1706	2	110	49	34
1707	2	120	43	30
1708	2	333	117	107
1709	2	1191	372	362
1710	2	961	208	200
1711	2	1114	216	206
1712	2	695	158	146
1713	2	555	167	61
1714	2	1198	228	214
1715	2	1288	260	249
1716	2	486	112	59
1717	2	540	125	114
1718	2	631	186	171
1719	2	288	110	97
1720	2	489	115	98
1721	2	873	234	216
1722	2	511	150	138
1723	2	196	46	31
1724	2	210	53	41
1725	2	377	84	74
1726	2	288	77	54
1727	2	57	38	18
1728	2	1040	274	262
1729	2	535	201	187
1730	2	564	163	153
1731	2	80	31	16
1732	2	63	25	14
1733	2	833	216	202
1734	2	940	243	232
1735	2	261	82	65
1736	2	869	273	258
1737	2	575	178	167
1738	2	981	215	206
1739	2	320	106	84
1740	2	258	68	56
1741	2	474	152	136
1742	2	423	124	113
1743	2	135	47	12
1744	2	1050	233	216
1745	2	43	22	12
1746	2	174	57	47
1747	2	115	42	30
1748	2	1337	326	307
1749	2	617	187	170
1750	2	1144	246	230
1751	2	1198	266	254
1752	2	1167	244	233
1753	2	1237	273	257
1754	2	835	176	162
1755	2	845	197	183
1756	2	1089	190	179
1757	2	1049	298	282
1758	2	505	145	124
1759	2	59	23	6
1760	2	214	45	10
1761	2	298	85	62
1762	2	548	129	99
1763	2	330	97	84
1764	2	97	33	24
1765	2	180	39	26
1766	2	564	106	96
1767	2	693	137	124
1768	2	720	236	210
1769	2	444	91	81
1770	2	198	41	21
1771	2	1196	217	206
1772	2	1270	235	225
1773	2	98	31	18
1774	2	1058	223	209
1775	2	870	253	238
1776	2	365	202	190
1777	2	1361	274	257
1778	2	74	34	23
1779	2	240	64	54
1780	2	1008	194	183
1781	2	1154	384	368
1782	2	676	163	147
1783	2	851	168	154
1784	2	1007	267	237
1785	2	794	176	158
1786	2	1316	295	280
1787	2	1387	375	361
1788	2	471	154	142
1789	2	1258	240	225
1790	2	464	113	102
1791	2	895	306	296
1792	2	806	258	244
1793	2	616	139	119
1794	2	384	72	59
1795	2	475	134	115
1796	2	918	249	239
1797	2	363	74	65
1798	2	1199	368	351
1799	2	271	109	83
1800	2	954	188	177
1801	2	412	124	106
1802	2	1014	222	209
1803	2	668	222	211
1804	2	188	58	40
1805	2	138	57	25
1806	2	280	83	72
1807	2	180	37	27
1808	2	210	47	37
1809	2	267	75	61
1810	2	1267	330	318
1811	2	920	236	218
1812	2	1072	221	198
1813	2	873	187	177
1814	2	42	26	12
1815	2	1135	270	257
1816	2	1078	232	214
1817	2	1225	361	331
1818	2	1076	323	301
1819	2	411	139	89
1820	2	1001	207	180
1821	2	1148	324	307
1822	2	1247	253	231
1823	2	163	62	36
1824	2	988	277	250
1825	2	882	332	295
1826	2	750	203	186
1827	2	527	172	146
1828	2	406	151	125
1829	2	67	46	33
1830	2	350	88	69
1831	2	204	66	54
1832	2	637	155	143
1833	2	123	34	17
1834	2	72	19	8
1835	2	54	26	16
1836	2	77	24	9
1837	2	294	79	64
1838	2	1233	323	310
1839	2	471	147	125
1840	2	527	160	145
1841	2	1129	321	302
1842	2	760	200	178
1843	2	382	137	122
1844	2	441	174	149
1845	2	1168	336	318
1846	2	420	92	83
1847	2	46	24	8
1848	2	207	60	50
1849	2	379	88	25
1850	2	166	43	17
1851	2	54	18	9
1852	2	1094	313	299
1853	2	428	121	107
1854	2	958	222	210
1855	2	214	48	32
1856	2	745	160	141
1857	2	159	30	20
1858	2	113	30	15
1859	2	1125	348	325
1860	2	77	33	15
1861	2	202	70	55
1862	2	483	160	148
1863	2	664	224	212
1864	2	480	118	108
1865	2	132	43	18
1866	2	651	152	140
1867	2	956	222	205
1868	2	1238	429	415
1869	2	1206	331	314
1870	2	1231	313	296
1871	2	1083	248	240
1872	2	1231	245	237
1873	2	1018	231	214
1874	2	1138	303	291
1875	2	1367	253	243
1876	2	1019	248	233
1877	2	1414	353	342
1878	2	1066	251	234
1879	2	950	211	196
1880	2	202	46	31
1881	2	642	136	113
1882	2	321	54	44
1883	2	571	117	105
1884	2	1098	302	291
1885	2	480	137	129
1886	2	1235	300	289
1887	2	1015	191	179
1888	2	1121	219	210
1889	2	1316	436	419
1890	2	812	190	142
1891	2	662	156	105
1892	2	1199	350	327
1893	2	1353	296	284
1894	2	839	174	161
1895	2	1458	329	314
1896	2	973	208	196
1897	2	854	165	147
1898	2	267	91	69
1899	2	851	179	168
1900	2	143	34	16
1901	2	1401	302	284
1902	2	1081	289	267
1903	2	1048	226	208
1904	2	170	57	43
1905	2	1262	270	257
1906	2	839	197	184
1907	2	133	36	18
1908	2	133	51	16
1909	2	655	134	120
1910	2	1292	311	296
1911	2	899	170	154
1912	2	1553	317	307
1913	2	1322	248	236
1914	2	1142	240	231
1915	2	165	62	48
1916	2	196	76	65
1917	2	1365	263	251
1918	2	131	35	11
1919	2	905	193	178
1920	2	870	204	188
1921	2	1312	262	249
1922	2	1370	297	280
1923	2	853	177	166
1924	2	428	135	116
1925	2	186	55	40
1926	2	486	99	89
1927	2	74	31	19
1928	2	375	87	76
1929	2	78	23	11
1930	2	605	152	141
1931	2	108	25	13
1932	2	207	70	55
1933	2	1212	348	336
1934	2	1177	344	333
1935	2	1405	311	298
1936	2	174	48	35
1937	2	204	41	17
1938	2	1110	284	271
1939	2	1206	312	301
1940	2	1157	353	340
1941	2	1521	333	300
1942	2	1573	312	286
1943	2	1351	261	245
1944	2	1069	345	333
1945	2	395	117	91
1946	2	792	166	149
1947	2	112	32	9
1948	2	1148	297	274
1949	2	532	158	139
1950	2	1250	345	328
1951	2	537	174	159
1952	2	698	197	183
1953	2	1254	306	288
1954	2	1623	541	530
1955	2	1226	289	277
1956	2	990	317	299
1957	2	1265	260	248
1958	2	929	214	197
1959	2	1236	278	261
1960	2	1120	231	216
1961	2	191	78	31
1962	2	66	31	20
1963	2	166	45	22
1964	2	258	88	71
1965	2	498	147	123
1966	2	677	201	189
1967	2	107	43	23
1968	2	1053	219	193
1969	2	60	22	13
1970	2	565	115	93
1971	2	363	78	68
1972	2	1182	258	239
1973	2	110	32	23
1974	2	63	20	7
1975	2	156	35	13
1976	2	890	167	155
1977	2	553	108	95
1978	2	101	40	21
1979	2	108	28	16
1980	2	153	70	44
1981	2	536	122	107
1982	2	117	35	17
1983	2	166	59	45
1984	2	132	27	16
1985	2	154	57	33
1986	2	1324	274	256
1987	2	233	100	86
1988	2	95	37	19
1989	2	132	37	18
1990	2	326	85	67
1991	2	717	175	152
1992	2	789	209	181
1993	2	381	124	114
1994	2	198	71	54
1995	2	192	55	33
1996	2	83	29	11
1997	2	352	147	127
1998	2	1087	187	177
1999	2	586	149	133
2000	2	800	168	155
2001	2	450	75	64
2002	2	1479	308	291
2003	2	180	47	28
2004	2	111	40	17
2005	2	173	57	43
2006	2	606	306	287
2007	2	1530	337	323
2008	2	814	176	166
2009	2	442	98	74
2010	2	198	45	29
2011	2	528	149	135
2012	2	132	41	24
2013	2	466	114	104
2014	2	314	135	117
2015	2	251	73	56
2016	2	159	62	40
2017	2	417	85	71
2018	2	118	37	5
2019	2	95	35	21
2020	2	553	107	98
2021	2	180	45	26
2022	2	244	79	26
2023	2	125	30	18
2024	2	198	60	20
2025	2	431	104	89
2026	2	91	45	18
2027	2	423	112	77
2028	2	207	48	37
2029	2	1027	231	207
2030	2	1333	387	370
2031	2	146	36	16
2032	2	379	95	82
2033	2	119	30	17
2034	2	537	157	131
2035	2	225	68	56
2036	2	279	60	49
2037	2	141	48	18
2038	2	625	171	152
2039	2	198	38	26
2040	2	326	88	76
2041	2	609	145	130
2042	2	614	165	149
2043	2	930	227	215
2044	2	303	165	148
2045	2	596	160	145
2046	2	98	43	17
2047	2	912	365	344
2048	2	121	41	21
2049	2	461	175	161
2050	2	804	239	202
2051	2	477	120	108
2052	2	237	63	38
2053	2	376	106	92
2054	2	209	41	32
2055	2	480	111	100
2056	2	81	28	10
2057	2	210	52	35
2058	2	84	28	14
2059	2	89	32	20
2060	2	1164	340	322
2061	2	504	181	169
2062	2	220	51	33
2063	2	154	50	29
2064	2	1018	290	276
2065	2	220	59	28
2066	2	75	33	12
2067	2	51	15	7
2068	2	800	247	235
2069	2	1142	203	194
2070	2	235	79	50
2071	2	148	39	22
2072	2	675	186	137
2073	2	175	55	15
2074	2	569	166	128
2075	2	1017	243	227
2076	2	288	63	40
2077	2	1119	223	204
2078	2	1048	234	217
2079	2	733	189	161
2080	2	1484	314	305
2081	2	1172	250	233
2082	2	627	119	103
2083	2	681	195	165
2084	2	149	51	22
2085	2	235	86	69
2086	2	620	166	154
2087	2	134	52	31
2088	2	135	45	33
2089	2	348	116	103
2090	2	704	285	266
2091	2	732	237	215
2092	2	591	169	152
2093	2	357	96	73
2094	2	236	89	68
2095	2	752	232	221
2096	2	327	89	70
2097	2	459	139	124
2098	2	252	59	47
2099	2	491	157	145
2100	2	216	64	52
2101	2	353	124	90
2102	2	330	132	105
2103	2	342	73	63
2104	2	72	25	10
2105	2	667	175	165
2106	2	496	215	206
2107	2	72	37	24
2108	2	306	78	65
2109	2	75	28	15
2110	2	398	131	120
2111	2	869	228	217
2112	2	1466	293	275
2113	2	587	161	129
2114	2	507	186	163
2115	2	490	211	190
2116	2	1389	368	356
2117	2	417	111	96
2118	2	1113	214	204
2119	2	1511	356	342
2120	2	389	116	91
2121	2	961	207	189
2122	2	315	106	90
2123	2	1284	246	232
2124	2	660	138	124
2125	2	1089	223	210
2126	2	418	150	137
2127	2	357	81	65
2128	2	1236	275	264
2129	2	1482	348	328
2130	2	376	106	96
2131	2	894	228	212
2132	2	919	220	204
2133	2	80	36	25
2134	2	266	78	46
2135	2	247	67	51
2136	2	155	49	26
2137	2	721	154	142
2138	2	393	93	84
2139	2	237	79	56
2140	2	173	66	54
2141	2	1063	336	328
2142	2	316	86	68
2143	2	1323	316	301
2144	2	500	135	122
2145	2	966	220	209
2146	2	94	34	22
2147	2	1357	322	309
2148	2	1306	227	220
2149	2	352	69	46
2150	2	671	158	137
2151	2	994	211	202
2152	2	258	104	64
2153	2	651	168	156
2154	2	138	53	39
2155	2	290	78	66
2156	2	163	29	11
2157	2	99	32	18
2158	2	174	59	46
2159	2	1261	275	266
2160	2	93	38	22
2161	2	564	181	165
2162	2	1426	279	270
2163	2	198	57	49
2164	2	249	87	73
2165	2	1010	209	198
2166	2	1179	286	272
2167	2	67	31	12
2168	2	127	40	14
2169	2	57	20	9
2170	2	453	131	92
2171	2	106	41	14
2172	2	267	74	51
2173	2	106	30	6
2174	2	151	40	12
2175	2	1221	275	261
2176	2	199	41	32
2177	2	75	21	11
2178	2	435	102	87
2179	2	109	37	10
2180	2	232	57	34
2181	2	103	32	19
2182	2	153	45	33
2183	2	240	94	79
2184	2	495	162	148
2185	2	67	29	15
2186	2	1202	435	422
2187	2	194	64	50
2188	2	187	55	37
2189	2	303	62	54
2190	2	477	109	85
2191	2	850	169	156
2192	2	536	109	93
2193	2	1219	316	299
2194	2	103	42	28
2195	2	164	78	60
2196	2	1308	268	256
2197	2	861	154	140
2198	2	206	78	45
2199	2	1154	242	231
2200	2	802	261	249
2201	2	1150	246	233
2202	2	143	41	28
2203	2	153	33	21
2204	2	1159	261	251
2205	2	678	179	168
2206	2	1128	255	243
2207	2	424	113	103
2208	2	1333	262	244
2209	2	401	137	120
2210	2	150	45	30
2211	2	276	55	42
2212	2	444	83	74
2213	2	736	164	135
2214	2	107	40	25
2215	2	1394	267	253
2216	2	287	87	59
2217	2	869	260	238
2218	2	292	110	94
2219	2	237	54	40
2220	2	367	96	77
2221	2	562	136	120
2222	2	365	112	100
2223	2	352	114	101
2224	2	1622	638	627
2225	2	886	232	223
2226	2	690	202	190
2227	2	504	142	126
2228	2	707	168	155
2229	2	905	173	145
2230	2	1356	299	283
2231	2	849	170	150
2232	2	159	33	19
2233	2	932	236	205
2234	2	883	179	162
2235	2	317	66	47
2236	2	1002	274	257
2237	2	1118	251	221
2238	2	782	185	174
2239	2	1534	289	266
2240	2	621	136	123
2241	2	1457	302	276
2242	2	1473	330	313
2243	2	571	158	140
2244	2	312	63	48
2245	2	70	21	6
2246	2	144	48	13
2247	2	1082	230	218
2248	2	165	42	28
2249	2	339	87	71
2250	2	535	171	159
2251	2	129	29	17
2252	2	977	334	316
2253	2	1047	239	226
2254	2	549	168	154
2255	2	1325	249	239
2256	2	1221	354	335
2257	2	126	32	16
2258	2	1409	308	290
2259	2	120	40	21
2260	2	1166	343	329
2261	2	1144	254	154
2262	2	492	97	80
2263	2	172	47	29
2264	2	385	84	75
2265	2	138	32	25
2266	2	205	62	38
2267	2	144	47	26
2268	2	431	119	105
2269	2	768	201	183
2270	2	913	220	211
2271	2	206	54	20
2272	2	1213	212	200
2273	2	959	206	191
2274	2	164	36	25
2275	2	298	63	43
2276	2	153	34	25
2277	2	443	114	98
2278	2	1015	207	196
2279	2	1174	258	246
2280	2	1081	251	236
2281	2	1055	259	247
2282	2	481	102	90
2283	2	1539	417	405
2284	2	616	184	174
2285	2	1161	251	241
2286	2	717	223	211
2287	2	1035	226	216
2288	2	536	184	165
2289	2	252	102	85
2290	2	1167	282	256
2291	2	1212	309	283
2292	2	85	22	8
2293	2	349	71	50
2294	2	253	55	35
2295	2	534	93	83
2296	2	742	172	162
2297	2	126	37	15
2298	2	122	33	18
2299	2	274	81	60
2300	2	1427	291	282
2301	2	647	136	124
2302	2	904	171	159
2303	2	683	148	136
2304	2	985	301	286
2305	2	94	32	22
2306	2	100	36	22
2307	2	658	220	207
2308	2	660	131	115
2309	2	496	121	106
2310	2	213	44	35
2311	2	128	42	25
2312	2	182	66	49
2313	2	87	22	5
2314	2	1235	324	310
2315	2	791	159	145
2316	2	39	16	3
2317	2	640	118	106
2318	2	355	97	77
2319	2	334	89	62
2320	2	761	166	153
2321	2	318	66	49
2322	2	159	58	47
2323	2	909	189	179
2324	2	697	150	136
2325	2	1390	322	313
2326	2	248	80	69
2327	2	684	176	156
2328	2	1392	271	259
2329	2	696	161	144
2330	2	1186	355	339
2331	2	434	114	98
2332	2	581	165	147
2333	2	477	175	151
2334	2	1173	257	243
2335	2	874	242	213
2336	2	1083	225	212
2337	2	1262	288	272
2338	2	472	130	111
2339	2	111	29	19
2340	2	309	74	69
2341	2	851	159	149
2342	2	724	141	132
2343	2	214	54	31
2344	2	1380	346	329
2345	2	707	156	147
2346	2	1618	389	379
2347	2	565	117	107
2348	2	488	197	186
2349	2	184	43	24
2350	2	848	259	239
2351	2	872	187	176
2352	2	516	112	101
2353	2	182	69	50
2354	2	264	65	42
2355	2	1192	305	294
2356	2	989	210	196
2357	2	393	89	77
2358	2	326	96	82
2359	2	399	66	53
2360	2	1087	239	229
2361	2	327	73	63
2362	2	933	201	190
2363	2	1324	304	286
2364	2	295	67	52
2365	2	554	136	115
2366	2	591	171	127
2367	2	1062	337	324
2368	2	195	46	33
2369	2	1011	213	201
2370	2	866	190	180
2371	2	297	82	60
2372	2	114	35	18
2373	2	123	37	20
2374	2	90	29	18
2375	2	1110	254	241
2376	2	358	91	78
2377	2	87	35	16
2378	2	389	92	74
2379	2	868	214	199
2380	2	729	243	225
2381	2	680	156	138
2382	2	328	69	45
2383	2	101	39	25
2384	2	631	146	136
2385	2	1156	270	251
2386	2	658	166	147
2387	2	536	133	107
2388	2	1235	348	334
2389	2	1009	291	279
2390	2	1340	275	259
2391	2	669	145	127
2392	2	1319	395	342
2393	2	1173	249	230
2394	2	878	258	244
2395	2	1153	262	245
2396	2	524	132	117
2397	2	1382	290	273
2398	2	687	229	212
2399	2	138	34	23
2400	2	1207	250	230
2401	2	298	68	59
2402	2	872	206	193
2403	2	201	43	34
2404	2	97	30	15
2405	2	765	197	180
2406	2	495	134	117
2407	2	286	62	51
2408	2	215	47	36
2409	2	207	68	51
2410	2	137	33	17
2411	2	1142	248	235
2412	2	920	203	188
2413	2	1073	241	230
2414	2	123	32	20
2415	2	402	102	90
2416	2	830	225	207
2417	2	101	34	13
2418	2	70	27	4
2419	2	235	58	39
2420	2	1233	291	275
2421	2	124	37	3
2422	2	110	26	10
2423	2	115	39	21
2424	2	191	84	70
2425	2	57	19	7
2426	2	478	101	88
2427	2	1045	296	280
2428	2	1039	209	196
2429	2	929	250	235
2430	2	1114	275	259
2431	2	1057	194	176
2432	2	1353	265	247
2433	2	1005	203	180
2434	2	998	206	184
2435	2	172	42	14
2436	2	359	130	110
2437	2	977	199	167
2438	2	1321	261	242
2439	2	194	58	38
2440	2	1272	268	243
2441	2	1110	232	218
2442	2	117	37	22
2443	2	348	113	101
2444	2	261	73	64
2445	2	160	35	26
2446	2	352	122	110
2447	2	763	173	164
2448	2	1210	340	324
2449	2	228	56	45
2450	2	1147	331	319
2451	2	405	111	91
2452	2	1244	311	300
2453	2	1257	306	295
2454	2	534	194	181
2455	2	673	175	163
2456	2	504	163	147
2457	2	39	21	11
2458	2	1402	291	283
2459	2	1170	322	307
2460	2	1189	227	217
2461	2	213	51	46
2462	2	71	38	27
2463	2	246	57	41
2464	2	330	74	66
2465	2	956	249	234
2466	2	306	70	48
2467	2	645	133	121
2468	2	1000	263	245
2469	2	144	42	15
2470	2	129	44	19
2471	2	685	142	121
2472	2	1003	216	199
2473	2	1104	347	320
2474	2	807	191	175
2475	2	423	111	89
2476	2	744	304	265
2477	2	1093	328	267
2478	2	130	31	10
2479	2	133	40	17
2480	2	684	180	167
2481	2	118	40	13
2482	2	69	26	12
2483	2	506	115	105
2484	2	1181	321	308
2485	2	115	30	9
2486	2	741	148	139
2487	2	1131	311	294
2488	2	417	73	55
2489	2	246	68	58
2490	2	140	36	24
2491	2	267	81	59
2492	2	170	49	24
2493	2	68	18	9
2494	2	216	43	30
2495	2	88	31	11
2496	2	328	65	43
2497	2	468	106	90
2498	2	550	110	95
2499	2	540	200	184
2500	2	105	33	8
2501	2	207	41	31
2502	2	125	39	23
2503	2	469	130	86
2504	2	147	33	22
2505	2	725	193	172
2506	2	441	116	102
2507	2	372	101	89
2508	2	155	52	37
2509	2	1084	238	228
2510	2	1375	269	247
2511	2	307	112	97
2512	2	224	57	41
2513	2	1316	250	239
2514	2	1019	188	170
2515	2	339	86	67
2516	2	66	25	13
2517	2	89	36	22
2518	2	543	109	101
2519	2	1052	402	384
2520	2	1170	256	239
2521	2	819	242	230
2522	2	1159	244	231
2523	2	72	23	4
2524	2	682	238	222
2525	2	393	131	116
2526	2	162	40	27
2527	2	1042	313	294
2528	2	249	51	39
2529	2	549	164	150
2530	2	120	47	20
2531	2	336	165	153
2532	2	93	34	20
2533	2	366	79	54
2534	2	1491	364	353
2535	2	1003	245	234
2536	2	417	104	91
2537	2	877	186	173
2538	2	1056	224	214
2539	2	173	71	61
2540	2	100	34	12
2541	2	213	67	55
2542	2	63	23	8
2543	2	124	42	21
2544	2	994	287	273
2545	2	471	89	76
2546	2	152	47	26
2547	2	214	69	60
2548	2	606	192	180
2549	2	358	112	90
2550	2	1274	337	319
2551	2	116	49	29
2552	2	336	94	82
2553	2	395	114	85
2554	2	123	42	21
2555	2	87	31	14
2556	2	153	40	26
2557	2	120	36	27
2558	2	628	134	121
2559	2	670	150	139
2560	2	464	93	85
2561	2	1105	201	191
2562	2	578	141	131
2563	2	89	26	9
2564	2	312	67	59
2565	2	204	40	31
2566	2	99	25	14
2567	2	418	120	109
2568	2	116	32	11
2569	2	564	111	104
2570	2	87	28	9
2571	2	896	209	198
2572	2	1287	279	266
2573	2	1175	272	262
2574	2	133	43	25
2575	2	52	21	12
2576	2	386	96	83
2577	2	252	67	51
2578	2	450	122	105
2579	2	89	42	29
2580	2	659	148	138
2581	2	1069	219	207
2582	2	159	54	42
2583	2	204	53	37
2584	2	361	98	31
2585	2	899	213	201
2586	2	333	110	96
2587	2	1028	251	234
2588	2	1184	268	258
2589	2	781	211	199
2590	2	707	155	144
2591	2	1045	307	294
2592	2	291	106	92
2593	2	654	192	172
2594	2	726	178	161
2595	2	592	134	121
2596	2	509	138	126
2597	2	928	251	232
2598	2	401	149	137
2599	2	748	314	300
2600	2	564	144	104
2601	2	426	94	81
2602	2	1271	262	252
2603	2	633	194	172
2604	2	1173	368	350
2605	2	403	112	55
2606	2	288	67	49
2607	2	35	20	10
2608	2	72	28	18
2609	2	754	168	156
2610	2	1118	344	330
2611	2	86	30	8
2612	2	250	64	18
2613	2	93	37	10
2614	2	502	142	114
2615	2	573	140	126
2616	2	942	235	208
2617	2	630	176	136
2618	2	75	25	13
2619	2	577	168	141
2620	2	933	303	274
2621	2	1354	343	324
2622	2	293	103	74
2623	2	120	31	16
2624	2	973	237	226
2625	2	823	228	214
2626	2	96	31	16
2627	2	99	40	22
2628	2	459	147	134
2629	2	612	192	166
2630	2	1155	251	239
2631	2	82	37	14
2632	2	621	191	175
2633	2	855	209	200
2634	2	562	99	88
2635	2	1230	364	342
2636	2	1170	292	279
2637	2	1354	299	286
2638	2	84	23	14
2639	2	226	80	64
2640	2	42	25	11
2641	2	312	102	91
2642	2	1084	306	279
2643	2	1506	285	267
2644	2	462	121	103
2645	2	341	104	79
2646	2	287	115	85
2647	2	1329	269	254
2648	2	165	57	39
2649	2	465	90	76
2650	2	1499	421	406
2651	2	450	90	70
2652	2	276	56	51
2653	2	120	30	20
2654	2	115	37	19
2655	2	183	38	26
2656	2	1421	303	291
2657	2	84	30	6
2658	2	421	110	91
2659	2	166	60	31
2660	2	1032	232	210
2661	2	293	73	61
2662	2	1313	290	277
2663	2	483	130	115
2664	2	1334	289	276
2665	2	146	36	21
2666	2	908	219	195
2667	2	1123	261	249
2668	2	694	139	133
2669	2	112	47	31
2670	2	1374	283	274
2671	2	1210	349	326
2672	2	586	146	94
2673	2	1394	296	279
2674	2	691	170	145
2675	2	491	128	111
2676	2	1174	284	270
2677	2	1215	213	199
2678	2	461	135	103
2679	2	81	22	11
2680	2	216	46	31
2681	2	74	25	11
2682	2	1137	379	366
2683	2	176	45	34
2684	2	170	55	33
2685	2	169	51	37
2686	2	673	193	181
2687	2	300	110	95
2688	2	592	148	137
2689	2	1001	269	251
2690	2	356	111	99
2691	2	1034	241	221
2692	2	1199	387	368
2693	2	1173	313	295
2694	2	240	112	99
2695	2	861	254	241
2696	2	1425	251	235
2697	2	1243	230	219
2698	2	1168	348	335
2699	2	1044	240	231
2700	2	1252	394	379
2701	2	926	194	186
2702	2	1150	308	291
2703	2	765	140	119
2704	2	1000	191	178
2705	2	623	181	168
2706	2	610	194	169
2707	2	45	17	8
2708	2	353	94	71
2709	2	210	51	37
2710	2	70	26	10
2711	2	947	264	252
2712	2	770	176	149
2713	2	467	120	92
2714	2	276	74	54
2715	2	217	71	56
2716	2	24	17	6
2717	2	959	274	264
2718	2	1983	710	696
2719	2	108	38	23
2720	2	815	216	205
2721	2	82	23	6
2722	2	136	42	23
2723	2	1177	246	236
2724	2	201	58	47
2725	2	583	154	143
2726	2	1155	285	269
2727	2	180	46	35
2728	2	854	182	171
2729	2	97	33	14
2730	2	118	27	6
2731	2	235	71	53
2732	2	1167	250	236
2733	2	231	52	40
2734	2	163	39	15
2735	2	89	35	21
2736	2	114	29	16
2737	2	207	69	49
2738	2	961	296	278
2739	2	195	45	37
2740	2	96	36	16
2741	2	1000	244	225
2742	2	595	163	154
2743	2	607	153	144
2744	2	282	86	68
2745	2	91	37	27
2746	2	1049	228	206
2747	2	1355	308	297
2748	2	221	47	38
2749	2	186	45	32
2750	2	163	40	17
2751	2	823	200	189
2752	2	839	156	146
2753	2	1336	310	301
2754	2	1511	316	288
2755	2	462	90	77
2756	2	1179	262	249
2757	2	1065	292	279
2758	2	180	44	23
2759	2	259	65	53
2760	2	1243	283	269
2761	2	963	298	283
2762	2	620	188	177
2763	2	630	135	123
2764	2	522	106	95
2765	2	1119	330	309
2766	2	855	194	178
2767	2	161	61	43
2768	2	138	46	27
2769	2	480	187	152
2770	2	1420	336	315
2771	2	749	203	188
2772	2	819	224	214
2773	2	1096	352	336
2774	2	664	196	183
2775	2	1172	231	213
2776	2	725	209	193
2777	2	907	305	293
2778	2	453	110	83
2779	2	487	155	116
2780	2	1148	237	221
2781	2	160	44	2
2782	2	1298	265	251
2783	2	408	122	107
2784	2	451	109	88
2785	2	941	274	263
2786	2	571	158	145
2787	2	150	41	9
2788	2	1110	366	352
2789	2	598	217	201
2790	2	1418	267	256
2791	2	1125	366	352
2792	2	88	32	20
2793	2	86	38	23
2794	2	100	49	32
2795	2	1249	279	266
2796	2	779	160	149
2797	2	130	50	34
2798	2	957	192	180
2799	2	143	48	19
2800	2	790	232	216
2801	2	423	142	120
2802	2	222	51	25
2803	2	465	135	123
2804	2	839	250	237
2805	2	533	136	81
2806	2	621	187	175
2807	2	297	79	66
2808	2	153	44	34
2809	2	626	141	127
2810	2	1121	250	240
2811	2	684	158	132
2812	2	919	216	202
2813	2	954	295	281
2814	2	128	36	9
2815	2	699	147	138
2816	2	1031	292	266
2817	2	1339	369	352
2818	2	289	117	98
2819	2	1120	257	247
2820	2	564	116	108
2821	2	390	101	73
2822	2	738	214	202
2823	2	143	31	19
2824	2	1086	262	231
2825	2	210	43	32
2826	2	183	59	34
2827	2	1136	256	245
2828	2	222	52	41
2829	2	166	40	29
2830	2	381	85	68
2831	2	597	123	110
2832	2	76	38	26
2833	2	183	44	29
2834	2	116	35	20
2835	2	417	116	104
2836	2	144	49	31
2837	2	816	188	176
2838	2	542	161	137
2839	2	1200	339	323
2840	2	251	79	64
2841	2	1329	247	237
2842	2	1052	212	201
2843	2	292	101	52
2844	2	756	178	164
2845	2	636	130	104
2846	2	1068	265	242
2847	2	131	39	21
2848	2	1295	249	224
2849	2	137	41	3
2850	2	647	170	156
2851	2	1232	313	302
2852	2	1179	370	355
2853	2	977	238	227
2854	2	497	119	106
2855	2	1090	369	348
2856	2	325	97	69
2857	2	750	175	164
2858	2	693	158	137
2859	2	810	208	194
2860	2	1176	272	264
2861	2	1044	222	211
2862	2	155	48	30
2863	2	83	29	11
2864	2	200	63	31
2865	2	1329	272	258
2866	2	1285	264	252
2867	2	790	156	146
2868	2	1226	327	310
2869	2	1113	199	190
2870	2	462	86	80
2871	2	979	270	258
2872	2	249	58	34
2873	2	1144	290	278
2874	2	521	139	96
2875	2	1197	259	249
2876	2	191	58	33
2877	2	1009	351	338
2878	2	195	43	31
2879	2	450	137	124
2880	2	872	197	183
2881	2	505	122	105
2882	2	337	90	57
2883	2	199	61	19
2884	2	967	240	226
2885	2	309	67	49
2886	2	123	30	12
2887	2	998	234	222
2888	2	1080	233	222
2889	2	130	33	11
2890	2	231	70	49
2891	2	295	76	12
2892	2	1108	231	214
2893	2	418	83	70
2894	2	938	238	216
2895	2	141	31	21
2896	2	174	47	3
2897	2	845	194	181
2898	2	243	85	38
2899	2	238	63	53
2900	2	279	67	27
2901	2	104	41	25
2902	2	911	240	226
2903	2	585	119	106
2904	2	387	119	108
2905	2	1033	217	208
2906	2	314	85	62
2907	2	614	138	103
2908	2	1194	277	267
2909	2	751	146	92
2910	2	838	223	211
2911	2	966	199	184
2912	2	461	216	191
2913	2	1049	268	257
2914	2	148	46	24
2915	2	547	149	127
2916	2	819	296	286
2917	2	957	262	252
2918	2	315	118	102
2919	2	783	213	196
2920	2	329	90	78
2921	2	113	31	3
2922	2	108	46	23
2923	2	86	37	23
2924	2	91	33	20
2925	2	104	35	14
2926	2	214	74	53
2927	2	110	37	13
2928	2	767	181	174
2929	2	344	77	31
2930	2	114	39	25
2931	2	87	25	12
2932	2	704	168	151
2933	2	447	118	107
2934	2	630	167	154
2935	2	928	269	253
2936	2	120	30	9
2937	2	345	90	78
2938	2	668	162	148
2939	2	563	136	123
2940	2	77	20	8
2941	2	797	207	193
2942	2	1149	321	310
2943	2	1041	227	215
2944	2	1142	250	237
2945	2	312	61	52
2946	2	329	105	68
2947	2	1227	300	265
2948	2	238	95	78
2949	2	470	108	64
2950	2	155	96	81
2951	2	1276	293	276
2952	2	1191	273	260
2953	2	366	94	77
2954	2	385	76	58
2955	2	967	189	178
2956	2	1068	334	321
2957	2	497	96	86
2958	2	201	49	31
2959	2	869	235	213
2960	2	204	54	21
2961	2	235	89	69
2962	2	144	37	28
2963	2	129	33	14
2964	2	66	26	13
2965	2	219	46	33
2966	2	518	123	105
2967	2	122	49	24
2968	2	244	71	52
2969	2	140	57	39
2970	2	959	343	323
2971	2	852	285	264
2972	2	401	126	103
2973	2	834	184	171
2974	2	816	217	199
2975	2	146	39	16
2976	2	1117	318	304
2977	2	212	85	71
2978	2	1229	313	304
2979	2	1126	310	302
2980	2	577	140	110
2981	2	128	36	23
2982	2	315	114	96
2983	2	305	97	78
2984	2	415	118	103
2985	2	411	126	111
2986	2	1300	269	257
2987	2	1122	284	270
2988	2	983	258	247
2989	2	1064	246	234
2990	2	1205	340	315
2991	2	580	168	155
2992	2	379	90	34
2993	2	288	66	58
2994	2	277	76	52
2995	2	104	40	26
2996	2	556	136	122
2997	2	189	42	30
2998	2	538	113	97
2999	2	242	99	80
3000	2	1507	311	297
3001	2	524	132	117
3002	2	323	80	65
3003	2	208	53	39
3004	2	130	71	49
3005	2	443	100	82
3006	2	193	78	63
3007	2	674	170	154
3008	2	596	159	145
3009	2	1408	284	272
3010	2	166	40	8
3011	2	369	82	71
3012	2	1150	228	218
3013	2	484	145	133
3014	2	460	133	122
3015	2	1190	251	239
3016	2	1075	257	246
3017	2	462	105	94
3018	2	1403	255	244
3019	2	474	128	122
3020	2	741	176	166
3021	2	144	37	21
3022	2	507	120	105
3023	2	191	43	34
3024	2	199	53	26
3025	2	231	59	41
3026	2	655	194	184
3027	2	1197	243	234
3028	2	165	39	30
3029	2	1653	474	465
3030	2	677	144	131
3031	2	171	36	27
3032	2	830	255	243
3033	2	482	129	89
3034	2	1353	308	297
3035	2	424	164	110
3036	2	1378	398	387
3037	2	852	175	166
3038	2	1338	281	263
3039	2	531	146	122
3040	2	379	106	75
3041	2	576	163	142
3042	2	112	47	33
3043	2	587	120	108
3044	2	153	36	26
3045	2	824	183	166
3046	2	1321	325	313
3047	2	947	229	214
3048	2	73	26	13
3049	2	1346	319	306
3050	2	229	76	47
3051	2	605	260	244
3052	2	1438	262	250
3053	2	1035	259	245
3054	2	982	319	302
3055	2	168	47	14
3056	2	1009	234	215
3057	2	1173	367	341
3058	2	147	55	21
3059	2	758	186	172
3060	2	585	106	89
3061	2	703	245	227
3062	2	169	45	14
3063	2	241	64	32
3064	2	84	30	19
3065	2	226	70	55
3066	2	126	43	29
3067	2	146	50	34
3068	2	1160	294	282
3069	2	1122	334	317
3070	2	120	39	17
3071	2	191	50	24
3072	2	498	172	146
3073	2	1125	315	304
3074	2	1212	329	317
3075	2	1290	314	289
3076	2	1044	251	232
3077	2	758	222	183
3078	2	165	42	28
3079	2	141	31	15
3080	2	961	215	199
3081	2	716	204	162
3082	2	675	141	128
3083	2	1028	302	291
3084	2	556	160	63
3085	2	106	36	14
3086	2	440	127	102
3087	2	968	260	248
3088	2	1255	299	285
3089	2	53	26	16
3090	2	886	270	258
3091	2	691	230	208
3092	2	114	26	16
3093	2	1402	325	308
3094	2	1028	288	276
3095	2	221	55	37
3096	2	110	29	4
3097	2	113	51	38
3098	2	1092	220	206
3099	2	502	129	100
3100	2	599	144	132
3101	2	435	107	93
3102	2	828	234	220
3103	2	159	50	36
3104	2	1113	231	221
3105	2	468	116	39
3106	2	1166	219	202
3107	2	507	116	63
3108	2	799	202	187
3109	2	1247	249	237
3110	2	1114	261	246
3111	2	204	40	28
3112	2	1369	269	248
3113	2	1265	267	256
3114	2	352	92	69
3115	2	203	54	39
3116	2	225	53	31
3117	2	1284	253	242
3118	2	343	81	58
3119	2	1247	410	388
3120	2	882	222	210
3121	2	534	128	117
3122	2	213	79	57
3123	2	91	23	7
3124	2	376	89	76
3125	2	217	87	53
3126	2	226	90	74
3127	2	285	92	76
3128	2	279	71	55
3129	2	608	168	153
3130	2	1190	260	250
3131	2	1011	318	301
3132	2	72	23	14
3133	2	602	197	178
3134	2	1086	318	305
3135	2	1080	216	178
3136	2	1452	292	279
3137	2	808	159	145
3138	2	1347	249	237
3139	2	1039	204	192
3140	2	1167	387	366
3141	2	192	46	30
3142	2	398	91	69
3143	2	783	275	264
3144	2	793	183	171
3145	2	211	77	49
3146	2	273	52	44
3147	2	762	227	196
3148	2	358	110	89
3149	2	522	112	102
3150	2	1561	443	418
3151	2	465	110	75
3152	2	1251	288	276
3153	2	434	148	135
3154	2	587	160	140
3155	2	462	193	168
3156	2	1318	323	312
3157	2	725	139	127
3158	2	114	55	38
3159	2	1310	258	245
3160	2	1341	281	269
3161	2	75	24	9
3162	2	700	158	145
3163	2	320	88	63
3164	2	111	44	29
3165	2	1098	250	227
3166	2	1029	293	275
3167	2	209	65	17
3168	2	54	17	4
3169	2	879	221	197
3170	2	998	418	402
3171	2	278	96	53
3172	2	653	167	151
3173	2	129	32	25
3174	2	516	115	106
3175	2	587	216	190
3176	2	513	161	104
3177	2	107	36	22
3178	2	265	135	123
3179	2	104	42	28
3180	2	1162	324	313
3181	2	117	30	8
3182	2	147	43	27
3183	2	417	120	108
3184	2	1059	243	231
3185	2	749	161	148
3186	2	84	22	13
3187	2	143	47	21
3188	2	162	50	36
3189	2	817	189	176
3190	2	992	309	294
3191	2	155	43	23
3192	2	120	41	20
3193	2	726	219	204
3194	2	196	71	52
3195	2	386	108	86
3196	2	432	176	163
3197	2	326	107	91
3198	2	196	49	27
3199	2	1301	288	275
3200	2	281	73	57
3201	2	293	100	78
3202	2	1178	263	252
3203	2	85	27	8
3204	2	967	236	225
3205	2	947	351	338
3206	2	1118	295	282
3207	2	1168	345	334
3208	2	201	59	46
3209	2	237	55	43
3210	2	184	72	60
3211	2	533	147	116
3212	2	471	121	109
3213	2	1203	357	341
3214	2	897	227	213
3215	2	957	229	216
3216	2	99	22	13
3217	2	114	41	29
3218	2	114	33	4
3219	2	721	190	170
3220	2	531	117	92
3221	2	164	47	17
3222	2	310	94	78
3223	2	433	93	87
3224	2	1019	250	226
3225	2	132	30	17
3226	2	818	170	147
3227	2	119	30	18
3228	2	744	208	182
3229	2	1248	268	253
3230	2	1395	340	328
3231	2	1013	270	254
3232	2	389	97	76
3233	2	1334	271	259
3234	2	544	192	156
3235	2	1113	301	286
3236	2	1338	255	244
3237	2	184	89	76
3238	2	208	76	62
3239	2	928	197	174
3240	2	591	112	40
3241	2	568	128	116
3242	2	1303	240	229
3243	2	389	100	85
3244	2	667	177	162
3245	2	508	121	100
3246	2	1499	280	271
3247	2	585	139	124
3248	2	1217	229	218
3249	2	801	151	136
3250	2	1197	247	237
3251	2	753	152	138
3252	2	348	85	30
3253	2	1182	224	216
3254	2	1403	290	269
3255	2	641	167	153
3256	2	978	209	199
3257	2	916	194	179
3258	2	700	175	167
3259	2	195	50	17
3260	2	977	193	179
3261	2	172	45	31
3262	2	237	51	35
3263	2	91	33	19
3264	2	282	89	77
3265	2	163	59	37
3266	2	132	54	15
3267	2	58	38	21
3268	2	131	55	37
3269	2	101	30	16
3270	2	214	64	51
3271	2	209	75	55
3272	2	144	45	21
3273	2	95	25	7
3274	2	1161	324	306
3275	2	184	57	47
3276	2	585	181	169
3277	2	1435	270	258
3278	2	788	182	169
3279	2	910	228	217
3280	2	109	31	17
3281	2	408	99	76
3282	2	81	33	12
3283	2	130	65	56
3284	2	234	54	24
3285	2	587	150	135
3286	2	790	167	159
3287	2	265	93	75
3288	2	373	79	60
3289	2	1308	337	326
3290	2	1045	205	188
3291	2	311	70	59
3292	2	1209	308	299
3293	2	299	60	47
3294	2	338	163	146
3295	2	1253	273	261
3296	2	1119	276	264
3297	2	431	82	63
3298	2	1266	244	233
3299	2	1006	299	275
3300	2	472	113	94
3301	2	1369	265	250
3302	2	1317	338	323
3303	2	80	20	8
3304	2	508	166	144
3305	2	924	212	199
3306	2	748	167	143
3307	2	808	271	259
3308	2	113	35	12
3309	2	924	210	198
3310	2	1052	310	290
3311	2	566	160	148
3312	2	925	210	199
3313	2	213	54	45
3314	2	916	178	152
3315	2	1063	283	271
3316	2	1063	239	225
3317	2	1095	344	331
3318	2	276	63	49
3319	2	1454	308	292
3320	2	348	98	82
3321	2	1358	314	300
3322	2	459	107	92
3323	2	236	62	40
3324	2	489	125	110
3325	2	152	43	20
3326	2	72	23	9
3327	2	113	38	22
3328	2	1337	338	307
3329	2	967	231	197
3330	2	183	45	22
3331	2	396	95	83
3332	2	1170	338	275
3333	2	173	56	35
3334	2	1716	503	409
3335	2	199	60	38
3336	2	204	45	23
3337	2	228	83	69
3338	2	430	103	94
3339	2	926	280	265
3340	2	947	248	234
3341	2	1116	195	187
3342	2	1227	300	287
3343	2	107	39	20
3344	2	1067	246	234
3345	2	294	74	63
3346	2	153	43	22
3347	2	800	184	176
3348	2	519	118	98
3349	2	156	31	20
3350	2	1158	222	104
3351	2	174	37	27
3352	2	1407	290	262
3353	2	669	167	153
3354	2	150	43	23
3355	2	1210	271	260
3356	2	1155	226	207
3357	2	114	44	20
3358	2	1014	232	219
3359	2	1355	244	229
3360	2	87	24	13
3361	2	750	181	140
3362	2	1249	363	331
3363	2	281	66	46
3364	2	1079	258	237
3365	2	326	111	103
3366	2	562	189	178
3367	2	1044	251	238
3368	2	840	175	163
3369	2	987	275	238
3370	2	1241	340	325
3371	2	128	32	12
3372	2	649	149	139
3373	2	1183	265	254
3374	2	1193	253	241
3375	2	117	35	18
3376	2	452	126	114
3377	2	132	48	36
3378	2	562	151	131
3379	2	716	167	149
3380	2	1097	263	246
3381	2	682	147	132
3382	2	566	207	189
3383	2	165	53	37
3384	2	81	25	7
3385	2	98	25	8
3386	2	1162	309	296
3387	2	310	75	19
3388	2	859	189	176
3389	2	245	52	40
3390	2	1363	271	260
3391	2	120	48	36
3392	2	1252	288	266
3393	2	453	119	47
3394	2	136	33	14
3395	2	446	120	108
3396	2	545	162	154
3397	2	93	23	4
3398	2	339	110	95
3399	2	1141	316	303
3400	2	114	44	28
3401	2	501	97	89
3402	2	1201	341	326
3403	2	1301	285	273
3404	2	56	27	10
3405	2	1043	313	297
3406	2	801	158	146
3407	2	322	68	49
3408	2	1220	333	315
3409	2	792	161	152
3410	2	141	51	32
3411	2	1197	272	258
3412	2	1163	260	247
3413	2	559	111	98
3414	2	1016	212	202
3415	2	1274	348	336
3416	2	593	142	129
3417	2	443	101	75
3418	2	588	153	138
3419	2	111	31	18
3420	2	1255	275	259
3421	2	498	154	141
3422	2	114	31	13
3423	2	179	41	26
3424	2	762	211	196
3425	2	1269	314	300
3426	2	988	200	186
3427	2	615	148	130
3428	2	109	25	8
3429	2	1201	268	255
3430	2	177	39	25
3431	2	207	54	40
3432	2	743	165	155
3433	2	131	37	9
3434	2	751	195	172
3435	2	180	66	48
3436	2	372	102	87
3437	2	681	202	183
3438	2	320	78	68
3439	2	1055	254	239
3440	2	709	194	165
3441	2	646	136	126
3442	2	685	148	135
3443	2	794	164	152
3444	2	304	89	77
3445	2	808	208	199
3446	2	418	104	33
3447	2	798	247	231
3448	2	1390	317	305
3449	2	109	34	24
3450	2	481	127	113
3451	2	939	410	400
3452	2	69	23	10
3453	2	282	106	88
3454	2	240	49	26
3455	2	273	100	87
3456	2	553	160	144
3457	2	624	173	161
3458	2	849	167	154
3459	2	487	97	41
3460	2	216	70	60
3461	2	815	191	167
3462	2	93	33	11
3463	2	339	124	108
3464	2	366	102	92
3465	2	564	244	102
3466	2	662	205	169
3467	2	233	49	30
3468	2	1216	313	286
3469	2	845	217	191
3470	2	798	377	353
3471	2	88	29	13
3472	2	1054	283	257
3473	2	106	47	30
3474	2	386	78	54
3475	2	150	34	21
3476	2	336	94	55
3477	2	116	42	17
3478	2	186	43	34
3479	2	387	101	90
3480	2	81	26	8
3481	2	632	180	162
3482	2	560	154	61
3483	2	855	230	214
3484	2	900	196	184
3485	2	516	116	105
3486	2	1198	319	304
3487	2	1291	319	306
3488	2	378	96	62
3489	2	480	127	114
3490	2	285	55	45
3491	2	261	54	42
3492	2	903	190	176
3493	2	803	204	194
3494	2	1244	269	247
3495	2	1008	210	199
3496	2	331	81	68
3497	2	1141	219	209
3498	2	462	124	107
3499	2	159	35	20
3500	2	211	57	44
3501	2	853	194	183
3502	2	1396	290	277
3503	2	476	116	108
3504	2	1211	342	323
3505	2	1519	294	276
3506	2	653	190	174
3507	2	150	42	11
3508	2	986	176	167
3509	2	354	82	59
3510	2	261	71	50
3511	2	129	33	13
3512	2	138	43	15
3513	2	324	82	72
3514	2	1351	275	263
3515	2	417	97	89
3516	2	195	53	18
3517	2	187	52	23
3518	2	179	42	23
3519	2	256	66	53
3520	2	174	35	27
3521	2	156	52	18
3522	2	99	33	11
3523	2	138	31	17
3524	2	201	47	31
3525	2	497	115	65
3526	2	438	117	104
3527	2	964	206	190
3528	2	351	83	69
3529	2	1049	334	313
3530	2	639	218	205
3531	2	423	107	78
3532	2	1294	228	220
3533	2	1152	249	238
3534	2	598	150	127
3535	2	140	36	21
3536	2	1319	270	252
3537	2	1212	263	235
3538	2	1131	240	227
3539	2	215	53	35
3540	2	865	176	161
3541	2	153	34	13
3542	2	1237	292	273
3543	2	165	61	37
3544	2	931	286	272
3545	2	910	208	192
3546	2	38	20	11
3547	2	503	128	68
3548	2	639	122	95
3549	2	878	205	192
3550	2	159	38	22
3551	2	638	168	148
3552	2	1162	351	338
3553	2	1011	213	197
3554	2	207	59	40
3555	2	283	74	57
3556	2	299	71	56
3557	2	288	74	55
3558	2	584	118	91
3559	2	921	319	298
3560	2	645	166	155
3561	2	1362	382	369
3562	2	558	172	137
3563	2	649	165	151
3564	2	745	170	162
3565	2	132	35	16
3566	2	737	207	193
3567	2	799	199	157
3568	2	247	66	40
3569	2	535	166	143
3570	2	91	32	18
3571	2	84	34	17
3572	2	887	326	312
3573	2	196	58	30
3574	2	346	119	105
3575	2	109	67	50
3576	2	124	34	9
3577	2	213	57	29
3578	2	1358	259	246
3579	2	87	30	20
3580	2	1343	322	310
3581	2	852	189	177
3582	2	165	53	33
3583	2	957	239	218
3584	2	81	24	14
3585	2	756	179	165
3586	2	1304	276	263
3587	2	144	38	28
3588	2	282	80	65
3589	2	1175	325	312
3590	2	594	146	132
3591	2	129	27	19
3592	2	1506	297	285
3593	2	210	40	29
3594	2	165	41	27
3595	2	65	27	18
3596	2	113	40	29
3597	2	183	44	32
3598	2	347	79	63
3599	2	685	132	121
3600	2	799	196	182
3601	2	1150	358	342
3602	2	1102	238	225
3603	2	97	26	6
3604	2	444	120	106
3605	2	124	27	9
3606	2	192	54	46
3607	2	426	103	95
3608	2	120	39	20
3609	2	605	162	152
3610	2	134	42	26
3611	2	99	35	19
3612	2	137	35	9
3613	2	276	55	44
3614	2	1396	288	263
3615	2	153	35	23
3616	2	150	46	34
3617	2	1268	284	272
3618	2	412	100	76
3619	2	260	104	74
3620	2	207	47	31
3621	2	957	228	215
3622	2	562	150	116
3623	2	396	113	101
3624	2	1050	231	220
3625	2	986	257	249
3626	2	945	278	262
3627	2	198	74	54
3628	2	81	25	13
3629	2	188	73	54
3630	2	371	132	74
3631	2	157	39	24
3632	2	801	149	125
3633	2	369	109	99
3634	2	1264	301	287
3635	2	206	74	52
3636	2	379	115	95
3637	2	126	31	13
3638	2	1161	345	333
3639	2	606	111	97
3640	2	1118	259	242
3641	2	1303	235	226
3642	2	1089	266	254
3643	2	969	217	201
3644	2	1013	248	238
3645	2	788	164	153
3646	2	1416	259	244
3647	2	1183	309	295
3648	2	794	281	268
3649	2	972	315	306
3650	2	1229	273	260
3651	2	510	107	97
3652	2	964	364	352
3653	2	1041	325	310
3654	2	1053	221	210
3655	2	1277	280	270
3656	2	375	92	39
3657	2	1143	372	344
3658	2	159	43	16
3659	2	434	119	107
3660	2	178	55	9
3661	2	423	128	55
3662	2	199	51	43
3663	2	383	86	79
3664	2	797	191	171
3665	2	394	146	134
3666	2	46	31	12
3667	2	1026	227	218
3668	2	652	190	135
3669	2	119	42	27
3670	2	443	138	123
3671	2	209	67	52
3672	2	394	80	68
3673	2	492	148	137
3674	2	1292	286	278
3675	2	1297	329	314
3676	2	460	117	95
3677	2	728	209	192
3678	2	954	244	232
3679	2	298	77	59
3680	2	410	122	109
3681	2	81	26	13
3682	2	114	40	22
3683	2	347	101	85
3684	2	480	119	109
3685	2	280	69	38
3686	2	222	53	40
3687	2	311	78	59
3688	2	1375	296	279
3689	2	1256	289	278
3690	2	1155	278	268
3691	2	862	313	295
3692	2	186	55	39
3693	2	1037	204	195
3694	2	152	73	47
3695	2	972	428	416
3696	2	587	219	192
3697	2	1132	272	256
3698	2	1036	347	326
3699	2	745	197	161
3700	2	1698	325	314
3701	2	665	134	123
3702	2	555	192	170
3703	2	952	332	318
3704	2	986	245	234
3705	2	1005	230	216
3706	2	1315	400	375
3707	2	751	164	149
3708	2	443	93	72
3709	2	1162	230	220
3710	2	1379	264	255
3711	2	935	176	164
3712	2	1415	309	295
3713	2	105	35	13
3714	2	207	52	38
3715	2	1363	286	276
3716	2	1198	276	264
3717	2	544	196	183
3718	2	101	32	16
3719	2	1233	350	330
3720	2	633	201	162
3721	2	266	59	44
3722	2	885	240	225
3723	2	1064	308	291
3724	2	1147	323	309
3725	2	472	148	130
3726	2	95	30	15
3727	2	828	246	226
3728	2	123	41	30
3729	2	846	186	174
3730	2	1001	309	272
3731	2	366	79	69
3732	2	658	225	209
3733	2	173	48	21
3734	2	960	231	215
3735	2	947	210	196
3736	2	625	190	178
3737	2	803	202	176
3738	2	446	103	78
3739	2	1152	243	230
3740	2	372	111	89
3741	2	1216	260	250
3742	2	733	208	187
3743	2	266	82	63
3744	2	114	21	11
3745	2	880	171	160
3746	2	1032	212	187
3747	2	236	77	61
3748	2	195	66	36
3749	2	512	231	198
3750	2	96	28	7
3751	2	1027	232	217
3752	2	253	54	40
3753	2	192	61	50
3754	2	212	55	33
3755	2	1384	340	287
3756	2	585	121	107
3757	2	588	225	183
3758	2	160	47	20
3759	2	382	94	58
3760	2	1110	209	190
3761	2	1245	350	333
3762	2	1163	281	266
3763	2	1211	319	310
3764	2	911	261	248
3765	2	1263	303	294
3766	2	78	33	23
3767	2	1202	276	267
3768	2	1049	261	252
3769	2	846	203	197
3770	2	262	78	52
3771	2	342	97	69
3772	2	89	36	18
3773	2	178	52	25
3774	2	91	33	11
3775	2	68	23	7
3776	2	674	152	142
3777	2	314	103	85
3778	2	193	71	53
3779	2	669	195	165
3780	2	162	32	21
3781	2	1381	268	254
3782	2	697	181	168
3783	2	1199	265	251
3784	2	1152	263	250
3785	2	166	70	50
3786	2	1103	311	300
3787	2	761	163	148
3788	2	774	165	149
3789	2	502	100	89
3790	2	265	61	38
3791	2	118	36	16
3792	2	118	35	15
3793	2	100	42	29
3794	2	139	31	11
3795	2	384	96	82
3796	2	484	94	86
3797	2	1099	257	249
3798	2	269	120	90
3799	2	232	59	42
3800	2	610	164	71
3801	2	717	194	182
3802	2	929	227	213
3803	2	1170	319	301
3804	2	90	28	9
3805	2	499	165	147
3806	2	651	142	121
3807	2	268	73	34
3808	2	1053	243	230
3809	2	823	174	158
3810	2	1221	300	288
3811	2	1143	237	224
3812	2	1172	301	287
3813	2	974	243	234
3814	2	1189	279	268
3815	2	928	224	214
3816	2	1090	312	301
3817	2	1298	331	321
3818	2	920	233	217
3819	2	1120	267	256
3820	2	210	48	32
3821	2	1210	378	358
3822	2	795	156	145
3823	2	705	134	119
3824	2	213	85	68
3825	2	542	100	85
3826	2	414	78	67
3827	2	1155	233	219
3828	2	550	158	144
3829	2	1310	319	307
3830	2	1316	298	288
3831	2	837	221	203
3832	2	1329	445	429
3833	2	1102	229	220
3834	2	309	63	50
3835	2	1008	301	288
3836	2	1532	318	307
3837	2	393	83	68
3838	2	897	175	165
3839	2	726	154	140
3840	2	648	144	109
3841	2	1104	279	261
3842	2	1234	402	382
3843	2	133	32	5
3844	2	429	119	107
3845	2	689	179	163
3846	2	1381	281	268
3847	2	741	184	167
3848	2	394	113	101
3849	2	231	45	34
3850	2	162	35	13
3851	2	573	129	101
3852	2	749	153	144
3853	2	308	69	50
3854	2	159	31	21
3855	2	933	199	189
3856	2	421	129	111
3857	2	1220	276	260
3858	2	199	79	65
3859	2	127	44	22
3860	2	1752	373	362
3861	2	318	66	46
3862	2	1098	230	215
3863	2	139	62	46
3864	2	798	151	133
3865	2	952	289	276
3866	2	690	155	143
3867	2	1063	410	394
3868	2	381	79	66
3869	2	257	111	85
3870	2	49	25	13
3871	2	72	23	12
3872	2	333	106	90
3873	2	712	178	165
3874	2	605	167	156
3875	2	110	38	17
3876	2	127	32	9
3877	2	1275	333	316
3878	2	772	232	180
3879	2	282	83	60
3880	2	125	33	9
3881	2	213	61	49
3882	2	125	32	8
3883	2	133	50	33
3884	2	716	162	152
3885	2	373	114	91
3886	2	634	181	166
3887	2	123	28	20
3888	2	384	117	102
3889	2	1196	321	307
3890	2	1002	376	362
3891	2	473	120	105
3892	2	87	29	18
3893	2	505	190	176
3894	2	182	80	66
3895	2	1037	274	258
3896	2	916	289	272
3897	2	215	72	55
3898	2	510	155	137
3899	2	86	52	38
3900	2	168	50	20
3901	2	238	55	44
3902	2	454	103	75
3903	2	223	83	70
3904	2	107	42	21
3905	2	281	85	74
3906	2	665	184	166
3907	2	291	71	57
3908	2	666	138	128
3909	2	680	212	200
3910	2	245	80	54
3911	2	1068	253	239
3912	2	1020	238	229
3913	2	865	176	157
3914	2	638	135	124
3915	2	271	117	106
3916	2	157	50	38
3917	2	1249	390	375
3918	2	1529	345	335
3919	2	953	218	196
3920	2	1323	334	306
3921	2	858	190	176
3922	2	146	42	25
3923	2	1220	233	220
3924	2	110	31	12
3925	2	624	145	125
3926	2	1142	254	241
3927	2	533	142	110
3928	2	507	121	110
3929	2	98	36	24
3930	2	274	88	72
3931	2	189	61	49
3932	2	120	32	20
3933	2	445	133	103
3934	2	261	68	62
3935	2	461	153	130
3936	2	131	33	15
3937	2	220	74	58
3938	2	367	104	80
3939	2	177	50	23
3940	2	1035	255	240
3941	2	204	49	27
3942	2	72	21	9
3943	2	235	48	18
3944	2	115	36	9
3945	2	1003	317	284
3946	2	134	36	16
3947	2	1074	254	231
3948	2	318	66	58
3949	2	1205	241	225
3950	2	246	46	34
3951	2	576	188	174
3952	2	234	57	47
3953	2	1426	294	283
3954	2	399	81	61
3955	2	785	196	185
3956	2	370	124	96
3957	2	1285	330	314
3958	2	96	33	10
3959	2	1154	226	214
3960	2	558	138	123
3961	2	646	163	150
3962	2	279	53	34
3963	2	748	222	204
3964	2	195	56	20
3965	2	307	63	50
3966	2	990	192	177
3967	2	852	427	402
3968	2	129	41	18
3969	2	1455	404	392
3970	2	519	152	138
3971	2	134	43	22
3972	2	984	259	243
3973	2	60	26	16
3974	2	66	21	10
3975	2	534	109	97
3976	2	669	197	186
3977	2	1019	266	253
3978	2	1274	291	273
3979	2	677	202	189
3980	2	760	190	180
3981	2	850	199	182
3982	2	681	201	191
3983	2	535	119	100
3984	2	721	161	145
3985	2	790	169	158
3986	2	183	77	62
3987	2	1023	245	229
3988	2	1082	246	226
3989	2	855	208	193
3990	2	153	47	32
3991	2	1261	283	269
3992	2	305	97	86
3993	2	262	73	62
3994	2	1458	313	300
3995	2	397	89	54
3996	2	824	235	221
3997	2	438	145	66
3998	2	233	105	88
3999	2	975	300	287
4000	2	21	17	5
4001	2	417	86	76
4002	2	520	131	119
4003	2	678	218	204
4004	2	237	93	75
4005	2	662	197	184
4006	2	560	134	121
4007	2	984	260	242
4008	2	1042	273	261
4009	2	1223	338	322
4010	2	160	56	43
4011	2	232	88	70
4012	2	339	66	55
4013	2	736	175	161
4014	2	107	50	31
4015	2	848	235	222
4016	2	760	259	242
4017	2	1199	284	270
4018	2	231	70	52
4019	2	156	35	24
4020	2	190	43	33
4021	2	185	63	38
4022	2	1104	224	215
4023	2	135	51	39
4024	2	231	53	41
4025	2	1534	403	390
4026	2	197	42	30
4027	2	46	20	9
4028	2	972	255	242
4029	2	650	178	167
4030	2	697	142	132
4031	2	491	259	237
4032	2	712	228	209
4033	2	258	93	44
4034	2	1166	308	292
4035	2	248	65	54
4036	2	177	46	29
4037	2	550	164	151
4038	2	658	214	202
4039	2	1320	283	270
4040	2	486	171	130
4041	2	944	278	264
4042	2	69	27	14
4043	2	105	36	6
4044	2	404	133	116
4045	2	843	253	233
4046	2	581	224	206
4047	2	128	30	17
4048	2	184	57	42
4049	2	884	219	194
4050	2	760	229	206
4051	2	592	142	128
4052	2	189	44	33
4053	2	966	223	213
4054	2	1237	325	302
4055	2	888	229	204
4056	2	417	96	82
4057	2	1302	270	256
4058	2	78	32	6
4059	2	859	199	177
4060	2	499	174	157
4061	2	952	195	186
4062	2	1313	293	277
4063	2	159	43	23
4064	2	189	59	43
4065	2	219	49	24
4066	2	497	149	133
4067	2	494	139	128
4068	2	97	36	16
4069	2	480	112	101
4070	2	158	40	28
4071	2	60	22	8
4072	2	912	174	160
4073	2	854	199	188
4074	2	1117	317	294
4075	2	86	25	8
4076	2	940	276	244
4077	2	142	44	29
4078	2	418	96	73
4079	2	1195	247	235
4080	2	570	140	129
4081	2	89	26	12
4082	2	1565	320	310
4083	2	349	75	55
4084	2	904	236	223
4085	2	1004	184	172
4086	2	519	159	132
4087	2	980	211	196
4088	2	705	165	152
4089	2	1450	301	274
4090	2	153	45	16
4091	2	137	45	21
4092	2	429	107	87
4093	2	1265	302	288
4094	2	1250	265	251
4095	2	1033	269	247
4096	2	480	111	106
4097	2	603	120	97
4098	2	742	184	170
4099	2	1041	193	183
4100	2	1126	263	251
4101	2	1098	349	342
4102	2	871	250	234
4103	2	732	200	191
4104	2	336	70	53
4105	2	913	249	238
4106	2	1045	197	187
4107	2	222	52	36
4108	2	878	295	284
4109	2	311	74	60
4110	2	133	42	17
4111	2	1026	208	198
4112	2	566	190	180
4113	2	372	119	106
4114	2	1470	327	314
4115	2	350	106	98
4116	2	1047	292	271
4117	2	1181	347	332
4118	2	233	93	81
4119	2	656	172	83
4120	2	191	41	26
4121	2	956	244	219
4122	2	1093	277	262
4123	2	921	321	304
4124	2	650	209	179
4125	2	441	93	77
4126	2	241	57	45
4127	2	471	154	135
4128	2	972	247	239
4129	2	1417	317	296
4130	2	495	95	79
4131	2	1050	320	305
4132	2	1074	233	222
4133	2	582	127	115
4134	2	406	83	72
4135	2	590	145	132
4136	2	537	108	95
4137	2	1247	259	249
4138	2	1269	309	297
4139	2	1256	330	318
4140	2	1117	230	219
4141	2	382	137	113
4142	2	852	171	158
4143	2	806	164	151
4144	2	1225	229	211
4145	2	1068	205	187
4146	2	1347	360	346
4147	2	867	175	164
4148	2	312	76	61
4149	2	178	48	32
4150	2	169	68	48
4151	2	963	191	180
4152	2	1148	427	414
4153	2	305	114	99
4154	2	285	88	71
4155	2	114	42	31
4156	2	888	217	204
4157	2	390	86	75
4158	2	714	201	190
4159	2	112	47	37
4160	2	700	151	139
4161	2	469	111	90
4162	2	1154	347	329
4163	2	192	45	33
4164	2	174	44	33
4165	2	393	102	78
4166	2	201	41	30
4167	2	517	125	108
4168	2	207	45	32
4169	2	167	68	45
4170	2	343	82	49
4171	2	104	32	13
4172	2	129	45	20
4173	2	445	134	111
4174	2	778	156	138
4175	2	578	198	180
4176	2	435	81	62
4177	2	162	37	28
4178	2	159	40	24
4179	2	1161	342	329
4180	2	394	121	110
4181	2	1056	379	364
4182	2	1219	331	317
4183	2	1186	338	314
4184	2	96	37	12
4185	2	336	79	62
4186	2	1220	271	260
4187	2	965	289	274
4188	2	83	25	11
4189	2	110	25	14
4190	2	289	114	100
4191	2	320	111	78
4192	2	63	22	12
4193	2	71	27	15
4194	2	63	19	8
4195	2	1120	215	204
4196	2	838	198	187
4197	2	158	53	37
4198	2	192	53	42
4199	2	708	288	277
4200	2	502	90	79
4201	2	754	160	125
4202	2	535	115	100
4203	2	240	54	42
4204	2	709	141	130
4205	2	687	155	132
4206	2	738	167	156
4207	2	902	187	176
4208	2	1206	236	219
4209	2	570	140	127
4210	2	260	84	74
4211	2	270	68	56
4212	2	1042	217	200
4213	2	450	95	82
4214	2	166	39	26
4215	2	1162	294	283
4216	2	387	100	88
4217	2	1039	220	208
4218	2	1286	303	288
4219	2	1320	266	251
4220	2	744	182	165
4221	2	129	30	15
4222	2	1434	274	261
4223	2	153	50	23
4224	2	712	180	155
4225	2	399	104	92
4226	2	152	56	41
4227	2	1066	275	257
4228	2	856	276	258
4229	2	1027	226	210
4230	2	219	70	54
4231	2	570	119	110
4232	2	550	180	96
4233	2	775	166	157
4234	2	869	181	172
4235	2	762	164	155
4236	2	593	164	137
4237	2	540	91	82
4238	2	755	185	158
4239	2	336	94	36
4240	2	960	188	160
4241	2	480	153	136
4242	2	569	174	161
4243	2	928	291	272
4244	2	432	97	89
4245	2	720	186	172
4246	2	51	22	9
4247	2	930	310	294
4248	2	393	93	80
4249	2	1185	328	317
4250	2	1270	295	285
4251	2	424	146	121
4252	2	147	35	26
4253	2	167	46	26
4254	2	1338	309	296
4255	2	544	194	180
4256	2	801	197	178
4257	2	878	210	196
4258	2	1120	199	183
4259	2	1144	224	214
4260	2	956	216	206
4261	2	948	180	167
4262	2	1041	218	205
4263	2	1306	317	309
4264	2	1185	236	225
4265	2	594	122	113
4266	2	825	192	167
4267	2	282	72	34
4268	2	240	68	56
4269	2	403	117	81
4270	2	333	90	77
4271	2	667	147	135
4272	2	1174	326	311
4273	2	206	71	27
4274	2	631	175	148
4275	2	671	142	129
4276	2	603	127	114
4277	2	492	123	114
4278	2	845	234	201
4279	2	248	74	45
4280	2	785	218	208
4281	2	862	196	186
4282	2	699	150	138
4283	2	533	140	126
4284	2	729	229	207
4285	2	138	42	17
4286	2	1013	247	238
4287	2	190	60	49
4288	2	825	180	166
4289	2	627	198	121
4290	2	210	58	34
4291	2	357	92	65
4292	2	1156	303	288
4293	2	686	151	124
4294	2	713	179	149
4295	2	702	198	187
4296	2	1368	283	265
4297	2	594	112	101
4298	2	239	60	49
4299	2	96	23	14
4300	2	222	50	36
4301	2	352	94	84
4302	2	601	137	124
4303	2	753	245	234
4304	2	545	199	175
4305	2	591	128	115
4306	2	101	27	13
4307	2	1364	272	259
4308	2	994	222	211
4309	2	413	121	112
4310	2	1206	252	240
4311	2	390	97	88
4312	2	457	142	131
4313	2	338	95	71
4314	2	653	144	135
4315	2	350	78	50
4316	2	186	40	33
4317	2	577	171	159
4318	2	502	101	91
4319	2	889	240	229
4320	2	463	119	100
4321	2	1077	267	260
4322	2	795	158	145
4323	2	203	46	32
4324	2	489	109	94
4325	2	1003	312	294
4326	2	261	54	39
4327	2	501	128	70
4328	2	1066	219	206
4329	2	1001	242	229
4330	2	476	150	134
4331	2	681	174	163
4332	2	1104	268	248
4333	2	352	94	81
4334	2	102	32	22
4335	2	204	60	36
4336	2	270	55	44
4337	2	1214	360	350
4338	2	561	101	90
4339	2	698	192	179
4340	2	1379	369	342
4341	2	1136	215	196
4342	2	1497	351	337
4343	2	418	147	90
4344	2	1729	399	386
4345	2	387	84	63
4346	2	985	242	214
4347	2	1061	260	245
4348	2	1161	238	222
4349	2	546	105	91
4350	2	1213	222	205
4351	2	1260	253	238
4352	2	305	63	48
4353	2	1413	349	328
4354	2	137	45	24
4355	2	451	110	74
4356	2	98	34	16
4357	2	1322	271	255
4358	2	1224	255	240
4359	2	1100	290	275
4360	2	1264	256	243
4361	2	174	47	29
4362	2	1101	250	236
4363	2	793	192	177
4364	2	1290	321	305
4365	2	661	220	207
4366	2	868	258	248
4367	2	1183	265	252
4368	2	150	46	31
4369	2	90	25	12
4370	2	120	49	28
4371	2	981	212	202
4372	2	548	125	91
4373	2	80	33	17
4374	2	88	26	10
4375	2	719	143	120
4376	2	193	54	36
4377	2	208	74	57
4378	2	232	58	29
4379	2	193	56	42
4380	2	375	101	87
4381	2	531	144	110
4382	2	1018	204	194
4383	2	907	244	226
4384	2	816	179	170
4385	2	255	64	49
4386	2	438	90	82
4387	2	837	313	298
4388	2	207	48	38
4389	2	525	144	133
4390	2	400	109	96
4391	2	159	45	31
4392	2	1149	258	245
4393	2	123	28	16
4394	2	396	78	68
4395	2	528	107	97
4396	2	1316	266	239
4397	2	161	81	58
4398	2	161	40	28
4399	2	132	42	24
4400	2	299	79	66
4401	2	141	41	22
4402	2	640	180	168
4403	2	725	183	171
4404	2	1206	261	249
4405	2	265	98	67
4406	2	256	81	59
4407	2	270	91	81
4408	2	543	176	161
4409	2	997	225	212
4410	2	1215	249	238
4411	2	480	123	108
4412	2	389	109	86
4413	2	124	32	11
4414	2	280	74	20
4415	2	271	69	52
4416	2	542	150	138
4417	2	685	275	257
4418	2	207	43	33
4419	2	358	121	105
4420	2	923	216	199
4421	2	622	125	115
4422	2	363	82	66
4423	2	502	187	168
4424	2	224	77	62
4425	2	658	188	163
4426	2	388	104	71
4427	2	360	109	78
4428	2	442	107	96
4429	2	454	106	83
4430	2	554	130	117
4431	2	853	183	166
4432	2	225	76	60
4433	2	991	308	292
4434	2	743	276	252
4435	2	164	48	31
4436	2	185	49	20
4437	2	467	153	140
4438	2	1012	289	271
4439	2	721	155	131
4440	2	78	33	20
4441	2	1178	306	291
4442	2	182	84	48
4443	2	803	180	147
4444	2	462	94	84
4445	2	523	184	173
4446	2	1135	344	327
4447	2	1247	361	342
4448	2	1124	271	254
4449	2	108	33	10
4450	2	591	155	133
4451	2	1020	219	207
4452	2	156	32	22
4453	2	373	109	97
4454	2	204	52	24
4455	2	185	46	31
4456	2	146	36	23
4457	2	586	204	193
4458	2	48	18	8
4459	2	144	35	22
4460	2	90	21	11
4461	2	102	33	18
4462	2	150	47	29
4463	2	97	33	18
4464	2	118	39	22
4465	2	447	91	74
4466	2	534	164	150
4467	2	349	104	80
4468	2	381	87	77
4469	2	1329	280	270
4470	2	1085	286	272
4471	2	987	207	196
4472	2	1202	261	251
4473	2	1104	229	216
4474	2	472	131	85
4475	2	254	103	50
4476	2	191	49	19
4477	2	306	82	69
4478	2	567	122	109
4479	2	201	68	25
4480	2	467	123	54
4481	2	1333	316	300
4482	2	216	44	23
4483	2	693	212	195
4484	2	1126	250	223
4485	2	1170	274	257
4486	2	964	226	185
4487	2	168	30	11
4488	2	1132	272	264
4489	2	1451	302	288
4490	2	964	243	231
4491	2	630	152	135
4492	2	1207	316	297
4493	2	315	110	76
4494	2	1104	373	359
4495	2	514	110	98
4496	2	202	46	33
4497	2	875	247	231
4498	2	495	167	142
4499	2	209	69	54
4500	2	873	179	166
4501	2	1137	293	282
4502	2	207	44	35
4503	2	1188	300	282
4504	2	1415	309	299
4505	2	742	233	213
4506	2	664	148	136
4507	2	1340	295	272
4508	2	91	38	13
4509	2	279	56	46
4510	2	556	197	179
4511	2	320	63	51
4512	2	586	174	148
4513	2	544	129	118
4514	2	107	44	25
4515	2	690	155	145
4516	2	497	136	119
4517	2	1176	246	234
4518	2	1195	252	242
4519	2	587	131	118
4520	2	501	114	99
4521	2	510	128	115
4522	2	1066	307	297
4523	2	300	62	36
4524	2	172	55	35
4525	2	1093	200	186
4526	2	103	33	13
4527	2	1023	253	241
4528	2	87	32	12
4529	2	930	215	204
4530	2	556	142	128
4531	2	343	109	96
4532	2	970	286	271
4533	2	396	94	79
4534	2	1104	317	303
4535	2	324	78	62
4536	2	118	40	27
4537	2	261	48	34
4538	2	194	48	36
4539	2	72	28	9
4540	2	1183	293	282
4541	2	334	91	79
4542	2	306	92	79
4543	2	65	31	15
4544	2	144	46	27
4545	2	651	236	217
4546	2	1162	500	488
4547	2	696	194	185
4548	2	1130	336	324
4549	2	148	50	30
4550	2	215	58	36
4551	2	725	202	186
4552	2	866	238	208
4553	2	1151	269	255
4554	2	1727	373	360
4555	2	1377	364	343
4556	2	1158	248	239
4557	2	209	82	57
4558	2	543	151	138
4559	2	543	161	144
4560	2	1267	251	241
4561	2	524	151	125
4562	2	669	236	219
4563	2	123	33	16
4564	2	459	135	125
4565	2	111	29	10
4566	2	93	30	10
4567	2	447	145	129
4568	2	1427	323	310
4569	2	1372	304	292
4570	2	642	134	125
4571	2	1001	213	202
4572	2	804	253	243
4573	2	934	219	208
4574	2	799	195	168
4575	2	746	213	173
4576	2	204	48	33
4577	2	329	84	47
4578	2	134	48	38
4579	2	117	30	18
4580	2	349	87	72
4581	2	228	62	41
4582	2	1263	335	324
4583	2	534	217	202
4584	2	93	33	17
4585	2	1145	320	304
4586	2	136	44	24
4587	2	117	34	20
4588	2	186	50	32
4589	2	1259	279	267
4590	2	73	23	8
4591	2	1258	306	293
4592	2	1568	435	418
4593	2	533	164	138
4594	2	827	236	221
4595	2	657	158	130
4596	2	599	148	139
4597	2	508	147	136
4598	2	617	124	110
4599	2	457	94	65
4600	2	1011	209	193
4601	2	132	39	15
4602	2	1120	226	216
4603	2	153	52	18
4604	2	438	117	97
4605	2	983	234	205
4606	2	991	327	315
4607	2	1620	391	290
4608	2	138	28	19
4609	2	500	142	130
4610	2	333	81	69
4611	2	330	81	65
4612	2	264	60	44
4613	2	1248	341	325
4614	2	720	200	182
4615	2	326	82	70
4616	2	941	183	167
4617	2	502	108	94
4618	2	920	251	236
4619	2	439	132	120
4620	2	119	28	12
4621	2	1040	253	242
4622	2	1281	316	303
4623	2	835	177	168
4624	2	73	29	19
4625	2	1137	277	265
4626	2	111	31	11
4627	2	202	64	41
4628	2	186	58	41
4629	2	60	27	10
4630	2	126	33	20
4631	2	351	89	71
4632	2	78	33	12
4633	2	162	41	24
4634	2	441	121	107
4635	2	535	167	134
4636	2	131	34	20
4637	2	318	69	57
4638	2	188	59	53
4639	2	303	69	53
4640	2	132	33	21
4641	2	123	47	34
4642	2	137	35	15
4643	2	213	66	34
4644	2	345	79	65
4645	2	62	24	15
4646	2	123	30	19
4647	2	355	78	48
4648	2	381	88	69
4649	2	493	114	99
4650	2	78	33	14
4651	2	1091	331	315
4652	2	1454	305	296
4653	2	1097	248	224
4654	2	980	231	221
4655	2	223	51	37
4656	2	80	24	10
4657	2	883	203	190
4658	2	412	108	61
4659	2	902	273	242
4660	2	1348	452	386
4661	2	802	173	135
4662	2	440	118	72
4663	2	129	53	31
4664	2	944	297	240
4665	2	118	30	7
4666	2	1201	409	395
4667	2	482	101	76
4668	2	1179	257	243
4669	2	270	59	43
4670	2	84	27	10
4671	2	891	204	176
4672	2	1351	314	300
4673	2	920	212	201
4674	2	599	166	150
4675	2	345	75	63
4676	2	963	267	256
4677	2	1366	516	503
4678	2	1303	268	251
4679	2	94	35	12
4680	2	432	97	86
4681	2	989	206	181
4682	2	915	236	225
4683	2	390	120	107
4684	2	480	146	132
4685	2	387	78	65
4686	2	463	92	82
4687	2	684	116	103
4688	2	1213	274	263
4689	2	112	31	14
4690	2	157	40	20
4691	2	957	235	223
4692	2	1271	360	345
4693	2	243	59	32
4694	2	1116	318	306
4695	2	189	55	42
4696	2	962	209	198
4697	2	994	207	194
4698	2	627	173	141
4699	2	117	31	12
4700	2	695	154	114
4701	2	970	278	257
4702	2	440	143	119
4703	2	94	38	24
4704	2	522	166	132
4705	2	231	48	38
4706	2	99	27	17
4707	2	249	74	54
4708	2	1064	225	210
4709	2	692	189	173
4710	2	332	68	49
4711	2	315	117	79
4712	2	1333	349	338
4713	2	1234	268	245
4714	2	361	118	106
4715	2	282	74	63
4716	2	1368	265	258
4717	2	153	72	57
4718	2	1035	229	220
4719	2	299	76	65
4720	2	161	44	21
4721	2	943	208	183
4722	2	244	54	40
4723	2	280	64	52
4724	2	153	38	24
4725	2	243	57	51
4726	2	110	35	22
4727	2	247	53	40
4728	2	336	65	56
4729	2	214	56	40
4730	2	310	82	64
4731	2	534	149	133
4732	2	87	22	10
4733	2	584	153	116
4734	2	1245	327	308
4735	2	382	99	85
4736	2	184	64	51
4737	2	1169	442	425
4738	2	674	278	263
4739	2	491	140	127
4740	2	131	53	41
4741	2	377	138	123
4742	2	762	210	195
4743	2	630	156	142
4744	2	469	159	105
4745	2	747	183	170
4746	2	1372	349	337
4747	2	977	190	179
4748	2	1082	271	256
4749	2	193	43	12
4750	2	347	104	60
4751	2	1227	344	316
4752	2	97	42	20
4753	2	1036	215	201
4754	2	656	169	141
4755	2	237	60	42
4756	2	1339	338	288
4757	2	173	74	58
4758	2	444	141	102
4759	2	772	206	141
4760	2	81	29	9
4761	2	217	61	9
4762	2	225	43	29
4763	2	660	205	193
4764	2	1046	269	258
4765	2	974	290	276
4766	2	1251	284	270
4767	2	748	137	63
4768	2	445	108	95
4769	2	156	37	27
4770	2	803	302	286
4771	2	232	70	58
4772	2	1120	309	301
4773	2	1466	255	239
4774	2	1053	259	244
4775	2	102	37	24
4776	2	639	205	191
4777	2	117	40	28
4778	2	1168	302	291
4779	2	1247	375	351
4780	2	138	33	22
4781	2	1285	288	276
4782	2	436	113	90
4783	2	1067	309	295
4784	2	224	55	40
4785	2	828	161	147
4786	2	244	73	41
4787	2	387	100	89
4788	2	129	29	14
4789	2	233	74	60
4790	2	363	89	73
4791	2	417	119	107
4792	2	297	94	78
4793	2	159	40	32
4794	2	178	48	35
4795	2	1084	217	206
4796	2	453	112	95
4797	2	1348	326	308
4798	2	186	41	17
4799	2	1062	389	378
4800	2	1203	215	204
4801	2	930	196	184
4802	2	610	168	117
4803	2	877	170	140
4804	2	279	66	50
4805	2	1135	256	244
4806	2	909	203	190
4807	2	145	33	20
4808	2	303	63	51
4809	2	291	62	51
4810	2	997	239	224
4811	2	207	49	34
4812	2	1070	186	92
4813	2	702	164	145
4814	2	495	104	91
4815	2	981	199	169
4816	2	1188	309	254
4817	2	1777	490	453
4818	2	858	189	156
4819	2	93	23	5
4820	2	54	16	5
4821	2	576	149	128
4822	2	57	22	6
4823	2	160	59	36
4824	2	859	198	185
4825	2	1233	355	315
4826	2	115	33	10
4827	2	119	28	13
4828	2	196	80	57
4829	2	150	41	23
4830	2	1399	269	259
4831	2	163	51	28
4832	2	1041	259	248
4833	2	324	132	115
4834	2	1275	269	244
4835	2	1535	307	294
4836	2	1021	237	225
4837	2	790	159	148
4838	2	847	235	220
4839	2	854	209	193
4840	2	1368	274	259
4841	2	1055	262	244
4842	2	1157	264	252
4843	2	1307	231	222
4844	2	1353	258	245
4845	2	1258	291	279
4846	2	510	141	124
4847	2	1344	253	240
4848	2	1488	331	318
4849	2	1217	227	217
4850	2	1297	275	263
4851	2	1036	222	207
4852	2	328	100	64
4853	2	626	142	126
4854	2	517	133	105
4855	2	251	71	34
4856	2	830	173	164
4857	2	896	223	207
4858	2	545	183	143
4859	2	1605	295	282
4860	2	1274	269	258
4861	2	615	114	101
4862	2	1430	316	308
4863	2	183	67	50
4864	2	831	165	157
4865	2	1122	209	194
4866	2	986	180	169
4867	2	1189	255	244
4868	2	1207	237	227
4869	2	1307	270	257
4870	2	360	92	81
4871	2	906	273	256
4872	2	1083	321	311
4873	2	1185	306	294
4874	2	1412	275	264
4875	2	1378	304	285
4876	2	138	41	23
4877	2	687	193	184
4878	2	1351	305	293
4879	2	152	40	14
4880	2	1250	311	299
4881	2	161	49	30
4882	2	138	60	32
4883	2	1191	249	237
4884	2	1268	254	243
4885	2	85	31	12
4886	2	1290	274	258
4887	2	300	70	55
4888	2	136	38	20
4889	2	1345	289	277
4890	2	1302	268	252
4891	2	196	48	19
4892	2	112	26	9
4893	2	715	163	150
4894	2	161	32	12
4895	2	362	84	66
4896	2	213	61	50
4897	2	218	85	69
4898	2	549	125	52
4899	2	153	35	27
4900	2	500	137	122
4901	2	162	55	18
4902	2	72	24	10
4903	2	1208	259	248
4904	2	997	310	291
4905	2	561	114	103
4906	2	1222	318	298
4907	2	640	154	143
4908	2	156	54	34
4909	2	127	48	34
4910	2	940	225	213
4911	2	608	168	147
4912	2	893	182	173
4913	2	1003	256	236
4914	2	1064	205	193
4915	2	466	169	157
4916	2	969	299	280
4917	2	1202	277	266
4918	2	378	112	102
4919	2	224	60	48
4920	2	572	151	142
4921	2	147	41	11
4922	2	193	56	33
4923	2	183	47	33
4924	2	82	31	15
4925	2	87	31	22
4926	2	199	66	50
4927	2	1043	208	182
4928	2	379	118	88
4929	2	1140	359	336
4930	2	255	95	48
4931	2	169	50	32
4932	2	975	308	291
4933	2	1291	304	289
4934	2	912	206	192
4935	2	740	208	102
4936	2	185	46	37
4937	2	147	40	16
4938	2	111	27	14
4939	2	284	67	52
4940	2	844	200	183
4941	2	646	217	199
4942	2	325	116	93
4943	2	158	42	19
4944	2	85	29	13
4945	2	158	55	22
4946	2	1230	256	242
4947	2	1019	200	185
4948	2	1344	257	245
4949	2	1031	215	202
4950	2	975	279	265
4951	2	1043	250	234
4952	2	1065	216	208
4953	2	1348	297	281
4954	2	258	82	34
4955	2	658	191	85
4956	2	413	139	115
4957	2	1044	255	215
4958	2	1239	329	302
4959	2	516	122	108
4960	2	588	162	130
4961	2	1193	356	327
4962	2	144	48	18
4963	2	1402	341	315
4964	2	529	166	149
4965	2	339	83	69
4966	2	244	59	40
4967	2	226	56	39
4968	2	624	152	140
4969	2	325	97	73
4970	2	510	112	95
4971	2	1207	307	280
4972	2	389	88	66
4973	2	396	84	64
4974	2	225	56	40
4975	2	301	83	56
4976	2	544	211	193
4977	2	275	63	45
4978	2	594	131	104
4979	2	102	27	12
4980	2	126	31	9
4981	2	120	31	10
4982	2	506	135	110
4983	2	132	27	13
4984	2	510	105	91
4985	2	144	31	11
4986	2	594	121	109
4987	2	263	77	68
4988	2	96	28	8
4989	2	1338	323	274
4990	2	135	38	25
4991	2	201	44	34
4992	2	132	34	20
4993	2	89	23	12
4994	2	227	71	38
4995	2	291	55	40
4996	2	156	42	27
4997	2	81	26	10
4998	2	905	360	347
4999	2	225	49	34
5000	2	1354	302	283
5001	2	1406	309	292
5002	2	1355	227	217
5003	2	429	85	67
5004	2	776	156	140
5005	2	1087	223	207
5006	2	834	181	165
5007	2	746	144	134
5008	2	1053	289	273
5009	2	608	213	199
5010	2	273	86	73
5011	2	894	201	188
5012	2	219	64	53
5013	2	1295	286	268
5014	2	498	144	131
5015	2	549	151	128
5016	2	1128	319	306
5017	2	333	131	115
5018	2	45	18	7
5019	2	1133	355	325
5020	2	160	43	20
5021	2	333	132	118
5022	2	221	57	44
5023	2	534	123	109
5024	2	1267	276	261
5025	2	179	81	63
5026	2	472	122	106
5027	2	303	81	45
5028	2	66	18	8
5029	2	110	43	28
5030	2	1121	275	263
5031	2	361	124	90
5032	2	384	85	72
5033	2	546	211	189
5034	2	368	101	77
5035	2	1200	493	468
5036	2	102	30	13
5037	2	258	81	50
5038	2	117	31	17
5039	2	231	48	33
5040	2	739	143	132
5041	2	920	192	166
5042	2	654	186	158
5043	2	127	26	9
5044	2	85	30	10
5045	2	138	34	24
5046	2	204	67	53
5047	2	95	30	21
5048	2	322	99	78
5049	2	368	130	108
5050	2	1187	287	269
5051	2	1758	509	495
5052	2	354	98	40
5053	2	555	103	82
5054	2	416	149	106
5055	2	406	126	107
5056	2	969	232	223
5057	2	789	160	146
5058	2	651	165	145
5059	2	740	226	210
5060	2	559	203	160
5061	2	219	46	36
5062	2	1082	393	378
5063	2	178	57	42
5064	2	813	186	171
5065	2	411	80	68
5066	2	477	102	90
5067	2	264	54	46
5068	2	183	52	25
5069	2	1119	240	220
5070	2	147	58	38
5071	2	134	42	29
5072	2	250	62	41
5073	2	223	51	38
5074	2	218	56	49
5075	2	1123	244	218
5076	2	217	67	32
5077	2	642	147	126
5078	2	85	27	10
5079	2	114	30	20
5080	2	1122	230	222
5081	2	137	37	15
5082	2	266	65	37
5083	2	390	105	91
5084	2	192	66	48
5085	2	123	31	22
5086	2	270	102	92
5087	2	777	178	167
5088	2	81	23	14
5089	2	206	58	45
5090	2	651	152	143
5091	2	601	230	217
5092	2	286	78	46
5093	2	220	58	47
5094	2	716	162	143
5095	2	68	28	16
5096	2	1172	260	247
5097	2	1254	271	257
5098	2	1001	195	185
5099	2	74	33	12
5100	2	636	136	127
5101	2	1084	217	199
5102	2	1000	196	185
5103	2	393	140	125
5104	2	1274	267	246
5105	2	881	149	141
5106	2	717	181	170
5107	2	1380	327	314
5108	2	1083	190	176
5109	2	1203	248	232
5110	2	437	110	101
5111	2	235	77	52
5112	2	168	47	28
5113	2	119	46	19
5114	2	890	229	215
5115	2	97	32	19
5116	2	134	39	16
5117	2	249	53	27
5118	2	355	91	76
5119	2	129	34	23
5120	2	136	39	25
5121	2	1278	348	331
5122	2	356	124	105
5123	2	1211	318	302
5124	2	112	24	6
5125	2	971	381	305
5126	2	182	63	55
5127	2	116	39	16
5128	2	405	112	97
5129	2	1086	242	229
5130	2	576	109	98
5131	2	534	144	123
5132	2	1241	283	269
5133	2	1471	281	264
5134	2	1281	299	288
5135	2	1034	259	246
5136	2	1462	321	305
5137	2	1360	320	301
5138	2	1001	179	170
5139	2	424	154	140
5140	2	220	68	51
5141	2	135	59	48
5142	2	176	54	33
5143	2	212	93	77
5144	2	93	33	13
5145	2	444	109	101
5146	2	150	40	4
5147	2	102	41	20
5148	2	537	136	126
5149	2	178	82	70
5150	2	253	57	30
5151	2	390	124	113
5152	2	1433	347	336
5153	2	72	22	6
5154	2	445	160	132
5155	2	1254	277	264
5156	2	312	74	69
5157	2	237	85	68
5158	2	263	94	77
5159	2	495	140	108
5160	2	541	177	143
5161	2	173	58	41
5162	2	493	106	78
5163	2	74	33	16
5164	2	1203	331	316
5165	2	97	22	3
5166	2	615	146	131
5167	2	1012	221	214
5168	2	947	228	204
5169	2	658	150	141
5170	2	440	144	135
5171	2	562	134	121
5172	2	171	38	29
5173	2	984	224	203
5174	2	1388	295	278
5175	2	192	62	44
5176	2	608	177	158
5177	2	46	23	10
5178	2	385	116	102
5179	2	414	108	95
5180	2	662	242	221
5181	2	291	95	83
5182	2	1178	415	403
5183	2	447	96	87
5184	2	1036	299	279
5185	2	271	97	61
5186	2	618	162	142
5187	2	348	87	71
5188	2	496	112	77
5189	2	256	54	37
5190	2	836	156	145
5191	2	387	81	37
5192	2	818	346	328
5193	2	1471	293	279
5194	2	384	92	81
5195	2	324	168	156
5196	2	572	131	120
5197	2	883	228	209
5198	2	793	198	188
5199	2	315	128	103
5200	2	171	42	31
5201	2	1448	360	346
5202	2	384	67	55
5203	2	959	200	191
5204	2	456	122	101
5205	2	373	76	62
5206	2	1312	289	270
5207	2	477	149	129
5208	2	913	235	220
5209	2	197	65	50
5210	2	426	87	75
5211	2	1908	679	668
5212	2	397	92	79
5213	2	953	238	224
5214	2	533	132	95
5215	2	236	71	53
5216	2	374	161	147
5217	2	246	56	41
5218	2	283	92	81
5219	2	1243	325	311
5220	2	185	61	34
5221	2	458	150	130
5222	2	167	40	22
5223	2	160	53	37
5224	2	990	212	202
5225	2	1144	306	286
5226	2	63	18	4
5227	2	1258	314	292
5228	2	991	212	193
5229	2	321	92	77
5230	2	1338	256	245
5231	2	120	26	18
5232	2	1343	307	296
5233	2	480	158	137
5234	2	102	30	15
5235	2	1276	299	277
5236	2	910	221	202
5237	2	1011	229	216
5238	2	741	169	155
5239	2	1175	386	372
5240	2	875	207	195
5241	2	149	43	27
5242	2	990	219	199
5243	2	418	124	103
5244	2	225	88	71
5245	2	57	20	14
5246	2	153	37	28
5247	2	259	66	44
5248	2	254	82	52
5249	2	134	35	19
5250	2	144	36	20
5251	2	1415	320	307
5252	2	1379	340	324
5253	2	1243	351	313
5254	2	1006	231	220
5255	2	153	43	17
5256	2	243	81	52
5257	2	1273	237	226
5258	2	912	247	214
5259	2	84	24	14
5260	2	1132	322	306
5261	2	273	65	43
5262	2	184	50	32
5263	2	996	181	165
5264	2	982	285	265
5265	2	526	156	61
5266	2	560	125	113
5267	2	310	107	94
5268	2	222	52	39
5269	2	1103	295	271
5270	2	1125	252	241
5271	2	839	231	217
5272	2	463	257	219
5273	2	567	206	183
5274	2	906	311	264
5275	2	695	236	222
5276	2	93	37	26
5277	2	779	171	160
5278	2	97	38	27
5279	2	117	34	18
5280	2	1414	398	380
5281	2	569	110	95
5282	2	914	225	215
5283	2	804	173	161
5284	2	1164	369	356
5285	2	877	173	161
5286	2	1143	226	212
5287	2	233	59	48
5288	2	553	120	107
5289	2	1218	264	250
5290	2	1298	265	248
5291	2	947	193	180
5292	2	319	78	55
5293	2	277	73	28
5294	2	219	62	40
5295	2	685	145	134
5296	2	681	146	134
5297	2	737	199	178
5298	2	274	56	45
5299	2	384	117	93
5300	2	111	36	24
5301	2	216	43	30
5302	2	938	212	200
5303	2	66	21	5
5304	2	242	96	79
5305	2	776	185	169
5306	2	894	195	181
5307	2	291	65	50
5308	2	154	36	13
5309	2	620	141	123
5310	2	597	127	66
5311	2	897	331	306
5312	2	695	208	180
5313	2	86	38	21
5314	2	149	55	35
5315	2	137	44	16
5316	2	559	202	105
5317	2	105	27	14
5318	2	160	31	12
5319	2	180	39	30
5320	2	127	32	7
5321	2	537	148	136
5322	2	150	33	20
5323	2	232	64	52
5324	2	69	29	17
5325	2	1178	271	244
5326	2	506	149	131
5327	2	489	128	111
5328	2	1117	263	252
5329	2	104	40	24
5330	2	53	22	6
5331	2	1342	313	300
5332	2	1150	310	299
5333	2	1294	248	211
5334	2	1055	303	289
5335	2	102	30	18
5336	2	1097	305	291
5337	2	606	181	170
5338	2	489	112	87
5339	2	233	70	49
5340	2	549	113	100
5341	2	498	112	101
5342	2	171	58	18
5343	2	1164	293	279
5344	2	1101	247	232
5345	2	258	82	14
5346	2	98	31	2
5347	2	41	22	7
5348	2	117	35	25
5349	2	982	309	288
5350	2	1086	307	296
5351	2	281	72	61
5352	2	201	44	23
5353	2	741	182	106
5354	2	635	136	122
5355	2	1016	229	217
5356	2	1088	319	303
5357	2	590	163	95
5358	2	930	323	311
5359	2	841	189	177
5360	2	1211	248	238
5361	2	877	165	152
5362	2	179	47	5
5363	2	460	127	94
5364	2	1210	269	258
5365	2	139	34	24
5366	2	543	134	119
5367	2	1240	271	260
5368	2	156	52	38
5369	2	1246	328	316
5370	2	261	78	68
5371	2	169	57	38
5372	2	1118	312	287
5373	2	268	79	69
5374	2	1209	251	234
5375	2	33	27	14
5376	2	1218	313	300
5377	2	1179	266	246
5378	2	1187	457	440
5379	2	657	161	146
5380	2	135	56	46
5381	2	328	83	65
5382	2	388	94	82
5383	2	1009	255	237
5384	2	1211	243	230
5385	2	190	64	53
5386	2	511	111	94
5387	2	375	77	66
5388	2	114	29	18
5389	2	250	57	45
5390	2	629	143	133
5391	2	911	357	345
5392	2	370	107	92
5393	2	956	191	182
5394	2	1075	325	307
5395	2	103	26	13
5396	2	905	205	189
5397	2	121	37	23
5398	2	402	96	84
5399	2	416	112	35
5400	2	254	74	51
5401	2	260	72	17
5402	2	145	33	19
5403	2	79	30	12
5404	2	125	37	13
5405	2	1049	297	281
5406	2	316	73	65
5407	2	1035	240	227
5408	2	103	50	35
5409	2	925	268	252
5410	2	102	35	24
5411	2	1017	209	192
5412	2	522	110	79
5413	2	162	43	22
5414	2	1286	283	267
5415	2	776	195	185
5416	2	170	49	35
5417	2	1238	282	269
5418	2	483	142	124
5419	2	595	156	138
5420	2	902	208	197
5421	2	225	62	48
5422	2	986	234	224
5423	2	897	270	254
5424	2	254	57	38
5425	2	581	113	100
5426	2	1169	239	228
5427	2	917	201	191
5428	2	1203	275	265
5429	2	131	40	25
5430	2	990	295	287
5431	2	103	39	21
5432	2	33	21	11
5433	2	1161	351	337
5434	2	1308	277	266
5435	2	1058	258	251
5436	2	1418	290	269
5437	2	101	45	34
5438	2	1458	326	319
5439	2	735	163	133
5440	2	217	74	60
5441	2	480	99	88
5442	2	72	20	11
5443	2	842	219	203
5444	2	1331	293	281
5445	2	1141	246	238
5446	2	1167	229	209
5447	2	1029	306	293
5448	2	1137	227	214
5449	2	622	155	124
5450	2	1472	419	402
5451	2	597	120	107
5452	2	1584	346	325
5453	2	1100	308	297
5454	2	653	157	144
5455	2	1401	278	269
5456	2	618	187	175
5457	2	156	38	17
5458	2	580	182	167
5459	2	886	199	75
5460	2	405	91	86
5461	2	150	37	17
5462	2	593	148	135
5463	2	884	213	200
5464	2	796	208	188
5465	2	193	55	31
5466	2	997	203	176
5467	2	1216	269	257
5468	2	395	98	81
5469	2	385	131	117
5470	2	223	64	54
5471	2	177	62	50
5472	2	273	61	50
5473	2	157	45	26
5474	2	132	39	29
5475	2	1130	220	213
5476	2	1322	327	318
5477	2	41	16	7
5478	2	835	236	221
5479	2	603	161	143
5480	2	975	272	261
5481	2	471	144	113
5482	2	81	20	5
5483	2	144	65	36
5484	2	118	35	15
5485	2	761	141	128
5486	2	821	265	253
5487	2	1338	257	233
5488	2	307	148	137
5489	2	1123	293	280
5490	2	1251	294	280
5491	2	120	27	13
5492	2	354	73	62
5493	2	239	82	71
5494	2	123	38	10
5495	2	294	113	91
5496	2	670	180	168
5497	2	1090	220	195
5498	2	234	82	72
5499	2	46	23	12
5500	2	1358	307	296
5501	2	547	122	107
5502	2	332	122	111
5503	2	1110	271	254
5504	2	1017	233	219
5505	2	1045	317	301
5506	2	1177	304	288
5507	2	240	68	36
5508	2	1496	318	306
5509	2	1319	313	297
5510	2	599	152	136
5511	2	1115	240	223
5512	2	438	125	92
5513	2	231	70	57
5514	2	687	218	202
5515	2	348	119	106
5516	2	524	132	110
5517	2	656	170	158
5518	2	723	196	165
5519	2	423	118	105
5520	2	866	174	157
5521	2	551	158	135
5522	2	378	114	98
5523	2	847	256	208
5524	2	979	175	164
5525	2	510	94	88
5526	2	944	285	266
5527	2	589	139	126
5528	2	1588	301	292
5529	2	123	34	22
5530	2	1169	253	240
5531	2	78	36	25
5532	2	1234	268	259
5533	2	644	165	155
5534	2	530	116	96
5535	2	845	236	222
5536	2	524	167	153
5537	2	447	84	72
5538	2	1336	278	266
5539	2	271	48	21
5540	2	932	198	186
5541	2	1306	320	308
5542	2	484	157	146
5543	2	915	182	169
5544	2	1016	222	207
5545	2	116	31	15
5546	2	564	117	89
5547	2	809	199	182
5548	2	1106	223	214
5549	2	277	103	83
5550	2	1182	262	249
5551	2	70	21	7
5552	2	236	107	85
5553	2	1011	235	219
5554	2	249	92	65
5555	2	917	193	179
5556	2	148	60	51
5557	2	459	152	144
5558	2	1173	330	310
5559	2	249	53	44
5560	2	392	98	84
5561	2	131	43	23
5562	2	474	107	89
5563	2	81	26	16
5564	2	1260	259	248
5565	2	139	39	17
5566	2	102	26	11
5567	2	867	266	252
5568	2	785	177	166
5569	2	559	153	121
5570	2	147	41	30
5571	2	1562	389	368
5572	2	873	309	295
5573	2	544	95	58
5574	2	365	117	97
5575	2	650	170	156
5576	2	1187	371	351
5577	2	1187	239	225
5578	2	1375	342	330
5579	2	1137	267	254
5580	2	1229	293	280
5581	2	495	105	92
5582	2	139	38	21
5583	2	618	168	157
5584	2	149	47	23
5585	2	326	94	79
5586	2	151	65	54
5587	2	519	119	99
5588	2	1186	354	333
5589	2	186	65	34
5590	2	70	24	6
5591	2	79	27	8
5592	2	189	57	38
5593	2	395	113	87
5594	2	109	33	7
5595	2	155	72	45
5596	2	1233	328	314
5597	2	749	244	227
5598	2	260	70	15
5599	2	147	52	37
5600	2	78	32	13
5601	2	212	65	51
5602	2	150	37	25
5603	2	279	99	43
5604	2	108	31	5
5605	2	246	81	67
5606	2	1180	276	267
5607	2	945	264	253
5608	2	227	72	16
5609	2	477	130	112
5610	2	177	35	25
5611	2	213	64	46
5612	2	1058	322	312
5613	2	136	34	10
5614	2	180	40	28
5615	2	315	98	57
5616	2	260	67	52
5617	2	234	60	39
5618	2	1102	201	191
5619	2	332	75	60
5620	2	410	126	109
5621	2	1156	250	241
5622	2	777	169	149
5623	2	696	176	161
5624	2	774	188	177
5625	2	1174	267	253
5626	2	965	208	197
5627	2	502	210	174
5628	2	137	44	21
5629	2	418	122	46
5630	2	895	250	222
5631	2	128	31	9
5632	2	1086	238	215
5633	2	625	175	151
5634	2	291	69	49
5635	2	1079	240	226
5636	2	1286	330	314
5637	2	186	39	20
5638	2	438	101	82
5639	2	1421	289	277
5640	2	1016	211	198
5641	2	1213	240	230
5642	2	90	36	27
5643	2	398	112	93
5644	2	1178	261	248
5645	2	728	204	194
5646	2	941	207	190
5647	2	1360	276	262
5648	2	935	193	180
5649	2	403	94	79
5650	2	202	65	15
5651	2	117	36	22
5652	2	548	127	111
5653	2	223	76	66
5654	2	423	135	122
5655	2	197	52	42
5656	2	824	234	225
5657	2	700	200	182
5658	2	168	44	31
5659	2	390	104	76
5660	2	118	34	11
5661	2	682	154	140
5662	2	180	48	10
5663	2	58	19	6
5664	2	536	130	117
5665	2	137	42	12
5666	2	174	52	13
5667	2	60	28	13
5668	2	280	58	48
5669	2	769	342	320
5670	2	564	132	96
5671	2	933	203	191
5672	2	1108	309	294
5673	2	522	106	83
5674	2	1215	323	310
5675	2	197	99	84
5676	2	162	38	27
5677	2	277	97	80
5678	2	201	45	33
5679	2	192	68	43
5680	2	1308	341	320
5681	2	527	121	107
5682	2	357	88	73
5683	2	287	117	105
5684	2	147	34	23
5685	2	107	50	20
5686	2	265	82	49
5687	2	935	204	193
5688	2	176	42	22
5689	2	628	139	127
5690	2	1162	261	237
5691	2	429	103	65
5692	2	283	77	60
5693	2	891	194	179
5694	2	295	64	37
5695	2	1219	285	272
5696	2	1324	275	263
5697	2	1465	301	291
5698	2	1352	285	272
5699	2	1235	240	226
5700	2	171	70	54
5701	2	564	195	178
5702	2	521	102	92
5703	2	362	110	93
5704	2	78	26	14
5705	2	240	54	40
5706	2	882	210	184
5707	2	986	191	177
5708	2	662	165	145
5709	2	887	238	217
5710	2	342	92	81
5711	2	390	105	97
5712	2	269	100	57
5713	2	246	55	40
5714	2	309	112	89
5715	2	222	97	59
5716	2	441	98	82
5717	2	86	31	8
5718	2	343	104	87
5719	2	727	428	414
5720	2	144	32	9
5721	2	174	58	45
5722	2	1366	377	355
5723	2	882	290	282
5724	2	681	249	240
5725	2	124	37	12
5726	2	195	43	31
5727	2	553	187	141
5728	2	1285	310	297
5729	2	156	46	32
5730	2	1074	276	265
5731	2	737	226	215
5732	2	187	50	25
5733	2	369	101	85
5734	2	1367	373	359
5735	2	1242	261	244
5736	2	711	168	153
5737	2	323	106	83
5738	2	387	96	88
5739	2	797	157	146
5740	2	1143	252	239
5741	2	664	178	156
5742	2	176	71	39
5743	2	1177	322	311
5744	2	990	265	254
5745	2	668	160	132
5746	2	192	43	34
5747	2	110	30	7
5748	2	206	58	47
5749	2	386	87	56
5750	2	156	65	48
5751	2	1070	228	217
5752	2	276	62	48
5753	2	197	73	47
5754	2	148	41	26
5755	2	523	173	160
5756	2	140	51	29
5757	2	206	61	43
5758	2	957	280	267
5759	2	124	29	8
5760	2	306	71	60
5761	2	244	51	36
5762	2	412	124	74
5763	2	238	59	38
5764	2	260	54	21
5765	2	515	155	133
5766	2	300	55	42
5767	2	57	16	7
5768	2	800	211	191
5769	2	135	32	22
5770	2	112	29	8
5771	2	220	43	31
5772	2	433	140	54
5773	2	1344	263	244
5774	2	453	125	115
5775	2	160	79	64
5776	2	1221	348	328
5777	2	699	131	120
5778	2	498	128	105
5779	2	606	158	148
5780	2	674	206	193
5781	2	769	166	152
5782	2	718	152	123
5783	2	810	176	160
5784	2	190	45	31
5785	2	788	163	153
5786	2	520	185	169
5787	2	54	18	5
5788	2	917	428	412
5789	2	130	55	27
5790	2	556	187	172
5791	2	966	232	212
5792	2	964	201	189
5793	2	696	162	149
5794	2	1230	278	261
5795	2	953	190	175
5796	2	775	226	214
5797	2	531	126	111
5798	2	78	29	17
5799	2	127	49	20
5800	2	239	72	54
5801	2	76	21	5
5802	2	375	87	40
5803	2	135	46	20
5804	2	510	149	135
5805	2	1183	356	343
5806	2	489	111	98
5807	2	1063	335	322
5808	2	1124	275	263
5809	2	198	66	53
5810	2	1376	349	292
5811	2	1101	234	223
5812	2	964	194	184
5813	2	1210	348	334
5814	2	244	84	70
5815	2	1183	270	255
5816	2	122	38	21
5817	2	569	119	95
5818	2	222	49	36
5819	2	993	169	150
5820	2	469	117	103
5821	2	420	108	89
5822	2	138	31	9
5823	2	333	88	79
5824	2	710	167	148
5825	2	323	73	59
5826	2	357	98	83
5827	2	199	57	39
5828	2	255	59	47
5829	2	111	29	5
5830	2	498	114	105
5831	2	516	113	95
5832	2	86	29	10
5833	2	248	63	40
5834	2	348	96	68
5835	2	67	26	15
5836	2	594	116	95
5837	2	531	134	116
5838	2	435	135	125
5839	2	351	107	89
5840	2	541	166	150
5841	2	1278	301	288
5842	2	1033	223	208
5843	2	920	241	224
5844	2	1181	412	397
5845	2	1438	500	474
5846	2	1138	316	291
5847	2	936	270	229
5848	2	559	249	187
5849	2	316	156	27
5850	2	225	41	31
5851	2	1318	327	316
5852	2	1242	278	264
5853	2	426	147	133
5854	2	82	24	12
5855	2	266	82	35
5856	2	189	51	35
5857	2	1521	312	298
5858	2	1315	302	282
5859	2	459	123	105
5860	2	139	56	42
5861	2	829	184	168
5862	2	186	44	20
5863	2	356	91	43
5864	2	759	191	175
5865	2	243	75	55
5866	2	219	54	42
5867	2	755	173	162
5868	2	979	196	178
5869	2	858	208	196
5870	2	1173	323	310
5871	2	113	35	17
5872	2	1029	203	192
5873	2	858	299	283
5874	2	51	28	13
5875	2	310	110	85
5876	2	122	33	19
5877	2	1257	269	259
5878	2	1176	371	358
5879	2	1095	297	286
5880	2	162	51	42
5881	2	139	72	61
5882	2	531	145	129
5883	2	1049	282	264
5884	2	388	105	85
5885	2	2161	895	881
5886	2	567	125	109
5887	2	265	57	45
5888	2	103	27	3
5889	2	117	28	2
5890	2	686	140	128
5891	2	408	93	84
5892	2	1299	314	302
5893	2	1088	242	228
5894	2	120	27	17
5895	2	351	115	100
5896	2	956	249	233
5897	2	221	78	33
5898	2	1075	217	204
5899	2	1592	362	345
5900	2	826	199	186
5901	2	1307	305	289
5902	2	959	223	212
5903	2	84	26	12
5904	2	1303	295	281
5905	2	192	68	48
5906	2	416	85	36
5907	2	645	211	160
5908	2	129	32	18
5909	2	362	98	76
5910	2	306	174	159
5911	2	240	63	42
5912	2	161	41	17
5913	2	210	44	26
5914	2	1079	218	204
5915	2	91	35	22
5916	2	507	147	135
5917	2	1091	228	213
5918	2	1225	299	280
5919	2	681	141	123
5920	2	974	195	184
5921	2	789	159	147
5922	2	1558	436	408
5923	2	495	124	108
5924	2	1056	293	280
5925	2	522	141	124
5926	2	135	62	55
5927	2	532	137	128
5928	2	751	159	147
5929	2	331	78	58
5930	2	236	59	42
5931	2	107	46	28
5932	2	841	161	149
5933	2	1294	255	233
5934	2	230	73	29
5935	2	127	32	18
5936	2	103	24	15
5937	2	391	121	110
5938	2	327	71	60
5939	2	773	194	180
5940	2	1139	269	252
5941	2	222	60	48
5942	2	1381	339	321
5943	2	221	47	37
5944	2	1278	388	373
5945	2	377	83	73
5946	2	1179	336	322
5947	2	1111	238	228
5948	2	614	222	205
5949	2	96	42	33
5950	2	120	34	17
5951	2	607	172	158
5952	2	753	181	159
5953	2	372	105	93
5954	2	418	81	56
5955	2	113	26	9
5956	2	837	254	230
5957	2	538	184	161
5958	2	720	195	170
5959	2	803	185	174
5960	2	201	49	28
5961	2	1064	213	203
5962	2	250	102	76
5963	2	719	145	120
5964	2	165	40	29
5965	2	1364	292	273
5966	2	232	54	39
5967	2	961	281	269
5968	2	490	134	103
5969	2	1214	386	352
5970	2	677	315	296
5971	2	260	79	67
5972	2	118	31	14
5973	2	114	33	20
5974	2	1079	290	279
5975	2	1661	373	361
5976	2	198	44	34
5977	2	199	41	27
5978	2	150	39	26
5979	2	1168	266	251
5980	2	531	115	77
5981	2	139	34	7
5982	2	754	163	142
5983	2	1029	281	265
5984	2	228	54	29
5985	2	1383	325	306
5986	2	1374	284	267
5987	2	289	65	31
5988	2	278	60	42
5989	2	602	140	113
5990	2	528	115	101
5991	2	126	49	32
5992	2	143	41	4
5993	2	602	161	141
5994	2	833	226	207
5995	2	389	150	110
5996	2	1175	309	290
5997	2	275	90	75
5998	2	270	53	45
5999	2	989	246	229
6000	2	897	262	236
6001	2	283	59	44
6002	2	1005	215	198
6003	2	814	236	222
6004	2	179	68	41
6005	2	823	216	195
6006	2	750	164	151
6007	2	477	105	92
6008	2	685	261	237
6009	2	115	31	10
6010	2	713	265	234
6011	2	1170	338	322
6012	2	274	86	55
6013	2	499	155	134
6014	2	135	61	36
6015	2	1003	219	206
6016	2	213	56	22
6017	2	553	160	149
6018	2	543	143	132
6019	2	390	137	107
6020	2	465	164	129
6021	2	1469	288	273
6022	2	747	234	211
6023	2	773	191	168
6024	2	1157	313	292
6025	2	894	213	198
6026	2	177	39	29
6027	2	168	45	19
6028	2	1241	254	244
6029	2	800	175	160
6030	2	296	94	81
6031	2	826	151	142
6032	2	222	82	60
6033	2	136	34	22
6034	2	510	121	105
6035	2	128	41	25
6036	2	792	185	161
6037	2	1039	231	216
6038	2	1064	296	283
6039	2	322	83	66
6040	2	442	103	82
6041	2	219	74	53
6042	2	364	90	60
6043	2	638	134	61
6044	2	614	265	244
6045	2	1187	376	365
6046	2	86	28	14
6047	2	1347	331	314
6048	2	201	46	8
6049	2	1228	329	310
6050	2	1024	295	272
6051	2	698	183	167
6052	2	190	45	21
6053	2	398	98	86
6054	2	1108	247	233
6055	2	221	78	50
6056	2	1193	294	280
6057	2	646	145	132
6058	2	365	91	75
6059	2	414	96	81
6060	2	877	259	244
6061	2	390	91	74
6062	2	684	166	151
6063	2	267	65	44
6064	2	768	186	172
6065	2	534	123	57
6066	2	346	101	76
6067	2	267	60	43
6068	2	1279	308	292
6069	2	895	208	194
6070	2	490	124	93
6071	2	1481	323	295
6072	2	899	198	187
6073	2	395	119	104
6074	2	246	52	40
6075	2	1416	286	271
6076	2	1089	169	152
6077	2	1039	204	190
6078	2	119	52	24
6079	2	1615	334	318
6080	2	708	184	173
6081	2	525	117	100
6082	2	1145	236	220
6083	2	231	94	84
6084	2	1183	252	224
6085	2	1195	229	218
6086	2	1147	222	210
6087	2	510	117	104
6088	2	928	180	168
6089	2	509	115	90
6090	2	1254	264	241
6091	2	1306	315	303
6092	2	858	173	163
6093	2	295	88	64
6094	2	760	171	146
6095	2	1680	357	337
6096	2	770	262	242
6097	2	1163	282	253
6098	2	1100	307	280
6099	2	862	277	255
6100	2	144	31	17
6101	2	1292	352	334
6102	2	871	193	184
6103	2	321	103	84
6104	2	1384	289	276
6105	2	435	123	100
6106	2	1168	231	221
6107	2	397	81	66
6108	2	1164	286	274
6109	2	98	48	31
6110	2	138	31	18
6111	2	328	105	82
6112	2	1227	246	234
6113	2	1201	267	256
6114	2	336	110	97
6115	2	1386	277	268
6116	2	1104	313	299
6117	2	984	201	190
6118	2	1217	268	253
6119	2	1306	276	263
6120	2	578	127	119
6121	2	1015	221	209
6122	2	228	54	42
6123	2	105	31	12
6124	2	198	52	33
6125	2	1297	345	303
6126	2	759	204	193
6127	2	673	195	154
6128	2	180	48	28
6129	2	142	35	18
6130	2	1073	232	221
6131	2	1335	342	326
6132	2	870	207	196
6133	2	1382	318	303
6134	2	48	15	9
6135	2	514	122	105
6136	2	1121	345	333
6137	2	111	37	3
6138	2	258	51	40
6139	2	443	107	91
6140	2	318	66	42
6141	2	312	95	81
6142	2	72	18	9
6143	2	258	84	56
6144	2	474	160	134
6145	2	1284	280	267
6146	2	523	142	113
6147	2	1075	257	239
6148	2	677	233	218
6149	2	1004	198	184
6150	2	257	69	44
6151	2	682	182	163
6152	2	231	84	48
6153	2	214	65	47
6154	2	622	179	158
6155	2	180	37	25
6156	2	485	155	141
6157	2	951	192	180
6158	2	1302	288	269
6159	2	712	135	117
6160	2	435	95	85
6161	2	979	237	221
6162	2	262	78	72
6163	2	380	112	89
6164	2	298	84	43
6165	2	167	41	27
6166	2	858	288	275
6167	2	114	32	21
6168	2	818	179	164
6169	2	1205	265	198
6170	2	1105	305	285
6171	2	242	69	43
6172	2	1027	275	239
6173	2	1096	251	236
6174	2	714	146	115
6175	2	344	90	74
6176	2	657	128	112
6177	2	439	125	100
6178	2	384	118	62
6179	2	237	114	98
6180	2	1164	307	294
6181	2	228	43	31
6182	2	184	59	44
6183	2	1158	198	185
6184	2	1306	316	296
6185	2	672	141	126
6186	2	95	35	21
6187	2	1179	301	293
6188	2	725	141	111
6189	2	508	114	54
6190	2	902	214	196
6191	2	1299	278	266
6192	2	615	105	75
6193	2	415	105	89
6194	2	1102	272	250
6195	2	177	62	40
6196	2	533	201	187
6197	2	258	79	56
6198	2	211	70	29
6199	2	403	122	104
6200	2	993	209	190
6201	2	918	325	310
6202	2	1290	295	282
6203	2	792	168	156
6204	2	1288	313	292
6205	2	1417	300	288
6206	2	1059	232	221
6207	2	1122	258	246
6208	2	904	207	192
6209	2	1298	289	274
6210	2	902	188	177
6211	2	875	205	183
6212	2	1131	214	202
6213	2	160	46	29
6214	2	173	47	18
6215	2	1182	237	224
6216	2	160	61	21
6217	2	155	41	22
6218	2	1227	290	281
6219	2	1189	272	258
6220	2	255	83	58
6221	2	1107	290	277
6222	2	1027	224	210
6223	2	468	88	74
6224	2	102	25	14
6225	2	320	167	154
6226	2	103	28	9
6227	2	576	127	103
6228	2	442	165	143
6229	2	424	118	97
6230	2	89	32	15
6231	2	231	51	35
6232	2	177	39	25
6233	2	192	48	28
6234	2	856	206	185
6235	2	189	46	29
6236	2	398	129	116
6237	2	1086	336	319
6238	2	74	33	12
6239	2	172	51	23
6240	2	155	41	26
6241	2	172	42	34
6242	2	1358	309	295
6243	2	114	26	14
6244	2	1203	261	250
6245	2	199	46	14
6246	2	395	102	76
6247	2	462	95	77
6248	2	280	125	106
6249	2	172	63	49
6250	2	1202	295	285
6251	2	918	168	156
6252	2	921	227	206
6253	2	819	189	157
6254	2	871	206	195
6255	2	1220	371	356
6256	2	328	88	45
6257	2	219	68	25
6258	2	603	132	93
6259	2	584	121	63
6260	2	166	43	29
6261	2	435	96	80
6262	2	200	58	44
6263	2	1154	326	314
6264	2	60	23	11
6265	2	99	40	25
6266	2	369	80	67
6267	2	217	56	25
6268	2	288	62	46
6269	2	454	115	88
6270	2	958	242	231
6271	2	1055	193	180
6272	2	166	51	25
6273	2	767	233	211
6274	2	84	24	12
6275	2	906	241	219
6276	2	905	260	246
6277	2	1361	285	274
6278	2	430	94	84
6279	2	1146	235	226
6280	2	473	107	94
6281	2	1248	229	218
6282	2	968	183	172
6283	2	965	219	203
6284	2	322	108	93
6285	2	86	35	23
6286	2	726	204	187
6287	2	404	109	98
6288	2	838	192	180
6289	2	1371	286	271
6290	2	1522	318	309
6291	2	1599	349	337
6292	2	1303	398	380
6293	2	227	69	56
6294	2	183	50	37
6295	2	1518	356	321
6296	2	87	27	13
6297	2	1082	277	267
6298	2	519	108	97
6299	2	501	99	87
6300	2	294	81	67
6301	2	226	50	33
6302	2	473	159	117
6303	2	63	23	5
6304	2	402	76	65
6305	2	206	87	71
6306	2	1167	319	305
6307	2	282	59	45
6308	2	408	109	87
6309	2	1071	312	286
6310	2	1157	321	306
6311	2	1136	286	264
6312	2	829	193	180
6313	2	460	130	88
6314	2	1599	436	423
6315	2	363	118	103
6316	2	358	83	58
6317	2	123	36	15
6318	2	1260	291	278
6319	2	1262	275	249
6320	2	1356	263	247
6321	2	1315	259	241
6322	2	503	139	65
6323	2	1177	278	263
6324	2	549	115	93
6325	2	1219	270	251
6326	2	519	96	82
6327	2	910	206	193
6328	2	153	33	20
6329	2	216	82	71
6330	2	986	212	200
6331	2	292	138	122
6332	2	1045	228	215
6333	2	714	142	130
6334	2	277	47	36
6335	2	1424	384	366
6336	2	1300	254	233
6337	2	1220	230	219
6338	2	131	31	18
6339	2	817	215	195
6340	2	243	83	71
6341	2	184	60	23
6342	2	129	40	28
6343	2	698	145	89
6344	2	1040	248	232
6345	2	1487	253	223
6346	2	222	52	40
6347	2	195	38	29
6348	2	117	32	22
6349	2	899	185	177
6350	2	1148	331	312
6351	2	176	69	54
6352	2	70	45	32
6353	2	883	240	229
6354	2	109	35	8
6355	2	1121	242	227
6356	2	587	163	137
6357	2	1033	234	216
6358	2	676	211	197
6359	2	384	144	123
6360	2	153	50	35
6361	2	794	194	168
6362	2	1092	240	227
6363	2	522	128	110
6364	2	90	29	9
6365	2	216	50	26
6366	2	132	29	17
6367	2	63	18	13
6368	2	357	99	82
6369	2	411	124	92
6370	2	421	142	128
6371	2	547	121	115
6372	2	165	33	24
6373	2	133	42	20
6374	2	1217	375	342
6375	2	80	22	8
6376	2	69	25	12
6377	2	136	43	17
6378	2	128	35	25
6379	2	318	91	55
6380	2	137	53	18
6381	2	602	111	98
6382	2	591	146	122
6383	2	119	45	32
6384	2	1291	274	254
6385	2	968	304	293
6386	2	456	102	87
6387	2	1026	338	322
6388	2	1091	328	319
6389	2	684	148	116
6390	2	1199	294	280
6391	2	219	45	29
6392	2	431	112	96
6393	2	514	118	100
6394	2	276	55	43
6395	2	1124	261	248
6396	2	526	151	83
6397	2	857	185	157
6398	2	297	67	52
6399	2	391	114	82
6400	2	804	152	112
6401	2	1809	452	434
6402	2	544	165	134
6403	2	103	33	18
6404	2	865	210	198
6405	2	538	143	128
6406	2	158	44	8
6407	2	1311	283	269
6408	2	1396	312	298
6409	2	1396	272	258
6410	2	177	43	33
6411	2	266	68	42
6412	2	1214	242	230
6413	2	1247	256	242
6414	2	307	123	82
6415	2	1098	197	185
6416	2	666	210	196
6417	2	111	31	9
6418	2	1343	271	260
6419	2	175	64	23
6420	2	1048	226	215
6421	2	1288	377	344
6422	2	141	38	13
6423	2	1312	321	305
6424	2	1459	306	295
6425	2	881	236	225
6426	2	803	156	148
6427	2	1159	226	215
6428	2	1194	227	218
6429	2	1138	285	265
6430	2	697	188	167
6431	2	1038	255	236
6432	2	284	58	45
6433	2	85	26	9
6434	2	388	109	69
6435	2	939	184	170
6436	2	339	91	75
6437	2	759	203	183
6438	2	169	41	17
6439	2	212	56	11
6440	2	1240	346	321
6441	2	95	34	22
6442	2	830	202	161
6443	2	588	130	112
6444	2	1127	346	333
6445	2	84	29	8
6446	2	79	23	4
6447	2	177	57	27
6448	2	638	191	176
6449	2	720	193	183
6450	2	554	198	171
6451	2	1293	347	331
6452	2	63	28	13
6453	2	430	81	59
6454	2	486	105	81
6455	2	270	66	57
6456	2	84	40	20
6457	2	386	107	95
6458	2	116	46	36
6459	2	474	98	81
6460	2	34	18	7
6461	2	1250	361	346
6462	2	614	149	117
6463	2	631	148	139
6464	2	376	97	35
6465	2	837	205	183
6466	2	1025	207	180
6467	2	279	72	60
6468	2	1684	595	586
6469	2	909	180	157
6470	2	1125	285	260
6471	2	572	115	99
6472	2	639	196	165
6473	2	859	221	207
6474	2	198	71	48
6475	2	1002	207	193
6476	2	279	66	55
6477	2	1309	331	309
6478	2	313	85	51
6479	2	1099	346	320
6480	2	566	157	132
6481	2	331	84	62
6482	2	1173	238	223
6483	2	1309	275	247
6484	2	711	157	126
6485	2	622	124	90
6486	2	243	64	22
6487	2	270	55	29
6488	2	822	210	193
6489	2	1325	333	308
6490	2	1203	308	290
6491	2	621	237	226
6492	2	923	252	238
6493	2	731	189	156
6494	2	684	158	141
6495	2	174	44	32
6496	2	406	107	75
6497	2	895	249	149
6498	2	147	52	39
6499	2	1164	226	216
6500	2	132	64	50
6501	2	1044	201	191
6502	2	348	73	49
6503	2	357	80	64
6504	2	340	73	50
6505	2	87	21	6
6506	2	315	83	67
6507	2	1123	321	305
6508	2	513	100	59
6509	2	1292	250	234
6510	2	283	104	85
6511	2	104	40	25
6512	2	883	274	262
6513	2	437	96	78
6514	2	977	222	201
6515	2	888	210	197
6516	2	566	179	163
6517	2	159	50	23
6518	2	663	197	186
6519	2	183	40	29
6520	2	1360	463	439
6521	2	1267	295	282
6522	2	1452	362	341
6523	2	84	21	6
6524	2	269	80	42
6525	2	179	53	24
6526	2	384	88	70
6527	2	1146	334	307
6528	2	219	50	39
6529	2	428	111	96
6530	2	279	88	76
6531	2	363	99	79
6532	2	526	144	134
6533	2	647	161	151
6534	2	226	81	72
6535	2	210	51	40
6536	2	345	112	85
6537	2	577	176	126
6538	2	978	207	172
6539	2	799	210	170
6540	2	558	150	135
6541	2	966	285	271
6542	2	1399	307	295
6543	2	194	50	38
6544	2	216	46	33
6545	2	246	69	48
6546	2	1308	291	276
6547	2	832	266	256
6548	2	1046	266	253
6549	2	642	138	129
6550	2	724	271	226
6551	2	62	27	14
6552	2	580	142	125
6553	2	335	96	81
6554	2	119	40	17
6555	2	542	122	109
6556	2	615	133	107
6557	2	591	131	118
6558	2	130	37	13
6559	2	994	340	317
6560	2	1458	370	357
6561	2	953	208	195
6562	2	1162	354	324
6563	2	1160	363	337
6564	2	312	72	49
6565	2	489	159	135
6566	2	207	49	37
6567	2	391	133	111
6568	2	154	46	21
6569	2	261	74	57
6570	2	879	285	275
6571	2	1354	273	264
6572	2	1106	335	321
6573	2	918	208	191
6574	2	736	203	189
6575	2	589	141	125
6576	2	259	88	54
6577	2	98	47	29
6578	2	184	62	37
6579	2	39	15	5
6580	2	459	173	157
6581	2	1271	343	312
6582	2	886	269	254
6583	2	1265	341	331
6584	2	362	88	76
6585	2	256	73	56
6586	2	604	164	151
6587	2	343	113	100
6588	2	1093	230	212
6589	2	1027	244	231
6590	2	594	116	105
6591	2	120	44	25
6592	2	534	102	83
6593	2	484	162	147
6594	2	362	133	114
6595	2	467	100	89
6596	2	787	172	158
6597	2	74	26	12
6598	2	717	143	122
6599	2	523	183	167
6600	2	1204	243	226
6601	2	938	259	240
6602	2	864	218	204
6603	2	1431	278	265
6604	2	318	60	38
6605	2	829	165	151
6606	2	672	176	165
6607	2	1494	327	287
6608	2	198	47	35
6609	2	77	28	15
6610	2	912	308	295
6611	2	719	163	140
6612	2	866	218	205
6613	2	444	120	100
6614	2	461	121	98
6615	2	69	19	10
6616	2	150	45	33
6617	2	827	244	228
6618	2	1233	263	226
6619	2	218	61	11
6620	2	556	195	176
6621	2	561	137	121
6622	2	124	46	30
6623	2	1238	395	363
6624	2	241	69	49
6625	2	938	209	188
6626	2	1410	319	278
6627	2	612	147	119
6628	2	230	52	26
6629	2	195	41	30
6630	2	279	88	72
6631	2	1296	225	207
6632	2	1061	276	262
6633	2	773	176	165
6634	2	805	222	201
6635	2	282	91	73
6636	2	122	34	12
6637	2	706	237	225
6638	2	1159	338	322
6639	2	493	125	113
6640	2	995	207	195
6641	2	1152	230	221
6642	2	624	155	145
6643	2	1137	320	308
6644	2	995	228	218
6645	2	1188	227	214
6646	2	1177	383	356
6647	2	477	124	107
6648	2	525	121	111
6649	2	117	31	16
6650	2	909	258	249
6651	2	383	90	68
6652	2	343	94	81
6653	2	1020	269	250
6654	2	1254	339	321
6655	2	1231	213	200
6656	2	1151	225	211
6657	2	605	178	126
6658	2	1426	294	270
6659	2	907	196	181
6660	2	713	146	135
6661	2	242	56	38
6662	2	1100	220	207
6663	2	924	259	242
6664	2	227	63	37
6665	2	763	239	210
6666	2	995	221	203
6667	2	187	42	19
6668	2	43	29	17
6669	2	788	175	163
6670	2	1421	263	246
6671	2	252	54	41
6672	2	1393	342	330
6673	2	795	308	297
6674	2	1085	287	275
6675	2	180	37	27
6676	2	510	103	88
6677	2	669	202	186
6678	2	288	77	57
6679	2	88	34	18
6680	2	139	65	48
6681	2	161	46	33
6682	2	90	29	15
6683	2	511	143	126
6684	2	162	54	37
6685	2	1000	331	222
6686	2	306	77	61
6687	2	205	66	24
6688	2	174	48	36
6689	2	192	39	25
6690	2	758	224	212
6691	2	536	129	113
6692	2	773	205	188
6693	2	156	37	22
6694	2	341	96	57
6695	2	590	206	191
6696	2	907	222	200
6697	2	192	38	20
6698	2	116	32	19
6699	2	1261	318	304
6700	2	1266	283	272
6701	2	154	37	19
6702	2	408	88	80
6703	2	508	99	34
6704	2	330	79	62
6705	2	261	54	40
6706	2	109	35	23
6707	2	242	83	71
6708	2	625	196	180
6709	2	126	41	24
6710	2	1340	299	284
6711	2	372	80	57
6712	2	1397	299	281
6713	2	146	51	30
6714	2	921	279	263
6715	2	557	153	135
6716	2	92	35	21
6717	2	185	43	23
6718	2	353	83	68
6719	2	1025	237	218
6720	2	450	104	91
6721	2	424	136	112
6722	2	422	186	167
6723	2	381	85	71
6724	2	351	81	66
6725	2	1627	674	662
6726	2	152	40	7
6727	2	552	194	180
6728	2	117	36	21
6729	2	1218	283	273
6730	2	993	238	224
6731	2	116	45	28
6732	2	1305	370	355
6733	2	543	167	152
6734	2	1031	281	273
6735	2	447	116	101
6736	2	1109	285	258
6737	2	945	251	236
6738	2	746	166	155
6739	2	917	233	222
6740	2	1342	330	317
6741	2	683	183	144
6742	2	466	192	178
6743	2	575	170	155
6744	2	1148	239	225
6745	2	887	284	271
6746	2	1120	237	225
6747	2	123	42	12
6748	2	937	217	200
6749	2	88	31	9
6750	2	234	55	39
6751	2	258	63	45
6752	2	158	52	34
6753	2	122	40	15
6754	2	771	219	180
6755	2	236	54	40
6756	2	483	125	74
6757	2	955	281	266
6758	2	529	151	128
6759	2	1132	236	218
6760	2	1416	274	262
6761	2	883	196	177
6762	2	1069	241	230
6763	2	1109	226	212
6764	2	111	38	17
6765	2	1209	294	279
6766	2	451	117	104
6767	2	1314	303	280
6768	2	653	164	142
6769	2	993	223	213
6770	2	1270	276	266
6771	2	1207	307	252
6772	2	1009	214	196
6773	2	701	177	165
6774	2	900	217	203
6775	2	540	180	160
6776	2	965	191	173
6777	2	1263	283	270
6778	2	860	213	198
6779	2	1214	264	252
6780	2	114	32	20
6781	2	726	228	214
6782	2	1170	306	292
6783	2	349	82	70
6784	2	475	108	97
6785	2	183	47	33
6786	2	304	98	83
6787	2	822	178	168
6788	2	165	39	32
6789	2	1032	266	252
6790	2	486	119	101
6791	2	1034	224	202
6792	2	705	221	207
6793	2	1001	224	208
6794	2	91	31	20
6795	2	470	109	94
6796	2	123	33	21
6797	2	218	53	31
6798	2	255	53	29
6799	2	635	140	121
6800	2	1071	272	257
6801	2	150	34	24
6802	2	417	100	86
6803	2	712	161	149
6804	2	459	84	72
6805	2	267	150	138
6806	2	579	120	103
6807	2	938	204	194
6808	2	267	57	46
6809	2	144	28	21
6810	2	1228	359	343
6811	2	121	34	14
6812	2	109	32	12
6813	2	1067	233	220
6814	2	701	279	261
6815	2	169	56	40
6816	2	154	37	11
6817	2	1391	273	258
6818	2	1271	317	303
6819	2	118	51	36
6820	2	209	66	41
6821	2	127	32	7
6822	2	806	160	146
6823	2	152	82	60
6824	2	950	322	307
6825	2	567	124	111
6826	2	194	62	31
6827	2	49	24	13
6828	2	1204	342	323
6829	2	125	38	22
6830	2	1072	280	265
6831	2	731	229	203
6832	2	654	126	98
6833	2	898	223	208
6834	2	665	147	134
6835	2	450	106	76
6836	2	96	25	7
6837	2	947	195	179
6838	2	1002	301	285
6839	2	768	172	156
6840	2	658	162	134
6841	2	248	90	35
6842	2	1482	306	292
6843	2	1448	309	288
6844	2	937	253	227
6845	2	309	74	61
6846	2	518	155	136
6847	2	1711	442	421
6848	2	468	105	77
6849	2	213	43	31
6850	2	255	62	43
6851	2	349	94	77
6852	2	146	46	32
6853	2	195	53	40
6854	2	189	59	37
6855	2	750	203	179
6856	2	1037	238	202
6857	2	1296	242	227
6858	2	1450	294	274
6859	2	841	175	161
6860	2	1107	311	295
6861	2	637	169	151
6862	2	693	226	210
6863	2	1068	245	228
6864	2	156	46	20
6865	2	875	294	278
6866	2	975	209	196
6867	2	888	174	142
6868	2	228	46	31
6869	2	1138	265	248
6870	2	1008	209	190
6871	2	1100	259	246
6872	2	942	188	172
6873	2	538	117	63
6874	2	385	113	95
6875	2	119	58	40
6876	2	936	198	185
6877	2	1049	221	209
6878	2	225	48	37
6879	2	820	168	156
6880	2	102	29	15
6881	2	522	213	111
6882	2	1400	285	270
6883	2	1264	250	240
6884	2	1098	288	258
6885	2	1595	337	318
6886	2	443	159	146
6887	2	954	298	265
6888	2	1002	238	225
6889	2	165	33	23
6890	2	1107	233	220
6891	2	798	209	194
6892	2	94	33	21
6893	2	121	30	8
6894	2	153	36	25
6895	2	1131	290	251
6896	2	198	47	15
6897	2	753	178	129
6898	2	977	231	217
6899	2	444	116	105
6900	2	453	95	80
6901	2	1134	325	272
6902	2	913	238	201
6903	2	1337	264	250
6904	2	998	223	210
6905	2	354	87	73
6906	2	1094	226	211
6907	2	1303	275	256
6908	2	1242	323	306
6909	2	97	29	11
6910	2	534	109	101
6911	2	1134	284	270
6912	2	789	231	223
6913	2	78	25	6
6914	2	1120	331	308
6915	2	1060	279	262
6916	2	234	60	39
6917	2	268	72	32
6918	2	156	33	21
6919	2	402	77	64
6920	2	828	178	148
6921	2	111	35	11
6922	2	96	27	17
6923	2	1263	326	310
6924	2	892	198	186
6925	2	707	145	136
6926	2	1184	270	261
6927	2	902	255	241
6928	2	266	58	36
6929	2	476	126	73
6930	2	55	21	4
6931	2	622	178	152
6932	2	548	161	143
6933	2	956	259	233
6934	2	171	60	45
6935	2	1596	372	357
6936	2	108	32	18
6937	2	249	95	67
6938	2	1335	294	276
6939	2	1029	302	286
6940	2	157	47	24
6941	2	402	114	87
6942	2	866	190	159
6943	2	1082	222	210
6944	2	741	147	138
6945	2	1182	361	345
6946	2	1155	232	222
6947	2	776	210	184
6948	2	1278	280	267
6949	2	133	43	11
6950	2	123	27	15
6951	2	1159	380	366
6952	2	917	275	265
6953	2	437	118	91
6954	2	210	47	32
6955	2	217	58	38
6956	2	168	43	29
6957	2	1087	253	238
6958	2	892	237	208
6959	2	1149	206	192
6960	2	1385	340	317
6961	2	276	73	54
6962	2	189	53	41
6963	2	430	119	85
6964	2	118	34	11
6965	2	290	90	78
6966	2	662	171	159
6967	2	235	88	74
6968	2	238	123	90
6969	2	1163	252	237
6970	2	57	20	10
6971	2	146	49	24
6972	2	296	91	77
6973	2	589	160	138
6974	2	249	58	31
6975	2	1325	312	295
6976	2	1212	325	310
6977	2	1397	289	277
6978	2	1225	347	331
6979	2	954	260	240
6980	2	1239	244	235
6981	2	1439	299	277
6982	2	1197	236	225
6983	2	681	201	190
6984	2	451	115	108
6985	2	683	274	263
6986	2	1255	239	223
6987	2	163	66	44
6988	2	208	69	55
6989	2	111	36	11
6990	2	312	85	76
6991	2	175	63	33
6992	2	306	76	66
6993	2	1262	241	230
6994	2	696	279	248
6995	2	657	151	116
6996	2	407	109	75
6997	2	90	33	20
6998	2	453	92	83
6999	2	285	72	59
7000	2	701	204	142
7001	2	210	45	35
7002	2	167	91	70
7003	2	801	240	230
7004	2	605	129	115
7005	2	837	246	230
7006	2	84	28	17
7007	2	333	106	88
7008	2	182	51	33
7009	2	1303	284	272
7010	2	167	46	34
7011	2	223	51	15
7012	2	116	31	20
7013	2	284	67	49
7014	2	748	179	166
7015	2	210	40	29
7016	2	504	114	91
7017	2	922	225	214
7018	2	193	48	27
7019	2	99	35	12
7020	2	435	133	115
7021	2	207	68	47
7022	2	1160	335	324
7023	2	80	31	18
7024	2	222	55	40
7025	2	176	58	40
7026	2	129	35	19
7027	2	217	70	60
7028	2	597	132	111
7029	2	726	169	154
7030	2	73	27	14
7031	2	154	38	10
7032	2	336	83	58
7033	2	158	45	34
7034	2	143	47	28
7035	2	183	48	33
7036	2	183	39	30
7037	2	272	70	53
7038	2	269	112	58
7039	2	1080	255	236
7040	2	1076	233	219
7041	2	1171	255	246
7042	2	312	78	65
7043	2	68	29	14
7044	2	99	35	19
7045	2	194	56	33
7046	2	164	55	43
7047	2	333	95	81
7048	2	156	53	30
7049	2	387	140	124
7050	2	828	466	439
7051	2	1203	268	246
7052	2	1290	369	350
7053	2	82	37	14
7054	2	94	25	3
7055	2	150	45	30
7056	2	530	120	101
7057	2	132	58	44
7058	2	267	55	41
7059	2	1320	311	295
7060	2	741	184	164
7061	2	764	194	180
7062	2	1049	297	277
7063	2	1001	252	237
7064	2	893	200	187
7065	2	1432	311	294
7066	2	195	48	18
7067	2	1047	212	185
7068	2	552	176	158
7069	2	580	141	56
7070	2	547	141	127
7071	2	225	41	29
7072	2	742	209	181
7073	2	895	262	245
7074	2	150	51	29
7075	2	258	67	54
7076	2	956	297	243
7077	2	922	268	254
7078	2	1199	342	324
7079	2	1089	340	330
7080	2	709	143	126
7081	2	707	247	225
7082	2	1153	241	230
7083	2	645	147	130
7084	2	1258	245	234
7085	2	974	286	252
7086	2	357	85	72
7087	2	744	171	159
7088	2	1177	368	321
7089	2	212	48	21
7090	2	1069	255	245
7091	2	169	33	23
7092	2	875	205	191
7093	2	444	187	173
7094	2	267	56	44
7095	2	124	32	11
7096	2	89	38	20
7097	2	1360	261	242
7098	2	965	215	200
7099	2	756	168	154
7100	2	141	40	26
7101	2	629	206	193
7102	2	177	40	26
7103	2	66	23	9
7104	2	437	122	114
7105	2	618	143	129
7106	2	818	172	156
7107	2	181	47	16
7108	2	621	161	130
7109	2	298	127	77
7110	2	274	88	73
7111	2	407	113	100
7112	2	114	44	33
7113	2	1284	267	253
7114	2	468	127	90
7115	2	171	52	32
7116	2	1057	267	247
7117	2	1283	330	313
7118	2	1242	300	284
7119	2	1084	311	293
7120	2	134	38	15
7121	2	204	46	32
7122	2	456	101	94
7123	2	486	118	105
7124	2	33	15	3
7125	2	375	95	89
7126	2	1087	291	275
7127	2	151	42	11
7128	2	77	28	12
7129	2	112	41	18
7130	2	171	39	26
7131	2	225	57	41
7132	2	339	76	66
7133	2	1167	306	294
7134	2	1356	307	288
7135	2	1150	331	321
7136	2	321	86	70
7137	2	205	50	21
7138	2	748	176	166
7139	2	290	66	48
7140	2	459	102	86
7141	2	1224	231	219
7142	2	306	115	84
7143	2	1299	273	259
7144	2	287	92	75
7145	2	1132	319	303
7146	2	1193	253	240
7147	2	876	241	228
7148	2	849	242	221
7149	2	1245	295	275
7150	2	243	74	41
7151	2	80	31	8
7152	2	426	98	78
7153	2	1210	271	260
7154	2	639	142	65
7155	2	1338	265	247
7156	2	1109	256	245
7157	2	1002	202	188
7158	2	813	188	177
7159	2	188	69	55
7160	2	1113	266	254
7161	2	297	97	67
7162	2	212	59	46
7163	2	1172	262	240
7164	2	974	249	236
7165	2	1370	336	327
7166	2	267	49	33
7167	2	150	36	14
7168	2	386	116	96
7169	2	309	85	72
7170	2	136	45	15
7171	2	375	90	71
7172	2	482	124	106
7173	2	630	231	221
7174	2	629	166	147
7175	2	1243	266	255
7176	2	1442	291	277
7177	2	373	69	51
7178	2	1085	376	363
7179	2	334	90	44
7180	2	1156	313	302
7181	2	1001	195	185
7182	2	643	151	134
7183	2	444	108	97
7184	2	503	107	69
7185	2	533	143	133
7186	2	573	136	127
7187	2	273	58	43
7188	2	408	107	96
7189	2	1361	456	418
7190	2	461	112	83
7191	2	1462	326	305
7192	2	433	137	112
7193	2	127	36	10
7194	2	973	208	195
7195	2	1133	299	282
7196	2	1394	373	339
7197	2	150	45	22
7198	2	153	57	29
7199	2	114	42	5
7200	2	138	39	13
7201	2	697	155	142
7202	2	1189	234	221
7203	2	833	173	161
7204	2	1263	307	289
7205	2	683	136	127
7206	2	127	48	35
7207	2	140	41	32
7208	2	870	183	172
7209	2	342	111	97
7210	2	402	87	77
7211	2	912	180	171
7212	2	1364	263	253
7213	2	351	109	90
7214	2	689	213	185
7215	2	1021	361	343
7216	2	258	68	52
7217	2	66	21	5
7218	2	402	93	83
7219	2	107	34	15
7220	2	1100	281	267
7221	2	65	30	15
7222	2	192	45	35
7223	2	718	173	158
7224	2	96	25	6
7225	2	243	68	58
7226	2	1186	316	305
7227	2	1079	317	302
7228	2	1062	254	243
7229	2	124	56	43
7230	2	141	40	15
7231	2	868	192	168
7232	2	880	225	212
7233	2	374	135	118
7234	2	1009	233	219
7235	2	1195	341	302
7236	2	938	296	272
7237	2	220	69	47
7238	2	62	23	11
7239	2	108	45	12
7240	2	1378	316	272
7241	2	1232	285	270
7242	2	277	106	83
7243	2	936	210	200
7244	2	911	201	185
7245	2	52	27	12
7246	2	1157	346	324
7247	2	857	155	142
7248	2	304	107	76
7249	2	847	169	157
7250	2	420	120	107
7251	2	106	42	25
7252	2	950	310	298
7253	2	1221	245	236
7254	2	529	150	139
7255	2	1214	274	259
7256	2	1143	263	251
7257	2	1286	308	291
7258	2	1399	302	290
7259	2	381	96	83
7260	2	368	80	65
7261	2	499	163	155
7262	2	655	141	95
7263	2	240	51	34
7264	2	193	40	28
7265	2	1363	412	399
7266	2	946	235	222
7267	2	1082	315	300
7268	2	235	67	30
7269	2	553	141	97
7270	2	1005	228	201
7271	2	796	279	261
7272	2	1142	227	211
7273	2	941	183	174
7274	2	1392	277	264
7275	2	1224	219	206
7276	2	1059	226	212
7277	2	1084	289	271
7278	2	253	72	62
7279	2	225	99	82
7280	2	234	152	139
7281	2	66	20	9
7282	2	258	50	32
7283	2	1213	266	256
7284	2	1135	319	296
7285	2	282	63	42
7286	2	209	68	56
7287	2	1254	359	343
7288	2	1110	323	311
7289	2	941	226	205
7290	2	617	166	154
7291	2	121	47	23
7292	2	429	121	111
7293	2	811	174	165
7294	2	259	90	71
7295	2	611	142	127
7296	2	1085	248	235
7297	2	53	23	10
7298	2	1366	289	277
7299	2	987	287	258
7300	2	1426	267	249
7301	2	811	206	193
7302	2	452	103	69
7303	2	1062	291	274
7304	2	1344	334	315
7305	2	1336	251	235
7306	2	1290	341	302
7307	2	158	51	23
7308	2	1256	362	332
7309	2	782	270	227
7310	2	1008	218	206
7311	2	414	123	101
7312	2	1098	248	237
7313	2	1286	318	298
7314	2	148	48	24
7315	2	301	81	63
7316	2	981	228	213
7317	2	427	120	107
7318	2	794	177	159
7319	2	194	51	19
7320	2	147	38	16
7321	2	532	153	135
7322	2	464	120	89
7323	2	687	160	118
7324	2	279	61	51
7325	2	355	100	77
7326	2	361	119	93
7327	2	1252	318	303
7328	2	159	35	24
7329	2	122	38	20
7330	2	939	318	305
7331	2	338	101	89
7332	2	95	30	18
7333	2	465	130	85
7334	2	1279	300	288
7335	2	1264	267	255
7336	2	279	90	65
7337	2	528	95	86
7338	2	1358	280	270
7339	2	115	27	7
7340	2	123	39	24
7341	2	477	135	120
7342	2	327	72	49
7343	2	171	46	29
7344	2	210	54	44
7345	2	393	81	76
7346	2	1003	227	212
7347	2	1235	350	342
7348	2	697	150	115
7349	2	162	44	28
7350	2	166	56	40
7351	2	570	145	135
7352	2	250	59	48
7353	2	120	50	40
7354	2	102	37	14
7355	2	489	148	125
7356	2	92	28	15
7357	2	742	242	222
7358	2	147	70	56
7359	2	382	119	90
7360	2	450	127	105
7361	2	470	171	150
7362	2	217	70	54
7363	2	394	144	130
7364	2	597	157	143
7365	2	59	25	12
7366	2	920	215	202
7367	2	321	101	89
7368	2	804	197	164
7369	2	1196	334	312
7370	2	168	53	39
7371	2	1158	242	230
7372	2	74	32	22
7373	2	1328	382	358
7374	2	1793	553	538
7375	2	189	51	38
7376	2	956	225	212
7377	2	1653	437	405
7378	2	289	77	35
7379	2	879	227	213
7380	2	1225	271	260
7381	2	1310	301	289
7382	2	483	140	118
7383	2	1209	263	252
7384	2	1357	272	261
7385	2	1314	293	280
7386	2	932	220	189
7387	2	333	69	59
7388	2	81	29	13
7389	2	186	43	33
7390	2	397	82	68
7391	2	85	29	9
7392	2	779	195	182
7393	2	575	158	146
7394	2	140	33	17
7395	2	72	32	16
7396	2	730	152	140
7397	2	489	110	95
7398	2	700	130	120
7399	2	147	33	23
7400	2	1068	212	197
7401	2	190	89	78
7402	2	1240	325	315
7403	2	1039	244	230
7404	2	1267	238	226
7405	2	1271	304	293
7406	2	1446	417	402
7407	2	161	44	16
7408	2	871	265	232
7409	2	991	252	237
7410	2	1355	285	272
7411	2	1236	271	258
7412	2	1197	371	346
7413	2	794	172	160
7414	2	1221	250	237
7415	2	940	258	98
7416	2	104	29	16
7417	2	269	74	57
7418	2	965	283	270
7419	2	584	200	87
7420	2	43	25	12
7421	2	1092	300	288
7422	2	1192	344	326
7423	2	164	48	29
7424	2	852	183	169
7425	2	213	57	42
7426	2	951	214	202
7427	2	192	52	34
7428	2	1059	227	209
7429	2	321	98	77
7430	2	1351	246	237
7431	2	965	276	263
7432	2	1155	309	299
7433	2	1329	284	272
7434	2	1439	309	293
7435	2	1118	296	286
7436	2	168	44	26
7437	2	477	116	105
7438	2	372	143	131
7439	2	306	89	67
7440	2	1210	395	384
7441	2	848	248	238
7442	2	380	109	59
7443	2	1018	301	293
7444	2	1046	267	258
7445	2	240	54	47
7446	2	75	25	4
7447	2	65	34	17
7448	2	1287	292	283
7449	2	720	141	128
7450	2	980	263	251
7451	2	138	61	39
7452	2	285	88	74
7453	2	1184	337	320
7454	2	131	55	42
7455	2	882	219	207
7456	2	126	32	14
7457	2	638	189	172
7458	2	769	243	226
7459	2	463	114	104
7460	2	104	49	38
7461	2	559	182	159
7462	2	679	172	148
7463	2	125	30	16
7464	2	236	79	62
7465	2	406	134	121
7466	2	389	118	106
7467	2	858	219	208
7468	2	122	58	35
7469	2	1086	323	308
7470	2	144	46	34
7471	2	105	31	19
7472	2	303	71	62
7473	2	123	45	24
7474	2	135	34	11
7475	2	449	113	102
7476	2	150	53	31
7477	2	225	69	45
7478	2	177	67	39
7479	2	326	120	75
7480	2	826	194	185
7481	2	554	158	141
7482	2	237	71	54
7483	2	882	238	223
7484	2	696	228	217
7485	2	363	82	67
7486	2	549	141	125
7487	2	111	25	15
7488	2	1167	302	293
7489	2	574	151	136
7490	2	347	85	69
7491	2	1168	217	197
7492	2	1020	228	218
7493	2	978	226	213
7494	2	613	179	81
7495	2	1200	320	302
7496	2	933	227	214
7497	2	923	211	196
7498	2	777	175	160
7499	2	1148	353	300
7500	2	473	135	122
7501	2	1608	398	377
7502	2	412	100	76
7503	2	1020	235	224
7504	2	1219	341	313
7505	2	706	209	192
7506	2	578	193	175
7507	2	507	129	119
7508	2	599	153	136
7509	2	337	133	110
7510	2	1006	309	298
7511	2	619	184	167
7512	2	403	116	96
7513	2	764	223	180
7514	2	580	194	155
7515	2	165	54	22
7516	2	1020	250	232
7517	2	393	152	120
7518	2	104	41	22
7519	2	209	48	32
7520	2	272	61	50
7521	2	342	76	61
7522	2	875	220	209
7523	2	162	36	28
7524	2	1092	222	212
7525	2	1324	297	285
7526	2	1336	298	286
7527	2	950	210	197
7528	2	580	200	130
7529	2	1362	375	330
7530	2	283	64	47
7531	2	1012	281	266
7532	2	1089	288	278
7533	2	1140	308	291
7534	2	1289	371	350
7535	2	1095	303	289
7536	2	596	152	116
7537	2	1041	282	268
7538	2	1244	258	249
7539	2	240	54	38
7540	2	1253	274	260
7541	2	1364	301	292
7542	2	1357	296	285
7543	2	358	136	121
7544	2	907	193	178
7545	2	88	31	16
7546	2	543	155	135
7547	2	234	47	32
7548	2	372	82	64
7549	2	112	53	33
7550	2	195	49	34
7551	2	237	67	54
7552	2	73	53	33
7553	2	1331	272	263
7554	2	557	92	81
7555	2	1311	356	331
7556	2	161	48	27
7557	2	471	133	125
7558	2	698	153	145
7559	2	1084	299	286
7560	2	1203	449	409
7561	2	1363	248	239
7562	2	99	37	17
7563	2	540	117	106
7564	2	233	56	40
7565	2	1304	283	268
7566	2	392	121	103
7567	2	1269	300	286
7568	2	1327	292	280
7569	2	582	170	157
7570	2	416	112	77
7571	2	1119	293	271
7572	2	603	148	128
7573	2	186	44	31
7574	2	687	128	113
7575	2	137	33	15
7576	2	832	166	156
7577	2	365	136	122
7578	2	1487	269	255
7579	2	1404	292	279
7580	2	469	126	111
7581	2	621	137	125
7582	2	171	74	56
7583	2	504	91	76
7584	2	87	27	6
7585	2	1284	466	446
7586	2	223	72	43
7587	2	121	29	10
7588	2	160	46	37
7589	2	170	43	20
7590	2	1337	323	288
7591	2	977	187	171
7592	2	760	224	192
7593	2	132	33	11
7594	2	908	254	242
7595	2	117	34	19
7596	2	811	174	158
7597	2	1554	302	287
7598	2	1426	284	272
7599	2	199	57	48
7600	2	119	44	8
7601	2	1161	276	259
7602	2	1164	245	229
7603	2	926	221	199
7604	2	1156	219	207
7605	2	272	83	63
7606	2	1180	287	270
7607	2	656	171	157
7608	2	1261	362	340
7609	2	354	85	41
7610	2	956	260	230
7611	2	1280	384	370
7612	2	849	191	179
7613	2	1263	302	286
7614	2	272	61	43
7615	2	622	205	193
7616	2	969	220	210
7617	2	1137	246	235
7618	2	114	47	28
7619	2	1211	277	268
7620	2	52	20	11
7621	2	970	392	373
7622	2	1158	211	201
7623	2	768	202	192
7624	2	229	58	40
7625	2	501	124	112
7626	2	644	141	127
7627	2	579	164	153
7628	2	62	22	14
7629	2	1057	258	250
7630	2	426	105	98
7631	2	804	204	190
7632	2	979	233	222
7633	2	788	169	158
7634	2	156	35	12
7635	2	153	32	24
7636	2	975	204	190
7637	2	973	209	200
7638	2	1132	262	249
7639	2	937	210	198
7640	2	1096	240	231
7641	2	947	205	179
7642	2	1439	330	316
7643	2	477	135	122
7644	2	1109	215	205
7645	2	1006	216	207
7646	2	1423	268	257
7647	2	1257	230	219
7648	2	948	200	189
7649	2	1236	285	274
7650	2	550	164	129
7651	2	1200	251	240
7652	2	294	83	51
7653	2	402	89	70
7654	2	1209	274	258
7655	2	148	65	32
7656	2	633	194	168
7657	2	987	290	274
7658	2	104	42	12
7659	2	640	214	182
7660	2	624	132	116
7661	2	109	30	19
7662	2	1077	218	209
7663	2	962	237	225
7664	2	744	146	135
7665	2	897	185	173
7666	2	1308	280	268
7667	2	468	87	77
7668	2	1042	209	199
7669	2	821	188	178
7670	2	709	146	132
7671	2	292	119	106
7672	2	911	218	203
7673	2	405	76	63
7674	2	331	89	73
7675	2	1299	345	332
7676	2	189	39	23
7677	2	1207	324	311
7678	2	285	65	52
7679	2	285	62	45
7680	2	375	98	81
7681	2	1176	232	216
7682	2	1127	248	235
7683	2	612	132	118
7684	2	1408	282	262
7685	2	146	62	37
7686	2	343	114	97
7687	2	1434	298	282
7688	2	535	169	109
7689	2	141	33	23
7690	2	253	67	51
7691	2	552	138	119
7692	2	81	24	14
7693	2	179	40	24
7694	2	833	256	245
7695	2	151	36	22
7696	2	1369	297	288
7697	2	1115	305	289
7698	2	246	76	65
7699	2	113	37	21
7700	2	90	33	7
7701	2	141	45	29
7702	2	1310	274	260
7703	2	279	87	56
7704	2	874	182	168
7705	2	1304	297	287
7706	2	1117	232	213
7707	2	1062	238	228
7708	2	1089	206	194
7709	2	1369	309	297
7710	2	162	51	35
7711	2	1425	342	331
7712	2	185	45	34
7713	2	729	193	175
7714	2	699	164	140
7715	2	1867	388	349
7716	2	196	52	21
7717	2	866	300	275
7718	2	793	157	145
7719	2	884	254	221
7720	2	927	192	178
7721	2	1437	295	282
7722	2	748	191	173
7723	2	827	225	213
7724	2	359	87	72
7725	2	978	241	225
7726	2	924	241	223
7727	2	1225	265	252
7728	2	675	147	129
7729	2	1248	293	274
7730	2	654	155	143
7731	2	332	106	80
7732	2	1285	295	281
7733	2	374	106	94
7734	2	640	139	127
7735	2	243	50	33
7736	2	148	47	30
7737	2	798	183	169
7738	2	385	79	66
7739	2	742	183	172
7740	2	1250	260	248
7741	2	945	237	226
7742	2	261	48	38
7743	2	364	83	65
7744	2	651	166	154
7745	2	495	130	109
7746	2	1366	264	238
7747	2	1167	334	321
7748	2	119	43	21
7749	2	337	101	85
7750	2	426	135	119
7751	2	184	54	18
7752	2	120	45	27
7753	2	452	107	94
7754	2	1080	261	247
7755	2	1195	204	192
7756	2	769	166	148
7757	2	1242	210	199
7758	2	423	95	75
7759	2	1226	272	262
7760	2	1098	191	181
7761	2	131	35	8
7762	2	127	49	31
7763	2	396	116	110
7764	2	125	44	26
7765	2	303	64	24
7766	2	608	132	122
7767	2	199	61	45
7768	2	770	181	169
7769	2	1310	275	260
7770	2	467	131	108
7771	2	551	191	178
7772	2	459	121	71
7773	2	414	95	78
7774	2	947	239	222
7775	2	458	169	144
7776	2	210	65	39
7777	2	199	67	41
7778	2	1320	267	257
7779	2	352	102	77
7780	2	1214	211	202
7781	2	730	176	168
7782	2	861	279	266
7783	2	675	225	213
7784	2	577	125	114
7785	2	558	143	133
7786	2	600	142	116
7787	2	97	32	16
7788	2	990	245	235
7789	2	398	164	151
7790	2	722	184	173
7791	2	1403	334	322
7792	2	935	199	181
7793	2	329	106	73
7794	2	518	119	101
7795	2	789	238	220
7796	2	1214	272	258
7797	2	1013	205	193
7798	2	1080	246	237
7799	2	1323	331	321
7800	2	1120	302	287
7801	2	815	182	168
7802	2	1263	295	282
7803	2	340	74	53
7804	2	1043	310	263
7805	2	1330	302	290
7806	2	455	123	104
7807	2	834	232	221
7808	2	1478	309	296
7809	2	1075	244	226
7810	2	643	148	131
7811	2	633	151	135
7812	2	58	36	18
7813	2	159	54	40
7814	2	597	136	127
7815	2	324	97	77
7816	2	402	95	73
7817	2	698	254	238
7818	2	69	21	12
7819	2	192	70	52
7820	2	766	165	153
7821	2	420	93	47
7822	2	1169	361	343
7823	2	1042	267	250
7824	2	175	55	23
7825	2	650	179	164
7826	2	754	160	147
7827	2	98	25	13
7828	2	814	212	199
7829	2	928	202	192
7830	2	695	139	126
7831	2	745	240	219
7832	2	880	212	193
7833	2	179	60	29
7834	2	448	86	31
7835	2	142	33	10
7836	2	128	37	18
7837	2	411	91	76
7838	2	1186	237	224
7839	2	117	24	16
7840	2	420	144	122
7841	2	183	47	13
7842	2	1009	282	269
7843	2	306	105	92
7844	2	512	171	142
7845	2	42	20	9
7846	2	248	84	64
7847	2	309	70	44
7848	2	522	120	107
7849	2	576	110	97
7850	2	1159	248	235
7851	2	204	76	54
7852	2	1007	216	200
7853	2	944	225	203
7854	2	207	46	31
7855	2	106	46	23
7856	2	114	41	27
7857	2	241	66	60
7858	2	1316	297	283
7859	2	878	202	181
7860	2	94	27	7
7861	2	402	103	86
7862	2	246	48	27
7863	2	351	96	82
7864	2	827	191	167
7865	2	1312	343	332
7866	2	1631	358	345
7867	2	185	77	57
7868	2	372	88	68
7869	2	353	93	85
7870	2	318	89	79
7871	2	658	140	130
7872	2	354	75	62
7873	2	615	156	144
7874	2	406	103	83
7875	2	636	170	161
7876	2	126	48	37
7877	2	198	57	45
7878	2	102	38	18
7879	2	862	283	274
7880	2	168	61	48
7881	2	969	178	167
7882	2	1437	278	264
7883	2	36	14	4
7884	2	645	168	158
7885	2	933	290	276
7886	2	1252	302	288
7887	2	1225	275	262
7888	2	1268	317	307
7889	2	987	209	195
7890	2	597	151	140
7891	2	740	242	104
7892	2	262	72	47
7893	2	258	50	33
7894	2	191	44	32
7895	2	156	41	30
7896	2	231	56	43
7897	2	586	172	156
7898	2	278	55	35
7899	2	1102	296	283
7900	2	942	298	284
7901	2	411	94	75
7902	2	432	113	99
7903	2	1437	293	276
7904	2	468	141	127
7905	2	215	43	29
7906	2	1340	334	316
7907	2	545	148	127
7908	2	1177	243	230
7909	2	870	300	286
7910	2	426	154	141
7911	2	1294	286	275
7912	2	860	263	246
7913	2	221	71	59
7914	2	204	71	47
7915	2	992	208	187
7916	2	297	63	52
7917	2	534	99	88
7918	2	1126	324	310
7919	2	891	202	194
7920	2	96	38	13
7921	2	934	220	197
7922	2	484	111	96
7923	2	91	29	16
7924	2	101	37	28
7925	2	119	41	17
7926	2	89	25	9
7927	2	216	46	33
7928	2	102	26	7
7929	2	72	25	8
7930	2	73	26	17
7931	2	333	97	31
7932	2	133	48	27
7933	2	78	26	15
7934	2	243	55	44
7935	2	1007	190	179
7936	2	450	124	110
7937	2	583	133	102
7938	2	877	203	185
7939	2	1174	341	321
7940	2	84	26	10
7941	2	1147	219	208
7942	2	90	25	13
7943	2	751	185	169
7944	2	102	37	19
7945	2	120	29	20
7946	2	300	87	66
7947	2	101	44	25
7948	2	237	71	55
7949	2	807	191	183
7950	2	719	193	179
7951	2	733	190	179
7952	2	366	111	97
7953	2	375	76	64
7954	2	882	205	192
7955	2	337	88	73
7956	2	78	25	14
7957	2	88	27	12
7958	2	948	190	177
7959	2	363	74	63
7960	2	862	250	236
7961	2	1281	241	228
7962	2	349	112	59
7963	2	234	84	51
7964	2	531	132	124
7965	2	171	48	24
7966	2	137	29	14
7967	2	171	39	26
7968	2	409	88	67
7969	2	144	33	20
7970	2	1092	193	183
7971	2	778	264	250
7972	2	807	238	228
7973	2	1183	302	289
7974	2	489	111	89
7975	2	865	186	175
7976	2	650	141	130
7977	2	797	152	143
7978	2	805	167	156
7979	2	1873	617	600
7980	2	915	179	169
7981	2	2395	869	853
7982	2	510	189	180
7983	2	549	148	133
7984	2	1260	377	358
7985	2	695	175	161
7986	2	1242	343	320
7987	2	1236	291	279
7988	2	368	142	85
7989	2	1151	334	317
7990	2	892	241	221
7991	2	1095	420	402
7992	2	218	45	24
7993	2	607	142	131
7994	2	662	154	133
7995	2	276	85	59
7996	2	422	135	118
7997	2	967	283	273
7998	2	946	293	277
7999	2	147	51	27
8000	2	248	77	64
8001	2	75	26	3
8002	2	966	275	258
8003	2	768	154	138
8004	2	1267	359	340
8005	2	1106	317	303
8006	2	628	138	130
8007	2	347	92	72
8008	2	1291	308	296
8009	2	231	87	43
8010	2	1229	225	212
8011	2	1268	344	306
8012	2	1097	240	226
8013	2	503	124	112
8014	2	1518	432	416
8015	2	99	34	11
8016	2	895	268	213
8017	2	233	71	56
8018	2	195	46	32
8019	2	1222	268	256
8020	2	504	98	81
8021	2	318	151	137
8022	2	850	186	175
8023	2	964	276	266
8024	2	500	110	94
8025	2	497	119	103
8026	2	713	148	137
8027	2	518	168	156
8028	2	261	64	41
8029	2	1161	205	194
8030	2	1207	323	305
8031	2	734	205	185
8032	2	1183	215	205
8033	2	980	219	194
8034	2	1030	317	306
8035	2	1272	267	253
8036	2	585	163	150
8037	2	315	90	67
8038	2	240	63	52
8039	2	618	154	126
8040	2	315	83	73
8041	2	60	18	4
8042	2	1122	347	323
8043	2	744	227	209
8044	2	294	115	95
8045	2	277	103	86
8046	2	99	34	16
8047	2	237	47	32
8048	2	1263	343	331
8049	2	171	36	20
8050	2	525	122	109
8051	2	982	253	237
8052	2	1207	352	331
8053	2	1317	245	232
8054	2	156	35	23
8055	2	103	49	31
8056	2	99	32	12
8057	2	523	257	247
8058	2	84	32	16
8059	2	80	28	13
8060	2	111	34	22
8061	2	118	36	13
8062	2	313	107	90
8063	2	652	219	202
8064	2	603	140	129
8065	2	347	104	87
8066	2	135	46	22
8067	2	153	52	22
8068	2	426	85	66
8069	2	633	157	146
8070	2	455	129	96
8071	2	562	132	116
8072	2	1465	290	274
8073	2	1079	241	230
8074	2	558	145	127
8075	2	128	33	18
8076	2	92	34	18
8077	2	84	34	12
8078	2	514	144	129
8079	2	1262	280	266
8080	2	1063	318	306
8081	2	526	176	153
8082	2	864	177	168
8083	2	692	248	234
8084	2	811	225	214
8085	2	829	193	185
8086	2	968	313	297
8087	2	423	130	59
8088	2	819	177	162
8089	2	1299	288	258
8090	2	686	177	163
8091	2	1273	241	224
8092	2	1418	329	316
8093	2	196	83	71
8094	2	1272	316	299
8095	2	833	231	217
8096	2	177	43	29
8097	2	72	26	10
8098	2	112	32	15
8099	2	99	34	22
8100	2	108	22	12
8101	2	256	61	44
8102	2	759	243	234
8103	2	104	29	18
8104	2	201	49	39
8105	2	468	103	93
8106	2	126	42	20
8107	2	1225	321	310
8108	2	769	181	169
8109	2	138	32	20
8110	2	1561	323	310
8111	2	742	166	153
8112	2	406	100	62
8113	2	235	82	66
8114	2	52	25	12
8115	2	1327	336	322
8116	2	447	133	119
8117	2	1001	335	321
8118	2	451	127	98
8119	2	884	170	161
8120	2	1344	348	332
8121	2	1272	317	298
8122	2	764	179	167
8123	2	180	55	35
8124	2	134	41	23
8125	2	1063	348	325
8126	2	783	239	207
8127	2	1102	220	210
8128	2	504	134	123
8129	2	284	67	46
8130	2	689	212	191
8131	2	136	44	9
8132	2	285	101	80
8133	2	233	80	57
8134	2	222	68	48
8135	2	870	255	237
8136	2	717	157	133
8137	2	1155	246	238
8138	2	570	157	144
8139	2	159	53	38
8140	2	129	33	20
8141	2	94	27	4
8142	2	124	33	12
8143	2	268	86	75
8144	2	500	142	127
8145	2	87	27	19
8146	2	437	117	94
8147	2	1095	283	267
8148	2	357	87	62
8149	2	207	45	33
8150	2	793	187	165
8151	2	641	202	184
8152	2	73	23	8
8153	2	628	168	133
8154	2	326	94	77
8155	2	997	212	198
8156	2	388	121	96
8157	2	133	39	13
8158	2	630	129	117
8159	2	742	184	170
8160	2	356	105	89
8161	2	494	115	96
8162	2	185	56	37
8163	2	104	51	27
8164	2	1151	233	211
8165	2	298	68	60
8166	2	924	177	158
8167	2	586	183	160
8168	2	1280	267	252
8169	2	986	188	173
8170	2	879	182	170
8171	2	192	57	46
8172	2	579	140	130
8173	2	81	31	11
8174	2	123	36	24
8175	2	968	292	280
8176	2	40	28	16
8177	2	557	115	98
8178	2	87	31	14
8179	2	1149	302	289
8180	2	215	47	38
8181	2	1021	332	305
8182	2	866	193	178
8183	2	962	311	300
8184	2	309	99	77
8185	2	127	44	31
8186	2	115	39	22
8187	2	85	28	11
8188	2	858	269	252
8189	2	144	40	27
8190	2	842	196	181
8191	2	619	117	102
8192	2	181	57	30
8193	2	213	50	28
8194	2	141	50	41
8195	2	767	157	147
8196	2	105	29	9
8197	2	192	55	22
8198	2	736	175	163
8199	2	113	35	17
8200	2	400	121	108
8201	2	147	53	39
8202	2	719	187	170
8203	2	1148	400	369
8204	2	200	57	20
8205	2	148	44	21
8206	2	1098	196	174
8207	2	140	52	34
8208	2	121	53	39
8209	2	686	220	207
8210	2	520	152	138
8211	2	738	199	187
8212	2	332	116	83
8213	2	182	55	44
8214	2	84	25	6
8215	2	534	155	145
8216	2	270	56	35
8217	2	1039	239	214
8218	2	139	40	16
8219	2	204	66	54
8220	2	480	155	137
8221	2	1020	248	236
8222	2	247	64	50
8223	2	147	41	30
8224	2	373	81	40
8225	2	186	72	54
8226	2	693	250	235
8227	2	80	26	15
8228	2	1005	212	200
8229	2	1101	226	215
8230	2	1296	228	217
8231	2	386	96	77
8232	2	408	111	102
8233	2	1076	282	273
8234	2	269	97	79
8235	2	251	81	65
8236	2	205	59	49
8237	2	361	120	103
8238	2	392	127	114
8239	2	232	70	56
8240	2	733	180	170
8241	2	1052	271	257
8242	2	949	220	203
8243	2	111	55	36
8244	2	112	57	42
8245	2	1375	237	227
8246	2	1341	291	279
8247	2	451	120	109
8248	2	1220	269	259
8249	2	618	180	161
8250	2	146	45	18
8251	2	515	132	95
8252	2	126	34	14
8253	2	274	92	74
8254	2	487	122	102
8255	2	1333	252	237
8256	2	80	25	12
8257	2	574	144	131
8258	2	562	190	174
8259	2	729	219	204
8260	2	614	137	126
8261	2	1105	299	288
8262	2	788	174	157
8263	2	1282	257	248
8264	2	1157	228	210
8265	2	1130	335	321
8266	2	378	79	67
8267	2	191	45	31
8268	2	204	73	26
8269	2	129	41	20
8270	2	450	97	81
8271	2	324	74	57
8272	2	1029	269	250
8273	2	848	192	180
8274	2	1101	362	345
8275	2	206	82	65
8276	2	64	40	31
8277	2	375	85	63
8278	2	380	85	71
8279	2	1361	291	278
8280	2	909	228	203
8281	2	584	183	160
8282	2	1150	263	244
8283	2	846	255	242
8284	2	328	105	78
8285	2	1283	337	320
8286	2	105	40	20
8287	2	153	41	15
8288	2	77	32	21
8289	2	419	160	135
8290	2	1284	274	266
8291	2	1522	334	323
8292	2	688	203	185
8293	2	117	40	21
8294	2	1129	353	337
8295	2	197	77	63
8296	2	729	273	248
8297	2	260	56	40
8298	2	139	47	17
8299	2	114	40	22
8300	2	408	131	116
8301	2	1371	352	343
8302	2	238	57	34
8303	2	462	132	120
8304	2	694	218	204
8305	2	209	54	42
8306	2	535	118	105
8307	2	1209	240	226
8308	2	505	133	112
8309	2	239	55	38
8310	2	776	174	162
8311	2	159	34	7
8312	2	831	251	226
8313	2	242	66	46
8314	2	734	172	159
8315	2	753	189	175
8316	2	510	134	121
8317	2	164	35	12
8318	2	195	58	23
8319	2	75	28	15
8320	2	156	56	39
8321	2	715	290	281
8322	2	905	211	156
8323	2	356	105	94
8324	2	841	252	243
8325	2	751	156	140
8326	2	95	33	19
8327	2	722	163	153
8328	2	805	265	250
8329	2	773	233	215
8330	2	870	257	229
8331	2	1007	243	225
8332	2	596	180	166
8333	2	413	78	51
8334	2	518	145	123
8335	2	186	52	42
8336	2	686	190	179
8337	2	285	72	58
8338	2	201	99	80
8339	2	182	49	30
8340	2	114	29	16
8341	2	193	43	19
8342	2	86	37	22
8343	2	663	165	155
8344	2	1411	297	284
8345	2	201	76	47
8346	2	199	52	38
8347	2	1186	245	234
8348	2	149	40	24
8349	2	293	76	61
8350	2	507	158	141
8351	2	369	72	59
8352	2	79	26	2
8353	2	51	22	12
8354	2	196	64	37
8355	2	123	34	25
8356	2	898	247	235
8357	2	1147	262	245
8358	2	951	209	196
8359	2	1107	205	194
8360	2	1414	291	282
8361	2	1088	273	259
8362	2	1210	244	234
8363	2	965	201	192
8364	2	432	101	92
8365	2	259	88	60
8366	2	813	245	222
8367	2	414	90	80
8368	2	132	30	15
8369	2	681	169	144
8370	2	1289	366	345
8371	2	334	149	133
8372	2	1122	333	306
8373	2	203	72	44
8374	2	319	114	95
8375	2	163	46	27
8376	2	1134	316	298
8377	2	188	39	25
8378	2	1282	348	329
8379	2	1284	282	272
8380	2	1132	292	271
8381	2	632	145	134
8382	2	1169	295	271
8383	2	748	164	150
8384	2	947	284	269
8385	2	361	81	70
8386	2	281	85	74
8387	2	601	155	139
8388	2	296	94	50
8389	2	270	48	38
8390	2	701	169	136
8391	2	590	137	128
8392	2	80	40	13
8393	2	1497	489	476
8394	2	384	98	83
8395	2	855	264	252
8396	2	166	55	8
8397	2	186	43	29
8398	2	798	172	160
8399	2	305	82	43
8400	2	55	23	12
8401	2	254	76	42
8402	2	90	31	12
8403	2	273	56	41
8404	2	1145	328	315
8405	2	452	179	165
8406	2	129	39	17
8407	2	913	223	214
8408	2	101	33	23
8409	2	1265	346	327
8410	2	324	92	80
8411	2	127	32	12
8412	2	280	75	36
8413	2	119	42	18
8414	2	1280	333	308
8415	2	384	102	90
8416	2	86	33	16
8417	2	1381	394	381
8418	2	612	124	99
8419	2	840	164	156
8420	2	82	27	8
8421	2	949	192	181
8422	2	1390	322	309
8423	2	1112	224	215
8424	2	1456	342	330
8425	2	1021	215	206
8426	2	93	31	15
8427	2	1185	244	234
8428	2	695	218	184
8429	2	1142	254	240
8430	2	182	63	33
8431	2	1071	238	227
8432	2	498	119	100
8433	2	1437	313	302
8434	2	1295	291	281
8435	2	106	39	14
8436	2	1061	242	232
8437	2	329	190	167
8438	2	1322	296	281
8439	2	259	76	60
8440	2	812	187	145
8441	2	790	267	131
8442	2	953	196	177
8443	2	1306	318	303
8444	2	471	99	71
8445	2	700	161	120
8446	2	297	74	34
8447	2	132	31	19
8448	2	1029	233	187
8449	2	866	223	207
8450	2	51	22	10
8451	2	1134	222	208
8452	2	256	50	39
8453	2	362	97	65
8454	2	335	95	84
8455	2	1308	337	326
8456	2	1384	282	267
8457	2	309	93	77
8458	2	315	89	77
8459	2	74	32	11
8460	2	156	49	23
8461	2	132	41	29
8462	2	1320	334	322
8463	2	1134	312	297
8464	2	166	63	54
8465	2	1115	386	370
8466	2	204	42	28
8467	2	375	83	63
8468	2	508	115	96
8469	2	388	101	89
8470	2	983	196	185
8471	2	1435	319	306
8472	2	827	204	184
8473	2	1312	278	267
8474	2	444	93	72
8475	2	1332	257	247
8476	2	782	177	163
8477	2	1556	305	296
8478	2	945	267	248
8479	2	783	167	155
8480	2	195	66	30
8481	2	1072	212	198
8482	2	1253	259	250
8483	2	1277	300	285
8484	2	1084	217	202
8485	2	1225	252	238
8486	2	1263	246	237
8487	2	1372	340	328
8488	2	825	189	178
8489	2	516	119	93
8490	2	241	97	76
8491	2	967	217	203
8492	2	324	110	49
8493	2	1453	400	378
8494	2	1258	295	275
8495	2	707	131	119
8496	2	111	29	17
8497	2	950	551	539
8498	2	565	201	177
8499	2	1362	295	280
8500	2	1028	257	245
8501	2	839	162	147
8502	2	108	34	14
8503	2	808	261	250
8504	2	156	39	24
8505	2	961	240	230
8506	2	1310	536	516
8507	2	423	101	87
8508	2	1227	336	312
8509	2	1133	322	307
8510	2	138	48	35
8511	2	328	98	71
8512	2	501	134	114
8513	2	95	26	6
8514	2	930	216	201
8515	2	1113	343	328
8516	2	124	43	30
8517	2	197	70	34
8518	2	192	50	28
8519	2	1008	304	292
8520	2	267	51	39
8521	2	142	43	15
8522	2	504	120	108
8523	2	638	123	109
8524	2	334	70	56
8525	2	705	137	123
8526	2	822	175	166
8527	2	84	33	17
8528	2	794	259	244
8529	2	271	75	56
8530	2	284	90	78
8531	2	299	60	47
8532	2	1309	256	244
8533	2	111	29	8
8534	2	174	43	21
8535	2	120	44	25
8536	2	1122	331	310
8537	2	838	233	219
8538	2	327	102	91
8539	2	134	38	20
8540	2	219	48	36
8541	2	806	218	187
8542	2	123	38	17
8543	2	109	30	8
8544	2	154	31	8
8545	2	1238	238	224
8546	2	1239	333	316
8547	2	457	148	132
8548	2	1236	343	318
8549	2	134	44	17
8550	2	128	47	26
8551	2	228	58	15
8552	2	1241	310	297
8553	2	157	48	16
8554	2	426	122	107
8555	2	134	46	34
8556	2	210	43	33
8557	2	175	37	18
8558	2	1157	212	198
8559	2	653	217	203
8560	2	225	78	57
8561	2	516	162	149
8562	2	826	191	181
8563	2	864	210	198
8564	2	468	137	125
8565	2	232	83	65
8566	2	848	159	150
8567	2	789	208	183
8568	2	1169	249	236
8569	2	320	88	78
8570	2	296	79	64
8571	2	391	102	48
8572	2	926	204	192
8573	2	364	92	68
8574	2	1526	467	402
8575	2	72	26	16
8576	2	231	70	38
8577	2	359	125	82
8578	2	1219	300	288
8579	2	297	81	71
8580	2	839	237	225
8581	2	743	173	162
8582	2	1006	245	226
8583	2	1326	263	251
8584	2	756	172	162
8585	2	1217	297	284
8586	2	1058	230	218
8587	2	1290	373	359
8588	2	1459	329	315
8589	2	1197	213	196
8590	2	360	79	64
8591	2	360	105	75
8592	2	92	35	21
8593	2	1001	178	163
8594	2	258	77	59
8595	2	102	23	15
8596	2	461	104	86
8597	2	78	37	19
8598	2	482	203	179
8599	2	149	42	26
8600	2	73	29	16
8601	2	145	46	26
8602	2	309	81	65
8603	2	344	94	83
8604	2	351	88	69
8605	2	96	28	16
8606	2	101	26	7
8607	2	410	89	78
8608	2	917	233	213
8609	2	206	53	40
8610	2	857	265	257
8611	2	1316	305	292
8612	2	581	178	164
8613	2	204	42	30
8614	2	358	121	58
8615	2	114	26	18
8616	2	645	169	156
8617	2	399	95	87
8618	2	1332	418	403
8619	2	761	170	158
8620	2	1285	276	256
8621	2	1129	337	322
8622	2	1157	208	195
8623	2	902	237	217
8624	2	603	120	106
8625	2	707	152	142
8626	2	395	138	112
8627	2	336	66	54
8628	2	884	201	191
8629	2	657	149	132
8630	2	930	227	214
8631	2	1365	290	273
8632	2	531	143	130
8633	2	765	179	167
8634	2	244	66	49
8635	2	317	153	138
8636	2	188	52	30
8637	2	234	76	64
8638	2	50	24	11
8639	2	476	122	112
8640	2	125	51	30
8641	2	1389	324	310
8642	2	1137	287	276
8643	2	617	173	158
8644	2	380	88	72
8645	2	309	83	54
8646	2	1299	299	284
8647	2	1173	307	295
8648	2	233	46	35
8649	2	71	26	12
8650	2	161	75	65
8651	2	122	37	22
8652	2	149	44	18
8653	2	746	200	174
8654	2	1204	255	241
8655	2	114	29	8
8656	2	957	179	170
8657	2	113	38	13
8658	2	1255	268	251
8659	2	185	91	79
8660	2	541	174	128
8661	2	1272	230	214
8662	2	1060	261	250
8663	2	327	79	66
8664	2	198	55	47
8665	2	468	216	197
8666	2	393	92	79
8667	2	76	34	21
8668	2	1154	263	251
8669	2	184	96	82
8670	2	1272	309	298
8671	2	1242	315	302
8672	2	440	143	124
8673	2	372	88	69
8674	2	299	63	45
8675	2	199	70	40
8676	2	69	23	10
8677	2	96	31	20
8678	2	383	134	117
8679	2	598	180	173
8680	2	308	103	90
8681	2	617	178	161
8682	2	343	95	73
8683	2	984	227	213
8684	2	180	49	25
8685	2	213	65	45
8686	2	98	43	30
8687	2	699	227	213
8688	2	1280	406	392
8689	2	1103	318	304
8690	2	471	129	104
8691	2	438	135	116
8692	2	415	91	69
8693	2	117	53	38
8694	2	1354	404	392
8695	2	268	55	41
8696	2	1085	279	265
8697	2	947	211	198
8698	2	1204	275	251
8699	2	623	164	150
8700	2	192	64	46
8701	2	1037	282	252
8702	2	164	47	23
8703	2	1122	233	218
8704	2	1196	330	318
8705	2	406	122	108
8706	2	816	229	217
8707	2	216	55	41
8708	2	109	30	8
8709	2	1258	215	203
8710	2	1277	250	233
8711	2	676	145	128
8712	2	1130	222	204
8713	2	1199	325	312
8714	2	203	55	27
8715	2	1124	332	308
8716	2	269	77	62
8717	2	186	44	29
8718	2	701	203	170
8719	2	130	43	14
8720	2	238	89	77
8721	2	1321	281	269
8722	2	370	86	55
8723	2	432	103	89
8724	2	672	200	191
8725	2	782	235	226
8726	2	156	39	27
8727	2	1046	273	253
8728	2	261	57	48
8729	2	75	27	13
8730	2	954	226	210
8731	2	1125	242	231
8732	2	439	96	63
8733	2	1231	254	238
8734	2	1184	340	328
8735	2	379	92	76
8736	2	923	170	157
8737	2	1105	385	372
8738	2	205	76	57
8739	2	356	85	52
8740	2	260	65	32
8741	2	202	55	30
8742	2	297	61	43
8743	2	405	78	58
8744	2	149	35	16
8745	2	119	26	14
8746	2	684	140	127
8747	2	150	48	36
8748	2	90	34	10
8749	2	598	192	176
8750	2	334	78	61
8751	2	57	17	7
8752	2	753	210	199
8753	2	998	242	230
8754	2	357	74	66
8755	2	810	230	217
8756	2	994	226	206
8757	2	757	199	189
8758	2	306	90	76
8759	2	497	122	112
8760	2	1141	263	251
8761	2	688	232	208
8762	2	716	139	129
8763	2	1330	283	269
8764	2	1122	301	285
8765	2	850	276	265
8766	2	1054	236	225
8767	2	537	112	101
8768	2	427	124	111
8769	2	776	185	174
8770	2	1527	333	320
8771	2	146	47	34
8772	2	1100	213	202
8773	2	1241	201	191
8774	2	210	70	55
8775	2	283	75	60
8776	2	420	103	75
8777	2	246	55	22
8778	2	92	32	14
8779	2	121	50	12
8780	2	105	26	7
8781	2	178	61	44
8782	2	141	36	14
8783	2	626	134	122
8784	2	588	124	63
8785	2	185	53	31
8786	2	201	72	45
8787	2	319	75	63
8788	2	106	27	21
8789	2	93	33	20
8790	2	581	296	260
8791	2	85	38	27
8792	2	665	168	159
8793	2	310	93	82
8794	2	1085	574	566
8795	2	82	43	28
8796	2	231	75	58
8797	2	380	139	129
8798	2	473	129	114
8799	2	57	26	14
8800	2	50	23	9
8801	2	368	95	83
8802	2	1209	329	311
8803	2	589	161	143
8804	2	308	89	68
8805	2	500	188	170
8806	2	1288	374	359
8807	2	915	202	189
8808	2	1449	401	387
8809	2	1179	334	321
8810	2	590	112	103
8811	2	686	151	130
8812	2	1238	340	323
8813	2	630	196	165
8814	2	539	159	146
8815	2	131	62	51
8816	2	714	172	159
8817	2	242	53	36
8818	2	443	137	118
8819	2	1327	410	374
8820	2	1234	268	256
8821	2	120	32	14
8822	2	1099	321	305
8823	2	1314	287	273
8824	2	1031	298	288
8825	2	305	91	77
8826	2	144	38	13
8827	2	243	68	50
8828	2	573	174	163
8829	2	1477	351	325
8830	2	183	74	60
8831	2	458	145	124
8832	2	381	115	102
8833	2	1383	666	656
8834	2	1499	333	317
8835	2	1232	320	310
8836	2	831	205	194
8837	2	1032	262	248
8838	2	262	69	53
8839	2	657	141	129
8840	2	164	37	21
8841	2	893	230	219
8842	2	336	104	78
8843	2	237	62	24
8844	2	966	210	196
8845	2	272	146	131
8846	2	96	31	15
8847	2	1215	274	255
8848	2	1128	276	261
8849	2	859	198	187
8850	2	937	257	241
8851	2	1310	342	329
8852	2	1416	310	297
8853	2	977	227	214
8854	2	1249	244	234
8855	2	1338	251	241
8856	2	1294	259	245
8857	2	773	164	108
8858	2	489	159	125
8859	2	90	34	12
8860	2	1178	387	374
8861	2	457	120	99
8862	2	69	22	7
8863	2	105	37	4
8864	2	312	79	61
8865	2	483	124	110
8866	2	1324	272	262
8867	2	994	226	208
8868	2	1079	273	259
8869	2	208	70	55
8870	2	84	24	12
8871	2	1524	376	365
8872	2	417	130	115
8873	2	1176	339	324
8874	2	1331	272	237
8875	2	931	276	263
8876	2	1493	310	295
8877	2	285	70	54
8878	2	1400	344	328
8879	2	1303	278	264
8880	2	1275	267	259
8881	2	1000	263	241
8882	2	1127	256	242
8883	2	512	124	95
8884	2	1192	253	241
8885	2	848	176	165
8886	2	491	137	120
8887	2	760	205	171
8888	2	608	153	99
8889	2	250	70	39
8890	2	245	80	63
8891	2	1043	204	187
8892	2	299	85	72
8893	2	218	43	30
8894	2	1233	230	213
8895	2	375	76	65
8896	2	1655	341	307
8897	2	1201	285	277
8898	2	1254	264	249
8899	2	171	37	26
8900	2	1695	404	384
8901	2	193	62	46
8902	2	800	201	188
8903	2	1230	318	302
8904	2	878	203	192
8905	2	305	82	53
8906	2	1286	301	289
8907	2	528	178	161
8908	2	1225	222	213
8909	2	647	159	142
8910	2	1322	306	296
8911	2	1087	239	222
8912	2	913	252	237
8913	2	784	245	225
8914	2	82	31	16
8915	2	1103	328	315
8916	2	882	234	219
8917	2	752	203	185
8918	2	473	127	117
8919	2	956	285	274
8920	2	594	133	118
8921	2	1383	283	267
8922	2	584	100	89
8923	2	299	146	128
8924	2	1383	295	285
8925	2	597	147	132
8926	2	1430	293	283
8927	2	1078	227	216
8928	2	1248	304	287
8929	2	165	70	51
8930	2	1348	458	442
8931	2	959	175	166
8932	2	640	229	196
8933	2	146	33	22
8934	2	1264	254	244
8935	2	431	108	77
8936	2	1029	399	365
8937	2	69	22	12
8938	2	118	48	34
8939	2	455	149	126
8940	2	763	209	197
8941	2	57	23	11
8942	2	823	250	233
8943	2	134	37	26
8944	2	570	169	158
8945	2	528	112	103
8946	2	938	214	199
8947	2	182	60	26
8948	2	1104	345	237
8949	2	801	221	209
8950	2	873	192	181
8951	2	567	192	178
8952	2	996	187	175
8953	2	1417	347	336
8954	2	1416	353	339
8955	2	1112	353	336
8956	2	1292	273	260
8957	2	1190	331	321
8958	2	240	57	38
8959	2	234	87	72
8960	2	454	123	110
8961	2	171	37	23
8962	2	627	159	147
8963	2	330	74	59
8964	2	1146	333	320
8965	2	1267	236	223
8966	2	813	252	237
8967	2	1252	276	259
8968	2	1492	440	400
8969	2	232	75	65
8970	2	258	59	46
8971	2	1016	267	252
8972	2	974	246	237
8973	2	1390	407	384
8974	2	87	49	33
8975	2	184	68	49
8976	2	385	96	64
8977	2	267	51	41
8978	2	219	79	56
8979	2	141	52	28
8980	2	157	58	35
8981	2	132	59	43
8982	2	545	167	156
8983	2	1038	235	224
8984	2	95	31	20
8985	2	92	29	6
8986	2	1106	325	311
8987	2	68	20	5
8988	2	1253	441	424
8989	2	1076	233	223
8990	2	595	174	157
8991	2	1281	231	209
8992	2	1045	270	254
8993	2	228	41	32
8994	2	370	109	99
8995	2	1279	360	326
8996	2	981	228	217
8997	2	1047	258	246
8998	2	173	61	40
8999	2	298	66	39
9000	2	806	170	157
9001	2	169	48	25
9002	2	1213	415	399
9003	2	256	47	37
9004	2	230	86	69
9005	2	1089	180	167
9006	2	188	57	39
9007	2	1223	210	195
9008	2	147	30	19
9009	2	1408	275	261
9010	2	264	58	48
9011	2	309	81	69
9012	2	462	118	111
9013	2	1285	320	303
9014	2	87	35	25
9015	2	188	79	63
9016	2	1490	303	292
9017	2	156	59	41
9018	2	171	55	24
9019	2	916	282	258
9020	2	437	129	111
9021	2	770	189	172
9022	2	243	69	25
9023	2	783	152	139
9024	2	520	120	106
9025	2	289	112	89
9026	2	876	183	175
9027	2	435	99	86
9028	2	1107	233	223
9029	2	603	135	122
9030	2	1042	222	214
9031	2	547	125	112
9032	2	1236	200	191
9033	2	585	120	112
9034	2	103	39	17
9035	2	95	35	19
9036	2	829	227	217
9037	2	369	99	84
9038	2	962	212	202
9039	2	87	26	16
9040	2	335	101	92
9041	2	1110	307	298
9042	2	917	255	222
9043	2	988	240	229
9044	2	1314	282	274
9045	2	109	40	20
9046	2	1361	282	270
9047	2	480	105	89
9048	2	1325	283	262
9049	2	1042	215	188
9050	2	273	50	39
9051	2	1265	279	270
9052	2	1290	267	250
9053	2	854	195	179
9054	2	286	138	127
9055	2	177	48	33
9056	2	46	31	16
9057	2	179	56	41
9058	2	301	171	140
9059	2	453	121	112
9060	2	497	136	123
9061	2	158	43	30
9062	2	301	67	48
9063	2	741	244	203
9064	2	361	106	86
9065	2	511	119	105
9066	2	379	119	103
9067	2	192	92	76
9068	2	292	88	71
9069	2	890	216	201
9070	2	591	169	80
9071	2	848	216	192
9072	2	353	134	107
9073	2	200	51	25
9074	2	1105	249	238
9075	2	1285	256	235
9076	2	1143	327	308
9077	2	216	53	23
9078	2	188	63	32
9079	2	141	44	6
9080	2	1272	472	448
9081	2	252	59	44
9082	2	128	46	23
9083	2	153	54	43
9084	2	315	74	59
9085	2	1163	296	281
9086	2	1454	311	297
9087	2	869	296	282
9088	2	1143	254	241
9089	2	195	51	33
9090	2	1150	306	291
9091	2	1209	340	323
9092	2	1288	281	268
9093	2	538	139	119
9094	2	1063	295	277
9095	2	444	116	92
9096	2	1043	200	187
9097	2	1197	228	215
9098	2	1005	172	162
9099	2	891	206	172
9100	2	118	35	2
9101	2	189	38	26
9102	2	244	61	14
9103	2	162	34	26
9104	2	1305	232	221
9105	2	750	148	136
9106	2	842	229	216
9107	2	1158	269	255
9108	2	980	204	187
9109	2	1435	335	322
9110	2	1171	227	211
9111	2	1230	261	250
9112	2	1394	240	230
9113	2	1149	258	247
9114	2	1092	244	235
9115	2	316	84	20
9116	2	931	277	262
9117	2	367	117	99
9118	2	639	196	184
9119	2	496	155	122
9120	2	431	140	116
9121	2	132	44	28
9122	2	1111	245	226
9123	2	937	309	295
9124	2	90	30	16
9125	2	149	32	24
9126	2	174	44	28
9127	2	1036	185	174
9128	2	868	217	193
9129	2	1152	333	317
9130	2	981	204	188
9131	2	317	106	85
9132	2	1240	336	322
9133	2	1081	361	349
9134	2	87	26	8
9135	2	833	179	165
9136	2	424	119	80
9137	2	942	273	262
9138	2	1159	266	256
9139	2	487	112	98
9140	2	129	40	28
9141	2	464	151	135
9142	2	240	75	53
9143	2	195	39	29
9144	2	391	113	78
9145	2	822	171	163
9146	2	1281	327	317
9147	2	630	145	136
9148	2	1328	322	307
9149	2	867	223	210
9150	2	652	189	173
9151	2	939	280	269
9152	2	126	41	20
9153	2	385	121	109
9154	2	251	76	30
9155	2	205	52	14
9156	2	356	92	77
9157	2	327	73	46
9158	2	871	207	190
9159	2	103	37	26
9160	2	889	200	181
9161	2	270	70	54
9162	2	696	191	171
9163	2	162	51	27
9164	2	114	42	16
9165	2	195	46	40
9166	2	832	248	234
9167	2	925	286	275
9168	2	963	217	192
9169	2	1106	249	237
9170	2	895	165	153
9171	2	348	89	65
9172	2	182	99	83
9173	2	810	201	152
9174	2	1304	349	334
9175	2	312	103	89
9176	2	235	69	46
9177	2	434	118	106
9178	2	477	168	158
9179	2	237	75	63
9180	2	1192	281	269
9181	2	153	36	24
9182	2	139	53	36
9183	2	117	30	18
9184	2	186	38	25
9185	2	613	115	91
9186	2	193	53	44
9187	2	215	49	37
9188	2	1334	281	268
9189	2	288	62	49
9190	2	573	140	111
9191	2	1291	261	250
9192	2	730	163	141
9193	2	664	185	160
9194	2	1189	277	256
9195	2	148	62	27
9196	2	224	85	58
9197	2	316	91	76
9198	2	849	204	184
9199	2	860	186	170
9200	2	870	173	162
9201	2	290	125	107
9202	2	1230	444	418
9203	2	203	69	56
9204	2	620	185	158
9205	2	1326	321	310
9206	2	680	168	146
9207	2	80	44	24
9208	2	554	172	129
9209	2	139	51	24
9210	2	116	38	9
9211	2	209	58	45
9212	2	1252	368	357
9213	2	140	40	20
9214	2	69	22	10
9215	2	523	133	123
9216	2	594	157	144
9217	2	476	135	110
9218	2	174	50	37
9219	2	743	255	217
9220	2	174	45	29
9221	2	212	42	28
9222	2	80	24	7
9223	2	510	138	55
9224	2	1495	345	329
9225	2	853	167	156
9226	2	293	113	90
9227	2	28	16	7
9228	2	496	125	70
9229	2	1057	316	302
9230	2	459	105	96
9231	2	460	177	153
9232	2	69	33	20
9233	2	1250	347	324
9234	2	192	43	28
9235	2	317	102	70
9236	2	135	31	20
9237	2	250	70	48
9238	2	113	31	12
9239	2	1145	226	215
9240	2	1463	301	283
9241	2	306	73	60
9242	2	1072	212	201
9243	2	957	180	165
9244	2	684	164	137
9245	2	162	36	14
9246	2	301	66	44
9247	2	1088	231	216
9248	2	1188	243	225
9249	2	636	119	106
9250	2	872	204	189
9251	2	571	134	54
9252	2	531	229	218
9253	2	174	30	24
9254	2	1224	284	255
9255	2	878	196	184
9256	2	180	44	13
9257	2	708	216	200
9258	2	798	165	130
9259	2	102	32	12
9260	2	1292	266	252
9261	2	336	81	51
9262	2	675	130	117
9263	2	1214	257	244
9264	2	1016	283	274
9265	2	934	222	209
9266	2	342	104	92
9267	2	246	71	47
9268	2	1086	232	220
9269	2	1240	291	281
9270	2	1251	259	249
9271	2	146	37	24
9272	2	1398	300	288
9273	2	378	128	108
9274	2	859	205	193
9275	2	1166	252	244
9276	2	300	76	67
9277	2	344	141	130
9278	2	1145	214	205
9279	2	1054	228	219
9280	2	1002	325	302
9281	2	869	231	215
9282	2	567	125	107
9283	2	306	86	68
9284	2	914	222	213
9285	2	394	122	101
9286	2	932	247	226
9287	2	1207	366	348
9288	2	432	143	130
9289	2	1083	344	332
9290	2	923	242	213
9291	2	173	55	35
9292	2	540	164	146
9293	2	647	191	175
9294	2	819	237	212
9295	2	219	46	21
9296	2	995	242	228
9297	2	157	53	42
9298	2	1498	321	302
9299	2	85	36	25
9300	2	118	38	8
9301	2	197	68	57
9302	2	824	185	173
9303	2	324	77	66
9304	2	231	81	61
9305	2	940	213	190
9306	2	346	105	60
9307	2	209	50	34
9308	2	93	35	18
9309	2	830	196	183
9310	2	519	165	142
9311	2	507	138	117
9312	2	139	50	36
9313	2	480	121	111
9314	2	124	34	18
9315	2	100	30	8
9316	2	501	118	111
9317	2	909	226	216
9318	2	400	89	63
9319	2	1588	464	445
9320	2	192	40	28
9321	2	1523	320	306
9322	2	311	89	66
9323	2	297	83	29
9324	2	932	190	175
9325	2	716	172	159
9326	2	240	75	43
9327	2	842	169	156
9328	2	1070	317	305
9329	2	69	21	7
9330	2	262	65	53
9331	2	1098	246	229
9332	2	81	22	7
9333	2	132	35	14
9334	2	58	24	8
9335	2	970	177	165
9336	2	1262	265	251
9337	2	447	160	146
9338	2	492	109	94
9339	2	344	80	70
9340	2	219	49	35
9341	2	766	176	163
9342	2	792	221	174
9343	2	159	39	17
9344	2	1063	313	292
9345	2	213	49	37
9346	2	287	61	36
9347	2	267	59	51
9348	2	1299	288	273
9349	2	195	68	53
9350	2	626	166	152
9351	2	630	176	162
9352	2	335	85	74
9353	2	1255	265	248
9354	2	108	32	10
9355	2	591	117	100
9356	2	864	164	154
9357	2	76	20	3
9358	2	572	136	126
9359	2	962	180	169
9360	2	884	204	193
9361	2	1135	213	201
9362	2	930	232	221
9363	2	1065	261	247
9364	2	1138	321	299
9365	2	1206	295	285
9366	2	1063	330	315
9367	2	737	143	134
9368	2	147	52	25
9369	2	911	214	199
9370	2	277	62	47
9371	2	175	49	19
9372	2	1288	338	318
9373	2	1183	328	315
9374	2	876	233	214
9375	2	1190	260	250
9376	2	921	203	188
9377	2	1025	246	227
9378	2	288	74	30
9379	2	860	189	178
9380	2	43	19	6
9381	2	897	231	214
9382	2	725	162	154
9383	2	494	132	116
9384	2	1336	279	261
9385	2	1302	269	258
9386	2	95	50	38
9387	2	175	52	33
9388	2	234	55	39
9389	2	982	220	199
9390	2	108	38	13
9391	2	585	133	103
9392	2	718	225	184
9393	2	1134	312	293
9394	2	1047	268	256
9395	2	1082	217	206
9396	2	706	171	158
9397	2	459	87	76
9398	2	549	119	108
9399	2	971	236	223
9400	2	1524	321	302
9401	2	1328	301	288
9402	2	1287	263	254
9403	2	197	55	37
9404	2	182	74	59
9405	2	148	43	24
9406	2	220	68	28
9407	2	1118	279	263
9408	2	126	35	17
9409	2	177	44	30
9410	2	210	52	29
9411	2	72	42	29
9412	2	483	99	89
9413	2	138	36	11
9414	2	608	132	120
9415	2	504	130	110
9416	2	438	148	133
9417	2	159	40	26
9418	2	273	65	33
9419	2	95	33	18
9420	2	594	132	105
9421	2	246	62	47
9422	2	81	28	8
9423	2	191	71	59
9424	2	267	87	69
9425	2	69	30	15
9426	2	140	73	64
9427	2	605	157	121
9428	2	947	193	183
9429	2	60	26	14
9430	2	675	145	134
9431	2	1007	284	267
9432	2	114	42	24
9433	2	640	188	173
9434	2	153	33	20
9435	2	209	67	25
9436	2	195	41	14
9437	2	126	28	14
9438	2	1122	223	213
9439	2	317	90	72
9440	2	1194	228	214
9441	2	300	67	58
9442	2	900	242	226
9443	2	402	74	17
9444	2	340	110	99
9445	2	225	59	51
9446	2	930	194	182
9447	2	669	192	179
9448	2	285	86	72
9449	2	1246	314	304
9450	2	252	90	54
9451	2	99	36	21
9452	2	692	196	186
9453	2	906	254	243
9454	2	525	150	137
9455	2	514	191	174
9456	2	984	241	226
9457	2	111	24	13
9458	2	145	39	22
9459	2	201	60	43
9460	2	477	134	117
9461	2	444	136	114
9462	2	360	79	64
9463	2	775	233	214
9464	2	1292	281	268
9465	2	973	197	182
9466	2	1288	318	305
9467	2	1046	210	198
9468	2	1457	284	270
9469	2	1272	269	251
9470	2	538	112	104
9471	2	244	77	65
9472	2	1060	227	213
9473	2	1161	272	259
9474	2	418	117	107
9475	2	492	147	139
9476	2	1344	295	280
9477	2	140	38	18
9478	2	310	70	26
9479	2	1125	243	232
9480	2	411	120	99
9481	2	42	22	11
9482	2	790	185	175
9483	2	1056	270	250
9484	2	322	87	78
9485	2	522	110	101
9486	2	348	89	65
9487	2	700	214	195
9488	2	178	48	25
9489	2	69	27	9
9490	2	1125	268	248
9491	2	161	35	19
9492	2	438	96	82
9493	2	66	18	8
9494	2	146	46	34
9495	2	339	91	79
9496	2	998	227	208
9497	2	849	233	220
9498	2	1162	318	301
9499	2	1170	336	323
9500	2	144	40	26
9501	2	988	237	226
9502	2	264	79	49
9503	2	751	171	163
9504	2	1022	195	186
9505	2	573	151	134
9506	2	156	41	26
9507	2	503	144	117
9508	2	938	206	190
9509	2	987	287	275
9510	2	126	32	18
9511	2	914	181	171
9512	2	264	69	48
9513	2	474	135	104
9514	2	129	41	21
9515	2	533	177	167
9516	2	1016	279	255
9517	2	963	307	278
9518	2	828	213	198
9519	2	878	219	200
9520	2	571	130	118
9521	2	101	47	28
9522	2	785	237	214
9523	2	138	55	37
9524	2	251	63	38
9525	2	193	61	37
9526	2	465	91	76
9527	2	580	218	191
9528	2	460	103	79
9529	2	197	63	35
9530	2	153	46	25
9531	2	116	41	19
9532	2	329	85	55
9533	2	257	64	49
9534	2	614	137	102
9535	2	1231	331	315
9536	2	1328	282	270
9537	2	1042	262	249
9538	2	925	240	226
9539	2	855	223	211
9540	2	1307	319	298
9541	2	1512	322	306
9542	2	785	220	205
9543	2	1445	337	315
9544	2	1021	285	270
9545	2	592	156	131
9546	2	437	141	127
9547	2	256	59	25
9548	2	128	72	53
9549	2	920	224	194
9550	2	1011	219	207
9551	2	803	156	145
9552	2	145	57	49
9553	2	306	96	45
9554	2	1106	247	229
9555	2	734	257	228
9556	2	123	35	11
9557	2	523	159	148
9558	2	955	219	199
9559	2	162	89	70
9560	2	988	220	208
9561	2	1218	270	255
9562	2	193	65	43
9563	2	963	324	311
9564	2	377	120	104
9565	2	999	213	202
9566	2	131	37	22
9567	2	90	25	12
9568	2	753	215	205
9569	2	872	182	171
9570	2	735	400	388
9571	2	1102	314	300
9572	2	737	238	216
9573	2	776	195	185
9574	2	137	54	39
9575	2	376	100	74
9576	2	1055	369	350
9577	2	366	76	52
9578	2	1269	343	311
9579	2	973	211	200
9580	2	621	176	160
9581	2	387	100	85
9582	2	925	278	267
9583	2	742	193	178
9584	2	403	109	60
9585	2	627	121	92
9586	2	390	120	101
9587	2	936	204	192
9588	2	502	126	113
9589	2	406	90	73
9590	2	181	52	23
9591	2	501	133	124
9592	2	350	89	71
9593	2	385	97	78
9594	2	105	31	11
9595	2	226	69	36
9596	2	66	16	7
9597	2	817	180	160
9598	2	715	183	171
9599	2	615	147	53
9600	2	845	165	152
9601	2	1223	463	439
9602	2	212	55	43
9603	2	781	162	149
9604	2	1420	334	315
9605	2	86	48	36
9606	2	269	70	20
9607	2	1355	271	254
9608	2	86	28	15
9609	2	665	182	172
9610	2	219	58	37
9611	2	232	56	29
9612	2	1463	312	288
9613	2	1168	278	265
9614	2	265	60	30
9615	2	954	184	167
9616	2	318	86	61
9617	2	291	74	45
9618	2	1229	353	338
9619	2	277	91	74
9620	2	154	47	31
9621	2	1393	312	299
9622	2	791	173	161
9623	2	1047	294	280
9624	2	336	128	114
9625	2	254	85	72
9626	2	1050	226	209
9627	2	1324	290	281
9628	2	181	50	34
9629	2	432	106	91
9630	2	1262	367	352
9631	2	192	53	40
9632	2	133	40	11
9633	2	550	127	117
9634	2	1122	246	234
9635	2	903	444	418
9636	2	993	217	207
9637	2	357	90	76
9638	2	1433	335	321
9639	2	688	164	147
9640	2	448	92	84
9641	2	1050	207	188
9642	2	791	189	179
9643	2	812	179	155
9644	2	905	213	198
9645	2	1168	336	320
9646	2	110	43	13
9647	2	152	48	31
9648	2	1278	321	290
9649	2	1076	331	314
9650	2	965	226	209
9651	2	130	51	39
9652	2	1287	304	288
9653	2	1413	295	282
9654	2	118	39	25
9655	2	1350	262	252
9656	2	1089	229	219
9657	2	1163	237	225
9658	2	734	152	138
9659	2	1037	231	220
9660	2	736	176	166
9661	2	1010	216	205
9662	2	645	160	141
9663	2	1185	221	208
9664	2	536	141	125
9665	2	687	206	194
9666	2	534	117	108
9667	2	806	230	218
9668	2	913	222	204
9669	2	896	289	269
9670	2	1097	254	231
9671	2	146	48	24
9672	2	1116	320	305
9673	2	1277	312	290
9674	2	1210	370	358
9675	2	468	116	101
9676	2	528	118	100
9677	2	259	75	58
9678	2	178	60	45
9679	2	135	35	24
9680	2	244	72	59
9681	2	291	75	57
9682	2	208	55	36
9683	2	95	32	12
9684	2	96	31	15
9685	2	154	54	10
9686	2	101	36	20
9687	2	592	145	132
9688	2	547	148	138
9689	2	964	214	190
9690	2	754	219	207
9691	2	298	97	63
9692	2	328	94	67
9693	2	33	12	2
9694	2	1085	296	283
9695	2	574	216	199
9696	2	811	208	197
9697	2	851	187	178
9698	2	1288	274	260
9699	2	1282	251	232
9700	2	593	183	165
9701	2	328	71	53
9702	2	1270	554	542
9703	2	928	193	178
9704	2	576	163	144
9705	2	252	77	66
9706	2	1117	300	286
9707	2	551	162	149
9708	2	375	106	93
9709	2	186	44	27
9710	2	1516	282	272
9711	2	787	178	164
9712	2	668	204	187
9713	2	1165	233	212
9714	2	1359	355	336
9715	2	119	37	23
9716	2	272	84	44
9717	2	1489	309	297
9718	2	339	92	42
9719	2	1452	310	299
9720	2	965	187	163
9721	2	1183	267	252
9722	2	1136	285	270
9723	2	1107	284	273
9724	2	174	49	39
9725	2	345	101	89
9726	2	67	25	12
9727	2	181	65	32
9728	2	514	122	113
9729	2	147	36	25
9730	2	159	42	32
9731	2	188	60	29
9732	2	483	119	109
9733	2	355	76	63
9734	2	512	115	102
9735	2	801	236	215
9736	2	610	158	137
9737	2	1184	285	267
9738	2	201	43	33
9739	2	75	20	7
9740	2	508	122	94
9741	2	275	71	50
9742	2	321	87	74
9743	2	1136	339	317
9744	2	694	199	182
9745	2	1251	269	253
9746	2	41	16	7
9747	2	332	99	84
9748	2	171	60	43
9749	2	220	72	48
9750	2	115	32	17
9751	2	253	51	40
9752	2	1161	277	262
9753	2	1089	227	217
9754	2	740	198	106
9755	2	100	48	36
9756	2	968	350	335
9757	2	777	190	172
9758	2	820	205	172
9759	2	458	103	90
9760	2	254	81	69
9761	2	1484	320	304
9762	2	408	81	69
9763	2	172	54	33
9764	2	315	69	58
9765	2	363	89	79
9766	2	736	178	164
9767	2	291	77	65
9768	2	131	35	21
9769	2	108	26	11
9770	2	335	77	60
9771	2	352	126	110
9772	2	617	185	162
9773	2	175	39	22
9774	2	298	64	40
9775	2	1021	271	256
9776	2	238	81	62
9777	2	439	91	61
9778	2	93	27	9
9779	2	468	116	101
9780	2	504	128	116
9781	2	715	181	165
9782	2	1260	269	255
9783	2	876	188	159
9784	2	373	74	64
9785	2	1302	293	276
9786	2	1211	257	249
9787	2	1514	311	301
9788	2	1320	246	234
9789	2	1072	247	231
9790	2	937	275	258
9791	2	168	45	33
9792	2	87	33	15
9793	2	30	18	9
9794	2	393	91	80
9795	2	1242	274	258
9796	2	572	126	114
9797	2	1067	300	288
9798	2	71	35	22
9799	2	1158	218	205
9800	2	951	201	191
9801	2	633	135	123
9802	2	172	42	29
9803	2	336	98	88
9804	2	177	49	37
9805	2	516	143	133
9806	2	955	305	288
9807	2	779	186	176
9808	2	153	41	28
9809	2	246	69	54
9810	2	1011	412	382
9811	2	734	129	119
9812	2	500	130	115
9813	2	159	45	18
9814	2	1294	279	268
9815	2	1303	299	280
9816	2	185	68	35
9817	2	145	62	30
9818	2	469	163	138
9819	2	159	66	44
9820	2	588	143	111
9821	2	79	34	23
9822	2	969	273	260
9823	2	790	266	247
9824	2	135	41	30
9825	2	63	31	16
9826	2	408	105	85
9827	2	114	43	28
9828	2	289	75	62
9829	2	264	82	72
9830	2	230	85	65
9831	2	144	49	17
9832	2	1309	344	326
9833	2	375	111	94
9834	2	226	80	62
9835	2	111	36	21
9836	2	486	105	51
9837	2	153	32	11
9838	2	137	57	24
9839	2	890	269	258
9840	2	841	225	205
9841	2	237	58	42
9842	2	477	118	106
9843	2	158	68	50
9844	2	212	45	31
9845	2	1107	355	337
9846	2	516	150	128
9847	2	62	22	13
9848	2	658	158	85
9849	2	234	54	10
9850	2	114	33	20
9851	2	1236	315	298
9852	2	1150	233	224
9853	2	270	93	82
9854	2	280	94	81
9855	2	391	113	98
9856	2	156	36	20
9857	2	309	88	39
9858	2	209	69	40
9859	2	617	149	130
9860	2	1097	293	272
9861	2	166	41	25
9862	2	114	49	10
9863	2	1247	287	278
9864	2	523	157	130
9865	2	724	152	141
9866	2	758	178	156
9867	2	1056	240	223
9868	2	522	160	144
9869	2	1248	300	287
9870	2	672	144	122
9871	2	806	213	194
9872	2	1001	200	190
9873	2	1266	255	239
9874	2	154	36	21
9875	2	133	29	21
9876	2	603	128	110
9877	2	623	175	161
9878	2	127	34	7
9879	2	125	33	16
9880	2	186	51	21
9881	2	765	173	160
9882	2	1398	339	320
9883	2	122	51	23
9884	2	1018	269	243
9885	2	177	42	25
9886	2	951	206	195
9887	2	1261	402	383
9888	2	720	186	172
9889	2	608	196	184
9890	2	950	264	250
9891	2	1217	316	302
9892	2	536	141	126
9893	2	1298	263	251
9894	2	540	123	108
9895	2	504	101	92
9896	2	574	153	140
9897	2	608	142	127
9898	2	1144	243	231
9899	2	1487	320	309
9900	2	1231	265	249
9901	2	1133	237	226
9902	2	1066	211	198
9903	2	550	96	82
9904	2	1037	198	163
9905	2	978	210	196
9906	2	266	72	60
9907	2	323	93	78
9908	2	409	99	84
9909	2	1492	299	282
9910	2	773	214	187
9911	2	315	60	47
9912	2	292	60	50
9913	2	240	54	42
9914	2	546	225	210
9915	2	1250	307	297
9916	2	118	42	15
9917	2	93	28	17
9918	2	631	163	150
9919	2	806	200	189
9920	2	68	31	17
9921	2	225	53	39
9922	2	59	29	16
9923	2	78	23	11
9924	2	37	21	10
9925	2	151	39	23
9926	2	722	187	174
9927	2	89	27	12
9928	2	920	231	222
9929	2	588	128	107
9930	2	188	41	28
9931	2	360	113	101
9932	2	218	57	44
9933	2	516	117	106
9934	2	267	57	37
9935	2	137	48	19
9936	2	1008	243	231
9937	2	273	53	45
9938	2	773	168	158
9939	2	514	133	88
9940	2	222	63	24
9941	2	575	168	152
9942	2	165	43	25
9943	2	1015	267	253
9944	2	220	52	39
9945	2	1467	377	365
9946	2	320	125	110
9947	2	324	103	78
9948	2	257	68	27
9949	2	241	62	18
9950	2	1212	334	316
9951	2	881	243	230
9952	2	1246	344	331
9953	2	432	91	57
9954	2	859	225	195
9955	2	291	73	55
9956	2	1074	297	277
9957	2	1150	315	270
9958	2	132	39	24
9959	2	1034	220	194
9960	2	328	105	80
9961	2	255	60	44
9962	2	268	80	62
9963	2	91	35	19
9964	2	822	159	147
9965	2	959	200	168
9966	2	1229	332	312
9967	2	114	38	22
9968	2	346	113	90
9969	2	560	118	109
9970	2	613	159	149
9971	2	120	43	32
9972	2	195	48	39
9973	2	120	47	37
9974	2	887	270	259
9975	2	1187	228	216
9976	2	1160	241	233
9977	2	215	74	62
9978	2	748	266	248
9979	2	397	108	79
9980	2	607	180	150
9981	2	1315	304	291
9982	2	906	262	246
9983	2	830	321	305
9984	2	1048	198	178
9985	2	642	141	127
9986	2	962	250	235
9987	2	162	45	29
9988	2	671	313	289
9989	2	233	71	57
9990	2	817	226	214
9991	2	1144	325	316
9992	2	264	52	35
9993	2	262	68	57
9994	2	195	53	20
9995	2	532	128	107
9996	2	164	42	24
9997	2	1208	257	238
9998	2	1108	248	234
9999	2	182	46	21
10000	2	150	43	24
10001	2	345	97	83
10002	2	127	41	21
10003	2	371	118	101
10004	2	469	128	106
10005	2	340	102	78
10006	2	1206	322	299
10007	2	478	121	56
10008	2	454	151	115
10009	2	222	47	37
10010	2	496	141	122
10011	2	215	63	50
10012	2	534	149	122
10013	2	348	93	61
10014	2	1296	299	287
10015	2	444	130	86
10016	2	617	188	177
10017	2	592	125	113
10018	2	187	79	61
10019	2	478	121	90
10020	2	337	118	85
10021	2	651	210	173
10022	2	136	35	11
10023	2	261	90	75
10024	2	152	48	23
10025	2	290	109	84
10026	2	227	73	60
10027	2	777	162	145
10028	2	1287	286	273
10029	2	873	257	242
10030	2	381	113	100
10031	2	672	339	324
10032	2	818	186	173
10033	2	1420	309	298
10034	2	776	225	213
10035	2	751	276	265
10036	2	1082	252	240
10037	2	1476	318	301
10038	2	970	263	240
10039	2	159	37	25
10040	2	593	173	152
10041	2	124	43	15
10042	2	561	150	134
10043	2	254	69	46
10044	2	717	158	146
10045	2	1098	234	220
10046	2	732	162	144
10047	2	929	260	215
10048	2	153	29	20
10049	2	350	87	73
10050	2	77	28	12
10051	2	1159	254	242
10052	2	114	29	16
10053	2	571	134	119
10054	2	114	32	17
10055	2	603	119	103
10056	2	330	86	57
10057	2	804	250	231
10058	2	628	169	152
10059	2	1342	293	285
10060	2	363	74	63
10061	2	525	125	103
10062	2	240	65	46
10063	2	1167	341	323
10064	2	247	67	55
10065	2	384	83	69
10066	2	1327	262	249
10067	2	926	197	183
10068	2	270	114	101
10069	2	102	29	16
10070	2	1080	274	255
10071	2	860	259	204
10072	2	507	136	109
10073	2	238	83	55
10074	2	1229	290	271
10075	2	247	58	37
10076	2	1125	291	280
10077	2	592	152	137
10078	2	1241	271	259
10079	2	127	36	14
10080	2	450	121	102
10081	2	1164	252	237
10082	2	1572	398	378
10083	2	980	342	296
10084	2	315	107	72
10085	2	283	74	47
10086	2	60	20	6
10087	2	242	61	47
10088	2	87	24	8
10089	2	1367	360	344
10090	2	1228	321	301
10091	2	1115	222	204
10092	2	1027	320	304
10093	2	72	20	9
10094	2	258	48	37
10095	2	1338	310	295
10096	2	1210	319	302
10097	2	683	181	164
10098	2	134	43	26
10099	2	1117	327	314
10100	2	471	109	104
10101	2	941	227	215
10102	2	213	50	38
10103	2	1303	267	256
10104	2	980	218	204
10105	2	1414	278	264
10106	2	1030	279	261
10107	2	227	63	31
10108	2	408	78	68
10109	2	150	47	35
10110	2	128	58	44
10111	2	1204	352	332
10112	2	277	78	61
10113	2	703	145	136
10114	2	399	115	106
10115	2	594	181	168
10116	2	1196	269	260
10117	2	1050	237	226
10118	2	141	33	18
10119	2	1162	269	257
10120	2	936	223	207
10121	2	600	178	156
10122	2	1336	248	237
10123	2	1195	329	304
10124	2	730	259	250
10125	2	382	92	71
10126	2	577	134	122
10127	2	429	82	74
10128	2	729	180	170
10129	2	1163	282	272
10130	2	1346	289	264
10131	2	930	163	149
10132	2	207	46	34
10133	2	1208	239	228
10134	2	484	103	84
10135	2	208	58	47
10136	2	1539	368	359
10137	2	510	144	125
10138	2	96	42	20
10139	2	508	156	140
10140	2	483	102	45
10141	2	1360	308	295
10142	2	980	254	243
10143	2	388	131	85
10144	2	1347	268	255
10145	2	99	31	11
10146	2	716	185	174
10147	2	225	44	34
10148	2	719	192	183
10149	2	752	173	151
10150	2	671	177	163
10151	2	1338	261	243
10152	2	655	173	155
10153	2	348	81	64
10154	2	655	176	159
10155	2	1517	333	319
10156	2	893	206	162
10157	2	1484	335	317
10158	2	174	39	24
10159	2	921	201	183
10160	2	1291	406	395
10161	2	1217	308	297
10162	2	408	100	34
10163	2	706	173	156
10164	2	100	36	23
10165	2	131	31	6
10166	2	552	136	122
10167	2	1157	251	241
10168	2	385	147	135
10169	2	390	98	79
10170	2	1063	313	300
10171	2	246	80	65
10172	2	142	67	54
10173	2	519	117	65
10174	2	164	52	21
10175	2	130	42	15
10176	2	243	44	32
10177	2	1000	264	251
10178	2	528	191	178
10179	2	1156	309	298
10180	2	1267	375	334
10181	2	200	91	69
10182	2	1234	383	372
10183	2	613	175	156
10184	2	522	142	131
10185	2	1077	354	333
10186	2	132	44	26
10187	2	323	90	66
10188	2	84	25	9
10189	2	224	75	62
10190	2	471	122	106
10191	2	53	19	6
10192	2	159	72	39
10193	2	784	161	143
10194	2	1336	264	255
10195	2	992	211	195
10196	2	218	58	36
10197	2	154	46	11
10198	2	106	31	19
10199	2	598	145	126
10200	2	475	142	122
10201	2	581	129	67
10202	2	1286	246	229
10203	2	210	74	63
10204	2	405	94	77
10205	2	1021	232	221
10206	2	1257	294	282
10207	2	180	36	21
10208	2	243	54	32
10209	2	372	69	55
10210	2	117	27	13
10211	2	819	168	155
10212	2	1256	231	221
10213	2	734	158	147
10214	2	557	130	118
10215	2	489	128	110
10216	2	1086	202	190
10217	2	515	133	118
10218	2	249	71	46
10219	2	875	178	164
10220	2	937	205	192
10221	2	1235	284	276
10222	2	432	114	89
10223	2	120	64	43
10224	2	1327	299	274
10225	2	483	95	83
10226	2	352	98	66
10227	2	153	54	23
10228	2	132	41	14
10229	2	186	35	25
10230	2	282	111	100
10231	2	198	61	41
10232	2	715	201	184
10233	2	371	109	91
10234	2	363	121	109
10235	2	1816	454	436
10236	2	1167	221	211
10237	2	72	36	23
10238	2	71	21	12
10239	2	1120	300	289
10240	2	169	59	48
10241	2	432	90	77
10242	2	347	113	95
10243	2	42	14	6
10244	2	1276	342	315
10245	2	531	137	119
10246	2	187	63	49
10247	2	1085	269	254
10248	2	192	44	30
10249	2	399	87	71
10250	2	135	34	27
10251	2	60	25	11
10252	2	779	215	200
10253	2	248	69	56
10254	2	1385	281	269
10255	2	659	154	134
10256	2	864	234	222
10257	2	792	272	255
10258	2	526	134	109
10259	2	960	199	187
10260	2	962	217	204
10261	2	1133	339	325
10262	2	147	35	12
10263	2	844	217	192
10264	2	878	240	202
10265	2	1201	289	247
10266	2	1085	272	260
10267	2	431	100	67
10268	2	373	97	73
10269	2	70	30	21
10270	2	1137	197	188
10271	2	282	61	48
10272	2	1144	231	210
10273	2	1075	220	206
10274	2	385	93	75
10275	2	838	207	198
10276	2	403	82	71
10277	2	1224	236	223
10278	2	279	58	45
10279	2	1319	274	254
10280	2	990	201	187
10281	2	596	187	176
10282	2	874	198	185
10283	2	111	28	17
10284	2	1361	274	261
10285	2	352	99	68
10286	2	977	217	207
10287	2	864	203	192
10288	2	478	173	162
10289	2	482	165	136
10290	2	925	362	348
10291	2	213	67	32
10292	2	333	68	52
10293	2	187	93	77
10294	2	418	108	86
10295	2	1384	316	298
10296	2	90	28	19
10297	2	249	71	63
10298	2	72	22	7
10299	2	204	48	37
10300	2	147	47	29
10301	2	84	31	10
10302	2	102	33	14
10303	2	516	103	88
10304	2	689	202	188
10305	2	1206	245	231
10306	2	121	28	7
10307	2	752	274	243
10308	2	1326	263	250
10309	2	939	216	204
10310	2	165	58	45
10311	2	851	177	164
10312	2	1358	270	261
10313	2	1300	447	419
10314	2	845	177	164
10315	2	1323	262	250
10316	2	145	42	26
10317	2	1448	267	257
10318	2	143	34	24
10319	2	159	42	31
10320	2	154	63	31
10321	2	324	94	78
10322	2	1134	333	315
10323	2	1253	295	275
10324	2	191	59	27
10325	2	78	21	8
10326	2	146	36	21
10327	2	1031	192	176
10328	2	833	203	183
10329	2	540	136	119
10330	2	422	124	110
10331	2	60	22	6
10332	2	443	153	129
10333	2	868	306	289
10334	2	1017	237	197
10335	2	66	23	14
10336	2	196	68	57
10337	2	768	255	240
10338	2	840	187	172
10339	2	86	40	29
10340	2	223	105	82
10341	2	360	112	98
10342	2	378	144	126
10343	2	356	176	165
10344	2	538	126	106
10345	2	662	166	156
10346	2	490	168	153
10347	2	1265	287	275
10348	2	1170	475	455
10349	2	142	41	28
10350	2	760	219	189
10351	2	1080	227	200
10352	2	206	80	67
10353	2	842	259	238
10354	2	288	73	54
10355	2	1281	370	334
10356	2	808	226	213
10357	2	1073	219	198
10358	2	497	126	110
10359	2	1125	257	246
10360	2	1107	313	298
10361	2	1140	271	258
10362	2	1408	404	390
10363	2	1085	295	276
10364	2	561	128	115
10365	2	162	73	57
10366	2	660	147	138
10367	2	1009	263	247
10368	2	791	345	334
10369	2	559	143	120
10370	2	161	45	24
10371	2	409	123	108
10372	2	933	225	214
10373	2	804	181	164
10374	2	186	44	37
10375	2	247	60	53
10376	2	711	139	124
10377	2	853	194	179
10378	2	82	27	8
10379	2	417	90	73
10380	2	308	78	66
10381	2	991	281	264
10382	2	528	148	135
10383	2	72	20	12
10384	2	778	214	198
10385	2	582	188	172
10386	2	273	52	39
10387	2	1359	276	264
10388	2	263	74	25
10389	2	183	43	28
10390	2	620	196	178
10391	2	546	127	107
10392	2	1177	222	211
10393	2	1149	294	279
10394	2	1285	285	270
10395	2	279	96	81
10396	2	944	187	178
10397	2	1176	257	243
10398	2	480	114	103
10399	2	917	221	204
10400	2	94	38	22
10401	2	267	75	47
10402	2	309	96	83
10403	2	1372	366	355
10404	2	109	38	15
10405	2	1259	263	248
10406	2	440	100	88
10407	2	1039	242	200
10408	2	1464	386	348
10409	2	171	34	12
10410	2	1031	325	310
10411	2	1054	321	304
10412	2	226	115	99
10413	2	1158	272	261
10414	2	188	57	43
10415	2	1129	251	239
10416	2	705	173	161
10417	2	1339	337	327
10418	2	1209	310	287
10419	2	1237	271	260
10420	2	981	349	336
10421	2	512	134	125
10422	2	78	23	8
10423	2	501	193	180
10424	2	1459	293	277
10425	2	960	193	179
10426	2	402	133	103
10427	2	544	125	109
10428	2	748	235	216
10429	2	825	157	146
10430	2	861	168	156
10431	2	122	48	27
10432	2	1170	261	244
10433	2	571	146	133
10434	2	901	209	196
10435	2	431	112	86
10436	2	1260	481	468
10437	2	539	138	50
10438	2	463	92	76
10439	2	1291	352	334
10440	2	632	303	284
10441	2	239	55	41
10442	2	297	103	90
10443	2	975	248	227
10444	2	1103	362	349
10445	2	899	217	204
10446	2	332	136	122
10447	2	847	194	182
10448	2	1104	317	308
10449	2	1181	278	267
10450	2	1328	340	316
10451	2	1233	359	335
10452	2	255	65	55
10453	2	961	388	368
10454	2	1012	279	267
10455	2	805	228	212
10456	2	1019	216	201
10457	2	886	279	266
10458	2	1227	341	329
10459	2	1037	260	243
10460	2	180	42	30
10461	2	180	36	21
10462	2	697	192	171
10463	2	579	236	221
10464	2	285	89	33
10465	2	1088	233	206
10466	2	833	146	132
10467	2	726	310	289
10468	2	137	39	20
10469	2	1147	276	262
10470	2	898	200	184
10471	2	1113	270	257
10472	2	1245	243	231
10473	2	737	170	155
10474	2	1023	295	285
10475	2	118	44	22
10476	2	151	49	29
10477	2	1317	281	268
10478	2	995	304	293
10479	2	444	88	68
10480	2	1175	236	226
10481	2	374	116	91
10482	2	237	55	31
10483	2	198	117	97
10484	2	1020	278	261
10485	2	154	63	26
10486	2	278	91	72
10487	2	1302	241	226
10488	2	234	54	39
10489	2	1069	280	266
10490	2	84	24	12
10491	2	501	100	91
10492	2	1084	477	466
10493	2	1107	252	237
10494	2	91	33	17
10495	2	866	255	244
10496	2	751	236	227
10497	2	507	138	125
10498	2	117	47	28
10499	2	512	131	112
10500	2	804	267	241
10501	2	273	61	45
10502	2	1044	241	226
10503	2	687	161	149
10504	2	825	238	226
10505	2	379	91	77
10506	2	213	57	39
10507	2	584	170	153
10508	2	977	281	271
10509	2	864	205	193
10510	2	120	39	25
10511	2	327	99	87
10512	2	363	102	85
10513	2	95	38	25
10514	2	791	267	248
10515	2	697	224	211
10516	2	1129	224	209
10517	2	579	135	119
10518	2	1126	259	237
10519	2	1363	267	249
10520	2	994	259	241
10521	2	264	87	76
10522	2	1255	278	267
10523	2	266	148	130
10524	2	119	36	22
10525	2	968	201	189
10526	2	760	166	154
10527	2	1102	205	192
10528	2	1330	257	246
10529	2	939	188	177
10530	2	877	203	190
10531	2	1082	221	210
10532	2	242	77	29
10533	2	328	102	86
10534	2	484	175	110
10535	2	1378	321	290
10536	2	1389	491	334
10537	2	192	42	29
10538	2	1143	370	330
10539	2	1232	293	272
10540	2	952	236	225
10541	2	804	182	169
10542	2	493	102	93
10543	2	153	37	18
10544	2	1060	226	213
10545	2	61	17	6
10546	2	866	187	175
10547	2	664	158	148
10548	2	654	125	116
10549	2	309	83	68
10550	2	113	35	13
10551	2	540	138	122
10552	2	258	73	26
10553	2	240	62	48
10554	2	1087	356	325
10555	2	1061	285	243
10556	2	175	59	41
10557	2	424	170	156
10558	2	365	90	70
10559	2	1234	323	306
10560	2	223	66	50
10561	2	76	24	12
10562	2	208	75	61
10563	2	443	162	144
10564	2	1346	268	257
10565	2	1014	316	295
10566	2	203	69	51
10567	2	268	99	74
10568	2	643	209	190
10569	2	351	111	98
10570	2	416	136	111
10571	2	101	36	16
10572	2	216	89	69
10573	2	518	169	154
10574	2	717	154	143
10575	2	201	78	66
10576	2	1231	330	315
10577	2	742	157	141
10578	2	591	149	139
10579	2	141	41	22
10580	2	1259	378	354
10581	2	1613	354	338
10582	2	103	28	13
10583	2	116	52	39
10584	2	133	35	16
10585	2	93	36	20
10586	2	503	180	172
10587	2	1493	285	270
10588	2	128	32	8
10589	2	438	130	104
10590	2	737	182	157
10591	2	1019	221	208
10592	2	225	40	31
10593	2	102	29	11
10594	2	1180	285	265
10595	2	282	73	47
10596	2	317	193	184
10597	2	866	192	181
10598	2	145	64	29
10599	2	132	40	14
10600	2	95	28	14
10601	2	201	61	50
10602	2	746	175	163
10603	2	1192	241	228
10604	2	628	196	184
10605	2	941	250	233
10606	2	57	18	7
10607	2	521	136	124
10608	2	1154	271	259
10609	2	110	30	18
10610	2	1411	275	260
10611	2	674	171	157
10612	2	312	83	67
10613	2	597	131	123
10614	2	235	53	35
10615	2	1033	268	248
10616	2	171	47	26
10617	2	155	46	33
10618	2	679	182	166
10619	2	922	218	191
10620	2	225	61	48
10621	2	1157	381	364
10622	2	210	72	53
10623	2	581	165	139
10624	2	1477	339	329
10625	2	770	174	161
10626	2	360	113	90
10627	2	1089	249	239
10628	2	1140	247	235
10629	2	325	111	75
10630	2	300	64	41
10631	2	1022	266	252
10632	2	379	85	68
10633	2	354	85	71
10634	2	314	80	53
10635	2	884	190	178
10636	2	206	53	32
10637	2	243	76	45
10638	2	132	44	15
10639	2	162	40	28
10640	2	356	113	94
10641	2	144	50	27
10642	2	1261	238	225
10643	2	1283	248	235
10644	2	1234	215	202
10645	2	1215	255	244
10646	2	1046	208	196
10647	2	1363	283	272
10648	2	1224	233	222
10649	2	1105	229	221
10650	2	1247	241	227
10651	2	232	63	37
10652	2	908	261	243
10653	2	133	62	50
10654	2	579	150	139
10655	2	432	133	111
10656	2	1344	274	261
10657	2	255	80	48
10658	2	798	202	187
10659	2	233	69	28
10660	2	315	100	64
10661	2	211	66	23
10662	2	830	213	185
10663	2	292	78	63
10664	2	1026	341	327
10665	2	399	179	152
10666	2	360	99	70
10667	2	177	52	21
10668	2	411	128	110
10669	2	1049	215	201
10670	2	498	138	117
10671	2	599	182	168
10672	2	1022	246	230
10673	2	493	149	130
10674	2	76	30	7
10675	2	1141	271	257
10676	2	361	121	107
10677	2	300	73	57
10678	2	799	220	188
10679	2	1081	313	297
10680	2	157	34	25
10681	2	1069	283	273
10682	2	166	39	25
10683	2	430	91	77
10684	2	132	47	20
10685	2	1021	280	264
10686	2	903	179	166
10687	2	317	96	82
10688	2	1236	307	294
10689	2	372	96	69
10690	2	142	47	35
10691	2	1317	241	232
10692	2	844	188	177
10693	2	337	90	73
10694	2	87	31	10
10695	2	729	138	126
10696	2	147	39	31
10697	2	854	278	267
10698	2	758	181	164
10699	2	453	107	91
10700	2	624	133	123
10701	2	1340	266	243
10702	2	470	124	87
10703	2	114	37	24
10704	2	107	31	10
10705	2	1074	333	315
10706	2	596	157	140
10707	2	99	41	22
10708	2	315	105	93
10709	2	1111	312	301
10710	2	1094	292	267
10711	2	1272	308	290
10712	2	216	55	48
10713	2	106	28	7
10714	2	1125	342	328
10715	2	463	142	118
10716	2	997	305	296
10717	2	297	72	61
10718	2	1365	300	274
10719	2	1043	239	215
10720	2	1141	326	313
10721	2	525	122	108
10722	2	1000	275	260
10723	2	875	272	262
10724	2	1388	273	261
10725	2	1290	299	288
10726	2	1181	230	221
10727	2	480	109	84
10728	2	103	32	14
10729	2	1184	267	257
10730	2	375	83	63
10731	2	883	184	170
10732	2	421	110	100
10733	2	183	46	17
10734	2	975	266	254
10735	2	325	88	67
10736	2	474	137	123
10737	2	738	197	181
10738	2	1182	255	243
10739	2	1029	221	206
10740	2	1182	260	248
10741	2	468	133	116
10742	2	917	186	175
10743	2	216	50	34
10744	2	187	93	80
10745	2	928	212	195
10746	2	1255	327	309
10747	2	1243	290	276
10748	2	1207	368	351
10749	2	1019	219	206
10750	2	202	76	51
10751	2	1343	312	299
10752	2	73	31	9
10753	2	390	104	91
10754	2	560	143	127
10755	2	347	90	75
10756	2	490	122	97
10757	2	1750	360	302
10758	2	557	166	124
10759	2	423	126	104
10760	2	123	27	19
10761	2	1104	240	228
10762	2	262	71	56
10763	2	540	125	101
10764	2	105	22	7
10765	2	82	22	2
10766	2	150	57	41
10767	2	319	73	19
10768	2	135	33	19
10769	2	735	234	220
10770	2	230	60	42
10771	2	495	134	65
10772	2	1567	345	325
10773	2	1089	344	318
10774	2	598	124	110
10775	2	121	35	7
10776	2	635	188	128
10777	2	583	177	152
10778	2	174	43	15
10779	2	327	99	33
10780	2	967	247	229
10781	2	1098	269	254
10782	2	155	45	17
10783	2	616	129	117
10784	2	943	196	185
10785	2	1298	315	285
10786	2	1317	295	285
10787	2	1440	274	260
10788	2	435	81	73
10789	2	758	204	182
10790	2	480	122	103
10791	2	1266	251	234
10792	2	177	59	31
10793	2	1122	306	275
10794	2	1346	330	306
10795	2	745	201	170
10796	2	264	61	46
10797	2	244	60	23
10798	2	1041	239	226
10799	2	1279	248	230
10800	2	1277	231	216
10801	2	1344	257	249
10802	2	1079	275	264
10803	2	1389	288	277
10804	2	104	29	12
10805	2	1131	338	316
10806	2	1035	227	216
10807	2	133	44	26
10808	2	624	193	179
10809	2	187	46	35
10810	2	402	83	67
10811	2	1446	404	391
10812	2	1069	236	222
10813	2	171	52	29
10814	2	450	124	103
10815	2	737	185	175
10816	2	911	206	197
10817	2	376	91	76
10818	2	366	98	81
10819	2	339	97	79
10820	2	214	53	42
10821	2	467	189	177
10822	2	1098	238	224
10823	2	190	67	33
10824	2	141	40	18
10825	2	801	257	240
10826	2	435	167	152
10827	2	813	197	183
10828	2	159	49	17
10829	2	549	115	101
10830	2	1299	302	288
10831	2	1195	256	245
10832	2	122	45	30
10833	2	608	160	146
10834	2	970	214	203
10835	2	261	69	47
10836	2	1195	222	211
10837	2	672	170	153
10838	2	1082	251	236
10839	2	724	153	142
10840	2	798	140	130
10841	2	927	194	184
10842	2	990	269	253
10843	2	1093	317	304
10844	2	257	77	65
10845	2	268	102	62
10846	2	348	81	66
10847	2	221	60	24
10848	2	212	55	33
10849	2	233	59	29
10850	2	138	42	31
10851	2	195	58	44
10852	2	282	63	52
10853	2	139	34	14
10854	2	282	64	58
10855	2	252	88	78
10856	2	612	135	87
10857	2	963	358	350
10858	2	998	328	304
10859	2	402	81	64
10860	2	514	139	84
10861	2	991	236	226
10862	2	186	53	17
10863	2	1199	267	255
10864	2	1236	274	243
10865	2	754	200	184
10866	2	535	126	110
10867	2	349	74	61
10868	2	204	46	35
10869	2	103	43	31
10870	2	628	122	90
10871	2	56	27	11
10872	2	365	91	78
10873	2	743	164	150
10874	2	93	30	15
10875	2	668	152	143
10876	2	715	177	157
10877	2	954	192	179
10878	2	532	123	108
10879	2	688	161	142
10880	2	189	42	34
10881	2	336	89	74
10882	2	916	205	194
10883	2	1328	258	249
10884	2	539	191	180
10885	2	461	98	87
10886	2	174	58	42
10887	2	546	143	130
10888	2	150	44	34
10889	2	1145	303	293
10890	2	98	36	25
10891	2	393	93	80
10892	2	1404	320	305
10893	2	441	216	183
10894	2	274	79	63
10895	2	1022	272	260
10896	2	1174	262	247
10897	2	613	218	200
10898	2	654	180	142
10899	2	574	173	136
10900	2	268	64	53
10901	2	175	53	32
10902	2	106	39	24
10903	2	245	58	51
10904	2	470	178	161
10905	2	669	139	129
10906	2	1393	302	287
10907	2	131	50	40
10908	2	923	222	213
10909	2	1218	324	316
10910	2	71	27	12
10911	2	1653	334	317
10912	2	961	216	196
10913	2	1158	308	291
10914	2	125	32	16
10915	2	456	120	105
10916	2	526	142	122
10917	2	256	64	50
10918	2	66	23	11
10919	2	410	98	90
10920	2	330	90	73
10921	2	736	139	124
10922	2	654	151	136
10923	2	193	55	38
10924	2	435	132	117
10925	2	476	106	91
10926	2	646	263	252
10927	2	248	88	68
10928	2	56	17	8
10929	2	289	70	35
10930	2	888	255	245
10931	2	440	81	68
10932	2	826	212	199
10933	2	495	116	99
10934	2	280	63	43
10935	2	268	63	36
10936	2	1387	258	246
10937	2	1143	260	245
10938	2	1348	336	316
10939	2	1378	492	473
10940	2	1233	249	233
10941	2	111	29	11
10942	2	405	113	95
10943	2	838	206	182
10944	2	132	31	16
10945	2	171	48	19
10946	2	351	99	84
10947	2	519	111	96
10948	2	1375	313	298
10949	2	317	69	56
10950	2	1046	246	229
10951	2	1178	214	201
10952	2	1216	227	216
10953	2	375	86	69
10954	2	999	299	277
10955	2	1190	257	241
10956	2	1073	171	160
10957	2	618	190	178
10958	2	731	217	193
10959	2	1243	262	250
10960	2	565	125	112
10961	2	934	225	212
10962	2	1128	236	225
10963	2	847	255	226
10964	2	1263	257	241
10965	2	506	161	146
10966	2	1215	357	343
10967	2	1037	240	231
10968	2	854	185	174
10969	2	1281	297	284
10970	2	121	32	13
10971	2	237	74	66
10972	2	211	63	50
10973	2	802	182	171
10974	2	290	74	51
10975	2	1203	342	322
10976	2	198	51	39
10977	2	144	43	31
10978	2	874	195	182
10979	2	364	89	69
10980	2	1237	302	286
10981	2	1276	280	266
10982	2	523	112	49
10983	2	196	58	30
10984	2	66	21	6
10985	2	387	112	97
10986	2	80	27	8
10987	2	279	72	44
10988	2	221	62	41
10989	2	675	205	194
10990	2	95	26	11
10991	2	326	109	96
10992	2	370	93	64
10993	2	306	84	67
10994	2	429	108	90
10995	2	1056	282	274
10996	2	538	148	115
10997	2	462	122	91
10998	2	215	78	64
10999	2	904	378	369
11000	2	354	81	69
11001	2	88	36	26
11002	2	298	112	99
11003	2	1186	332	317
11004	2	388	95	41
11005	2	138	40	30
11006	2	164	44	19
11007	2	577	133	111
11008	2	954	277	263
11009	2	1426	379	363
11010	2	134	39	13
11011	2	841	168	158
11012	2	192	64	33
11013	2	257	54	43
11014	2	151	54	38
11015	2	936	207	194
11016	2	594	129	109
11017	2	307	107	92
11018	2	792	211	196
11019	2	174	42	16
11020	2	697	208	186
11021	2	537	138	123
11022	2	617	182	162
11023	2	304	80	67
11024	2	441	128	112
11025	2	331	102	56
11026	2	105	36	17
11027	2	57	17	4
11028	2	81	38	20
11029	2	185	66	50
11030	2	464	107	92
11031	2	142	48	30
11032	2	1235	393	378
11033	2	356	128	108
11034	2	1036	305	275
11035	2	264	76	43
11036	2	99	37	21
11037	2	1065	254	241
11038	2	1467	314	303
11039	2	122	32	18
11040	2	65	26	14
11041	2	846	260	244
11042	2	109	40	24
11043	2	816	180	165
11044	2	164	41	25
11045	2	162	37	27
11046	2	81	24	6
11047	2	996	202	190
11048	2	128	30	12
11049	2	141	57	43
11050	2	1336	300	285
11051	2	67	25	14
11052	2	922	173	159
11053	2	665	155	144
11054	2	260	92	62
11055	2	523	115	100
11056	2	576	180	159
11057	2	1016	318	303
11058	2	1346	268	255
11059	2	876	242	229
11060	2	1365	305	286
11061	2	1107	360	342
11062	2	586	156	134
11063	2	540	123	110
11064	2	1260	238	224
11065	2	860	208	191
11066	2	990	220	208
11067	2	1113	285	270
11068	2	1174	253	243
11069	2	1114	187	171
11070	2	1276	340	314
11071	2	43	21	4
11072	2	154	63	48
11073	2	336	75	57
11074	2	964	216	202
11075	2	637	153	142
11076	2	257	90	79
11077	2	1021	325	311
11078	2	721	160	150
11079	2	450	103	56
11080	2	198	42	26
11081	2	791	198	106
11082	2	497	159	78
11083	2	128	38	20
11084	2	1164	280	263
11085	2	1070	310	277
11086	2	339	111	95
11087	2	160	55	28
11088	2	1270	344	337
11089	2	700	211	185
11090	2	1165	292	278
11091	2	604	176	150
11092	2	198	39	33
11093	2	260	63	42
11094	2	334	78	51
11095	2	517	159	116
11096	2	663	235	206
11097	2	307	95	54
11098	2	1152	361	346
11099	2	67	32	16
11100	2	229	60	32
11101	2	1079	338	326
11102	2	177	62	48
11103	2	1069	208	193
11104	2	1243	355	342
11105	2	1314	264	249
11106	2	307	91	66
11107	2	1301	268	247
11108	2	252	71	58
11109	2	893	280	269
11110	2	297	69	60
11111	2	517	119	98
11112	2	83	26	14
11113	2	1165	343	329
11114	2	1119	298	286
11115	2	151	41	20
11116	2	540	120	107
11117	2	891	262	249
11118	2	172	53	23
11119	2	695	160	139
11120	2	1215	316	301
11121	2	121	47	19
11122	2	223	54	40
11123	2	369	77	64
11124	2	774	260	249
11125	2	892	283	268
11126	2	987	283	264
11127	2	1174	257	241
11128	2	346	106	90
11129	2	1231	314	300
11130	2	66	23	14
11131	2	1235	374	348
11132	2	869	202	186
11133	2	1136	307	292
11134	2	105	26	15
11135	2	572	110	101
11136	2	911	218	203
11137	2	1140	235	224
11138	2	920	205	193
11139	2	839	216	197
11140	2	770	179	164
11141	2	522	117	106
11142	2	668	153	137
11143	2	1102	234	223
11144	2	558	190	154
11145	2	1325	226	219
11146	2	204	63	49
11147	2	831	219	195
11148	2	901	186	155
11149	2	257	71	45
11150	2	703	191	154
11151	2	339	74	62
11152	2	1442	269	251
11153	2	592	192	173
11154	2	1275	299	290
11155	2	1225	227	216
11156	2	259	63	40
11157	2	921	248	233
11158	2	162	36	18
11159	2	576	187	175
11160	2	218	71	45
11161	2	857	170	162
11162	2	867	257	246
11163	2	225	72	47
11164	2	37	22	14
11165	2	412	101	81
11166	2	99	40	28
11167	2	1229	291	281
11168	2	236	82	71
11169	2	916	197	185
11170	2	232	65	51
11171	2	1164	301	287
11172	2	1298	328	313
11173	2	312	71	61
11174	2	98	32	5
11175	2	759	282	263
11176	2	194	66	55
11177	2	1105	293	279
11178	2	432	139	126
11179	2	246	127	110
11180	2	556	154	137
11181	2	126	38	22
11182	2	198	44	28
11183	2	186	64	44
11184	2	195	45	21
11185	2	207	43	26
11186	2	778	188	164
11187	2	164	39	19
11188	2	1379	260	245
11189	2	102	24	12
11190	2	1383	310	286
11191	2	1028	303	286
11192	2	358	68	59
11193	2	258	54	44
11194	2	474	113	103
11195	2	307	99	77
11196	2	1089	254	243
11197	2	976	203	193
11198	2	516	155	142
11199	2	74	46	35
11200	2	344	125	114
11201	2	290	64	31
11202	2	154	37	26
11203	2	409	140	123
11204	2	563	129	85
11205	2	444	132	105
11206	2	1289	374	339
11207	2	997	360	346
11208	2	1412	275	258
11209	2	227	80	55
11210	2	723	163	142
11211	2	1131	236	221
11212	2	186	44	20
11213	2	402	105	96
11214	2	640	194	183
11215	2	270	73	60
11216	2	387	90	74
11217	2	286	114	98
11218	2	387	104	89
11219	2	153	42	23
11220	2	354	66	56
11221	2	1026	260	242
11222	2	278	88	73
11223	2	526	123	89
11224	2	1376	308	299
11225	2	786	249	240
11226	2	1202	251	243
11227	2	962	434	424
11228	2	390	94	86
11229	2	908	219	209
11230	2	457	147	135
11231	2	673	155	143
11232	2	340	83	69
11233	2	59	22	10
11234	2	186	53	38
11235	2	96	26	8
11236	2	598	214	192
11237	2	1387	401	373
11238	2	1015	200	192
11239	2	327	81	68
11240	2	1273	323	308
11241	2	373	125	106
11242	2	1035	232	209
11243	2	1548	343	321
11244	2	183	62	46
11245	2	186	82	46
11246	2	458	133	118
11247	2	1253	276	260
11248	2	297	66	34
11249	2	183	64	35
11250	2	936	203	191
11251	2	746	181	167
11252	2	201	56	21
11253	2	1218	287	274
11254	2	159	38	14
11255	2	1142	201	190
11256	2	685	143	130
11257	2	444	100	86
11258	2	1377	232	221
11259	2	1253	297	283
11260	2	1151	255	244
11261	2	1107	237	230
11262	2	652	121	109
11263	2	866	177	168
11264	2	933	249	236
11265	2	1273	282	266
11266	2	546	148	135
11267	2	45	17	8
11268	2	904	236	213
11269	2	793	231	218
11270	2	1217	313	302
11271	2	193	40	26
11272	2	898	226	217
11273	2	716	166	155
11274	2	186	45	33
11275	2	585	152	100
11276	2	1254	423	407
11277	2	397	109	95
11278	2	741	161	146
11279	2	119	44	28
11280	2	135	41	22
11281	2	743	192	176
11282	2	798	208	195
11283	2	1271	264	251
11284	2	882	187	174
11285	2	982	212	199
11286	2	904	196	182
11287	2	368	107	87
11288	2	1126	350	334
11289	2	210	63	24
11290	2	621	127	113
11291	2	339	84	77
11292	2	371	131	101
11293	2	85	29	15
11294	2	229	90	62
11295	2	172	68	59
11296	2	416	110	96
11297	2	1054	274	262
11298	2	1155	260	250
11299	2	1196	346	330
11300	2	1133	236	224
11301	2	216	54	44
11302	2	785	191	181
11303	2	824	253	237
11304	2	953	251	238
11305	2	1181	306	298
11306	2	662	166	140
11307	2	67	23	9
11308	2	712	184	172
11309	2	396	97	77
11310	2	426	99	88
11311	2	123	27	13
11312	2	744	224	208
11313	2	1361	349	337
11314	2	1385	290	278
11315	2	92	28	11
11316	2	255	77	60
11317	2	1467	398	379
11318	2	845	243	228
11319	2	1067	220	212
11320	2	516	110	95
11321	2	876	221	209
11322	2	1175	271	263
11323	2	582	125	109
11324	2	274	78	64
11325	2	1109	319	304
11326	2	30	20	10
11327	2	1237	293	278
11328	2	97	31	14
11329	2	1141	313	298
11330	2	885	225	214
11331	2	209	77	34
11332	2	469	140	120
11333	2	474	150	140
11334	2	899	233	216
11335	2	77	26	14
11336	2	348	90	77
11337	2	839	220	209
11338	2	440	184	172
11339	2	87	33	18
11340	2	96	37	17
11341	2	204	56	44
11342	2	480	123	111
11343	2	1052	334	312
11344	2	95	41	17
11345	2	521	147	110
11346	2	219	49	39
11347	2	351	65	39
11348	2	923	272	238
11349	2	1074	235	211
11350	2	772	242	224
11351	2	171	38	28
11352	2	277	79	70
11353	2	306	73	58
11354	2	555	134	96
11355	2	398	90	72
11356	2	185	64	40
11357	2	1256	281	265
11358	2	791	188	169
11359	2	757	194	169
11360	2	1076	205	167
11361	2	1226	314	298
11362	2	1057	209	195
11363	2	534	117	94
11364	2	231	51	38
11365	2	195	57	33
11366	2	697	180	169
11367	2	1184	277	266
11368	2	581	168	148
11369	2	602	215	193
11370	2	1313	348	326
11371	2	627	152	138
11372	2	1028	177	163
11373	2	1154	293	281
11374	2	1101	256	243
11375	2	1243	320	305
11376	2	867	198	182
11377	2	1142	337	327
11378	2	290	69	53
11379	2	586	188	176
11380	2	71	22	9
11381	2	1254	258	237
11382	2	182	46	16
11383	2	116	52	19
11384	2	989	285	270
11385	2	439	121	110
11386	2	118	55	41
11387	2	845	264	249
11388	2	1421	323	313
11389	2	1284	305	291
11390	2	1366	300	287
11391	2	1378	326	315
11392	2	893	216	205
11393	2	1315	267	251
11394	2	1504	283	271
11395	2	1098	221	209
11396	2	1012	267	255
11397	2	440	152	75
11398	2	352	86	65
11399	2	950	335	321
11400	2	156	36	19
11401	2	126	53	30
11402	2	1180	384	365
11403	2	617	162	146
11404	2	702	150	138
11405	2	597	197	182
11406	2	1036	271	260
11407	2	1228	303	292
11408	2	98	36	18
11409	2	306	86	72
11410	2	133	41	16
11411	2	582	164	139
11412	2	281	61	49
11413	2	1155	263	250
11414	2	998	205	187
11415	2	87	32	19
11416	2	237	52	23
11417	2	814	214	199
11418	2	323	93	77
11419	2	551	145	139
11420	2	119	32	10
11421	2	944	251	238
11422	2	507	129	117
11423	2	169	74	58
11424	2	106	34	8
11425	2	114	52	35
11426	2	1018	211	196
11427	2	39	26	13
11428	2	969	271	260
11429	2	1436	368	356
11430	2	399	118	101
11431	2	877	273	250
11432	2	738	194	183
11433	2	163	94	69
11434	2	165	56	27
11435	2	1081	259	244
11436	2	666	195	176
11437	2	172	69	44
11438	2	145	51	31
11439	2	64	23	12
11440	2	183	38	26
11441	2	668	192	176
11442	2	1015	266	248
11443	2	554	162	149
11444	2	267	54	30
11445	2	537	116	103
11446	2	258	67	58
11447	2	673	164	153
11448	2	1152	271	256
11449	2	653	161	140
11450	2	298	90	66
11451	2	96	34	19
11452	2	965	284	272
11453	2	1257	330	301
11454	2	1256	335	313
11455	2	696	216	201
11456	2	458	119	94
11457	2	507	95	79
11458	2	83	39	21
11459	2	687	244	223
11460	2	525	179	165
11461	2	84	29	9
11462	2	1147	312	293
11463	2	48	21	10
11464	2	139	42	23
11465	2	116	41	17
11466	2	195	40	29
11467	2	61	24	12
11468	2	987	201	179
11469	2	483	96	79
11470	2	169	49	35
11471	2	113	24	9
11472	2	307	100	88
11473	2	381	76	63
11474	2	705	128	113
11475	2	1173	362	338
11476	2	565	144	114
11477	2	226	89	23
11478	2	147	40	31
11479	2	734	161	149
11480	2	282	73	61
11481	2	823	183	170
11482	2	249	57	44
11483	2	848	290	260
11484	2	1335	289	275
11485	2	887	218	203
11486	2	916	240	230
11487	2	1255	260	249
11488	2	364	101	79
11489	2	104	34	17
11490	2	160	43	24
11491	2	754	222	203
11492	2	1396	296	284
11493	2	163	65	46
11494	2	1347	288	277
11495	2	225	47	33
11496	2	1160	218	209
11497	2	1125	228	215
11498	2	1214	345	333
11499	2	1146	279	252
11500	2	1516	301	288
11501	2	1017	175	162
11502	2	959	198	185
11503	2	67	20	6
11504	2	245	78	27
11505	2	974	240	223
11506	2	200	53	24
11507	2	938	199	187
11508	2	1471	292	278
11509	2	1035	211	199
11510	2	875	262	249
11511	2	683	147	133
11512	2	843	212	189
11513	2	753	141	128
11514	2	267	78	47
11515	2	588	178	162
11516	2	161	72	42
11517	2	818	196	185
11518	2	532	162	136
11519	2	71	26	16
11520	2	276	61	48
11521	2	125	38	13
11522	2	1092	277	250
11523	2	738	228	207
11524	2	1264	296	280
11525	2	964	212	198
11526	2	156	50	38
11527	2	760	156	143
11528	2	828	224	208
11529	2	970	272	262
11530	2	1197	298	284
11531	2	814	159	138
11532	2	48	18	6
11533	2	162	64	31
11534	2	667	178	167
11535	2	1204	390	370
11536	2	229	49	38
11537	2	152	64	52
11538	2	198	64	40
11539	2	60	32	15
11540	2	66	19	7
11541	2	753	179	162
11542	2	120	40	14
11543	2	1120	253	236
11544	2	450	122	77
11545	2	118	39	14
11546	2	89	39	24
11547	2	342	98	75
11548	2	186	76	25
11549	2	1275	319	303
11550	2	548	120	104
11551	2	74	35	17
11552	2	943	280	265
11553	2	1228	301	285
11554	2	1281	304	294
11555	2	87	21	10
11556	2	83	29	14
11557	2	916	191	176
11558	2	1305	335	316
11559	2	761	162	150
11560	2	226	92	67
11561	2	742	179	162
11562	2	704	135	126
11563	2	903	213	196
11564	2	123	39	27
11565	2	1072	284	270
11566	2	150	40	23
11567	2	406	136	124
11568	2	1024	257	245
11569	2	198	61	34
11570	2	850	207	192
11571	2	545	133	116
11572	2	127	59	38
11573	2	448	145	126
11574	2	153	43	14
11575	2	720	198	185
11576	2	254	65	49
11577	2	137	31	20
11578	2	382	89	63
11579	2	1072	271	260
11580	2	266	119	107
11581	2	720	160	144
11582	2	229	53	21
11583	2	121	32	19
11584	2	991	242	224
11585	2	981	203	187
11586	2	150	38	26
11587	2	382	117	104
11588	2	420	116	98
11589	2	235	84	71
11590	2	215	49	39
11591	2	570	126	114
11592	2	87	33	19
11593	2	1260	270	256
11594	2	565	115	106
11595	2	1157	352	336
11596	2	623	176	163
11597	2	690	176	163
11598	2	640	143	132
11599	2	1212	310	293
11600	2	337	91	78
11601	2	183	51	19
11602	2	1066	269	256
11603	2	1274	327	304
11604	2	971	179	159
11605	2	1349	273	257
11606	2	519	215	183
11607	2	149	39	17
11608	2	922	263	246
11609	2	404	96	85
11610	2	1319	313	301
11611	2	303	70	46
11612	2	593	114	85
11613	2	267	80	63
11614	2	272	89	69
11615	2	116	45	27
11616	2	57	22	10
11617	2	111	32	14
11618	2	117	32	19
11619	2	503	123	102
11620	2	389	91	77
11621	2	1121	307	281
11622	2	174	58	34
11623	2	1143	298	288
11624	2	1004	287	275
11625	2	219	59	39
11626	2	367	125	115
11627	2	525	127	111
11628	2	1182	260	242
11629	2	669	164	145
11630	2	93	27	10
11631	2	1398	265	245
11632	2	652	155	138
11633	2	263	70	51
11634	2	1343	279	263
11635	2	202	55	40
11636	2	1299	306	286
11637	2	301	76	62
11638	2	1415	329	318
11639	2	150	54	26
11640	2	427	116	98
11641	2	654	214	181
11642	2	134	59	23
11643	2	840	210	197
11644	2	851	217	205
11645	2	326	115	101
11646	2	194	97	86
11647	2	782	225	209
11648	2	1126	256	243
11649	2	148	66	48
11650	2	90	25	13
11651	2	151	44	32
11652	2	963	235	223
11653	2	911	227	215
11654	2	96	23	11
11655	2	1586	342	311
11656	2	678	182	168
11657	2	399	134	123
11658	2	1469	277	264
11659	2	1279	244	230
11660	2	280	67	36
11661	2	431	93	84
11662	2	1652	336	325
11663	2	483	117	102
11664	2	168	35	24
11665	2	742	156	82
11666	2	172	65	56
11667	2	215	74	19
11668	2	1383	357	344
11669	2	706	255	243
11670	2	670	171	77
11671	2	185	43	19
11672	2	150	51	28
11673	2	154	53	33
11674	2	1078	292	276
11675	2	368	95	72
11676	2	68	23	14
11677	2	390	100	70
11678	2	140	48	35
11679	2	213	43	33
11680	2	279	71	57
11681	2	504	182	163
11682	2	721	220	208
11683	2	863	230	218
11684	2	303	87	73
11685	2	905	245	228
11686	2	84	21	6
11687	2	62	22	9
11688	2	700	214	199
11689	2	116	37	19
11690	2	1531	308	298
11691	2	943	212	198
11692	2	339	86	73
11693	2	1210	328	311
11694	2	1098	215	201
11695	2	984	216	204
11696	2	484	162	154
11697	2	492	99	80
11698	2	193	54	42
11699	2	1100	270	256
11700	2	958	215	202
11701	2	866	182	173
11702	2	1159	292	281
11703	2	575	156	138
11704	2	291	85	67
11705	2	565	169	155
11706	2	53	25	14
11707	2	978	255	229
11708	2	659	149	138
11709	2	1078	246	234
11710	2	624	124	103
11711	2	564	233	209
11712	2	75	25	14
11713	2	706	177	164
11714	2	190	63	36
11715	2	1125	286	270
11716	2	1134	438	426
11717	2	1281	336	323
11718	2	1227	300	284
11719	2	695	172	160
11720	2	1040	292	281
11721	2	943	179	170
11722	2	1280	267	259
11723	2	109	29	14
11724	2	985	313	302
11725	2	943	282	272
11726	2	132	37	19
11727	2	139	46	13
11728	2	145	28	13
11729	2	1118	266	255
11730	2	287	88	60
11731	2	1170	356	335
11732	2	184	45	26
11733	2	1041	246	232
11734	2	167	39	22
11735	2	282	71	39
11736	2	796	296	173
11737	2	580	145	124
11738	2	1332	252	238
11739	2	553	163	125
11740	2	453	126	105
11741	2	568	186	169
11742	2	470	152	139
11743	2	1254	262	253
11744	2	544	144	120
11745	2	637	153	141
11746	2	500	124	111
11747	2	375	81	70
11748	2	1166	213	203
11749	2	288	66	53
11750	2	388	102	84
11751	2	1038	209	198
11752	2	1065	278	259
11753	2	799	163	143
11754	2	1173	222	212
11755	2	931	227	215
11756	2	1136	215	198
11757	2	1063	243	232
11758	2	66	28	20
11759	2	249	51	37
11760	2	90	26	11
11761	2	72	23	11
11762	2	199	62	41
11763	2	195	40	30
11764	2	702	235	221
11765	2	1520	385	320
11766	2	336	106	77
11767	2	159	42	15
11768	2	1465	317	280
11769	2	224	79	20
11770	2	980	228	190
11771	2	464	124	107
11772	2	478	135	102
11773	2	363	111	105
11774	2	377	79	36
11775	2	125	37	17
11776	2	953	225	205
11777	2	165	41	31
11778	2	244	71	49
11779	2	1119	291	274
11780	2	1458	440	425
11781	2	545	154	136
11782	2	717	174	162
11783	2	607	147	137
11784	2	230	65	50
11785	2	368	111	81
11786	2	618	134	124
11787	2	761	138	128
11788	2	646	203	189
11789	2	795	188	174
11790	2	901	222	212
11791	2	380	101	89
11792	2	115	33	5
11793	2	903	203	193
11794	2	213	62	50
11795	2	655	151	139
11796	2	337	114	105
11797	2	726	203	190
11798	2	565	172	161
11799	2	84	26	14
11800	2	258	66	21
11801	2	104	46	17
11802	2	1292	317	303
11803	2	587	122	105
11804	2	123	46	37
11805	2	890	218	186
11806	2	109	36	14
11807	2	688	180	160
11808	2	362	94	57
11809	2	912	252	214
11810	2	1137	218	208
11811	2	1174	316	299
11812	2	291	91	63
11813	2	1222	300	283
11814	2	1266	296	282
11815	2	1269	252	240
11816	2	134	36	17
11817	2	104	45	34
11818	2	922	291	276
11819	2	545	145	131
11820	2	76	33	21
11821	2	1212	270	255
11822	2	193	51	27
11823	2	646	216	180
11824	2	232	54	41
11825	2	1198	286	269
11826	2	191	61	24
11827	2	695	211	197
11828	2	416	169	144
11829	2	630	227	215
11830	2	1333	242	230
11831	2	386	147	128
11832	2	389	114	90
11833	2	243	55	40
11834	2	487	131	118
11835	2	60	23	13
11836	2	915	285	264
11837	2	79	34	20
11838	2	554	225	216
11839	2	1032	245	231
11840	2	749	164	154
11841	2	465	144	129
11842	2	1244	236	223
11843	2	1132	328	311
11844	2	315	78	65
11845	2	1117	220	206
11846	2	1246	271	259
11847	2	243	67	35
11848	2	1058	215	202
11849	2	808	224	208
11850	2	182	54	19
11851	2	755	209	188
11852	2	663	155	131
11853	2	1136	219	207
11854	2	579	178	159
11855	2	1039	308	296
11856	2	363	92	76
11857	2	1342	290	273
11858	2	1524	315	299
11859	2	815	186	173
11860	2	1088	274	187
11861	2	243	55	39
11862	2	267	61	48
11863	2	1213	359	343
11864	2	1430	320	262
11865	2	952	238	226
11866	2	517	116	102
11867	2	558	189	182
11868	2	427	94	85
11869	2	787	178	164
11870	2	108	37	24
11871	2	168	48	23
11872	2	179	52	36
11873	2	117	31	11
11874	2	883	276	266
11875	2	91	39	24
11876	2	1305	263	248
11877	2	135	39	23
11878	2	428	135	118
11879	2	1192	277	252
11880	2	729	226	215
11881	2	208	54	30
11882	2	140	38	17
11883	2	1192	258	246
11884	2	1505	310	297
11885	2	174	38	27
11886	2	410	120	95
11887	2	1161	238	227
11888	2	145	55	24
11889	2	72	30	16
11890	2	630	210	185
11891	2	1197	269	243
11892	2	179	50	37
11893	2	474	131	117
11894	2	42	23	10
11895	2	252	58	32
11896	2	167	47	20
11897	2	50	24	14
11898	2	99	32	19
11899	2	1075	218	208
11900	2	218	64	52
11901	2	1225	321	305
11902	2	1110	315	303
11903	2	94	29	15
11904	2	766	133	116
11905	2	1309	260	240
11906	2	1257	233	222
11907	2	1102	241	229
11908	2	1389	330	319
11909	2	253	55	42
11910	2	121	31	14
11911	2	499	135	119
11912	2	168	47	7
11913	2	80	37	21
11914	2	903	221	200
11915	2	408	75	62
11916	2	181	54	40
11917	2	961	214	201
11918	2	780	253	224
11919	2	544	122	109
11920	2	196	61	41
11921	2	1148	371	357
11922	2	1164	388	355
11923	2	1444	336	311
11924	2	228	46	33
11925	2	1055	193	181
11926	2	590	189	175
11927	2	652	168	149
11928	2	1604	401	386
11929	2	1009	253	240
11930	2	423	98	80
11931	2	594	139	108
11932	2	1027	347	335
11933	2	658	130	120
11934	2	201	39	26
11935	2	1276	304	295
11936	2	1133	236	224
11937	2	129	32	19
11938	2	1112	241	232
11939	2	475	109	93
11940	2	114	26	12
11941	2	1134	230	219
11942	2	253	64	50
11943	2	547	165	153
11944	2	243	53	36
11945	2	207	74	64
11946	2	402	100	89
11947	2	918	271	259
11948	2	594	150	135
11949	2	100	33	7
11950	2	954	227	218
11951	2	235	81	69
11952	2	45	16	4
11953	2	1307	294	282
11954	2	1245	309	298
11955	2	1011	192	179
11956	2	1392	263	250
11957	2	1324	252	241
11958	2	1187	332	319
11959	2	541	120	106
11960	2	1082	200	189
11961	2	1365	474	446
11962	2	1387	329	316
11963	2	83	35	22
11964	2	101	31	19
11965	2	91	28	16
11966	2	824	268	230
11967	2	175	60	46
11968	2	645	152	136
11969	2	138	38	27
11970	2	1322	311	285
11971	2	500	197	180
11972	2	626	221	208
11973	2	716	208	198
11974	2	1062	333	321
11975	2	882	215	204
11976	2	340	114	97
11977	2	1128	372	352
11978	2	375	85	56
11979	2	1046	252	240
11980	2	1113	306	292
11981	2	194	43	28
11982	2	883	182	166
11983	2	1107	209	197
11984	2	642	190	180
11985	2	1005	227	216
11986	2	252	59	35
11987	2	821	204	187
11988	2	499	128	113
11989	2	1294	254	246
11990	2	228	61	42
11991	2	1154	234	223
11992	2	528	111	101
11993	2	447	129	107
11994	2	193	42	28
11995	2	887	215	202
11996	2	1228	324	309
11997	2	510	97	69
11998	2	321	68	55
11999	2	1321	251	237
12000	2	183	44	14
12001	2	245	65	51
12002	2	288	55	43
12003	2	1057	222	209
12004	2	897	231	214
12005	2	1390	295	280
12006	2	252	57	49
12007	2	1420	298	282
12008	2	883	256	244
12009	2	882	308	290
12010	2	1392	281	267
12011	2	154	68	52
12012	2	1304	263	253
12013	2	46	18	8
12014	2	234	62	44
12015	2	538	148	63
12016	2	1226	351	333
12017	2	145	55	21
12018	2	724	183	171
12019	2	499	157	137
12020	2	1223	265	250
12021	2	797	225	213
12022	2	843	167	157
12023	2	1205	341	316
12024	2	1204	415	398
12025	2	155	51	33
12026	2	108	28	14
12027	2	1027	206	199
12028	2	237	57	35
12029	2	154	44	18
12030	2	99	39	20
12031	2	477	107	92
12032	2	1424	267	247
12033	2	687	207	186
12034	2	126	44	27
12035	2	879	199	189
12036	2	228	68	53
12037	2	30	17	8
12038	2	290	77	67
12039	2	45	28	14
12040	2	755	301	290
12041	2	74	21	6
12042	2	210	66	55
12043	2	273	65	38
12044	2	377	120	55
12045	2	301	110	77
12046	2	150	69	40
12047	2	187	43	31
12048	2	600	157	146
12049	2	105	25	8
12050	2	779	238	222
12051	2	1155	283	266
12052	2	659	142	131
12053	2	468	87	74
12054	2	1299	318	303
12055	2	1261	340	328
12056	2	1117	235	220
12057	2	1250	237	222
12058	2	1281	288	275
12059	2	932	206	190
12060	2	1128	350	330
12061	2	1121	334	314
12062	2	725	214	193
12063	2	665	240	225
12064	2	1429	351	338
12065	2	1044	244	232
12066	2	378	98	81
12067	2	181	42	30
12068	2	1265	377	340
12069	2	88	26	10
12070	2	375	77	61
12071	2	146	38	3
12072	2	1093	314	302
12073	2	357	106	86
12074	2	303	66	55
12075	2	20	14	6
12076	2	1450	317	303
12077	2	111	41	20
12078	2	97	33	13
12079	2	1112	311	285
12080	2	1060	192	175
12081	2	1379	297	288
12082	2	162	38	26
12083	2	208	53	39
12084	2	539	134	121
12085	2	390	106	91
12086	2	693	238	217
12087	2	274	114	98
12088	2	1253	308	298
12089	2	846	176	157
12090	2	392	115	96
12091	2	1307	264	250
12092	2	1116	223	208
12093	2	236	92	65
12094	2	954	173	161
12095	2	1305	315	293
12096	2	93	36	25
12097	2	1162	222	207
12098	2	1211	215	204
12099	2	982	293	278
12100	2	581	158	151
12101	2	1029	274	265
12102	2	567	118	108
12103	2	1298	268	254
12104	2	1375	247	236
12105	2	995	222	208
12106	2	114	40	21
12107	2	980	205	195
12108	2	1103	225	214
12109	2	104	33	17
12110	2	1133	263	252
12111	2	840	174	157
12112	2	1221	275	255
12113	2	875	180	167
12114	2	804	238	229
12115	2	373	110	70
12116	2	1403	400	382
12117	2	963	224	211
12118	2	357	102	93
12119	2	198	43	28
12120	2	138	69	58
12121	2	78	23	7
12122	2	84	31	9
12123	2	112	38	12
12124	2	153	64	38
12125	2	51	18	5
12126	2	1016	215	203
12127	2	1039	192	180
12128	2	606	182	150
12129	2	1474	467	453
12130	2	181	70	52
12131	2	245	83	60
12132	2	243	75	25
12133	2	1115	276	256
12134	2	794	175	147
12135	2	1166	261	250
12136	2	1118	344	329
12137	2	1344	312	302
12138	2	417	100	85
12139	2	1338	359	334
12140	2	120	29	15
12141	2	858	220	204
12142	2	80	32	15
12143	2	1279	325	296
12144	2	1071	242	224
12145	2	117	35	14
12146	2	1169	308	273
12147	2	1227	364	346
12148	2	422	102	82
12149	2	1270	344	324
12150	2	787	213	199
12151	2	1145	334	311
12152	2	398	138	125
12153	2	601	173	162
12154	2	303	97	81
12155	2	1233	272	256
12156	2	251	63	51
12157	2	720	184	165
12158	2	506	154	123
12159	2	213	88	79
12160	2	868	298	281
12161	2	1383	268	250
12162	2	353	108	80
12163	2	1133	232	221
12164	2	352	117	102
12165	2	507	149	128
12166	2	619	140	128
12167	2	847	198	186
12168	2	652	164	148
12169	2	1198	389	376
12170	2	291	91	67
12171	2	1033	342	334
12172	2	193	65	56
12173	2	542	137	123
12174	2	926	287	274
12175	2	859	232	214
12176	2	258	74	60
12177	2	897	190	178
12178	2	632	153	143
12179	2	162	39	28
12180	2	204	41	28
12181	2	788	200	182
12182	2	222	56	43
12183	2	524	111	89
12184	2	1211	352	338
12185	2	587	152	140
12186	2	236	76	45
12187	2	122	39	9
12188	2	240	59	24
12189	2	237	80	54
12190	2	588	152	132
12191	2	168	52	38
12192	2	365	87	75
12193	2	801	284	253
12194	2	202	77	59
12195	2	1080	292	275
12196	2	707	212	194
12197	2	115	29	7
12198	2	955	260	237
12199	2	346	102	89
12200	2	1125	283	259
12201	2	618	163	153
12202	2	1020	219	206
12203	2	120	38	17
12204	2	163	55	40
12205	2	1311	331	321
12206	2	797	200	181
12207	2	435	149	131
12208	2	863	209	200
12209	2	227	57	40
12210	2	1432	386	360
12211	2	604	171	157
12212	2	781	166	152
12213	2	254	62	41
12214	2	223	110	94
12215	2	435	85	46
12216	2	140	38	26
12217	2	116	41	14
12218	2	274	56	42
12219	2	337	72	55
12220	2	95	30	10
12221	2	204	58	47
12222	2	138	36	18
12223	2	110	30	11
12224	2	633	180	133
12225	2	1199	339	320
12226	2	268	73	33
12227	2	501	102	90
12228	2	606	182	170
12229	2	987	277	261
12230	2	300	89	68
12231	2	162	37	25
12232	2	171	52	40
12233	2	1139	242	232
12234	2	988	242	225
12235	2	340	97	32
12236	2	458	93	74
12237	2	244	58	48
12238	2	168	44	19
12239	2	629	158	143
12240	2	152	44	34
12241	2	103	27	9
12242	2	151	44	26
12243	2	514	119	108
12244	2	156	70	46
12245	2	83	37	23
12246	2	336	74	58
12247	2	1088	349	302
12248	2	540	157	136
12249	2	209	76	45
12250	2	210	50	33
12251	2	1044	244	224
12252	2	515	152	141
12253	2	161	56	39
12254	2	605	165	134
12255	2	1078	223	208
12256	2	1238	345	327
12257	2	1276	289	277
12258	2	135	37	19
12259	2	303	61	49
12260	2	713	238	227
12261	2	139	40	23
12262	2	108	30	17
12263	2	863	239	224
12264	2	372	106	86
12265	2	1233	381	368
12266	2	44	20	9
12267	2	233	68	55
12268	2	203	51	29
12269	2	602	193	176
12270	2	1062	230	212
12271	2	293	73	32
12272	2	179	55	34
12273	2	177	39	29
12274	2	749	137	122
12275	2	974	196	183
12276	2	1246	244	229
12277	2	573	169	142
12278	2	989	235	221
12279	2	568	124	111
12280	2	1006	313	300
12281	2	93	26	9
12282	2	1297	289	276
12283	2	380	133	107
12284	2	1496	336	321
12285	2	231	54	40
12286	2	1178	252	235
12287	2	1197	338	313
12288	2	674	147	137
12289	2	101	32	18
12290	2	182	61	47
12291	2	122	37	26
12292	2	382	122	106
12293	2	65	28	11
12294	2	1084	301	284
12295	2	521	131	113
12296	2	41	19	4
12297	2	164	37	23
12298	2	426	141	124
12299	2	830	206	194
12300	2	1092	215	199
12301	2	96	30	19
12302	2	354	160	131
12303	2	92	31	21
12304	2	300	92	73
12305	2	71	33	19
12306	2	462	134	122
12307	2	187	72	61
12308	2	1038	320	310
12309	2	662	236	224
12310	2	170	57	42
12311	2	206	62	48
12312	2	47	19	4
12313	2	1233	295	281
12314	2	312	70	37
12315	2	1289	329	304
12316	2	1078	233	217
12317	2	693	162	142
12318	2	1327	303	290
12319	2	1290	311	296
12320	2	1221	275	262
12321	2	1000	229	211
12322	2	1312	286	277
12323	2	603	212	191
12324	2	1132	269	252
12325	2	1218	231	217
12326	2	1296	250	240
12327	2	1371	288	269
12328	2	1213	298	286
12329	2	574	164	141
12330	2	1180	320	305
12331	2	990	210	195
12332	2	1010	190	171
12333	2	1286	329	307
12334	2	573	155	71
12335	2	1110	222	204
12336	2	826	196	175
12337	2	311	94	79
12338	2	877	301	290
12339	2	583	104	87
12340	2	990	186	169
12341	2	417	91	56
12342	2	311	93	57
12343	2	169	62	18
12344	2	139	33	10
12345	2	220	48	32
12346	2	141	34	15
12347	2	442	153	141
12348	2	175	75	54
12349	2	116	24	12
12350	2	157	39	4
12351	2	175	67	50
12352	2	297	86	70
12353	2	1261	249	239
12354	2	1038	312	301
12355	2	132	32	21
12356	2	369	87	72
12357	2	912	161	146
12358	2	87	31	20
12359	2	59	23	7
12360	2	1276	288	261
12361	2	340	81	53
12362	2	385	83	38
12363	2	341	104	90
12364	2	1193	222	212
12365	2	866	198	187
12366	2	511	109	89
12367	2	414	104	84
12368	2	444	110	92
12369	2	845	177	165
12370	2	170	55	21
12371	2	184	40	27
12372	2	308	65	48
12373	2	195	64	51
12374	2	1076	231	224
12375	2	270	55	41
12376	2	210	53	40
12377	2	96	28	9
12378	2	130	36	12
12379	2	1180	233	222
12380	2	1739	823	803
12381	2	841	191	150
12382	2	320	91	72
12383	2	150	54	32
12384	2	193	58	29
12385	2	222	60	52
12386	2	558	176	168
12387	2	1089	333	317
12388	2	166	60	40
12389	2	397	122	85
12390	2	81	24	10
12391	2	1001	194	179
12392	2	159	51	37
12393	2	1054	256	239
12394	2	624	131	117
12395	2	1461	259	247
12396	2	711	242	214
12397	2	794	187	171
12398	2	910	298	284
12399	2	1503	307	297
12400	2	177	46	34
12401	2	1297	248	236
12402	2	1062	247	237
12403	2	630	284	271
12404	2	1022	183	174
12405	2	1231	307	294
12406	2	1252	257	242
12407	2	1189	283	270
12408	2	502	158	139
12409	2	1166	358	347
12410	2	1290	309	297
12411	2	847	197	188
12412	2	1288	267	256
12413	2	857	257	243
12414	2	1395	275	257
12415	2	423	135	116
12416	2	1389	262	245
12417	2	598	172	157
12418	2	609	150	122
12419	2	351	77	51
12420	2	678	209	193
12421	2	871	192	182
12422	2	950	242	229
12423	2	357	109	98
12424	2	262	55	21
12425	2	297	71	57
12426	2	518	164	145
12427	2	437	147	133
12428	2	329	132	117
12429	2	434	177	146
12430	2	1422	273	258
12431	2	1127	239	217
12432	2	1175	264	248
12433	2	1495	374	354
12434	2	1038	251	241
12435	2	718	267	247
12436	2	572	140	124
12437	2	1058	281	267
12438	2	959	307	291
12439	2	474	158	144
12440	2	830	190	175
12441	2	439	151	136
12442	2	1730	613	599
12443	2	1089	285	265
12444	2	1072	314	303
12445	2	78	28	16
12446	2	773	176	157
12447	2	223	89	73
12448	2	805	169	152
12449	2	848	178	168
12450	2	607	152	132
12451	2	1079	331	321
12452	2	283	109	98
12453	2	390	111	95
12454	2	182	56	41
12455	2	201	67	51
12456	2	924	233	225
12457	2	1285	406	390
12458	2	978	190	182
12459	2	545	149	133
12460	2	900	258	245
12461	2	203	68	49
12462	2	1515	290	268
12463	2	783	161	153
12464	2	641	153	141
12465	2	284	68	47
12466	2	656	170	154
12467	2	384	131	122
12468	2	498	120	71
12469	2	223	51	35
12470	2	156	44	29
12471	2	587	170	159
12472	2	72	21	13
12473	2	1318	355	338
12474	2	180	51	38
12475	2	237	53	41
12476	2	118	34	7
12477	2	176	46	38
12478	2	161	50	35
12479	2	500	184	168
12480	2	762	203	180
12481	2	157	63	51
12482	2	204	53	22
12483	2	85	26	6
12484	2	547	177	146
12485	2	193	69	50
12486	2	785	188	176
12487	2	1160	322	306
12488	2	408	98	85
12489	2	579	165	153
12490	2	205	55	45
12491	2	427	156	147
12492	2	1121	327	312
12493	2	1274	341	322
12494	2	1168	270	257
12495	2	261	80	64
12496	2	1337	330	317
12497	2	614	181	170
12498	2	878	274	261
12499	2	330	81	55
12500	2	1014	200	183
12501	2	1241	243	234
12502	2	941	231	215
12503	2	114	34	13
12504	2	1220	271	261
12505	2	136	36	15
12506	2	187	76	54
12507	2	499	158	44
12508	2	260	97	72
12509	2	83	23	13
12510	2	838	182	170
12511	2	425	111	97
12512	2	958	298	270
12513	2	1266	302	285
12514	2	1232	292	273
12515	2	1431	375	360
12516	2	900	227	208
12517	2	174	33	13
12518	2	222	63	30
12519	2	1223	334	318
12520	2	250	53	38
12521	2	942	274	263
12522	2	393	85	67
12523	2	528	136	122
12524	2	737	169	159
12525	2	96	24	12
12526	2	841	180	168
12527	2	1144	248	235
12528	2	174	38	29
12529	2	550	161	148
12530	2	723	207	190
12531	2	99	42	27
12532	2	645	149	128
12533	2	825	230	215
12534	2	743	135	122
12535	2	707	191	178
12536	2	1292	246	228
12537	2	269	89	80
12538	2	80	30	8
12539	2	1190	301	247
12540	2	1200	350	338
12541	2	1317	307	292
12542	2	61	20	6
12543	2	1204	396	381
12544	2	304	84	70
12545	2	268	89	68
12546	2	240	71	59
12547	2	590	160	146
12548	2	1525	328	313
12549	2	1190	335	323
12550	2	177	61	38
12551	2	64	24	12
12552	2	558	179	158
12553	2	115	38	24
12554	2	1198	312	299
12555	2	1230	319	299
12556	2	718	151	122
12557	2	889	263	252
12558	2	167	36	13
12559	2	261	68	48
12560	2	626	205	191
12561	2	262	72	51
12562	2	345	103	90
12563	2	117	48	31
12564	2	943	232	222
12565	2	97	34	18
12566	2	647	176	162
12567	2	567	164	149
12568	2	267	64	50
12569	2	1267	280	262
12570	2	954	239	225
12571	2	1006	199	189
12572	2	1084	285	260
12573	2	72	26	4
12574	2	974	216	201
12575	2	686	249	220
12576	2	97	38	16
12577	2	122	36	12
12578	2	1087	324	305
12579	2	512	121	76
12580	2	1403	286	269
12581	2	809	162	151
12582	2	369	99	76
12583	2	554	95	83
12584	2	793	198	179
12585	2	322	75	65
12586	2	415	91	63
12587	2	73	21	6
12588	2	344	110	57
12589	2	990	200	190
12590	2	373	101	80
12591	2	149	59	35
12592	2	457	87	73
12593	2	123	35	13
12594	2	186	48	24
12595	2	164	51	33
12596	2	138	53	35
12597	2	1116	251	238
12598	2	530	145	124
12599	2	751	168	158
12600	2	317	171	148
12601	2	81	24	10
12602	2	317	126	111
12603	2	208	50	35
12604	2	924	184	177
12605	2	564	202	179
12606	2	462	120	98
12607	2	466	123	103
12608	2	150	46	27
12609	2	769	152	142
12610	2	1110	294	280
12611	2	264	58	38
12612	2	1132	254	240
12613	2	110	30	10
12614	2	109	45	24
12615	2	914	315	299
12616	2	1422	345	329
12617	2	274	83	60
12618	2	541	119	110
12619	2	1390	317	303
12620	2	137	40	23
12621	2	102	40	18
12622	2	1203	377	349
12623	2	87	31	12
12624	2	341	76	61
12625	2	104	38	20
12626	2	621	131	117
12627	2	155	40	9
12628	2	368	87	55
12629	2	312	80	70
12630	2	156	66	41
12631	2	537	133	113
12632	2	1001	232	219
12633	2	1201	339	325
12634	2	88	31	12
12635	2	996	285	269
12636	2	1239	286	274
12637	2	607	125	116
12638	2	1324	269	252
12639	2	1313	270	258
12640	2	388	122	94
12641	2	1239	242	229
12642	2	220	64	56
12643	2	991	213	201
12644	2	951	214	161
12645	2	415	96	83
12646	2	195	43	27
12647	2	250	52	33
12648	2	951	273	252
12649	2	161	48	33
12650	2	312	88	76
12651	2	71	29	13
12652	2	48	17	2
12653	2	369	77	67
12654	2	76	25	14
12655	2	655	169	152
12656	2	997	330	313
12657	2	691	131	120
12658	2	875	204	186
12659	2	168	53	22
12660	2	96	30	20
12661	2	135	50	32
12662	2	985	256	242
12663	2	972	191	180
12664	2	600	135	78
12665	2	672	166	155
12666	2	1507	265	249
12667	2	1130	257	246
12668	2	1390	291	278
12669	2	1369	278	266
12670	2	763	149	137
12671	2	273	75	64
12672	2	1030	221	207
12673	2	295	97	76
12674	2	966	222	211
12675	2	1366	322	302
12676	2	551	129	115
12677	2	379	129	116
12678	2	793	158	147
12679	2	354	99	51
12680	2	169	54	36
12681	2	150	38	24
12682	2	146	60	46
12683	2	1214	253	239
12684	2	128	35	16
12685	2	915	255	242
12686	2	1044	212	198
12687	2	1311	315	288
12688	2	791	167	149
12689	2	980	218	197
12690	2	714	173	156
12691	2	173	53	20
12692	2	387	76	63
12693	2	208	57	37
12694	2	570	171	156
12695	2	996	219	203
12696	2	677	205	192
12697	2	533	143	130
12698	2	1115	249	239
12699	2	817	231	215
12700	2	523	105	97
12701	2	1078	211	200
12702	2	960	290	282
12703	2	1008	316	303
12704	2	1107	334	321
12705	2	1403	344	329
12706	2	985	171	159
12707	2	1264	271	260
12708	2	398	102	77
12709	2	1239	288	271
12710	2	1144	253	243
12711	2	126	39	19
12712	2	1259	269	258
12713	2	1165	275	262
12714	2	809	151	139
12715	2	173	45	32
12716	2	926	246	234
12717	2	916	188	178
12718	2	1316	297	282
12719	2	584	120	109
12720	2	240	63	55
12721	2	1178	247	238
12722	2	1150	261	246
12723	2	226	89	73
12724	2	953	195	183
12725	2	954	214	203
12726	2	555	115	102
12727	2	614	171	156
12728	2	348	86	78
12729	2	105	59	41
12730	2	171	55	41
12731	2	224	98	86
12732	2	300	62	52
12733	2	117	32	22
12734	2	136	68	47
12735	2	1104	281	272
12736	2	132	45	33
12737	2	1016	254	241
12738	2	332	74	55
12739	2	1232	273	260
12740	2	1102	297	278
12741	2	72	24	12
12742	2	576	140	127
12743	2	1341	301	281
12744	2	1368	274	265
12745	2	450	101	88
12746	2	969	202	190
12747	2	1152	277	264
12748	2	1323	308	290
12749	2	751	189	175
12750	2	303	62	50
12751	2	349	95	51
12752	2	1030	260	245
12753	2	183	43	24
12754	2	904	234	220
12755	2	1085	293	278
12756	2	796	193	177
12757	2	999	234	220
12758	2	116	32	6
12759	2	990	172	157
12760	2	195	47	39
12761	2	108	27	10
12762	2	1107	218	207
12763	2	950	202	183
12764	2	740	198	132
12765	2	131	37	8
12766	2	119	39	21
12767	2	426	94	83
12768	2	97	30	17
12769	2	822	297	278
12770	2	993	210	201
12771	2	827	193	184
12772	2	1130	220	210
12773	2	1157	242	229
12774	2	138	30	22
12775	2	105	46	24
12776	2	156	47	19
12777	2	374	127	119
12778	2	1214	348	334
12779	2	235	83	68
12780	2	1224	272	262
12781	2	1276	280	258
12782	2	490	112	101
12783	2	1101	200	191
12784	2	598	144	126
12785	2	1093	327	310
12786	2	198	126	106
12787	2	1158	261	248
12788	2	155	49	36
12789	2	418	102	90
12790	2	75	28	10
12791	2	1486	551	531
12792	2	171	44	34
12793	2	255	67	53
12794	2	709	188	176
12795	2	1303	356	327
12796	2	906	152	139
12797	2	477	124	104
12798	2	187	69	55
12799	2	235	70	41
12800	2	1001	182	159
12801	2	946	246	225
12802	2	1020	232	216
12803	2	687	235	220
12804	2	1206	313	289
12805	2	928	200	187
12806	2	171	59	26
12807	2	132	36	18
12808	2	733	216	202
12809	2	126	68	48
12810	2	784	196	185
12811	2	369	77	64
12812	2	1074	346	324
12813	2	76	31	15
12814	2	283	81	63
12815	2	1208	318	303
12816	2	84	29	8
12817	2	861	209	194
12818	2	369	91	79
12819	2	406	154	145
12820	2	219	63	53
12821	2	804	267	234
12822	2	687	173	161
12823	2	615	142	125
12824	2	280	71	40
12825	2	476	109	77
12826	2	425	108	85
12827	2	539	165	99
12828	2	516	136	120
12829	2	495	126	113
12830	2	788	203	189
12831	2	921	209	188
12832	2	1162	196	182
12833	2	834	156	143
12834	2	1091	244	229
12835	2	236	87	74
12836	2	629	139	128
12837	2	678	157	144
12838	2	235	64	25
12839	2	327	80	64
12840	2	1302	249	235
12841	2	1109	250	226
12842	2	1113	218	204
12843	2	1408	260	245
12844	2	330	71	53
12845	2	300	88	75
12846	2	169	68	42
12847	2	1336	272	258
12848	2	1206	239	220
12849	2	1104	318	306
12850	2	108	34	11
12851	2	929	217	204
12852	2	144	44	27
12853	2	964	267	241
12854	2	1329	268	256
12855	2	299	61	49
12856	2	191	45	19
12857	2	135	41	30
12858	2	770	215	193
12859	2	916	257	249
12860	2	771	139	129
12861	2	53	18	8
12862	2	854	255	237
12863	2	48	28	15
12864	2	471	106	91
12865	2	912	211	192
12866	2	118	54	37
12867	2	1214	288	277
12868	2	714	253	239
12869	2	510	107	76
12870	2	360	89	74
12871	2	180	57	45
12872	2	315	125	93
12873	2	300	63	51
12874	2	48	22	10
12875	2	989	248	236
12876	2	989	300	276
12877	2	348	101	91
12878	2	213	49	41
12879	2	216	63	35
12880	2	627	140	110
12881	2	169	49	28
12882	2	404	147	124
12883	2	1535	355	337
12884	2	911	242	219
12885	2	363	140	114
12886	2	771	227	216
12887	2	1211	337	299
12888	2	333	82	69
12889	2	950	193	183
12890	2	945	215	203
12891	2	291	64	50
12892	2	564	132	120
12893	2	158	73	57
12894	2	546	204	182
12895	2	453	106	89
12896	2	278	59	44
12897	2	1195	311	299
12898	2	714	149	139
12899	2	974	282	269
12900	2	316	73	60
12901	2	905	233	216
12902	2	249	51	39
12903	2	211	54	36
12904	2	1273	323	306
12905	2	463	95	72
12906	2	1048	290	279
12907	2	1422	396	380
12908	2	686	184	167
12909	2	768	244	226
12910	2	302	86	74
12911	2	1321	290	277
12912	2	998	230	218
12913	2	1062	281	259
12914	2	1054	263	233
12915	2	1146	311	300
12916	2	598	151	133
12917	2	264	56	42
12918	2	1237	270	258
12919	2	397	92	77
12920	2	261	71	54
12921	2	447	105	89
12922	2	932	203	187
12923	2	1273	261	250
12924	2	192	45	33
12925	2	399	69	57
12926	2	276	55	42
12927	2	830	166	152
12928	2	143	59	28
12929	2	244	92	70
12930	2	1152	252	238
12931	2	553	195	180
12932	2	1088	235	224
12933	2	1027	219	206
12934	2	1136	282	272
12935	2	570	111	93
12936	2	724	165	154
12937	2	495	160	145
12938	2	1237	242	230
12939	2	963	276	262
12940	2	1706	447	436
12941	2	227	59	18
12942	2	722	151	139
12943	2	1038	239	219
12944	2	1493	337	321
12945	2	1087	292	279
12946	2	294	73	62
12947	2	366	98	86
12948	2	358	80	60
12949	2	102	43	27
12950	2	552	133	121
12951	2	159	37	23
12952	2	78	25	18
12953	2	292	106	61
12954	2	53	24	11
12955	2	267	57	24
12956	2	276	54	42
12957	2	461	120	105
12958	2	1422	318	304
12959	2	431	118	104
12960	2	1087	318	300
12961	2	797	318	303
12962	2	1005	232	215
12963	2	450	140	126
12964	2	1030	209	196
12965	2	560	242	225
12966	2	567	186	172
12967	2	958	181	169
12968	2	650	156	146
12969	2	1006	255	245
12970	2	191	49	28
12971	2	1288	360	347
12972	2	531	129	53
12973	2	1175	208	193
12974	2	471	124	101
12975	2	114	32	12
12976	2	108	30	16
12977	2	544	163	140
12978	2	81	26	10
12979	2	154	47	19
12980	2	174	39	26
12981	2	204	54	16
12982	2	721	164	156
12983	2	337	86	60
12984	2	267	99	67
12985	2	183	75	40
12986	2	462	113	98
12987	2	422	131	92
12988	2	291	56	47
12989	2	140	42	24
12990	2	1107	224	212
12991	2	1290	295	277
12992	2	170	48	20
12993	2	471	147	132
12994	2	170	33	23
12995	2	121	33	10
12996	2	509	160	143
12997	2	229	53	23
12998	2	1262	313	302
12999	2	268	77	60
13000	2	856	196	181
13001	2	118	55	40
13002	2	111	31	22
13003	2	913	211	198
13004	2	1172	302	288
13005	2	205	46	32
13006	2	229	66	54
13007	2	1098	265	251
13008	2	354	125	98
13009	2	474	108	99
13010	2	630	198	170
13011	2	418	105	92
13012	2	823	272	259
13013	2	895	185	174
13014	2	958	232	218
13015	2	1226	291	276
13016	2	147	36	24
13017	2	695	180	133
13018	2	1411	250	237
13019	2	474	91	76
13020	2	1186	256	242
13021	2	1192	365	331
13022	2	298	108	93
13023	2	555	166	144
13024	2	184	79	47
13025	2	228	63	38
13026	2	610	179	166
13027	2	629	136	126
13028	2	68	25	16
13029	2	1158	264	253
13030	2	655	149	134
13031	2	744	171	159
13032	2	689	233	223
13033	2	1393	257	243
13034	2	1228	277	263
13035	2	918	171	159
13036	2	937	185	176
13037	2	144	32	19
13038	2	149	42	31
13039	2	110	37	23
13040	2	464	143	119
13041	2	323	115	91
13042	2	281	109	92
13043	2	119	48	24
13044	2	156	41	27
13045	2	123	39	24
13046	2	64	29	14
13047	2	361	122	104
13048	2	1238	349	330
13049	2	121	34	12
13050	2	1091	331	316
13051	2	471	92	59
13052	2	1046	286	270
13053	2	1379	263	251
13054	2	1245	407	392
13055	2	1219	231	217
13056	2	458	112	95
13057	2	1149	292	279
13058	2	807	193	175
13059	2	768	172	156
13060	2	617	198	187
13061	2	164	55	35
13062	2	1187	328	302
13063	2	641	169	80
13064	2	1189	257	241
13065	2	336	80	70
13066	2	105	34	15
13067	2	1439	274	252
13068	2	1183	264	248
13069	2	1036	243	229
13070	2	751	164	145
13071	2	646	145	119
13072	2	213	56	42
13073	2	849	182	167
13074	2	271	86	18
13075	2	462	145	128
13076	2	286	132	116
13077	2	949	296	287
13078	2	585	133	122
13079	2	1014	246	236
13080	2	471	121	110
13081	2	105	34	14
13082	2	309	100	77
13083	2	1175	315	296
13084	2	820	291	263
13085	2	495	123	108
13086	2	166	43	23
13087	2	318	74	61
13088	2	559	130	99
13089	2	326	131	116
13090	2	270	50	39
13091	2	901	194	177
13092	2	123	39	25
13093	2	321	96	55
13094	2	328	99	49
13095	2	532	195	178
13096	2	966	237	219
13097	2	537	192	179
13098	2	1290	229	213
13099	2	932	213	202
13100	2	777	263	247
13101	2	803	246	229
13102	2	207	59	45
13103	2	364	117	104
13104	2	1172	301	284
13105	2	988	235	224
13106	2	64	26	18
13107	2	825	234	191
13108	2	227	55	29
13109	2	532	156	69
13110	2	1261	308	295
13111	2	433	110	95
13112	2	150	45	31
13113	2	448	112	92
13114	2	505	168	143
13115	2	931	248	235
13116	2	684	180	146
13117	2	119	41	27
13118	2	612	155	145
13119	2	348	98	87
13120	2	1035	222	208
13121	2	1171	330	294
13122	2	549	142	128
13123	2	202	61	49
13124	2	593	170	160
13125	2	74	29	19
13126	2	1460	312	302
13127	2	1373	275	265
13128	2	955	262	250
13129	2	1372	281	273
13130	2	859	217	205
13131	2	843	227	215
13132	2	838	200	185
13133	2	529	152	131
13134	2	1004	210	196
13135	2	802	200	177
13136	2	238	94	76
13137	2	282	102	76
13138	2	1129	295	285
13139	2	820	187	168
13140	2	1229	312	295
13141	2	660	149	133
13142	2	236	98	86
13143	2	110	45	28
13144	2	1209	312	284
13145	2	835	216	193
13146	2	1053	221	203
13147	2	1146	305	286
13148	2	1186	232	222
13149	2	1153	260	249
13150	2	721	154	141
13151	2	121	35	21
13152	2	745	143	131
13153	2	1049	196	187
13154	2	1149	318	294
13155	2	440	118	57
13156	2	1488	304	288
13157	2	1226	229	214
13158	2	893	226	215
13159	2	608	151	141
13160	2	209	107	93
13161	2	848	228	217
13162	2	594	119	102
13163	2	1503	295	282
13164	2	567	112	96
13165	2	408	167	154
13166	2	1077	209	198
13167	2	1048	294	277
13168	2	1245	259	245
13169	2	1114	363	349
13170	2	390	95	85
13171	2	111	34	25
13172	2	1080	236	220
13173	2	258	49	39
13174	2	406	101	78
13175	2	214	50	31
13176	2	436	95	85
13177	2	582	138	114
13178	2	1365	271	259
13179	2	363	73	62
13180	2	1002	221	207
13181	2	917	215	199
13182	2	75	28	16
13183	2	1028	249	233
13184	2	163	55	29
13185	2	597	152	135
13186	2	935	307	290
13187	2	149	38	21
13188	2	1387	324	313
13189	2	1082	209	196
13190	2	1312	239	226
13191	2	330	77	63
13192	2	228	47	36
13193	2	178	40	26
13194	2	333	78	52
13195	2	106	26	8
13196	2	1432	347	336
13197	2	1400	362	342
13198	2	1241	273	243
13199	2	597	140	125
13200	2	1240	389	372
13201	2	378	117	104
13202	2	198	43	27
13203	2	734	205	164
13204	2	453	127	100
13205	2	130	29	3
13206	2	121	40	23
13207	2	830	171	159
13208	2	858	180	169
13209	2	1351	275	261
13210	2	150	44	19
13211	2	75	28	12
13212	2	527	95	83
13213	2	1414	278	265
13214	2	177	39	26
13215	2	246	51	36
13216	2	459	99	77
13217	2	419	105	85
13218	2	413	101	89
13219	2	926	196	183
13220	2	490	128	116
13221	2	210	55	30
13222	2	222	48	36
13223	2	359	103	85
13224	2	981	268	231
13225	2	268	77	56
13226	2	135	35	24
13227	2	531	153	133
13228	2	1489	323	312
13229	2	384	88	77
13230	2	178	39	14
13231	2	255	61	49
13232	2	393	82	68
13233	2	139	38	13
13234	2	155	41	22
13235	2	241	52	24
13236	2	330	77	50
13237	2	175	48	29
13238	2	125	31	26
13239	2	231	56	42
13240	2	244	67	38
13241	2	109	50	37
13242	2	498	144	131
13243	2	707	146	132
13244	2	199	61	32
13245	2	298	91	61
13246	2	682	154	139
13247	2	234	47	35
13248	2	89	27	15
13249	2	1532	291	259
13250	2	807	247	234
13251	2	950	232	218
13252	2	328	71	54
13253	2	909	186	176
13254	2	1234	335	317
13255	2	444	131	118
13256	2	857	165	153
13257	2	1253	221	210
13258	2	527	147	136
13259	2	192	67	51
13260	2	1031	279	269
13261	2	119	37	15
13262	2	1119	374	349
13263	2	1201	316	288
13264	2	540	143	129
13265	2	1298	275	265
13266	2	971	281	267
13267	2	388	106	95
13268	2	87	27	9
13269	2	870	204	188
13270	2	1063	253	242
13271	2	1056	214	197
13272	2	520	133	112
13273	2	485	131	110
13274	2	1114	260	236
13275	2	415	145	128
13276	2	376	73	65
13277	2	418	105	75
13278	2	616	205	143
13279	2	1429	275	261
13280	2	571	124	97
13281	2	324	95	85
13282	2	1161	239	225
13283	2	1051	290	275
13284	2	1463	444	424
13285	2	926	235	219
13286	2	922	206	197
13287	2	1188	253	238
13288	2	1146	313	294
13289	2	1281	357	326
13290	2	897	244	230
13291	2	507	107	94
13292	2	1235	298	281
13293	2	241	64	43
13294	2	267	57	43
13295	2	109	28	9
13296	2	195	46	33
13297	2	101	42	21
13298	2	827	180	169
13299	2	984	241	227
13300	2	85	33	16
13301	2	1006	226	213
13302	2	99	19	14
13303	2	1237	275	261
13304	2	869	195	172
13305	2	501	128	118
13306	2	1394	361	349
13307	2	898	179	164
13308	2	760	215	97
13309	2	308	93	82
13310	2	151	70	48
13311	2	358	135	110
13312	2	1099	289	276
13313	2	768	229	206
13314	2	381	119	67
13315	2	350	102	86
13316	2	910	248	234
13317	2	304	90	73
13318	2	881	202	191
13319	2	999	193	184
13320	2	438	104	94
13321	2	840	189	182
13322	2	209	58	17
13323	2	93	24	13
13324	2	94	31	12
13325	2	149	52	38
13326	2	240	60	50
13327	2	72	23	5
13328	2	231	49	35
13329	2	245	56	24
13330	2	302	82	32
13331	2	506	168	142
13332	2	278	90	69
13333	2	215	53	26
13334	2	980	256	216
13335	2	423	134	97
13336	2	829	185	172
13337	2	438	106	88
13338	2	974	231	222
13339	2	788	175	161
13340	2	138	44	12
13341	2	827	228	217
13342	2	507	192	75
13343	2	154	44	29
13344	2	1050	291	271
13345	2	384	80	64
13346	2	130	37	10
13347	2	673	172	141
13348	2	115	48	15
13349	2	429	102	86
13350	2	419	151	114
13351	2	200	54	35
13352	2	192	66	44
13353	2	502	139	101
13354	2	593	171	152
13355	2	501	190	166
13356	2	302	63	52
13357	2	317	111	87
13358	2	842	174	162
13359	2	726	163	151
13360	2	114	35	21
13361	2	797	170	154
13362	2	105	36	13
13363	2	228	94	74
13364	2	190	107	95
13365	2	684	194	181
13366	2	1076	240	223
13367	2	605	132	120
13368	2	177	49	41
13369	2	1223	343	318
13370	2	1012	212	204
13371	2	390	103	90
13372	2	1136	354	333
13373	2	463	114	98
13374	2	216	61	51
13375	2	1153	323	314
13376	2	688	159	149
13377	2	1272	307	289
13378	2	82	26	8
13379	2	157	37	21
13380	2	1248	274	255
13381	2	1388	381	368
13382	2	462	120	99
13383	2	115	27	8
13384	2	428	99	83
13385	2	568	151	138
13386	2	165	37	23
13387	2	57	17	8
13388	2	425	90	77
13389	2	523	161	154
13390	2	179	45	26
13391	2	214	75	47
13392	2	586	173	156
13393	2	1328	310	295
13394	2	260	63	47
13395	2	757	224	207
13396	2	824	188	173
13397	2	420	92	80
13398	2	741	288	263
13399	2	466	159	143
13400	2	103	33	15
13401	2	96	23	6
13402	2	1244	257	239
13403	2	252	81	64
13404	2	296	69	55
13405	2	213	64	45
13406	2	344	125	114
13407	2	345	94	74
13408	2	103	35	10
13409	2	114	27	15
13410	2	356	91	71
13411	2	737	158	148
13412	2	118	57	45
13413	2	105	42	30
13414	2	724	227	198
13415	2	169	63	49
13416	2	325	116	101
13417	2	690	156	142
13418	2	1054	255	245
13419	2	339	121	110
13420	2	656	129	119
13421	2	161	53	40
13422	2	59	24	12
13423	2	323	121	99
13424	2	301	102	88
13425	2	1308	263	247
13426	2	1101	228	214
13427	2	1105	275	261
13428	2	1299	268	254
13429	2	828	199	184
13430	2	351	124	99
13431	2	345	114	53
13432	2	395	99	84
13433	2	999	198	185
13434	2	831	227	204
13435	2	1108	268	255
13436	2	718	173	158
13437	2	390	76	66
13438	2	821	186	179
13439	2	186	36	28
13440	2	906	210	177
13441	2	98	38	22
13442	2	157	41	32
13443	2	439	159	142
13444	2	72	23	10
13445	2	569	163	136
13446	2	953	243	231
13447	2	231	48	35
13448	2	114	22	13
13449	2	211	53	33
13450	2	1229	313	296
13451	2	1029	294	262
13452	2	723	179	132
13453	2	1295	291	278
13454	2	72	25	7
13455	2	669	122	102
13456	2	186	55	45
13457	2	135	27	16
13458	2	1068	202	191
13459	2	171	59	45
13460	2	670	151	140
13461	2	1374	254	242
13462	2	951	246	235
13463	2	1216	246	219
13464	2	993	189	181
13465	2	442	105	94
13466	2	196	55	9
13467	2	989	289	277
13468	2	108	38	16
13469	2	1072	301	284
13470	2	527	149	132
13471	2	600	124	109
13472	2	958	222	213
13473	2	43	20	9
13474	2	1117	305	296
13475	2	1003	235	220
13476	2	1212	272	260
13477	2	713	223	211
13478	2	447	110	93
13479	2	159	37	13
13480	2	717	192	163
13481	2	344	131	101
13482	2	243	57	45
13483	2	154	44	22
13484	2	207	60	34
13485	2	1108	282	269
13486	2	938	179	167
13487	2	144	30	22
13488	2	538	132	106
13489	2	625	170	133
13490	2	1336	255	235
13491	2	97	50	36
13492	2	559	318	301
13493	2	235	115	97
13494	2	1341	394	363
13495	2	189	82	51
13496	2	998	346	336
13497	2	999	271	255
13498	2	101	33	13
13499	2	143	59	22
13500	2	407	117	101
13501	2	530	113	95
13502	2	507	121	106
13503	2	441	93	74
13504	2	1155	216	202
13505	2	895	198	184
13506	2	352	102	84
13507	2	154	36	11
13508	2	142	48	27
13509	2	537	136	123
13510	2	546	109	93
13511	2	1278	238	227
13512	2	305	90	63
13513	2	236	53	41
13514	2	1058	476	447
13515	2	127	30	16
13516	2	189	46	33
13517	2	598	118	108
13518	2	484	178	160
13519	2	140	65	47
13520	2	445	99	85
13521	2	715	177	161
13522	2	975	218	204
13523	2	228	74	62
13524	2	277	87	45
13525	2	1136	346	328
13526	2	1207	324	309
13527	2	528	109	95
13528	2	285	85	67
13529	2	240	129	116
13530	2	1187	232	223
13531	2	1364	271	262
13532	2	193	62	52
13533	2	828	193	178
13534	2	374	95	63
13535	2	1173	239	221
13536	2	1148	298	286
13537	2	999	216	203
13538	2	524	118	102
13539	2	169	52	32
13540	2	135	27	14
13541	2	849	275	258
13542	2	992	314	298
13543	2	1215	350	334
13544	2	1075	273	261
13545	2	525	116	101
13546	2	552	125	106
13547	2	222	59	42
13548	2	357	89	74
13549	2	922	242	226
13550	2	146	52	28
13551	2	180	65	49
13552	2	864	163	151
13553	2	345	76	65
13554	2	154	34	12
13555	2	345	75	64
13556	2	474	95	78
13557	2	1149	282	235
13558	2	494	157	114
13559	2	712	140	131
13560	2	1505	317	303
13561	2	321	150	133
13562	2	1236	318	307
13563	2	84	26	12
13564	2	1148	254	241
13565	2	1355	300	288
13566	2	587	129	117
13567	2	947	218	207
13568	2	1209	258	244
13569	2	1115	212	198
13570	2	279	65	52
13571	2	948	217	207
13572	2	1393	295	277
13573	2	1002	295	256
13574	2	202	44	29
13575	2	86	25	11
13576	2	1338	255	244
13577	2	1293	336	311
13578	2	569	141	117
13579	2	550	124	109
13580	2	87	48	34
13581	2	378	121	109
13582	2	1222	412	393
13583	2	1428	346	332
13584	2	1291	235	226
13585	2	615	127	113
13586	2	1286	266	254
13587	2	1245	312	300
13588	2	1057	328	306
13589	2	1056	254	238
13590	2	746	150	133
13591	2	404	88	43
13592	2	208	50	23
13593	2	1212	267	241
13594	2	743	167	153
13595	2	817	169	150
13596	2	795	197	155
13597	2	531	134	109
13598	2	990	242	218
13599	2	1281	272	264
13600	2	217	50	36
13601	2	251	106	56
13602	2	1087	240	231
13603	2	582	148	135
13604	2	1320	292	277
13605	2	383	102	59
13606	2	414	114	103
13607	2	615	161	150
13608	2	782	181	152
13609	2	372	95	83
13610	2	516	117	107
13611	2	958	241	219
13612	2	1183	262	251
13613	2	455	118	104
13614	2	1255	278	270
13615	2	492	93	75
13616	2	1213	376	303
13617	2	207	45	8
13618	2	1308	292	268
13619	2	223	66	34
13620	2	797	258	232
13621	2	151	34	7
13622	2	141	51	12
13623	2	1399	356	343
13624	2	459	102	87
13625	2	1405	326	311
13626	2	786	194	182
13627	2	1033	290	267
13628	2	213	72	58
13629	2	132	59	42
13630	2	231	51	30
13631	2	419	144	53
13632	2	140	45	23
13633	2	477	151	126
13634	2	444	117	106
13635	2	634	135	122
13636	2	834	250	224
13637	2	890	216	106
13638	2	93	26	14
13639	2	180	44	30
13640	2	123	29	14
13641	2	202	66	34
13642	2	378	72	61
13643	2	941	253	226
13644	2	1029	318	293
13645	2	1100	283	266
13646	2	315	79	61
13647	2	1015	208	198
13648	2	441	100	88
13649	2	430	93	70
13650	2	1020	293	282
13651	2	47	22	7
13652	2	1046	225	193
13653	2	306	80	66
13654	2	110	40	29
13655	2	1174	287	267
13656	2	813	241	230
13657	2	1122	358	342
13658	2	166	57	38
13659	2	291	99	84
13660	2	333	80	70
13661	2	587	221	205
13662	2	655	218	196
13663	2	1061	286	272
13664	2	379	126	112
13665	2	201	53	41
13666	2	120	42	27
13667	2	1121	220	208
13668	2	1255	246	230
13669	2	1076	213	197
13670	2	180	53	10
13671	2	312	101	83
13672	2	1417	266	251
13673	2	1512	298	284
13674	2	654	138	127
13675	2	1515	318	305
13676	2	201	48	16
13677	2	126	28	10
13678	2	617	140	115
13679	2	584	113	91
13680	2	1817	376	351
13681	2	279	77	66
13682	2	167	45	30
13683	2	1201	291	278
13684	2	997	214	191
13685	2	236	49	37
13686	2	598	136	128
13687	2	951	203	186
13688	2	304	90	68
13689	2	1425	317	292
13690	2	226	70	54
13691	2	45	19	9
13692	2	1167	364	350
13693	2	526	136	117
13694	2	131	45	32
13695	2	389	98	82
13696	2	101	32	11
13697	2	824	245	228
13698	2	1128	316	293
13699	2	112	29	4
13700	2	343	98	55
13701	2	366	91	78
13702	2	127	36	15
13703	2	986	241	228
13704	2	821	269	252
13705	2	171	52	22
13706	2	708	183	170
13707	2	1130	236	223
13708	2	1354	281	267
13709	2	102	30	10
13710	2	695	153	119
13711	2	768	183	171
13712	2	170	41	15
13713	2	1029	212	195
13714	2	1172	325	311
13715	2	1185	258	249
13716	2	780	232	206
13717	2	465	117	107
13718	2	1269	252	239
13719	2	785	251	230
13720	2	93	34	12
13721	2	737	186	174
13722	2	1317	285	261
13723	2	1255	306	293
13724	2	347	94	74
13725	2	699	206	194
13726	2	1218	249	233
13727	2	999	268	254
13728	2	578	226	208
13729	2	1250	291	271
13730	2	332	87	70
13731	2	342	118	105
13732	2	128	52	34
13733	2	942	235	222
13734	2	1081	349	331
13735	2	338	109	97
13736	2	315	91	80
13737	2	1167	352	332
13738	2	346	118	81
13739	2	225	53	37
13740	2	330	81	62
13741	2	1258	280	254
13742	2	404	132	115
13743	2	489	123	99
13744	2	1408	293	278
13745	2	252	72	52
13746	2	165	45	22
13747	2	157	43	27
13748	2	381	86	71
13749	2	739	152	139
13750	2	1126	255	239
13751	2	410	99	78
13752	2	339	113	100
13753	2	555	119	103
13754	2	1056	248	223
13755	2	447	135	115
13756	2	1502	473	455
13757	2	152	48	30
13758	2	159	39	25
13759	2	240	49	37
13760	2	468	143	128
13761	2	138	31	20
13762	2	390	80	66
13763	2	586	132	116
13764	2	1228	263	252
13765	2	1185	252	238
13766	2	310	100	54
13767	2	1040	227	215
13768	2	896	249	232
13769	2	835	153	139
13770	2	527	125	111
13771	2	177	44	18
13772	2	1184	239	224
13773	2	1329	237	222
13774	2	1343	275	263
13775	2	1405	342	325
13776	2	166	50	26
13777	2	315	59	46
13778	2	810	203	186
13779	2	966	284	263
13780	2	159	56	34
13781	2	510	92	80
13782	2	1023	227	217
13783	2	1057	206	197
13784	2	1064	217	202
13785	2	743	227	213
13786	2	128	43	26
13787	2	788	194	178
13788	2	754	156	143
13789	2	629	138	125
13790	2	1053	254	241
13791	2	1221	247	235
13792	2	997	213	204
13793	2	1378	296	283
13794	2	1087	249	239
13795	2	1063	191	175
13796	2	1164	216	206
13797	2	842	238	227
13798	2	291	78	57
13799	2	124	53	27
13800	2	391	111	90
13801	2	96	26	10
13802	2	914	236	222
13803	2	144	58	43
13804	2	98	33	22
13805	2	216	49	31
13806	2	377	130	117
13807	2	295	78	67
13808	2	208	66	23
13809	2	851	250	235
13810	2	292	114	100
13811	2	54	14	5
13812	2	1318	320	312
13813	2	1110	339	317
13814	2	1139	292	278
13815	2	1396	279	270
13816	2	185	60	50
13817	2	174	34	16
13818	2	1065	196	186
13819	2	585	117	108
13820	2	1267	243	221
13821	2	126	41	24
13822	2	276	59	27
13823	2	339	73	55
13824	2	1286	281	270
13825	2	1046	244	226
13826	2	126	37	19
13827	2	1175	286	260
13828	2	486	123	110
13829	2	748	224	206
13830	2	624	196	174
13831	2	1047	307	297
13832	2	1178	239	220
13833	2	1148	302	291
13834	2	1015	284	268
13835	2	860	191	179
13836	2	1221	324	312
13837	2	459	107	91
13838	2	568	170	156
13839	2	245	72	56
13840	2	1174	337	323
13841	2	1250	297	280
13842	2	1067	224	214
13843	2	210	50	32
13844	2	575	177	159
13845	2	1232	279	268
13846	2	380	121	53
13847	2	1196	224	206
13848	2	865	195	166
13849	2	333	83	63
13850	2	750	163	154
13851	2	1292	329	318
13852	2	255	82	50
13853	2	420	87	74
13854	2	123	35	22
13855	2	153	40	27
13856	2	216	61	48
13857	2	287	90	58
13858	2	228	49	40
13859	2	931	240	229
13860	2	152	80	57
13861	2	91	33	10
13862	2	578	143	129
13863	2	255	65	52
13864	2	458	89	72
13865	2	648	148	138
13866	2	135	30	18
13867	2	1147	320	304
13868	2	104	35	14
13869	2	333	80	60
13870	2	194	36	21
13871	2	1404	273	253
13872	2	564	117	106
13873	2	1324	247	236
13874	2	1131	242	232
13875	2	219	48	30
13876	2	369	79	60
13877	2	71	23	10
13878	2	615	159	147
13879	2	66	22	6
13880	2	490	143	114
13881	2	468	90	75
13882	2	326	79	57
13883	2	432	136	122
13884	2	141	38	29
13885	2	1337	370	353
13886	2	1260	281	269
13887	2	511	145	131
13888	2	459	124	107
13889	2	502	111	92
13890	2	869	271	257
13891	2	127	45	31
13892	2	1099	245	230
13893	2	561	121	110
13894	2	472	86	81
13895	2	281	72	54
13896	2	261	64	26
13897	2	1117	246	232
13898	2	69	35	25
13899	2	115	48	33
13900	2	125	36	14
13901	2	192	50	42
13902	2	337	66	30
13903	2	126	31	20
13904	2	173	52	37
13905	2	569	153	132
13906	2	125	37	24
13907	2	639	152	141
13908	2	583	128	119
13909	2	467	125	107
13910	2	925	211	199
13911	2	492	118	107
13912	2	1252	302	280
13913	2	752	149	136
13914	2	271	71	60
13915	2	849	239	209
13916	2	456	83	65
13917	2	380	163	146
13918	2	1197	288	277
13919	2	856	193	181
13920	2	556	291	277
13921	2	1161	257	240
13922	2	110	51	37
13923	2	1961	613	585
13924	2	1201	352	339
13925	2	841	261	246
13926	2	1163	223	204
13927	2	438	146	122
13928	2	956	184	173
13929	2	709	216	199
13930	2	393	121	90
13931	2	906	275	252
13932	2	708	194	134
13933	2	519	104	94
13934	2	480	159	130
13935	2	45	18	5
13936	2	1053	270	254
13937	2	179	64	41
13938	2	771	201	189
13939	2	373	94	62
13940	2	530	112	97
13941	2	1385	270	257
13942	2	1020	200	187
13943	2	1256	322	303
13944	2	722	196	185
13945	2	1422	282	269
13946	2	1257	239	227
13947	2	651	136	120
13948	2	965	229	216
13949	2	1279	296	262
13950	2	1462	332	316
13951	2	381	98	83
13952	2	381	111	92
13953	2	1046	252	232
13954	2	979	262	250
13955	2	112	26	4
13956	2	1255	265	246
13957	2	438	96	85
13958	2	767	174	161
13959	2	963	224	207
13960	2	895	170	158
13961	2	1241	397	369
13962	2	894	192	178
13963	2	816	220	200
13964	2	288	103	84
13965	2	408	108	96
13966	2	552	157	140
13967	2	591	216	205
13968	2	1184	259	245
13969	2	148	56	34
13970	2	372	86	58
13971	2	653	219	204
13972	2	177	55	38
13973	2	134	49	32
13974	2	954	220	211
13975	2	1036	302	285
13976	2	338	149	130
13977	2	227	51	30
13978	2	353	96	82
13979	2	1010	286	259
13980	2	1372	286	269
13981	2	641	182	162
13982	2	116	34	12
13983	2	1047	342	322
13984	2	443	110	97
13985	2	1407	474	444
13986	2	156	44	18
13987	2	85	30	14
13988	2	176	47	14
13989	2	142	67	56
13990	2	109	36	15
13991	2	318	70	39
13992	2	788	215	190
13993	2	836	248	236
13994	2	627	157	145
13995	2	1049	262	254
13996	2	399	110	99
13997	2	491	161	125
13998	2	256	58	40
13999	2	208	45	31
14000	2	210	70	56
14001	2	799	205	180
14002	2	783	192	180
14003	2	127	40	12
14004	2	112	30	7
14005	2	128	37	13
14006	2	162	46	18
14007	2	104	39	18
14008	2	422	107	78
14009	2	1054	266	252
14010	2	672	204	183
14011	2	791	185	165
14012	2	628	148	128
14013	2	174	69	42
14014	2	129	45	18
14015	2	99	32	9
14016	2	93	28	10
14017	2	114	34	11
14018	2	105	37	12
14019	2	998	224	215
14020	2	177	61	37
14021	2	153	43	13
14022	2	1306	284	272
14023	2	954	225	203
14024	2	694	149	128
14025	2	1270	248	236
14026	2	1457	282	276
14027	2	1113	238	224
14028	2	1102	261	244
14029	2	1405	280	263
14030	2	1390	276	269
14031	2	501	152	134
14032	2	271	65	49
14033	2	966	286	270
14034	2	165	37	25
14035	2	403	120	92
14036	2	544	150	137
14037	2	729	165	147
14038	2	1022	212	203
14039	2	94	42	24
14040	2	1336	357	348
14041	2	48	22	11
14042	2	352	73	62
14043	2	1107	238	230
14044	2	281	71	45
14045	2	567	170	143
14046	2	318	94	79
14047	2	99	31	17
14048	2	540	150	129
14049	2	225	55	35
14050	2	1107	301	291
14051	2	957	247	232
14052	2	1398	330	318
14053	2	1425	304	286
14054	2	636	147	129
14055	2	885	284	271
14056	2	1209	274	259
14057	2	98	32	17
14058	2	592	148	126
14059	2	812	167	155
14060	2	874	257	245
14061	2	125	36	25
14062	2	222	86	39
14063	2	163	35	27
14064	2	69	24	7
14065	2	523	127	67
14066	2	1182	258	249
14067	2	253	61	21
14068	2	786	174	86
14069	2	120	35	11
14070	2	1133	566	558
14071	2	93	32	21
14072	2	1314	287	276
14073	2	919	274	241
14074	2	735	186	165
14075	2	290	79	53
14076	2	830	225	212
14077	2	782	236	226
14078	2	223	48	35
14079	2	435	98	45
14080	2	988	264	254
14081	2	1096	308	293
14082	2	351	89	83
14083	2	98	37	21
14084	2	1377	451	438
14085	2	1293	324	311
14086	2	1116	251	241
14087	2	1270	282	267
14088	2	1316	306	293
14089	2	1243	245	228
14090	2	1273	354	339
14091	2	990	236	219
14092	2	493	105	32
14093	2	539	166	146
14094	2	465	115	109
14095	2	243	50	38
14096	2	136	39	21
14097	2	638	174	155
14098	2	495	104	89
14099	2	122	54	43
14100	2	915	195	180
14101	2	1319	292	282
14102	2	775	195	178
14103	2	1261	415	403
14104	2	216	59	43
14105	2	973	239	227
14106	2	327	89	76
14107	2	426	109	96
14108	2	565	128	114
14109	2	198	50	38
14110	2	150	34	23
14111	2	170	47	33
14112	2	275	60	48
14113	2	80	25	14
14114	2	165	43	30
14115	2	111	37	13
14116	2	189	75	51
14117	2	379	102	88
14118	2	851	292	274
14119	2	134	42	29
14120	2	106	37	22
14121	2	1103	646	633
14122	2	1334	365	351
14123	2	1018	239	213
14124	2	1243	306	291
14125	2	1095	251	234
14126	2	2122	731	710
14127	2	653	125	97
14128	2	1080	270	258
14129	2	122	49	27
14130	2	132	56	24
14131	2	1302	304	282
14132	2	787	198	178
14133	2	1068	269	250
14134	2	791	198	161
14135	2	631	138	110
14136	2	1069	325	287
14137	2	836	193	179
14138	2	1460	285	273
14139	2	1039	199	185
14140	2	1242	312	295
14141	2	1141	221	209
14142	2	790	255	242
14143	2	1179	243	233
14144	2	687	209	187
14145	2	541	149	115
14146	2	762	160	151
14147	2	1135	299	287
14148	2	1224	284	272
14149	2	297	104	86
14150	2	1155	235	225
14151	2	1249	352	335
14152	2	345	113	102
14153	2	156	60	36
14154	2	496	117	45
14155	2	105	47	30
14156	2	1122	251	241
14157	2	164	47	25
14158	2	642	165	152
14159	2	1068	251	226
14160	2	549	143	132
14161	2	556	120	105
14162	2	159	58	37
14163	2	1478	257	247
14164	2	93	29	15
14165	2	1025	251	241
14166	2	1556	506	492
14167	2	1182	302	286
14168	2	905	259	238
14169	2	122	27	15
14170	2	129	42	14
14171	2	1107	234	208
14172	2	225	48	39
14173	2	225	64	51
14174	2	1167	293	274
14175	2	612	184	165
14176	2	1050	221	210
14177	2	46	23	6
14178	2	1256	326	309
14179	2	186	55	43
14180	2	596	186	169
14181	2	1278	263	243
14182	2	314	78	62
14183	2	77	32	18
14184	2	1128	242	230
14185	2	966	266	245
14186	2	361	107	94
14187	2	574	165	138
14188	2	522	166	146
14189	2	986	323	306
14190	2	481	116	84
14191	2	219	52	26
14192	2	141	43	19
14193	2	81	24	13
14194	2	209	55	33
14195	2	153	40	17
14196	2	1296	275	182
14197	2	282	75	56
14198	2	201	52	24
14199	2	96	28	10
14200	2	708	147	135
14201	2	1165	305	289
14202	2	1208	223	213
14203	2	906	170	161
14204	2	888	295	274
14205	2	135	34	16
14206	2	306	75	67
14207	2	393	150	131
14208	2	912	218	207
14209	2	732	254	237
14210	2	318	90	73
14211	2	164	43	30
14212	2	216	59	39
14213	2	713	152	141
14214	2	183	103	85
14215	2	183	40	27
14216	2	344	105	87
14217	2	96	31	14
14218	2	583	162	133
14219	2	78	32	16
14220	2	156	50	20
14221	2	101	26	15
14222	2	1114	326	310
14223	2	603	269	258
14224	2	174	48	35
14225	2	561	114	102
14226	2	1373	307	279
14227	2	882	243	224
14228	2	179	63	51
14229	2	58	25	7
14230	2	258	74	61
14231	2	864	192	178
14232	2	776	202	101
14233	2	1023	222	200
14234	2	208	53	30
14235	2	754	228	209
14236	2	189	47	32
14237	2	475	98	87
14238	2	219	65	30
14239	2	79	37	15
14240	2	132	28	18
14241	2	989	259	248
14242	2	429	126	114
14243	2	1207	206	196
14244	2	132	60	35
14245	2	1165	251	239
14246	2	1317	234	224
14247	2	272	94	61
14248	2	603	144	125
14249	2	703	230	217
14250	2	1213	287	272
14251	2	110	34	23
14252	2	317	119	81
14253	2	745	228	212
14254	2	1051	290	277
14255	2	168	48	35
14256	2	1076	310	297
14257	2	144	46	20
14258	2	922	226	213
14259	2	1019	259	245
14260	2	1110	300	289
14261	2	1236	374	328
14262	2	1277	361	346
14263	2	973	229	218
14264	2	368	77	64
14265	2	1321	263	254
14266	2	465	132	110
14267	2	464	107	84
14268	2	198	61	21
14269	2	1149	285	242
14270	2	227	74	50
14271	2	249	69	38
14272	2	126	40	20
14273	2	61	29	20
14274	2	589	121	112
14275	2	1217	395	383
14276	2	719	136	112
14277	2	160	45	24
14278	2	922	352	332
14279	2	233	54	35
14280	2	839	282	265
14281	2	612	219	203
14282	2	106	40	19
14283	2	282	63	48
14284	2	957	312	288
14285	2	1602	366	342
14286	2	557	238	222
14287	2	501	155	140
14288	2	619	149	131
14289	2	118	36	4
14290	2	111	33	12
14291	2	908	237	214
14292	2	1062	334	319
14293	2	633	196	176
14294	2	151	43	12
14295	2	640	182	172
14296	2	981	317	309
14297	2	1336	366	335
14298	2	468	113	95
14299	2	192	73	52
14300	2	81	26	14
14301	2	677	217	205
14302	2	851	437	422
14303	2	324	73	54
14304	2	1233	265	249
14305	2	163	43	22
14306	2	511	119	84
14307	2	1425	335	288
14308	2	344	102	87
14309	2	1302	271	257
14310	2	1191	222	203
14311	2	611	192	177
14312	2	684	194	183
14313	2	1081	292	272
14314	2	1033	253	238
14315	2	244	49	32
14316	2	1270	271	258
14317	2	763	177	165
14318	2	687	217	200
14319	2	623	123	109
14320	2	1068	277	261
14321	2	454	162	142
14322	2	121	32	5
14323	2	437	105	81
14324	2	102	29	18
14325	2	181	39	31
14326	2	556	176	163
14327	2	456	98	80
14328	2	129	33	12
14329	2	917	261	244
14330	2	1210	295	279
14331	2	1567	310	295
14332	2	1383	273	257
14333	2	897	218	208
14334	2	918	200	187
14335	2	1107	263	253
14336	2	1090	236	227
14337	2	1375	292	270
14338	2	1015	215	206
14339	2	1144	218	206
14340	2	1248	255	230
14341	2	1135	289	267
14342	2	115	34	11
14343	2	773	173	159
14344	2	454	115	85
14345	2	207	65	22
14346	2	501	132	112
14347	2	118	31	7
14348	2	505	122	57
14349	2	365	85	62
14350	2	752	154	142
14351	2	1332	266	256
14352	2	662	150	134
14353	2	1548	314	298
14354	2	607	156	140
14355	2	229	59	15
14356	2	695	190	180
14357	2	1427	251	236
14358	2	1101	238	227
14359	2	1049	260	245
14360	2	573	118	96
14361	2	2120	601	576
14362	2	1298	283	268
14363	2	1292	261	248
14364	2	210	43	31
14365	2	939	222	207
14366	2	1192	296	284
14367	2	384	94	83
14368	2	724	219	201
14369	2	509	113	98
14370	2	1089	274	261
14371	2	201	48	27
14372	2	774	205	187
14373	2	150	56	39
14374	2	927	190	172
14375	2	426	95	84
14376	2	132	31	19
14377	2	873	235	220
14378	2	939	252	237
14379	2	529	163	147
14380	2	1291	362	349
14381	2	669	195	185
14382	2	555	225	209
14383	2	1191	289	276
14384	2	49	22	10
14385	2	108	42	19
14386	2	403	84	67
14387	2	411	133	120
14388	2	85	30	13
14389	2	97	41	20
14390	2	318	94	79
14391	2	86	26	11
14392	2	512	149	116
14393	2	977	216	183
14394	2	153	42	35
14395	2	147	35	22
14396	2	876	210	191
14397	2	1016	263	249
14398	2	141	36	25
14399	2	476	108	58
14400	2	978	210	190
14401	2	469	98	72
14402	2	1050	227	212
14403	2	612	142	126
14404	2	1321	254	236
14405	2	781	223	210
14406	2	246	50	35
14407	2	1254	265	252
14408	2	130	34	11
14409	2	413	115	99
14410	2	141	44	18
14411	2	455	129	109
14412	2	220	71	57
14413	2	125	33	19
14414	2	86	28	11
14415	2	978	223	210
14416	2	91	25	6
14417	2	1074	342	334
14418	2	157	53	38
14419	2	386	100	79
14420	2	652	229	211
14421	2	156	45	33
14422	2	218	61	33
14423	2	539	194	182
14424	2	125	30	10
14425	2	1162	337	320
14426	2	462	118	106
14427	2	364	86	70
14428	2	105	42	27
14429	2	533	159	107
14430	2	153	40	19
14431	2	134	33	15
14432	2	109	40	17
14433	2	216	54	41
14434	2	142	41	11
14435	2	273	77	63
14436	2	451	149	137
14437	2	1161	252	241
14438	2	1050	338	321
14439	2	450	114	105
14440	2	156	51	37
14441	2	411	97	81
14442	2	334	94	82
14443	2	186	88	72
14444	2	1042	183	173
14445	2	397	100	88
14446	2	1366	268	259
14447	2	296	73	61
14448	2	207	44	30
14449	2	1193	324	308
14450	2	1403	360	344
14451	2	637	138	124
14452	2	739	236	225
14453	2	1313	372	325
14454	2	155	51	34
14455	2	617	174	161
14456	2	759	185	162
14457	2	1224	415	394
14458	2	475	110	93
14459	2	105	34	21
14460	2	459	147	131
14461	2	87	28	12
14462	2	284	77	71
14463	2	86	35	22
14464	2	164	50	22
14465	2	1104	307	290
14466	2	1079	267	255
14467	2	663	161	142
14468	2	1189	334	310
14469	2	1448	328	293
14470	2	580	190	157
14471	2	929	281	241
14472	2	659	174	144
14473	2	1512	326	311
14474	2	255	65	40
14475	2	869	262	239
14476	2	467	169	152
14477	2	214	62	24
14478	2	228	66	11
14479	2	180	37	26
14480	2	405	155	134
14481	2	117	39	21
14482	2	43	17	8
14483	2	731	181	164
14484	2	58	23	12
14485	2	1189	310	301
14486	2	787	240	224
14487	2	454	89	76
14488	2	105	30	14
14489	2	1167	278	260
14490	2	671	166	149
14491	2	1249	299	279
14492	2	303	88	65
14493	2	207	59	35
14494	2	957	307	279
14495	2	919	250	231
14496	2	1425	470	454
14497	2	1395	273	252
14498	2	1296	263	250
14499	2	869	228	213
14500	2	480	122	111
14501	2	349	106	89
14502	2	233	53	29
14503	2	112	39	27
14504	2	639	174	159
14505	2	181	47	24
14506	2	178	44	12
14507	2	948	252	239
14508	2	691	146	136
14509	2	1290	327	312
14510	2	1164	373	359
14511	2	877	258	246
14512	2	133	33	15
14513	2	911	153	140
14514	2	883	290	275
14515	2	1091	194	183
14516	2	486	113	98
14517	2	118	32	11
14518	2	947	252	241
14519	2	1143	252	244
14520	2	1193	250	235
14521	2	390	78	65
14522	2	461	132	116
14523	2	136	36	19
14524	2	250	51	39
14525	2	551	189	172
14526	2	153	43	20
14527	2	1280	335	319
14528	2	1304	294	270
14529	2	896	216	205
14530	2	582	162	150
14531	2	553	157	146
14532	2	1454	285	246
14533	2	916	288	273
14534	2	1191	313	297
14535	2	596	121	95
14536	2	770	216	201
14537	2	69	22	10
14538	2	381	111	99
14539	2	338	158	147
14540	2	108	26	9
14541	2	999	295	279
14542	2	566	161	145
14543	2	120	33	8
14544	2	464	112	100
14545	2	123	28	14
14546	2	132	35	17
14547	2	261	62	48
14548	2	698	184	172
14549	2	582	208	187
14550	2	91	31	4
14551	2	146	51	35
14552	2	70	30	12
14553	2	348	82	66
14554	2	105	32	6
14555	2	1149	243	225
14556	2	362	114	98
14557	2	33	19	4
14558	2	87	35	13
14559	2	284	105	90
14560	2	144	51	30
14561	2	62	32	16
14562	2	75	24	13
14563	2	1219	616	608
14564	2	139	80	66
14565	2	239	127	108
14566	2	332	85	59
14567	2	552	100	88
14568	2	141	38	13
14569	2	91	27	8
14570	2	78	22	6
14571	2	1022	320	305
14572	2	419	115	90
14573	2	224	58	44
14574	2	1177	244	235
14575	2	193	71	50
14576	2	1203	311	291
14577	2	1003	203	191
14578	2	845	250	235
14579	2	358	66	44
14580	2	546	110	96
14581	2	456	100	82
14582	2	448	113	91
14583	2	370	138	124
14584	2	1101	267	255
14585	2	184	62	24
14586	2	169	64	46
14587	2	546	181	164
14588	2	171	76	67
14589	2	981	221	210
14590	2	39	15	5
14591	2	1085	252	239
14592	2	536	103	93
14593	2	771	270	258
14594	2	131	50	33
14595	2	318	85	33
14596	2	373	90	54
14597	2	417	138	121
14598	2	1399	289	269
14599	2	1069	205	174
14600	2	767	163	141
14601	2	991	255	224
14602	2	1084	211	187
14603	2	1057	214	180
14604	2	894	207	183
14605	2	363	77	55
14606	2	397	104	93
14607	2	1325	338	311
14608	2	1185	220	209
14609	2	126	34	21
14610	2	1320	331	321
14611	2	816	263	247
14612	2	410	104	82
14613	2	591	169	154
14614	2	809	240	224
14615	2	158	38	28
14616	2	1368	304	287
14617	2	94	25	8
14618	2	1131	274	258
14619	2	162	56	43
14620	2	485	107	95
14621	2	262	109	86
14622	2	1334	294	275
14623	2	77	25	8
14624	2	916	209	196
14625	2	1222	232	222
14626	2	68	27	10
14627	2	1098	238	224
14628	2	1002	341	326
14629	2	425	124	97
14630	2	219	41	31
14631	2	388	111	98
14632	2	750	156	148
14633	2	253	57	37
14634	2	162	33	22
14635	2	525	116	101
14636	2	1197	371	346
14637	2	1170	304	230
14638	2	342	80	62
14639	2	1348	401	384
14640	2	222	71	32
14641	2	1089	374	360
14642	2	496	140	117
14643	2	1260	216	192
14644	2	882	185	170
14645	2	291	62	49
14646	2	1358	267	256
14647	2	1318	287	266
14648	2	1518	309	287
14649	2	1395	273	263
14650	2	850	163	104
14651	2	867	195	183
14652	2	1316	322	284
14653	2	1084	318	294
14654	2	390	87	66
14655	2	635	171	151
14656	2	198	59	34
14657	2	1168	319	297
14658	2	199	70	54
14659	2	1318	281	264
14660	2	1020	187	170
14661	2	1254	271	252
14662	2	289	92	76
14663	2	859	253	244
14664	2	237	55	45
14665	2	443	141	120
14666	2	195	98	84
14667	2	186	49	30
14668	2	821	224	211
14669	2	396	123	103
14670	2	413	117	99
14671	2	316	125	79
14672	2	320	78	67
14673	2	1062	286	274
14674	2	1060	221	211
14675	2	1243	304	289
14676	2	258	71	50
14677	2	1242	352	340
14678	2	292	74	35
14679	2	133	45	14
14680	2	527	157	132
14681	2	120	41	10
14682	2	510	126	59
14683	2	249	96	73
14684	2	375	89	63
14685	2	125	45	11
14686	2	186	51	33
14687	2	806	369	355
14688	2	128	31	8
14689	2	506	115	100
14690	2	186	60	44
14691	2	300	92	75
14692	2	1348	252	240
14693	2	256	92	73
14694	2	444	90	80
14695	2	112	53	33
14696	2	1125	273	253
14697	2	726	230	219
14698	2	232	68	40
14699	2	207	90	64
14700	2	91	30	18
14701	2	119	32	15
14702	2	137	66	43
14703	2	124	39	17
14704	2	1258	275	262
14705	2	484	109	100
14706	2	438	121	99
14707	2	69	21	6
14708	2	795	176	152
14709	2	120	32	11
14710	2	570	198	181
14711	2	183	60	40
14712	2	176	57	45
14713	2	1173	218	209
14714	2	632	219	194
14715	2	1214	293	283
14716	2	669	155	143
14717	2	1248	334	320
14718	2	636	213	197
14719	2	1043	258	239
14720	2	1295	302	290
14721	2	1274	294	282
14722	2	1157	261	250
14723	2	1300	292	278
14724	2	582	147	109
14725	2	836	264	249
14726	2	898	207	195
14727	2	620	168	160
14728	2	1454	358	347
14729	2	1104	242	228
14730	2	518	144	125
14731	2	365	82	68
14732	2	282	99	47
14733	2	1309	342	295
14734	2	290	70	58
14735	2	124	28	9
14736	2	1288	280	268
14737	2	1111	267	252
14738	2	591	167	156
14739	2	351	73	60
14740	2	1216	244	237
14741	2	626	158	148
14742	2	121	31	6
14743	2	88	24	3
14744	2	195	57	35
14745	2	118	33	21
14746	2	217	60	46
14747	2	111	41	25
14748	2	1138	313	296
14749	2	844	209	199
14750	2	448	163	144
14751	2	248	59	46
14752	2	250	74	57
14753	2	634	258	242
14754	2	402	77	64
14755	2	153	38	27
14756	2	249	74	63
14757	2	229	52	26
14758	2	969	256	241
14759	2	1052	210	192
14760	2	489	115	101
14761	2	394	108	90
14762	2	514	132	121
14763	2	866	198	188
14764	2	571	119	105
14765	2	97	35	21
14766	2	400	108	97
14767	2	106	27	10
14768	2	234	50	39
14769	2	121	36	11
14770	2	183	41	31
14771	2	1320	264	244
14772	2	234	50	38
14773	2	1282	409	386
14774	2	901	280	264
14775	2	1295	312	302
14776	2	1043	217	200
14777	2	828	190	176
14778	2	873	215	129
14779	2	1312	331	300
14780	2	366	73	58
14781	2	584	145	119
14782	2	948	201	190
14783	2	1382	258	246
14784	2	1120	308	293
14785	2	1387	289	262
14786	2	109	37	15
14787	2	1276	298	285
14788	2	1145	322	309
14789	2	1271	330	317
14790	2	370	112	102
14791	2	301	76	32
14792	2	1305	288	272
14793	2	538	190	176
14794	2	366	106	91
14795	2	1215	301	288
14796	2	162	49	36
14797	2	67	23	13
14798	2	358	100	64
14799	2	341	141	117
14800	2	659	149	118
14801	2	185	44	27
14802	2	202	73	53
14803	2	302	68	55
14804	2	162	62	38
14805	2	135	35	13
14806	2	284	58	38
14807	2	1021	293	278
14808	2	271	60	46
14809	2	597	132	116
14810	2	117	39	14
14811	2	402	77	62
14812	2	204	44	34
14813	2	315	62	46
14814	2	453	97	61
14815	2	183	47	33
14816	2	324	77	2
14817	2	1441	274	257
14818	2	1217	370	339
14819	2	1234	293	266
14820	2	851	264	246
14821	2	1245	216	203
14822	2	1309	254	244
14823	2	869	194	178
14824	2	371	104	86
14825	2	894	235	225
14826	2	105	38	13
14827	2	241	71	58
14828	2	582	144	128
14829	2	1406	362	336
14830	2	1221	338	321
14831	2	348	82	69
14832	2	528	145	99
14833	2	92	29	11
14834	2	991	210	200
14835	2	192	53	40
14836	2	592	174	87
14837	2	941	218	207
14838	2	1120	310	293
14839	2	184	42	26
14840	2	144	49	28
14841	2	1131	269	251
14842	2	913	207	190
14843	2	379	86	71
14844	2	1122	270	260
14845	2	1113	258	243
14846	2	956	237	228
14847	2	109	29	21
14848	2	1209	313	281
14849	2	803	219	209
14850	2	915	247	196
14851	2	1152	314	295
14852	2	821	189	176
14853	2	378	124	107
14854	2	939	217	198
14855	2	1037	239	224
14856	2	1098	275	260
14857	2	701	154	138
14858	2	1164	317	298
14859	2	138	46	28
14860	2	1255	312	295
14861	2	331	99	86
14862	2	1337	290	271
14863	2	1074	268	250
14864	2	622	138	123
14865	2	471	153	140
14866	2	662	205	191
14867	2	387	87	78
14868	2	549	176	163
14869	2	93	42	18
14870	2	72	29	12
14871	2	545	124	112
14872	2	95	28	12
14873	2	608	167	154
14874	2	204	57	49
14875	2	1009	216	205
14876	2	161	46	17
14877	2	1097	294	256
14878	2	788	173	132
14879	2	198	64	27
14880	2	1047	354	340
14881	2	433	119	106
14882	2	1466	304	293
14883	2	482	149	132
14884	2	362	90	66
14885	2	287	91	52
14886	2	145	72	57
14887	2	519	116	102
14888	2	186	58	42
14889	2	189	50	39
14890	2	230	62	35
14891	2	211	64	40
14892	2	739	158	106
14893	2	225	55	35
14894	2	829	210	180
14895	2	264	59	45
14896	2	540	138	127
14897	2	97	39	24
14898	2	510	128	111
14899	2	55	27	14
14900	2	97	37	14
14901	2	706	155	144
14902	2	717	168	155
14903	2	156	47	23
14904	2	501	110	103
14905	2	118	43	31
14906	2	228	43	27
14907	2	118	44	30
14908	2	715	217	202
14909	2	86	36	21
14910	2	151	47	19
14911	2	261	71	29
14912	2	257	85	49
14913	2	85	32	6
14914	2	632	174	132
14915	2	977	253	239
14916	2	267	78	58
14917	2	213	46	34
14918	2	82	32	17
14919	2	723	186	167
14920	2	414	116	100
14921	2	391	115	91
14922	2	557	175	147
14923	2	285	94	76
14924	2	989	355	332
14925	2	723	204	176
14926	2	448	115	83
14927	2	387	96	65
14928	2	1108	240	224
14929	2	946	241	229
14930	2	153	54	35
14931	2	718	185	171
14932	2	609	176	145
14933	2	340	79	74
14934	2	1037	324	308
14935	2	422	132	119
14936	2	272	93	69
14937	2	1064	308	292
14938	2	352	74	59
14939	2	883	186	173
14940	2	1338	346	318
14941	2	1226	269	228
14942	2	105	30	14
14943	2	212	65	54
14944	2	204	54	25
14945	2	110	28	10
14946	2	132	37	10
14947	2	143	48	18
14948	2	155	47	20
14949	2	255	102	78
14950	2	156	40	15
14951	2	105	33	11
14952	2	136	40	14
14953	2	418	105	86
14954	2	498	167	112
14955	2	219	45	34
14956	2	81	19	9
14957	2	1347	241	228
14958	2	212	47	24
14959	2	221	48	34
14960	2	700	197	170
14961	2	317	81	47
14962	2	1421	288	272
14963	2	115	32	20
14964	2	1215	289	275
14965	2	901	183	146
14966	2	324	78	62
14967	2	954	188	166
14968	2	1759	492	479
14969	2	764	182	146
14970	2	1360	321	308
14971	2	1255	275	260
14972	2	159	58	30
14973	2	1612	494	481
14974	2	1185	223	214
14975	2	996	235	225
14976	2	955	187	174
14977	2	229	56	39
14978	2	123	31	17
14979	2	311	90	64
14980	2	1238	216	201
14981	2	726	136	125
14982	2	362	105	89
14983	2	392	129	91
14984	2	168	37	25
14985	2	81	47	35
14986	2	529	129	113
14987	2	230	52	37
14988	2	1132	248	227
14989	2	106	26	13
14990	2	1211	242	227
14991	2	1023	212	142
14992	2	523	104	93
14993	2	285	78	62
14994	2	958	166	148
14995	2	644	113	100
14996	2	321	69	54
14997	2	875	196	185
14998	2	991	184	175
14999	2	560	104	91
15000	2	635	196	184
15001	2	1192	259	241
15002	2	250	68	42
15003	2	125	38	26
15004	2	301	101	86
15005	2	1038	242	234
15006	2	228	56	26
15007	2	256	80	61
15008	2	150	40	29
15009	2	145	42	31
15010	2	114	29	7
15011	2	685	186	176
15012	2	100	22	6
15013	2	728	160	149
15014	2	333	90	64
15015	2	1176	365	353
15016	2	137	38	27
15017	2	441	150	137
15018	2	96	34	23
15019	2	232	59	35
15020	2	999	243	227
15021	2	1216	320	308
15022	2	274	107	93
15023	2	727	225	211
15024	2	994	214	203
15025	2	501	137	124
15026	2	328	113	101
15027	2	208	57	23
15028	2	118	36	7
15029	2	206	47	25
15030	2	1068	232	214
15031	2	371	107	82
15032	2	88	30	9
15033	2	941	309	286
15034	2	217	64	34
15035	2	1360	300	276
15036	2	559	192	166
15037	2	735	160	147
15038	2	1472	293	282
15039	2	564	115	93
15040	2	1175	351	330
15041	2	926	261	242
15042	2	553	134	120
15043	2	1242	234	226
15044	2	150	35	19
15045	2	1064	245	234
15046	2	1002	235	221
15047	2	1381	284	269
15048	2	252	59	46
15049	2	242	69	46
15050	2	1073	235	223
15051	2	987	208	197
15052	2	1315	255	243
15053	2	220	72	48
15054	2	195	54	27
15055	2	1001	210	189
15056	2	1199	361	331
15057	2	81	31	11
15058	2	63	18	7
15059	2	129	34	25
15060	2	88	35	13
15061	2	157	47	17
15062	2	249	47	35
15063	2	296	69	51
15064	2	55	36	21
15065	2	772	211	202
15066	2	181	70	53
15067	2	1294	294	285
15068	2	458	94	76
15069	2	1002	266	253
15070	2	240	75	63
15071	2	507	107	86
15072	2	456	95	75
15073	2	631	147	124
15074	2	66	20	8
15075	2	486	98	86
15076	2	120	63	53
15077	2	822	212	200
15078	2	388	96	86
15079	2	490	147	137
15080	2	88	39	27
15081	2	165	51	41
15082	2	201	56	39
15083	2	1027	312	299
15084	2	1205	358	342
15085	2	964	279	266
15086	2	1242	280	265
15087	2	430	126	97
15088	2	933	239	225
15089	2	1230	229	220
15090	2	987	199	186
15091	2	1378	393	376
15092	2	1210	323	306
15093	2	838	272	255
15094	2	1113	324	307
15095	2	650	163	151
15096	2	1007	221	211
15097	2	209	73	56
15098	2	426	108	99
15099	2	204	56	44
15100	2	624	136	123
15101	2	973	223	208
15102	2	1031	201	184
15103	2	459	121	107
15104	2	234	61	49
15105	2	657	202	158
15106	2	282	77	71
15107	2	123	32	21
15108	2	254	71	56
15109	2	287	65	58
15110	2	1082	179	170
15111	2	1201	227	217
15112	2	1006	225	213
15113	2	1521	303	275
15114	2	189	42	29
15115	2	1055	236	224
15116	2	737	189	175
15117	2	1209	233	221
15118	2	1281	257	241
15119	2	513	114	94
15120	2	98	41	23
15121	2	1271	332	315
15122	2	894	202	192
15123	2	935	203	189
15124	2	986	255	233
15125	2	1242	350	331
15126	2	877	264	251
15127	2	540	124	110
15128	2	73	24	8
15129	2	205	70	57
15130	2	835	189	179
15131	2	1412	267	256
15132	2	570	145	134
15133	2	978	257	243
15134	2	1093	245	233
15135	2	1189	302	281
15136	2	477	156	144
15137	2	572	220	208
15138	2	259	78	50
15139	2	389	150	133
15140	2	588	162	137
15141	2	1346	336	322
15142	2	1092	265	251
15143	2	1310	521	510
15144	2	938	248	236
15145	2	637	142	129
15146	2	1476	369	353
15147	2	1238	447	433
15148	2	139	36	19
15149	2	893	215	205
15150	2	677	168	156
15151	2	867	199	190
15152	2	231	52	40
15153	2	1551	318	307
15154	2	887	214	201
15155	2	892	218	186
15156	2	753	250	226
15157	2	1122	338	319
15158	2	152	51	29
15159	2	685	168	147
15160	2	183	64	10
15161	2	102	34	19
15162	2	837	274	254
15163	2	1065	199	185
15164	2	226	79	54
15165	2	102	54	45
15166	2	732	199	186
15167	2	57	18	9
15168	2	1153	361	336
15169	2	384	132	121
15170	2	268	104	74
15171	2	276	98	82
15172	2	298	107	90
15173	2	1420	333	315
15174	2	780	182	161
15175	2	177	45	32
15176	2	837	189	172
15177	2	676	163	152
15178	2	800	173	158
15179	2	361	103	89
15180	2	209	52	29
15181	2	78	25	9
15182	2	198	49	22
15183	2	1259	302	286
15184	2	1164	235	219
15185	2	453	88	77
15186	2	1718	384	368
15187	2	1085	220	208
15188	2	689	187	172
15189	2	1550	315	305
15190	2	1219	244	230
15191	2	730	214	135
15192	2	609	125	112
15193	2	228	49	36
15194	2	308	95	71
15195	2	71	37	14
15196	2	393	123	100
15197	2	338	163	146
15198	2	342	127	53
15199	2	265	68	37
15200	2	1363	266	250
15201	2	368	88	64
15202	2	1373	272	259
15203	2	1087	251	238
15204	2	1208	300	269
15205	2	1323	254	245
15206	2	784	125	114
15207	2	669	162	146
15208	2	1357	265	251
15209	2	835	277	245
15210	2	360	84	71
15211	2	872	194	183
15212	2	1525	315	285
15213	2	597	126	114
15214	2	150	41	27
15215	2	90	26	6
15216	2	752	171	158
15217	2	129	65	55
15218	2	206	60	38
15219	2	349	96	71
15220	2	918	212	195
15221	2	287	68	45
15222	2	1061	266	255
15223	2	409	148	133
15224	2	1398	275	265
15225	2	1006	314	288
15226	2	121	54	43
15227	2	229	58	43
15228	2	636	214	200
15229	2	388	123	103
15230	2	496	122	103
15231	2	497	105	86
15232	2	910	276	179
15233	2	228	75	21
15234	2	157	44	19
15235	2	203	48	28
15236	2	675	157	145
15237	2	79	26	9
15238	2	97	27	9
15239	2	298	86	76
15240	2	907	250	238
15241	2	93	26	16
15242	2	926	255	234
15243	2	1362	387	370
15244	2	699	142	129
15245	2	614	140	128
15246	2	1300	266	252
15247	2	319	104	79
15248	2	1268	287	274
15249	2	970	242	227
15250	2	625	144	132
15251	2	528	99	89
15252	2	512	137	127
15253	2	927	211	199
15254	2	184	52	39
15255	2	1425	395	383
15256	2	1380	257	245
15257	2	72	19	3
15258	2	1259	287	275
15259	2	1175	253	241
15260	2	53	16	3
15261	2	159	39	26
15262	2	1046	207	194
15263	2	733	220	191
15264	2	819	199	182
15265	2	1036	244	233
15266	2	1312	296	281
15267	2	1257	336	319
15268	2	966	234	214
15269	2	939	316	299
15270	2	482	104	90
15271	2	156	52	29
15272	2	1125	281	266
15273	2	146	44	14
15274	2	235	66	46
15275	2	144	53	24
15276	2	444	102	97
15277	2	486	125	109
15278	2	1037	220	195
15279	2	153	44	16
15280	2	207	58	40
15281	2	552	147	120
15282	2	1351	305	287
15283	2	321	65	48
15284	2	1211	328	314
15285	2	1318	316	297
15286	2	332	101	85
15287	2	1298	319	300
15288	2	1269	302	286
15289	2	881	246	232
15290	2	1089	332	318
15291	2	795	175	160
15292	2	780	206	189
15293	2	379	94	80
15294	2	1123	286	268
15295	2	516	105	89
15296	2	1285	280	269
15297	2	519	142	130
15298	2	917	181	171
15299	2	885	208	197
15300	2	549	163	153
15301	2	722	225	204
15302	2	314	132	109
15303	2	943	296	286
15304	2	178	53	32
15305	2	109	42	23
15306	2	437	143	130
15307	2	109	52	29
15308	2	412	139	126
15309	2	223	86	67
15310	2	168	45	31
15311	2	383	198	186
15312	2	360	113	99
15313	2	783	201	193
15314	2	229	60	45
15315	2	390	104	90
15316	2	184	54	29
15317	2	378	96	82
15318	2	557	150	133
15319	2	689	185	165
15320	2	847	202	152
15321	2	1380	270	257
15322	2	1198	343	318
15323	2	405	106	87
15324	2	84	31	10
15325	2	1184	309	292
15326	2	496	157	132
15327	2	75	25	5
15328	2	966	213	203
15329	2	878	205	190
15330	2	1245	332	317
15331	2	1161	297	283
15332	2	947	283	266
15333	2	524	165	153
15334	2	346	98	78
15335	2	1195	312	303
15336	2	1186	271	257
15337	2	878	299	285
15338	2	1246	322	309
15339	2	282	100	49
15340	2	192	50	36
15341	2	429	94	79
15342	2	196	50	17
15343	2	495	130	119
15344	2	1208	377	366
15345	2	671	178	163
15346	2	803	211	196
15347	2	421	145	124
15348	2	676	162	152
15349	2	791	191	174
15350	2	1613	356	347
15351	2	732	163	141
15352	2	490	116	102
15353	2	1252	229	217
15354	2	1321	243	234
15355	2	776	205	187
15356	2	1364	337	323
15357	2	1299	292	279
15358	2	1219	299	290
15359	2	184	90	70
15360	2	1130	322	305
15361	2	57	18	3
15362	2	139	47	26
15363	2	1133	303	291
15364	2	336	88	63
15365	2	78	25	7
15366	2	1399	313	301
15367	2	757	163	149
15368	2	1315	312	294
15369	2	1150	250	239
15370	2	1287	270	259
15371	2	459	101	86
15372	2	1403	273	259
15373	2	1262	267	251
15374	2	94	36	18
15375	2	125	31	17
15376	2	165	51	37
15377	2	1348	415	400
15378	2	585	194	183
15379	2	94	31	17
15380	2	448	92	69
15381	2	204	48	35
15382	2	274	59	17
15383	2	112	39	16
15384	2	193	59	40
15385	2	516	127	98
15386	2	195	44	29
15387	2	290	84	73
15388	2	216	55	41
15389	2	1276	261	248
15390	2	111	48	32
15391	2	705	273	247
15392	2	114	36	22
15393	2	66	26	7
15394	2	140	40	31
15395	2	1239	254	234
15396	2	167	55	32
15397	2	1141	234	225
15398	2	936	381	364
15399	2	1101	203	195
15400	2	1376	268	258
15401	2	1110	281	264
15402	2	68	25	9
15403	2	447	95	87
15404	2	142	38	19
15405	2	650	155	143
15406	2	190	43	23
15407	2	1396	301	284
15408	2	246	53	40
15409	2	1024	296	282
15410	2	1240	279	267
15411	2	638	138	125
15412	2	151	53	38
15413	2	535	145	116
15414	2	1012	197	185
15415	2	231	62	43
15416	2	327	82	68
15417	2	599	140	128
15418	2	234	73	55
15419	2	974	292	280
15420	2	269	66	53
15421	2	356	78	55
15422	2	1309	264	244
15423	2	1318	310	298
15424	2	1207	287	275
15425	2	998	237	228
15426	2	1122	213	202
15427	2	983	205	194
15428	2	570	171	159
15429	2	186	50	17
15430	2	54	22	11
15431	2	478	102	90
15432	2	977	223	197
15433	2	380	87	70
15434	2	1043	264	250
15435	2	452	127	107
15436	2	426	126	99
15437	2	216	44	26
15438	2	836	145	137
15439	2	117	32	22
15440	2	226	51	42
15441	2	693	131	107
15442	2	1331	273	265
15443	2	503	199	186
15444	2	1229	276	262
15445	2	952	198	183
15446	2	627	109	98
15447	2	1090	302	288
15448	2	1084	257	238
15449	2	356	146	132
15450	2	620	155	136
15451	2	548	169	149
15452	2	138	56	33
15453	2	797	172	158
15454	2	237	92	74
15455	2	645	177	159
15456	2	78	23	15
15457	2	896	209	200
15458	2	418	135	103
15459	2	183	40	25
15460	2	1201	261	245
15461	2	1080	236	221
15462	2	741	143	129
15463	2	757	162	150
15464	2	1012	216	203
15465	2	1189	255	242
15466	2	723	194	181
15467	2	1089	296	286
15468	2	1235	269	257
15469	2	1032	226	214
15470	2	788	145	133
15471	2	105	24	14
15472	2	215	88	54
15473	2	282	125	108
15474	2	498	116	108
15475	2	959	303	293
15476	2	80	26	9
15477	2	758	148	137
15478	2	222	67	59
15479	2	1195	255	235
15480	2	189	51	32
15481	2	141	36	14
15482	2	335	87	70
15483	2	1429	274	262
15484	2	1066	368	350
15485	2	411	123	104
15486	2	246	74	55
15487	2	136	47	29
15488	2	423	147	135
15489	2	330	63	34
15490	2	294	63	51
15491	2	455	133	121
15492	2	87	28	9
15493	2	995	219	208
15494	2	1264	295	282
15495	2	1290	289	276
15496	2	478	94	75
15497	2	1379	292	279
15498	2	153	41	8
15499	2	180	41	29
15500	2	316	85	67
15501	2	367	108	98
15502	2	1050	232	212
15503	2	376	138	125
15504	2	165	56	41
15505	2	134	42	18
15506	2	460	104	79
15507	2	1124	298	281
15508	2	1263	298	285
15509	2	800	206	193
15510	2	452	137	123
15511	2	492	136	119
15512	2	1041	340	320
15513	2	370	102	73
15514	2	540	128	112
15515	2	1093	216	200
15516	2	771	172	161
15517	2	1079	363	350
15518	2	1180	263	239
15519	2	1035	285	275
15520	2	978	282	262
15521	2	1312	317	303
15522	2	1413	280	261
15523	2	618	184	171
15524	2	1291	350	323
15525	2	1314	328	310
15526	2	1280	327	315
15527	2	493	96	84
15528	2	915	187	176
15529	2	1187	334	318
15530	2	968	256	242
15531	2	922	178	168
15532	2	943	197	187
15533	2	101	39	23
15534	2	1371	288	276
15535	2	1280	363	344
15536	2	470	119	99
15537	2	158	49	22
15538	2	818	190	174
15539	2	1094	218	194
15540	2	138	33	23
15541	2	336	93	74
15542	2	976	357	339
15543	2	1309	341	331
15544	2	1061	218	191
15545	2	457	118	105
15546	2	1086	292	275
15547	2	529	141	128
15548	2	181	63	48
15549	2	59	26	9
15550	2	1010	226	211
15551	2	375	127	114
15552	2	1106	253	238
15553	2	737	171	160
15554	2	894	207	195
15555	2	370	122	110
15556	2	259	78	68
15557	2	854	168	154
15558	2	570	107	95
15559	2	1065	198	183
15560	2	1256	277	267
15561	2	1209	277	268
15562	2	549	176	154
15563	2	1239	282	267
15564	2	1004	215	206
15565	2	139	54	38
15566	2	162	49	15
15567	2	291	69	56
15568	2	1151	292	277
15569	2	199	51	29
15570	2	120	36	24
15571	2	975	242	231
15572	2	150	37	15
15573	2	188	53	19
15574	2	53	26	10
15575	2	1468	257	245
15576	2	1021	202	192
15577	2	1238	230	219
15578	2	224	43	22
15579	2	787	172	160
15580	2	976	193	178
15581	2	1288	267	253
15582	2	579	118	106
15583	2	1021	231	217
15584	2	671	180	164
15585	2	242	72	47
15586	2	120	41	23
15587	2	1120	382	373
15588	2	267	64	51
15589	2	152	72	38
15590	2	54	31	16
15591	2	267	71	54
15592	2	102	32	12
15593	2	1149	219	203
15594	2	398	101	81
15595	2	940	183	170
15596	2	121	62	39
15597	2	879	263	242
15598	2	932	194	185
15599	2	90	27	8
15600	2	351	128	89
15601	2	100	42	22
15602	2	508	189	172
15603	2	180	41	25
15604	2	54	24	5
15605	2	847	252	239
15606	2	96	34	12
15607	2	81	31	17
15608	2	163	59	44
15609	2	231	53	36
15610	2	108	37	21
15611	2	72	23	10
15612	2	163	38	13
15613	2	303	64	48
15614	2	555	232	213
15615	2	1093	191	182
15616	2	1157	325	309
15617	2	102	28	11
15618	2	998	179	172
15619	2	1205	300	288
15620	2	461	114	95
15621	2	432	85	75
15622	2	323	98	82
15623	2	170	52	38
15624	2	828	254	229
15625	2	102	36	9
15626	2	1050	339	324
15627	2	30	18	5
15628	2	69	33	16
15629	2	282	78	64
15630	2	833	248	235
15631	2	188	77	60
15632	2	1051	218	202
15633	2	249	62	34
15634	2	1125	225	207
15635	2	99	28	19
15636	2	873	158	144
15637	2	253	93	84
15638	2	791	146	133
15639	2	617	174	157
15640	2	1291	250	235
15641	2	727	168	156
15642	2	1181	239	224
15643	2	333	89	72
15644	2	1168	404	390
15645	2	915	280	255
15646	2	1058	268	254
15647	2	592	219	198
15648	2	330	89	73
15649	2	598	125	85
15650	2	705	159	129
15651	2	645	161	136
15652	2	1265	253	238
15653	2	54	22	6
15654	2	720	186	171
15655	2	603	114	95
15656	2	97	29	7
15657	2	393	73	59
15658	2	351	115	91
15659	2	288	58	45
15660	2	803	162	144
15661	2	1210	279	264
15662	2	401	94	75
15663	2	1102	205	192
15664	2	117	32	12
15665	2	544	125	108
15666	2	1291	298	285
15667	2	81	27	13
15668	2	596	159	146
15669	2	115	50	39
15670	2	152	41	17
15671	2	1203	306	296
15672	2	96	36	21
15673	2	654	179	167
15674	2	1234	300	286
15675	2	1023	224	215
15676	2	44	25	13
15677	2	635	169	158
15678	2	166	38	13
15679	2	366	76	61
15680	2	684	168	124
15681	2	1118	233	220
15682	2	1153	329	311
15683	2	101	42	26
15684	2	151	32	16
15685	2	1293	285	273
15686	2	326	108	97
15687	2	413	114	93
15688	2	432	102	88
15689	2	290	60	37
15690	2	691	159	133
15691	2	622	147	130
15692	2	918	229	218
15693	2	851	205	190
15694	2	1058	231	218
15695	2	747	157	142
15696	2	238	98	81
15697	2	1207	371	359
15698	2	383	90	74
15699	2	838	200	177
15700	2	792	183	164
15701	2	336	82	62
15702	2	1304	288	265
15703	2	369	72	63
15704	2	1247	384	369
15705	2	1011	216	204
15706	2	451	131	104
15707	2	1218	312	303
15708	2	1468	348	338
15709	2	79	20	10
15710	2	989	211	200
15711	2	103	31	20
15712	2	1057	273	258
15713	2	1090	320	308
15714	2	132	43	20
15715	2	306	108	50
15716	2	172	39	11
15717	2	1206	333	315
15718	2	96	27	9
15719	2	365	119	106
15720	2	141	41	19
15721	2	176	66	30
15722	2	120	38	9
15723	2	115	33	10
15724	2	144	39	16
15725	2	186	53	38
15726	2	833	306	293
15727	2	236	69	45
15728	2	223	77	64
15729	2	169	43	31
15730	2	298	101	84
15731	2	1055	228	215
15732	2	781	154	137
15733	2	423	144	132
15734	2	1018	347	328
15735	2	846	180	169
15736	2	427	166	142
15737	2	228	51	39
15738	2	502	145	123
15739	2	884	253	241
15740	2	270	70	65
15741	2	330	88	63
15742	2	1170	320	302
15743	2	1334	380	359
15744	2	1316	357	316
15745	2	342	88	79
15746	2	166	68	55
15747	2	1144	249	234
15748	2	1180	267	256
15749	2	1032	245	234
15750	2	1035	196	183
15751	2	1090	235	217
15752	2	527	114	97
15753	2	130	46	19
15754	2	489	150	138
15755	2	749	193	184
15756	2	1262	276	258
15757	2	589	113	88
15758	2	845	197	177
15759	2	1173	340	320
15760	2	1312	381	357
15761	2	1238	256	246
15762	2	1237	213	197
15763	2	1226	270	261
15764	2	1125	323	306
15765	2	696	212	202
15766	2	369	116	98
15767	2	288	103	76
15768	2	184	40	21
15769	2	1107	308	294
15770	2	187	74	57
15771	2	1282	371	354
15772	2	1356	294	283
15773	2	756	261	244
15774	2	255	69	57
15775	2	1197	320	304
15776	2	678	174	159
15777	2	1700	361	344
15778	2	1119	257	247
15779	2	1301	358	341
15780	2	588	197	186
15781	2	759	195	177
15782	2	504	106	93
15783	2	600	124	93
15784	2	499	155	130
15785	2	207	73	48
15786	2	528	116	104
15787	2	131	48	20
15788	2	511	118	107
15789	2	1033	229	217
15790	2	584	136	114
15791	2	132	41	13
15792	2	223	68	44
15793	2	1394	361	339
15794	2	1151	216	197
15795	2	470	164	140
15796	2	540	103	87
15797	2	1205	383	356
15798	2	793	185	172
15799	2	534	116	98
15800	2	1376	282	268
15801	2	963	209	199
15802	2	1145	327	313
15803	2	1138	367	346
15804	2	1302	245	234
15805	2	99	30	19
15806	2	345	140	106
15807	2	218	71	36
15808	2	186	52	25
15809	2	89	38	26
15810	2	1271	257	244
15811	2	292	76	37
15812	2	88	39	11
15813	2	504	90	78
15814	2	824	165	152
15815	2	144	39	15
15816	2	258	62	51
15817	2	151	51	42
15818	2	301	73	55
15819	2	968	201	191
15820	2	192	59	44
15821	2	174	35	26
15822	2	341	86	79
15823	2	297	74	66
15824	2	135	33	8
15825	2	172	44	23
15826	2	452	141	128
15827	2	303	68	56
15828	2	1084	349	266
15829	2	50	21	11
15830	2	644	169	156
15831	2	1143	230	217
15832	2	250	59	50
15833	2	732	159	150
15834	2	1181	259	250
15835	2	269	62	49
15836	2	1068	252	238
15837	2	162	35	27
15838	2	165	67	50
15839	2	570	115	98
15840	2	1132	375	352
15841	2	206	48	33
15842	2	444	147	138
15843	2	1179	284	264
15844	2	63	17	7
15845	2	1349	220	208
15846	2	108	29	10
15847	2	1256	268	257
15848	2	132	41	24
15849	2	1187	331	314
15850	2	822	240	226
15851	2	737	190	178
15852	2	287	78	65
15853	2	396	114	100
15854	2	493	159	146
15855	2	983	294	281
15856	2	581	128	119
15857	2	1605	328	310
15858	2	1309	313	306
15859	2	1354	247	236
15860	2	889	239	229
15861	2	977	293	280
15862	2	1325	246	236
15863	2	1031	247	236
15864	2	150	48	18
15865	2	280	73	61
15866	2	1024	304	295
15867	2	243	72	52
15868	2	83	33	20
15869	2	760	221	210
15870	2	1134	245	235
15871	2	261	54	37
15872	2	266	103	87
15873	2	1145	339	319
15874	2	243	64	47
15875	2	1148	269	252
15876	2	1272	301	292
15877	2	47	18	9
15878	2	427	126	115
15879	2	1130	305	287
15880	2	159	58	45
15881	2	347	125	98
15882	2	640	252	236
15883	2	312	93	76
15884	2	1080	306	294
15885	2	1206	245	228
15886	2	486	101	90
15887	2	1415	288	270
15888	2	912	186	176
15889	2	84	25	12
15890	2	1206	248	237
15891	2	185	49	35
15892	2	573	150	138
15893	2	1398	291	276
15894	2	108	36	15
15895	2	1166	269	253
15896	2	899	183	171
15897	2	808	154	142
15898	2	189	47	23
15899	2	1019	189	179
15900	2	1014	247	233
15901	2	887	231	218
15902	2	1345	327	314
15903	2	493	127	115
15904	2	997	219	206
15905	2	1166	263	251
15906	2	180	59	30
15907	2	325	80	60
15908	2	1295	295	264
15909	2	61	25	13
15910	2	393	113	71
15911	2	1060	226	218
15912	2	623	178	145
15913	2	141	47	21
15914	2	1487	511	467
15915	2	1406	316	299
15916	2	83	26	2
15917	2	391	98	83
15918	2	764	194	181
15919	2	1047	257	244
15920	2	1346	249	238
15921	2	342	104	86
15922	2	1261	296	284
15923	2	1193	250	233
15924	2	287	73	45
15925	2	565	130	107
15926	2	1197	241	230
15927	2	519	80	71
15928	2	464	145	131
15929	2	821	222	206
15930	2	1146	241	225
15931	2	784	201	187
15932	2	219	65	55
15933	2	1301	374	334
15934	2	951	188	179
15935	2	856	195	180
15936	2	1061	285	274
15937	2	771	168	148
15938	2	1148	352	344
15939	2	618	149	137
15940	2	1275	287	274
15941	2	88	46	34
15942	2	634	159	145
15943	2	955	252	232
15944	2	687	178	167
15945	2	777	173	146
15946	2	313	95	74
15947	2	600	176	161
15948	2	949	234	218
15949	2	953	261	236
15950	2	469	156	137
15951	2	251	86	75
15952	2	66	28	7
15953	2	306	139	124
15954	2	942	223	211
15955	2	138	57	35
15956	2	1275	451	431
15957	2	92	40	20
15958	2	616	138	127
15959	2	140	35	13
15960	2	71	26	14
15961	2	108	28	13
15962	2	1088	287	272
15963	2	711	153	140
15964	2	986	232	220
15965	2	644	135	125
15966	2	1245	266	256
15967	2	586	197	181
15968	2	411	117	100
15969	2	1085	316	294
15970	2	772	219	200
15971	2	177	45	34
15972	2	471	100	84
15973	2	1278	248	236
15974	2	1346	261	249
15975	2	654	187	173
15976	2	216	79	67
15977	2	139	42	9
15978	2	1317	282	271
15979	2	1117	203	192
15980	2	899	238	225
15981	2	352	104	91
15982	2	1139	240	221
15983	2	1133	293	282
15984	2	492	102	86
15985	2	270	66	56
15986	2	1252	341	326
15987	2	989	236	218
15988	2	542	150	138
15989	2	421	143	125
15990	2	779	155	141
15991	2	511	145	130
15992	2	991	240	205
15993	2	312	96	50
15994	2	497	142	121
15995	2	1164	322	307
15996	2	981	207	194
15997	2	740	189	174
15998	2	1143	245	227
15999	2	303	102	66
16000	2	294	80	61
16001	2	589	121	108
16002	2	772	267	251
16003	2	1179	277	266
16004	2	1149	355	301
16005	2	927	224	213
16006	2	895	252	228
16007	2	133	42	18
16008	2	375	129	107
16009	2	1213	302	288
16010	2	1596	338	326
16011	2	279	52	36
16012	2	1337	364	319
16013	2	429	151	131
16014	2	433	137	81
16015	2	1227	272	260
16016	2	227	62	42
16017	2	109	32	10
16018	2	326	82	61
16019	2	791	165	144
16020	2	779	202	188
16021	2	369	104	50
16022	2	351	82	45
16023	2	1021	264	253
16024	2	520	196	184
16025	2	692	203	194
16026	2	588	176	164
16027	2	1448	330	307
16028	2	228	55	41
16029	2	700	174	151
16030	2	1133	242	226
16031	2	112	26	12
16032	2	939	202	187
16033	2	783	185	173
16034	2	96	38	13
16035	2	185	60	47
16036	2	1148	302	292
16037	2	207	71	55
16038	2	698	152	116
16039	2	208	101	80
16040	2	289	77	28
16041	2	522	141	129
16042	2	335	114	87
16043	2	1023	254	244
16044	2	305	66	47
16045	2	1369	294	274
16046	2	202	69	41
16047	2	772	219	206
16048	2	204	55	45
16049	2	1036	249	236
16050	2	315	83	73
16051	2	179	78	38
16052	2	796	234	220
16053	2	818	193	168
16054	2	220	87	66
16055	2	993	199	187
16056	2	834	264	250
16057	2	865	281	270
16058	2	726	467	449
16059	2	110	50	33
16060	2	1029	233	225
16061	2	241	67	54
16062	2	643	219	198
16063	2	293	104	73
16064	2	151	33	5
16065	2	1355	328	312
16066	2	1464	305	281
16067	2	1415	404	387
16068	2	576	105	94
16069	2	1552	337	327
16070	2	875	197	183
16071	2	337	94	34
16072	2	123	36	20
16073	2	624	155	67
16074	2	201	47	28
16075	2	252	58	42
16076	2	1522	311	301
16077	2	93	33	25
16078	2	201	63	43
16079	2	449	110	92
16080	2	99	28	11
16081	2	87	25	13
16082	2	1174	257	247
16083	2	345	86	77
16084	2	1035	217	204
16085	2	222	50	40
16086	2	1054	223	208
16087	2	116	30	17
16088	2	390	126	103
16089	2	886	247	214
16090	2	901	254	238
16091	2	336	77	55
16092	2	371	109	56
16093	2	1128	277	265
16094	2	1016	233	222
16095	2	1237	330	314
16096	2	1048	206	191
16097	2	872	191	172
16098	2	91	24	8
16099	2	54	20	7
16100	2	494	119	52
16101	2	690	187	167
16102	2	1290	347	334
16103	2	622	190	161
16104	2	151	39	20
16105	2	495	175	153
16106	2	231	62	51
16107	2	832	226	199
16108	2	717	212	193
16109	2	604	205	186
16110	2	69	33	17
16111	2	426	118	109
16112	2	104	40	22
16113	2	968	216	200
16114	2	47	26	12
16115	2	1169	362	350
16116	2	74	30	16
16117	2	1180	289	278
16118	2	474	106	83
16119	2	363	87	77
16120	2	442	164	151
16121	2	749	212	193
16122	2	74	35	18
16123	2	1141	342	315
16124	2	989	283	266
16125	2	39	19	7
16126	2	229	56	31
16127	2	219	47	32
16128	2	99	27	17
16129	2	517	122	111
16130	2	370	81	71
16131	2	79	29	10
16132	2	1268	321	309
16133	2	374	116	103
16134	2	1065	280	269
16135	2	821	203	172
16136	2	1560	344	331
16137	2	685	212	189
16138	2	108	25	8
16139	2	99	28	22
16140	2	537	152	125
16141	2	622	219	205
16142	2	1473	290	278
16143	2	1444	298	273
16144	2	166	37	12
16145	2	151	60	24
16146	2	1146	314	298
16147	2	117	35	11
16148	2	1365	292	280
16149	2	161	46	28
16150	2	611	171	138
16151	2	1057	292	263
16152	2	268	111	86
16153	2	111	31	11
16154	2	1502	410	383
16155	2	978	230	219
16156	2	194	67	45
16157	2	1081	334	310
16158	2	1307	294	281
16159	2	1154	279	266
16160	2	162	42	32
16161	2	938	247	230
16162	2	112	39	11
16163	2	1036	227	217
16164	2	255	77	43
16165	2	135	36	26
16166	2	1170	211	202
16167	2	1516	328	316
16168	2	944	262	247
16169	2	1068	216	204
16170	2	93	30	10
16171	2	306	63	51
16172	2	94	29	12
16173	2	1150	348	327
16174	2	245	72	62
16175	2	321	93	71
16176	2	546	120	105
16177	2	244	77	44
16178	2	92	38	25
16179	2	198	56	37
16180	2	180	48	23
16181	2	294	62	24
16182	2	186	48	23
16183	2	48	16	4
16184	2	1005	299	266
16185	2	1373	438	396
16186	2	265	85	72
16187	2	255	68	43
16188	2	733	167	157
16189	2	347	70	63
16190	2	943	222	199
16191	2	1095	244	214
16192	2	606	146	117
16193	2	206	76	43
16194	2	110	53	32
16195	2	1325	338	314
16196	2	115	44	30
16197	2	465	140	120
16198	2	230	95	81
16199	2	1222	273	259
16200	2	883	248	230
16201	2	726	150	135
16202	2	618	158	145
16203	2	653	128	116
16204	2	788	168	156
16205	2	471	99	89
16206	2	1547	302	288
16207	2	1380	328	307
16208	2	1503	297	288
16209	2	1012	191	181
16210	2	163	31	21
16211	2	255	99	86
16212	2	1180	263	249
16213	2	133	44	27
16214	2	1151	324	306
16215	2	897	304	291
16216	2	1406	289	278
16217	2	471	94	87
16218	2	357	102	84
16219	2	1198	237	221
16220	2	611	164	151
16221	2	1252	302	291
16222	2	854	158	148
16223	2	467	126	111
16224	2	414	88	73
16225	2	49	20	5
16226	2	1058	236	226
16227	2	167	64	43
16228	2	1297	281	271
16229	2	278	70	51
16230	2	379	118	101
16231	2	785	204	191
16232	2	444	137	123
16233	2	1156	378	360
16234	2	153	43	20
16235	2	327	93	76
16236	2	234	49	35
16237	2	1112	224	207
16238	2	1017	334	320
16239	2	1435	319	303
16240	2	637	169	140
16241	2	1363	284	261
16242	2	701	227	212
16243	2	275	76	65
16244	2	1152	269	255
16245	2	1218	308	289
16246	2	861	216	174
16247	2	501	135	110
16248	2	1328	268	230
16249	2	1344	402	349
16250	2	656	142	126
16251	2	450	90	79
16252	2	1005	228	218
16253	2	1308	269	260
16254	2	699	174	160
16255	2	833	213	202
16256	2	557	113	93
16257	2	782	159	144
16258	2	939	232	215
16259	2	867	228	176
16260	2	349	72	41
16261	2	1083	287	276
16262	2	336	102	84
16263	2	888	220	206
16264	2	93	24	11
16265	2	903	287	277
16266	2	926	298	282
16267	2	574	143	126
16268	2	1641	430	405
16269	2	422	120	107
16270	2	276	71	56
16271	2	372	98	79
16272	2	538	233	181
16273	2	1466	306	283
16274	2	193	48	32
16275	2	549	161	138
16276	2	400	127	111
16277	2	733	159	137
16278	2	292	92	75
16279	2	238	48	35
16280	2	1056	221	207
16281	2	104	51	34
16282	2	998	322	306
16283	2	814	162	149
16284	2	405	91	60
16285	2	1207	233	220
16286	2	918	176	165
16287	2	264	58	32
16288	2	1191	328	317
16289	2	606	241	217
16290	2	648	123	90
16291	2	453	154	135
16292	2	243	51	36
16293	2	1097	340	316
16294	2	745	208	184
16295	2	144	31	16
16296	2	129	36	21
16297	2	119	29	15
16298	2	1303	324	290
16299	2	209	78	58
16300	2	242	78	62
16301	2	1204	339	321
16302	2	1049	233	220
16303	2	492	113	96
16304	2	78	27	9
16305	2	531	131	120
16306	2	162	76	33
16307	2	767	151	139
16308	2	648	149	139
16309	2	1115	322	312
16310	2	110	39	26
16311	2	589	171	163
16312	2	1378	346	336
16313	2	1331	313	297
16314	2	949	260	248
16315	2	702	148	135
16316	2	1356	291	268
16317	2	246	77	57
16318	2	78	24	8
16319	2	739	195	187
16320	2	937	271	259
16321	2	1418	279	263
16322	2	416	100	86
16323	2	1413	281	269
16324	2	108	26	16
16325	2	886	193	178
16326	2	721	181	163
16327	2	310	86	70
16328	2	1234	308	292
16329	2	595	137	113
16330	2	335	102	89
16331	2	35	21	9
16332	2	150	41	16
16333	2	285	74	42
16334	2	247	86	70
16335	2	1174	355	339
16336	2	374	140	124
16337	2	1026	244	233
16338	2	1010	191	180
16339	2	83	32	23
16340	2	585	121	107
16341	2	535	162	148
16342	2	606	116	100
16343	2	231	68	34
16344	2	129	37	19
16345	2	171	40	25
16346	2	1950	667	652
16347	2	240	81	67
16348	2	97	30	12
16349	2	108	28	8
16350	2	1049	197	183
16351	2	413	123	103
16352	2	974	259	241
16353	2	1025	304	283
16354	2	658	152	132
16355	2	1014	239	227
16356	2	1317	286	275
16357	2	138	34	10
16358	2	247	76	67
16359	2	269	94	79
16360	2	75	30	20
16361	2	1020	303	285
16362	2	634	169	153
16363	2	1004	334	319
16364	2	174	73	43
16365	2	429	102	96
16366	2	1156	236	221
16367	2	1084	218	204
16368	2	663	153	142
16369	2	924	243	234
16370	2	1062	331	317
16371	2	1381	287	272
16372	2	167	87	77
16373	2	63	21	5
16374	2	409	130	119
16375	2	1010	240	226
16376	2	1262	337	319
16377	2	1029	186	177
16378	2	620	143	130
16379	2	907	234	222
16380	2	899	199	187
16381	2	590	121	107
16382	2	910	224	206
16383	2	561	148	123
16384	2	1342	262	242
16385	2	1269	263	248
16386	2	881	199	188
16387	2	1355	300	289
16388	2	488	99	93
16389	2	188	59	47
16390	2	912	211	199
16391	2	698	148	136
16392	2	627	182	170
16393	2	139	70	55
16394	2	728	219	202
16395	2	911	189	173
16396	2	630	139	120
16397	2	816	206	193
16398	2	155	35	21
16399	2	1119	191	181
16400	2	999	212	201
16401	2	447	113	100
16402	2	144	36	21
16403	2	1276	246	233
16404	2	95	33	10
16405	2	939	189	176
16406	2	428	88	73
16407	2	477	124	93
16408	2	330	65	49
16409	2	87	25	13
16410	2	1306	240	224
16411	2	195	52	30
16412	2	456	146	123
16413	2	126	41	18
16414	2	181	56	37
16415	2	1079	313	295
16416	2	93	30	13
16417	2	238	74	62
16418	2	173	64	32
16419	2	313	67	57
16420	2	611	150	129
16421	2	1303	289	271
16422	2	923	318	286
16423	2	274	71	55
16424	2	615	131	118
16425	2	785	170	158
16426	2	1125	242	232
16427	2	1259	240	230
16428	2	68	27	8
16429	2	1286	251	236
16430	2	63	24	10
16431	2	1125	194	182
16432	2	934	185	175
16433	2	672	176	150
16434	2	1370	367	353
16435	2	64	34	21
16436	2	483	115	105
16437	2	1054	257	243
16438	2	1236	255	240
16439	2	899	183	171
16440	2	284	111	96
16441	2	1137	295	278
16442	2	213	47	29
16443	2	308	102	81
16444	2	1143	338	316
16445	2	845	148	138
16446	2	1286	258	246
16447	2	1233	339	319
16448	2	748	157	139
16449	2	454	139	120
16450	2	1396	300	288
16451	2	729	179	167
16452	2	496	135	112
16453	2	1217	308	297
16454	2	1384	286	270
16455	2	1452	288	279
16456	2	1583	454	441
16457	2	1269	245	235
16458	2	503	181	161
16459	2	1350	380	357
16460	2	990	260	247
16461	2	786	276	254
16462	2	1091	263	252
16463	2	118	33	5
16464	2	471	127	114
16465	2	149	46	28
16466	2	1005	174	162
16467	2	1274	372	359
16468	2	1173	357	343
16469	2	1345	276	265
16470	2	1238	254	240
16471	2	534	220	201
16472	2	301	93	82
16473	2	78	22	10
16474	2	1241	344	330
16475	2	75	25	10
16476	2	217	94	81
16477	2	193	72	62
16478	2	537	135	123
16479	2	824	218	206
16480	2	249	71	57
16481	2	650	190	175
16482	2	153	38	23
16483	2	702	132	110
16484	2	393	104	85
16485	2	1237	243	232
16486	2	1048	247	232
16487	2	1458	303	288
16488	2	245	71	31
16489	2	823	191	173
16490	2	926	207	195
16491	2	1272	263	251
16492	2	374	100	74
16493	2	128	35	18
16494	2	172	50	20
16495	2	76	31	10
16496	2	133	37	20
16497	2	463	142	128
16498	2	393	89	70
16499	2	438	110	98
16500	2	1270	324	300
16501	2	834	226	208
16502	2	129	33	14
16503	2	287	60	49
16504	2	1142	308	287
16505	2	635	238	217
16506	2	238	88	43
16507	2	1062	270	257
16508	2	414	109	96
16509	2	402	110	97
16510	2	971	292	282
16511	2	1162	278	265
16512	2	1159	366	354
16513	2	1132	413	396
16514	2	495	84	64
16515	2	203	54	23
16516	2	687	139	127
16517	2	193	68	53
16518	2	412	94	60
16519	2	404	122	93
16520	2	93	41	28
16521	2	1191	349	333
16522	2	55	31	20
16523	2	409	103	94
16524	2	498	114	92
16525	2	139	45	24
16526	2	192	53	40
16527	2	195	64	47
16528	2	1202	232	222
16529	2	195	43	30
16530	2	1220	320	306
16531	2	1241	341	312
16532	2	1214	392	372
16533	2	129	43	28
16534	2	607	140	129
16535	2	1304	271	243
16536	2	360	82	71
16537	2	327	75	64
16538	2	895	300	289
16539	2	98	38	26
16540	2	254	52	44
16541	2	654	208	183
16542	2	1250	261	253
16543	2	488	119	97
16544	2	673	154	114
16545	2	588	178	160
16546	2	282	82	51
16547	2	150	39	16
16548	2	136	42	15
16549	2	471	106	91
16550	2	784	201	77
16551	2	656	179	126
16552	2	720	197	178
16553	2	1080	227	210
16554	2	438	168	142
16555	2	1617	422	408
16556	2	1272	272	257
16557	2	814	225	193
16558	2	321	89	69
16559	2	142	34	22
16560	2	158	78	63
16561	2	649	147	139
16562	2	821	235	219
16563	2	1323	284	262
16564	2	1040	238	228
16565	2	1388	337	323
16566	2	259	107	86
16567	2	564	131	113
16568	2	201	56	45
16569	2	1323	250	239
16570	2	318	115	100
16571	2	274	95	83
16572	2	351	86	54
16573	2	123	31	18
16574	2	672	233	222
16575	2	1028	238	227
16576	2	267	53	40
16577	2	1055	265	256
16578	2	270	67	46
16579	2	1405	281	269
16580	2	1213	330	296
16581	2	835	213	200
16582	2	450	90	78
16583	2	1319	263	253
16584	2	1151	276	260
16585	2	204	56	43
16586	2	916	205	196
16587	2	156	46	28
16588	2	1250	280	266
16589	2	982	336	323
16590	2	1154	232	221
16591	2	1017	222	208
16592	2	1300	257	249
16593	2	1559	340	323
16594	2	69	28	14
16595	2	1258	272	252
16596	2	714	185	172
16597	2	198	52	26
16598	2	78	28	8
16599	2	225	66	51
16600	2	351	87	77
16601	2	777	179	169
16602	2	549	159	115
16603	2	1243	329	315
16604	2	968	306	296
16605	2	621	148	134
16606	2	853	214	200
16607	2	566	199	187
16608	2	778	177	164
16609	2	348	87	69
16610	2	1945	756	735
16611	2	506	129	50
16612	2	1045	435	419
16613	2	339	99	88
16614	2	92	27	8
16615	2	189	64	36
16616	2	1234	267	252
16617	2	507	106	93
16618	2	87	37	21
16619	2	1295	279	263
16620	2	1183	273	261
16621	2	294	87	79
16622	2	387	118	89
16623	2	99	30	8
16624	2	168	41	19
16625	2	128	41	18
16626	2	679	211	191
16627	2	411	106	80
16628	2	1001	345	332
16629	2	714	204	183
16630	2	1226	326	311
16631	2	624	138	123
16632	2	1320	260	247
16633	2	444	106	69
16634	2	714	165	142
16635	2	1039	315	303
16636	2	425	96	76
16637	2	725	203	186
16638	2	778	234	215
16639	2	1218	221	210
16640	2	736	165	145
16641	2	584	161	149
16642	2	478	130	111
16643	2	135	40	12
16644	2	369	66	56
16645	2	1090	269	255
16646	2	968	229	213
16647	2	187	46	24
16648	2	1056	201	187
16649	2	1176	317	306
16650	2	281	92	63
16651	2	1211	304	288
16652	2	199	53	29
16653	2	216	77	56
16654	2	1295	342	329
16655	2	742	184	170
16656	2	552	155	136
16657	2	1427	309	295
16658	2	1238	228	218
16659	2	453	108	95
16660	2	898	246	227
16661	2	145	37	25
16662	2	134	41	13
16663	2	153	41	29
16664	2	114	29	17
16665	2	153	44	26
16666	2	1125	425	407
16667	2	351	101	77
16668	2	198	48	22
16669	2	280	76	38
16670	2	130	39	15
16671	2	144	39	16
16672	2	846	275	267
16673	2	234	47	33
16674	2	865	172	151
16675	2	126	31	15
16676	2	638	191	172
16677	2	1010	242	223
16678	2	835	203	188
16679	2	174	41	27
16680	2	1116	311	293
16681	2	276	64	52
16682	2	629	208	187
16683	2	1627	471	447
16684	2	38	14	4
16685	2	508	121	108
16686	2	803	164	149
16687	2	349	142	94
16688	2	608	136	125
16689	2	145	33	9
16690	2	236	90	75
16691	2	938	245	229
16692	2	398	126	92
16693	2	528	153	140
16694	2	1353	287	270
16695	2	1018	293	278
16696	2	1151	331	316
16697	2	159	43	11
16698	2	594	184	166
16699	2	166	49	38
16700	2	292	100	83
16701	2	56	24	11
16702	2	294	65	50
16703	2	1056	416	402
16704	2	609	124	107
16705	2	559	99	89
16706	2	311	103	89
16707	2	240	85	76
16708	2	140	51	20
16709	2	1293	301	288
16710	2	249	58	44
16711	2	979	199	186
16712	2	1207	235	223
16713	2	1327	313	292
16714	2	911	275	262
16715	2	987	212	195
16716	2	1192	263	247
16717	2	1299	269	258
16718	2	1292	263	249
16719	2	1079	198	188
16720	2	707	106	59
16721	2	496	210	158
16722	2	491	102	62
16723	2	204	44	33
16724	2	437	121	108
16725	2	345	67	54
16726	2	169	38	19
16727	2	818	268	259
16728	2	1214	317	301
16729	2	592	114	106
16730	2	937	220	207
16731	2	1334	260	246
16732	2	975	270	259
16733	2	1399	330	320
16734	2	1264	252	239
16735	2	843	214	189
16736	2	1085	202	187
16737	2	216	80	36
16738	2	323	129	110
16739	2	183	58	3
16740	2	203	78	67
16741	2	179	47	32
16742	2	75	24	12
16743	2	1291	415	394
16744	2	497	138	125
16745	2	923	283	269
16746	2	138	39	16
16747	2	1136	243	231
16748	2	637	190	169
16749	2	52	17	4
16750	2	540	128	118
16751	2	149	40	20
16752	2	836	195	182
16753	2	323	122	109
16754	2	318	96	83
16755	2	1239	225	214
16756	2	1399	244	234
16757	2	906	203	194
16758	2	1147	209	197
16759	2	528	122	100
16760	2	1200	240	220
16761	2	1296	318	307
16762	2	751	200	191
16763	2	122	32	11
16764	2	1012	223	212
16765	2	1437	293	279
16766	2	789	168	152
16767	2	483	110	97
16768	2	646	186	173
16769	2	143	42	25
16770	2	1530	285	266
16771	2	645	196	175
16772	2	1205	310	293
16773	2	578	182	151
16774	2	1241	256	237
16775	2	190	67	31
16776	2	504	140	108
16777	2	1330	260	241
16778	2	1044	240	223
16779	2	143	38	21
16780	2	1198	335	282
16781	2	1045	207	191
16782	2	83	29	20
16783	2	80	27	11
16784	2	298	64	51
16785	2	806	208	185
16786	2	1276	382	369
16787	2	1168	318	300
16788	2	830	169	158
16789	2	1098	310	296
16790	2	1182	294	273
16791	2	360	108	97
16792	2	1081	254	238
16793	2	729	156	141
16794	2	1470	284	271
16795	2	807	204	187
16796	2	426	82	71
16797	2	1130	234	222
16798	2	648	121	108
16799	2	1519	305	295
16800	2	788	174	165
16801	2	1034	229	219
16802	2	254	81	60
16803	2	709	229	211
16804	2	173	43	17
16805	2	647	174	152
16806	2	148	58	33
16807	2	495	142	114
16808	2	769	194	185
16809	2	1282	304	290
16810	2	118	32	18
16811	2	149	44	31
16812	2	183	51	31
16813	2	808	194	183
16814	2	275	73	46
16815	2	320	113	97
16816	2	618	171	156
16817	2	918	226	206
16818	2	1146	330	315
16819	2	851	254	202
16820	2	706	191	171
16821	2	382	99	58
16822	2	1548	262	248
16823	2	1223	304	291
16824	2	179	49	36
16825	2	94	28	6
16826	2	304	80	53
16827	2	1399	288	275
16828	2	678	263	243
16829	2	129	34	24
16830	2	359	129	115
16831	2	252	52	41
16832	2	1027	213	193
16833	2	196	45	19
16834	2	1070	233	221
16835	2	1300	363	348
16836	2	281	93	80
16837	2	1030	219	185
16838	2	219	102	52
16839	2	1054	213	202
16840	2	207	55	42
16841	2	754	221	210
16842	2	123	28	17
16843	2	441	124	109
16844	2	441	101	91
16845	2	300	73	64
16846	2	1308	303	289
16847	2	1354	356	343
16848	2	565	141	128
16849	2	812	154	143
16850	2	1224	252	240
16851	2	239	91	67
16852	2	1486	319	310
16853	2	616	148	129
16854	2	1152	209	199
16855	2	327	79	66
16856	2	192	54	13
16857	2	454	115	81
16858	2	801	224	213
16859	2	92	33	18
16860	2	168	53	21
16861	2	652	144	131
16862	2	444	111	78
16863	2	99	29	10
16864	2	392	94	79
16865	2	153	60	47
16866	2	792	192	179
16867	2	899	229	218
16868	2	144	49	24
16869	2	548	136	111
16870	2	250	117	103
16871	2	622	171	154
16872	2	169	76	58
16873	2	336	111	94
16874	2	450	108	99
16875	2	151	42	16
16876	2	1236	238	215
16877	2	1291	333	316
16878	2	186	37	26
16879	2	1246	291	275
16880	2	1416	285	273
16881	2	1062	265	251
16882	2	994	326	309
16883	2	106	36	14
16884	2	583	133	102
16885	2	1390	418	390
16886	2	1168	332	300
16887	2	218	57	4
16888	2	516	130	120
16889	2	255	79	47
16890	2	142	44	25
16891	2	104	31	17
16892	2	230	47	37
16893	2	154	44	2
16894	2	420	112	93
16895	2	248	63	39
16896	2	579	152	136
16897	2	186	73	43
16898	2	570	116	105
16899	2	85	32	11
16900	2	111	34	9
16901	2	1248	275	260
16902	2	481	126	97
16903	2	331	74	61
16904	2	451	107	76
16905	2	366	77	62
16906	2	1149	232	221
16907	2	1198	326	298
16908	2	120	41	15
16909	2	750	169	156
16910	2	248	72	46
16911	2	606	182	165
16912	2	1115	229	212
16913	2	1448	303	291
16914	2	177	44	30
16915	2	102	29	11
16916	2	129	30	18
16917	2	244	119	82
16918	2	65	31	20
16919	2	458	123	112
16920	2	484	125	115
16921	2	1372	377	369
16922	2	664	179	166
16923	2	424	141	131
16924	2	541	112	81
16925	2	101	37	21
16926	2	556	141	90
16927	2	634	210	197
16928	2	680	156	115
16929	2	99	33	17
16930	2	690	147	135
16931	2	1023	264	250
16932	2	574	196	178
16933	2	1339	274	262
16934	2	254	79	53
16935	2	769	190	176
16936	2	1223	398	381
16937	2	457	116	101
16938	2	1026	263	245
16939	2	1184	286	271
16940	2	557	103	91
16941	2	174	49	38
16942	2	365	130	116
16943	2	861	277	252
16944	2	731	206	197
16945	2	652	204	194
16946	2	1216	334	314
16947	2	416	160	142
16948	2	297	63	44
16949	2	1317	270	259
16950	2	773	169	156
16951	2	1191	282	263
16952	2	1075	216	206
16953	2	592	152	139
16954	2	216	63	45
16955	2	45	19	6
16956	2	1084	261	253
16957	2	113	41	18
16958	2	1104	284	273
16959	2	638	193	178
16960	2	25	17	9
16961	2	154	47	33
16962	2	342	100	71
16963	2	449	96	82
16964	2	1026	270	251
16965	2	1097	241	225
16966	2	135	37	25
16967	2	157	44	33
16968	2	737	152	138
16969	2	1422	282	264
16970	2	513	114	98
16971	2	293	76	64
16972	2	110	35	17
16973	2	381	78	60
16974	2	59	18	7
16975	2	327	70	49
16976	2	153	30	19
16977	2	246	78	40
16978	2	1117	322	308
16979	2	247	91	74
16980	2	898	274	228
16981	2	1253	275	263
16982	2	597	197	184
16983	2	171	58	31
16984	2	174	46	26
16985	2	317	67	55
16986	2	843	155	143
16987	2	852	263	237
16988	2	448	109	32
16989	2	225	70	51
16990	2	977	192	174
16991	2	650	196	172
16992	2	265	80	32
16993	2	701	192	176
16994	2	210	60	28
16995	2	341	108	95
16996	2	911	314	300
16997	2	840	207	187
16998	2	877	184	165
16999	2	429	141	124
17000	2	501	123	101
17001	2	1170	274	258
17002	2	1604	408	396
17003	2	1151	296	272
17004	2	1028	226	212
17005	2	219	67	46
17006	2	1217	257	247
17007	2	1342	249	235
17008	2	510	138	124
17009	2	1244	262	254
17010	2	1082	241	228
17011	2	1166	223	213
17012	2	1157	297	285
17013	2	247	91	81
17014	2	276	68	54
17015	2	101	34	19
17016	2	95	24	12
17017	2	527	130	116
17018	2	890	183	171
17019	2	1049	222	211
17020	2	1129	260	245
17021	2	1253	211	200
17022	2	265	87	65
17023	2	1038	234	212
17024	2	321	93	82
17025	2	696	141	128
17026	2	1057	210	199
17027	2	791	171	156
17028	2	974	249	236
17029	2	550	186	160
17030	2	1099	271	255
17031	2	677	167	153
17032	2	1380	327	309
17033	2	1050	279	241
17034	2	1070	228	210
17035	2	1395	325	299
17036	2	88	28	9
17037	2	378	83	75
17038	2	1345	254	246
17039	2	833	285	274
17040	2	773	173	160
17041	2	643	182	170
17042	2	322	78	63
17043	2	1378	303	293
17044	2	234	77	57
17045	2	809	169	162
17046	2	464	186	167
17047	2	453	103	89
17048	2	327	98	76
17049	2	536	128	113
17050	2	1720	354	342
17051	2	123	41	23
17052	2	777	151	139
17053	2	155	40	28
17054	2	326	64	49
17055	2	1383	373	354
17056	2	272	78	65
17057	2	165	43	27
17058	2	1287	256	241
17059	2	894	219	195
17060	2	917	212	198
17061	2	1258	239	225
17062	2	746	151	140
17063	2	524	149	124
17064	2	532	169	142
17065	2	310	173	161
17066	2	837	174	159
17067	2	768	208	189
17068	2	258	107	92
17069	2	720	222	194
17070	2	379	99	72
17071	2	1088	229	212
17072	2	108	31	21
17073	2	143	49	33
17074	2	797	153	141
17075	2	317	72	58
17076	2	936	310	294
17077	2	764	272	253
17078	2	1300	301	281
17079	2	1254	294	282
17080	2	126	42	17
17081	2	1147	286	269
17082	2	525	104	80
17083	2	171	40	28
17084	2	326	61	33
17085	2	159	41	17
17086	2	1032	215	197
17087	2	123	27	17
17088	2	117	30	16
17089	2	394	100	86
17090	2	1031	231	215
17091	2	1091	208	194
17092	2	870	220	211
17093	2	918	173	159
17094	2	892	187	174
17095	2	1267	305	294
17096	2	1050	259	239
17097	2	338	100	83
17098	2	478	122	85
17099	2	440	153	133
17100	2	216	84	67
17101	2	228	61	48
17102	2	115	47	28
17103	2	123	29	19
17104	2	1095	305	279
17105	2	229	69	44
17106	2	288	54	43
17107	2	417	108	87
17108	2	643	126	95
17109	2	1247	303	293
17110	2	507	144	127
17111	2	537	160	138
17112	2	579	121	103
17113	2	192	44	31
17114	2	1289	290	273
17115	2	147	69	56
17116	2	1218	283	270
17117	2	238	52	39
17118	2	234	53	45
17119	2	342	89	70
17120	2	802	157	146
17121	2	478	125	109
17122	2	546	142	127
17123	2	111	33	25
17124	2	492	132	113
17125	2	57	19	4
17126	2	123	41	27
17127	2	300	68	52
17128	2	396	126	99
17129	2	1390	345	323
17130	2	243	60	37
17131	2	136	30	20
17132	2	1144	271	259
17133	2	337	96	78
17134	2	147	31	23
17135	2	674	146	136
17136	2	1226	362	351
17137	2	1229	263	249
17138	2	219	71	47
17139	2	147	43	24
17140	2	97	30	17
17141	2	67	26	10
17142	2	180	38	25
17143	2	637	146	136
17144	2	939	287	266
17145	2	1247	318	303
17146	2	287	70	52
17147	2	1325	269	261
17148	2	821	208	180
17149	2	631	173	151
17150	2	853	346	319
17151	2	1324	294	282
17152	2	213	44	31
17153	2	756	192	178
17154	2	267	60	46
17155	2	1300	288	271
17156	2	207	71	52
17157	2	169	49	21
17158	2	1380	299	259
17159	2	549	129	124
17160	2	1383	264	217
17161	2	1321	255	231
17162	2	239	76	39
17163	2	510	116	103
17164	2	1136	296	280
17165	2	100	32	13
17166	2	187	67	49
17167	2	154	56	41
17168	2	91	32	16
17169	2	786	141	132
17170	2	1126	289	275
17171	2	1215	370	342
17172	2	1203	292	276
17173	2	945	291	275
17174	2	1280	366	352
17175	2	934	242	231
17176	2	169	64	54
17177	2	1024	277	258
17178	2	1403	315	290
17179	2	83	26	12
17180	2	987	223	207
17181	2	1205	339	312
17182	2	1014	310	266
17183	2	93	33	21
17184	2	410	104	45
17185	2	932	280	265
17186	2	1353	301	282
17187	2	360	119	97
17188	2	785	180	170
17189	2	897	195	174
17190	2	1350	297	278
17191	2	1193	261	249
17192	2	1046	212	200
17193	2	1068	268	247
17194	2	1348	282	272
17195	2	1184	277	262
17196	2	564	116	103
17197	2	393	106	69
17198	2	165	72	56
17199	2	385	159	128
17200	2	553	143	131
17201	2	64	24	4
17202	2	275	109	92
17203	2	155	33	14
17204	2	147	41	13
17205	2	406	145	121
17206	2	154	42	30
17207	2	126	36	15
17208	2	54	16	4
17209	2	711	156	142
17210	2	1425	293	278
17211	2	207	42	32
17212	2	1541	309	297
17213	2	689	191	178
17214	2	1088	213	200
17215	2	630	154	140
17216	2	501	92	78
17217	2	1165	210	200
17218	2	331	75	55
17219	2	1094	297	281
17220	2	1086	243	231
17221	2	402	129	110
17222	2	845	212	197
17223	2	800	236	228
17224	2	1301	219	208
17225	2	121	41	29
17226	2	1115	330	321
17227	2	625	182	168
17228	2	240	70	60
17229	2	721	248	234
17230	2	408	131	119
17231	2	315	68	58
17232	2	834	185	175
17233	2	992	204	189
17234	2	704	170	152
17235	2	1271	303	287
17236	2	1043	277	269
17237	2	1306	408	382
17238	2	378	90	76
17239	2	552	161	146
17240	2	717	222	207
17241	2	448	99	90
17242	2	1168	314	304
17243	2	89	39	24
17244	2	191	73	60
17245	2	1313	269	254
17246	2	1109	337	275
17247	2	1112	401	246
17248	2	1030	319	243
17249	2	1198	349	337
17250	2	192	73	53
17251	2	262	68	39
17252	2	196	54	29
17253	2	1184	331	305
17254	2	288	94	83
17255	2	656	150	137
17256	2	200	76	55
17257	2	1002	275	252
17258	2	1110	257	246
17259	2	157	49	35
17260	2	246	84	71
17261	2	402	148	133
17262	2	54	22	11
17263	2	898	239	223
17264	2	351	100	88
17265	2	1301	286	275
17266	2	848	216	203
17267	2	1300	382	361
17268	2	510	125	114
17269	2	79	26	14
17270	2	659	158	146
17271	2	147	48	32
17272	2	1015	297	283
17273	2	1441	316	300
17274	2	842	198	185
17275	2	1150	342	326
17276	2	1115	280	268
17277	2	1231	332	319
17278	2	1002	184	170
17279	2	701	197	183
17280	2	1156	184	169
17281	2	1166	371	357
17282	2	1249	277	261
17283	2	359	119	101
17284	2	1184	335	321
17285	2	1518	304	289
17286	2	1235	261	249
17287	2	399	89	78
17288	2	1004	252	238
17289	2	924	270	257
17290	2	1264	249	239
17291	2	1121	337	327
17292	2	523	185	171
17293	2	192	51	35
17294	2	877	235	217
17295	2	758	187	177
17296	2	200	64	49
17297	2	1277	289	273
17298	2	1033	307	293
17299	2	1225	272	262
17300	2	1271	341	313
17301	2	541	159	145
17302	2	886	249	232
17303	2	921	207	195
17304	2	1223	268	257
17305	2	790	241	224
17306	2	1222	280	265
17307	2	681	189	175
17308	2	235	57	39
17309	2	180	47	13
17310	2	276	78	49
17311	2	900	292	271
17312	2	277	111	88
17313	2	159	39	25
17314	2	209	61	36
17315	2	536	160	146
17316	2	221	60	45
17317	2	932	296	282
17318	2	1296	305	287
17319	2	388	91	62
17320	2	813	296	277
17321	2	701	166	150
17322	2	1192	278	263
17323	2	312	67	53
17324	2	1012	226	212
17325	2	443	108	97
17326	2	1137	274	263
17327	2	548	102	79
17328	2	1394	339	319
17329	2	1223	244	230
17330	2	1222	273	263
17331	2	279	57	45
17332	2	522	109	99
17333	2	202	51	28
17334	2	46	18	5
17335	2	776	266	251
17336	2	311	73	54
17337	2	197	65	20
17338	2	407	113	100
17339	2	543	113	96
17340	2	369	93	84
17341	2	599	140	126
17342	2	330	96	84
17343	2	237	47	38
17344	2	215	57	35
17345	2	291	71	50
17346	2	99	37	14
17347	2	1230	325	284
17348	2	869	222	194
17349	2	384	81	69
17350	2	234	64	48
17351	2	883	190	180
17352	2	654	130	121
17353	2	1500	294	282
17354	2	767	158	142
17355	2	369	108	94
17356	2	561	165	151
17357	2	543	103	95
17358	2	293	76	51
17359	2	249	55	17
17360	2	1022	273	258
17361	2	315	75	65
17362	2	189	32	24
17363	2	110	43	28
17364	2	334	134	103
17365	2	785	215	195
17366	2	1117	358	335
17367	2	173	54	39
17368	2	1001	314	298
17369	2	469	145	117
17370	2	234	58	42
17371	2	342	122	104
17372	2	553	202	191
17373	2	651	142	131
17374	2	368	82	65
17375	2	1240	253	244
17376	2	1112	228	218
17377	2	612	143	120
17378	2	1468	340	298
17379	2	624	125	113
17380	2	134	33	22
17381	2	1333	278	269
17382	2	1152	356	339
17383	2	504	181	162
17384	2	66	21	10
17385	2	482	117	102
17386	2	837	177	167
17387	2	170	46	32
17388	2	123	34	16
17389	2	157	40	17
17390	2	471	105	88
17391	2	1408	276	259
17392	2	100	33	16
17393	2	345	103	92
17394	2	384	72	58
17395	2	222	66	51
17396	2	552	111	90
17397	2	1165	315	301
17398	2	69	21	8
17399	2	1132	316	304
17400	2	69	24	13
17401	2	166	39	16
17402	2	1013	250	236
17403	2	1068	230	216
17404	2	1135	357	341
17405	2	920	246	240
17406	2	1152	232	219
17407	2	966	240	232
17408	2	608	166	153
17409	2	106	28	15
17410	2	1085	233	215
17411	2	504	136	108
17412	2	1204	244	231
17413	2	748	246	231
17414	2	592	173	163
17415	2	1153	389	376
17416	2	349	124	103
17417	2	1162	427	413
17418	2	1265	350	331
17419	2	466	142	129
17420	2	1076	258	250
17421	2	432	126	109
17422	2	230	74	61
17423	2	214	53	34
17424	2	372	101	85
17425	2	509	122	112
17426	2	531	139	121
17427	2	99	31	20
17428	2	149	36	19
17429	2	471	130	122
17430	2	116	48	19
17431	2	1138	253	244
17432	2	927	182	169
17433	2	99	33	12
17434	2	134	48	26
17435	2	207	62	47
17436	2	767	174	146
17437	2	93	23	9
17438	2	860	212	196
17439	2	1273	216	204
17440	2	761	210	195
17441	2	1196	286	274
17442	2	1156	262	253
17443	2	920	216	206
17444	2	678	146	137
17445	2	924	184	173
17446	2	137	44	34
17447	2	725	168	155
17448	2	461	115	103
17449	2	198	57	43
17450	2	87	24	15
17451	2	93	27	11
17452	2	108	29	9
17453	2	77	21	12
17454	2	995	252	242
17455	2	287	88	72
17456	2	903	240	229
17457	2	596	114	99
17458	2	359	123	108
17459	2	849	236	225
17460	2	336	105	90
17461	2	148	35	19
17462	2	778	167	152
17463	2	459	86	74
17464	2	1013	362	346
17465	2	161	44	24
17466	2	1088	343	330
17467	2	1137	301	286
17468	2	749	213	194
17469	2	84	33	23
17470	2	715	183	167
17471	2	1438	306	293
17472	2	1022	206	194
17473	2	285	60	46
17474	2	108	31	23
17475	2	987	277	266
17476	2	190	57	15
17477	2	879	178	159
17478	2	132	35	10
17479	2	162	42	22
17480	2	580	199	154
17481	2	31	21	13
17482	2	897	241	230
17483	2	751	230	209
17484	2	1537	374	360
17485	2	327	86	66
17486	2	570	149	125
17487	2	221	67	51
17488	2	126	30	6
17489	2	247	55	33
17490	2	211	56	37
17491	2	57	16	7
17492	2	136	43	18
17493	2	171	76	63
17494	2	1465	270	254
17495	2	551	110	52
17496	2	782	159	149
17497	2	79	39	18
17498	2	136	39	18
17499	2	1163	285	271
17500	2	705	147	132
17501	2	857	235	223
17502	2	851	194	178
17503	2	551	169	135
17504	2	408	72	62
17505	2	1400	296	283
17506	2	923	227	213
17507	2	200	84	68
17508	2	233	59	41
17509	2	809	197	179
17510	2	90	33	19
17511	2	139	40	16
17512	2	988	248	215
17513	2	107	40	19
17514	2	109	31	9
17515	2	279	100	80
17516	2	753	279	266
17517	2	91	58	42
17518	2	394	94	80
17519	2	363	97	85
17520	2	569	181	163
17521	2	345	95	44
17522	2	606	121	96
17523	2	1347	348	317
17524	2	1076	239	229
17525	2	838	176	152
17526	2	276	52	42
17527	2	823	279	267
17528	2	344	84	64
17529	2	361	76	63
17530	2	1280	254	239
17531	2	495	100	40
17532	2	1476	323	309
17533	2	1103	279	263
17534	2	480	140	127
17535	2	1033	327	314
17536	2	932	202	186
17537	2	631	189	172
17538	2	1135	285	271
17539	2	1046	206	195
17540	2	93	31	3
17541	2	93	36	16
17542	2	1031	228	213
17543	2	1285	375	360
17544	2	138	49	30
17545	2	1378	263	247
17546	2	204	63	50
17547	2	716	197	183
17548	2	591	184	167
17549	2	111	31	13
17550	2	135	33	12
17551	2	305	92	71
17552	2	158	41	19
17553	2	198	77	54
17554	2	672	141	119
17555	2	204	44	28
17556	2	1058	221	202
17557	2	84	22	10
17558	2	453	103	71
17559	2	117	34	20
17560	2	833	261	243
17561	2	1102	242	231
17562	2	690	202	173
17563	2	219	48	37
17564	2	100	51	29
17565	2	940	252	238
17566	2	1294	286	266
17567	2	1025	237	225
17568	2	1137	260	246
17569	2	344	96	40
17570	2	673	164	148
17571	2	373	95	70
17572	2	562	142	109
17573	2	1185	229	216
17574	2	174	39	28
17575	2	227	55	39
17576	2	803	236	224
17577	2	81	25	8
17578	2	132	30	19
17579	2	111	34	24
17580	2	811	180	163
17581	2	712	242	187
17582	2	109	29	10
17583	2	361	102	47
17584	2	159	54	38
17585	2	183	50	31
17586	2	409	115	70
17587	2	22	14	4
17588	2	231	65	51
17589	2	1176	304	284
17590	2	309	80	72
17591	2	171	37	27
17592	2	777	186	172
17593	2	1195	235	222
17594	2	155	53	36
17595	2	522	169	158
17596	2	1233	309	293
17597	2	606	161	148
17598	2	761	266	253
17599	2	192	50	9
17600	2	686	146	136
17601	2	652	180	164
17602	2	1196	270	258
17603	2	902	211	202
17604	2	853	180	169
17605	2	456	111	95
17606	2	1020	183	170
17607	2	290	83	73
17608	2	1199	307	293
17609	2	102	34	23
17610	2	286	85	65
17611	2	1219	352	339
17612	2	151	45	23
17613	2	296	90	66
17614	2	1409	307	292
17615	2	166	45	18
17616	2	1291	326	314
17617	2	499	169	154
17618	2	795	253	236
17619	2	1322	321	304
17620	2	1429	424	409
17621	2	138	37	23
17622	2	324	75	58
17623	2	1309	333	320
17624	2	559	117	100
17625	2	1185	368	350
17626	2	1395	272	259
17627	2	652	122	111
17628	2	201	54	40
17629	2	1044	238	222
17630	2	908	217	196
17631	2	827	193	167
17632	2	1342	297	283
17633	2	914	186	170
17634	2	706	164	153
17635	2	183	50	37
17636	2	97	36	15
17637	2	1176	284	265
17638	2	1136	246	234
17639	2	835	205	191
17640	2	134	46	16
17641	2	79	32	19
17642	2	251	66	50
17643	2	478	116	97
17644	2	508	121	88
17645	2	1023	233	220
17646	2	129	36	20
17647	2	209	82	57
17648	2	992	218	210
17649	2	997	230	222
17650	2	341	99	82
17651	2	102	29	15
17652	2	267	57	50
17653	2	1272	246	227
17654	2	1213	282	269
17655	2	1046	226	212
17656	2	1088	295	278
17657	2	297	65	51
17658	2	1165	259	246
17659	2	699	184	167
17660	2	116	56	44
17661	2	1057	266	255
17662	2	1371	296	284
17663	2	264	49	38
17664	2	1295	262	253
17665	2	786	257	243
17666	2	385	80	55
17667	2	548	111	98
17668	2	502	134	118
17669	2	1047	233	214
17670	2	1334	266	252
17671	2	1050	212	193
17672	2	1307	355	343
17673	2	822	306	275
17674	2	41	21	6
17675	2	108	34	8
17676	2	1022	245	232
17677	2	299	107	86
17678	2	101	39	22
17679	2	1238	242	230
17680	2	1254	305	291
17681	2	121	46	27
17682	2	965	237	226
17683	2	40	20	11
17684	2	230	69	48
17685	2	138	37	13
17686	2	516	186	169
17687	2	682	211	190
17688	2	260	67	50
17689	2	2230	756	740
17690	2	93	35	22
17691	2	929	219	206
17692	2	558	136	99
17693	2	335	98	87
17694	2	348	94	73
17695	2	103	41	27
17696	2	970	230	217
17697	2	828	240	225
17698	2	66	22	8
17699	2	78	44	31
17700	2	552	126	104
17701	2	745	221	207
17702	2	1280	262	251
17703	2	1332	347	324
17704	2	179	56	29
17705	2	148	57	23
17706	2	1078	328	315
17707	2	89	35	15
17708	2	1133	317	301
17709	2	430	123	101
17710	2	751	232	218
17711	2	245	60	47
17712	2	1329	384	367
17713	2	764	261	250
17714	2	881	213	151
17715	2	1082	274	258
17716	2	944	220	203
17717	2	1420	284	268
17718	2	875	180	166
17719	2	1175	319	300
17720	2	882	181	172
17721	2	210	58	41
17722	2	918	194	181
17723	2	909	231	216
17724	2	515	155	132
17725	2	613	123	110
17726	2	532	154	129
17727	2	722	170	156
17728	2	260	50	39
17729	2	1366	252	237
17730	2	920	201	189
17731	2	231	51	36
17732	2	524	150	134
17733	2	291	56	51
17734	2	1043	275	263
17735	2	165	39	30
17736	2	983	231	216
17737	2	1190	245	228
17738	2	1203	289	271
17739	2	362	129	118
17740	2	174	44	29
17741	2	93	38	31
17742	2	1281	271	259
17743	2	214	61	49
17744	2	806	245	232
17745	2	2406	949	933
17746	2	1335	340	327
17747	2	376	102	80
17748	2	107	36	12
17749	2	97	36	18
17750	2	187	43	28
17751	2	1310	282	269
17752	2	1247	261	246
17753	2	529	156	135
17754	2	422	174	165
17755	2	237	83	76
17756	2	421	114	72
17757	2	108	33	20
17758	2	151	36	20
17759	2	294	75	64
17760	2	164	60	42
17761	2	1278	270	260
17762	2	1108	234	225
17763	2	1273	295	283
17764	2	114	38	18
17765	2	747	187	165
17766	2	294	116	84
17767	2	1432	310	298
17768	2	183	59	49
17769	2	587	169	158
17770	2	594	186	149
17771	2	80	29	15
17772	2	1375	327	316
17773	2	601	155	141
17774	2	1072	315	301
17775	2	1278	284	270
17776	2	232	73	51
17777	2	143	42	13
17778	2	163	44	17
17779	2	395	112	92
17780	2	105	34	10
17781	2	316	108	97
17782	2	778	173	161
17783	2	987	216	201
17784	2	248	98	81
17785	2	613	167	150
17786	2	1091	305	265
17787	2	1410	298	286
17788	2	1242	272	256
17789	2	143	41	30
17790	2	155	59	37
17791	2	868	290	278
17792	2	237	87	64
17793	2	141	35	26
17794	2	638	168	144
17795	2	60	23	10
17796	2	1018	293	277
17797	2	431	118	106
17798	2	408	134	117
17799	2	359	104	91
17800	2	90	25	6
17801	2	169	38	26
17802	2	874	248	234
17803	2	168	37	26
17804	2	785	186	176
17805	2	99	50	33
17806	2	1135	287	273
17807	2	152	54	32
17808	2	1355	265	252
17809	2	445	91	58
17810	2	1354	319	292
17811	2	65	23	7
17812	2	417	113	97
17813	2	1130	316	305
17814	2	120	33	19
17815	2	113	63	41
17816	2	1109	236	224
17817	2	457	209	198
17818	2	343	102	26
17819	2	195	62	50
17820	2	564	140	127
17821	2	84	41	27
17822	2	995	214	205
17823	2	284	83	39
17824	2	547	146	97
17825	2	366	104	66
17826	2	292	81	40
17827	2	1447	292	279
17828	2	127	41	29
17829	2	842	209	167
17830	2	1178	257	244
17831	2	1108	263	251
17832	2	1306	278	265
17833	2	278	97	79
17834	2	1314	313	292
17835	2	207	46	28
17836	2	172	35	17
17837	2	455	141	119
17838	2	684	217	202
17839	2	825	161	147
17840	2	891	215	204
17841	2	1223	337	326
17842	2	1040	303	292
17843	2	902	247	234
17844	2	337	79	63
17845	2	1016	243	235
17846	2	1247	267	255
17847	2	1359	259	248
17848	2	895	185	173
17849	2	1025	224	196
17850	2	1181	312	290
17851	2	938	197	185
17852	2	461	125	105
17853	2	983	188	178
17854	2	501	106	64
17855	2	585	115	98
17856	2	109	49	33
17857	2	49	28	9
17858	2	664	159	144
17859	2	106	49	28
17860	2	111	27	9
17861	2	476	120	106
17862	2	939	197	186
17863	2	754	167	151
17864	2	834	200	182
17865	2	680	173	161
17866	2	1174	304	288
17867	2	307	83	75
17868	2	1293	321	310
17869	2	863	232	217
17870	2	150	49	24
17871	2	495	140	124
17872	2	930	240	226
17873	2	1413	294	284
17874	2	931	204	190
17875	2	1232	277	266
17876	2	1008	234	206
17877	2	362	81	66
17878	2	476	122	105
17879	2	1149	339	324
17880	2	361	71	61
17881	2	1126	330	319
17882	2	74	34	23
17883	2	180	52	41
17884	2	1186	246	232
17885	2	980	285	274
17886	2	65	27	7
17887	2	1193	225	215
17888	2	721	187	159
17889	2	1111	335	323
17890	2	154	47	30
17891	2	1275	269	252
17892	2	422	95	79
17893	2	1096	243	230
17894	2	1454	322	307
17895	2	1069	210	199
17896	2	788	238	224
17897	2	1153	312	298
17898	2	1169	307	294
17899	2	992	227	214
17900	2	1136	242	230
17901	2	1166	338	323
17902	2	199	84	64
17903	2	636	126	107
17904	2	206	72	57
17905	2	144	34	11
17906	2	424	101	54
17907	2	776	168	130
17908	2	1054	236	222
17909	2	925	290	274
17910	2	99	38	15
17911	2	595	178	158
17912	2	433	100	86
17913	2	696	177	168
17914	2	980	195	185
17915	2	1132	338	314
17916	2	1402	326	305
17917	2	412	106	93
17918	2	510	121	110
17919	2	669	151	139
17920	2	1129	279	267
17921	2	289	80	64
17922	2	1200	284	275
17923	2	1069	316	303
17924	2	960	241	220
17925	2	1198	354	336
17926	2	962	232	215
17927	2	627	171	154
17928	2	538	173	149
17929	2	88	34	19
17930	2	158	37	26
17931	2	197	52	38
17932	2	358	131	100
17933	2	245	57	44
17934	2	117	29	11
17935	2	722	163	127
17936	2	808	172	147
17937	2	90	38	16
17938	2	534	119	90
17939	2	75	30	17
17940	2	957	191	179
17941	2	72	20	10
17942	2	1233	340	321
17943	2	243	65	52
17944	2	151	51	33
17945	2	300	100	82
17946	2	207	58	44
17947	2	155	43	29
17948	2	396	86	71
17949	2	132	31	20
17950	2	339	109	91
17951	2	174	40	28
17952	2	695	153	135
17953	2	152	40	19
17954	2	106	41	16
17955	2	168	44	19
17956	2	393	81	67
17957	2	82	31	22
17958	2	826	232	212
17959	2	595	162	106
17960	2	332	74	28
17961	2	165	48	33
17962	2	615	176	152
17963	2	707	160	136
17964	2	758	204	176
17965	2	370	77	57
17966	2	1004	293	234
17967	2	477	97	81
17968	2	139	40	13
17969	2	445	149	132
17970	2	453	124	92
17971	2	670	172	140
17972	2	1305	290	275
17973	2	541	149	126
17974	2	126	35	9
17975	2	1041	314	291
17976	2	498	108	86
17977	2	124	40	13
17978	2	443	127	113
17979	2	336	91	75
17980	2	165	49	4
17981	2	934	252	241
17982	2	1121	323	306
17983	2	298	80	67
17984	2	646	179	164
17985	2	522	225	197
17986	2	347	106	96
17987	2	757	211	186
17988	2	493	108	83
17989	2	1186	376	354
17990	2	1146	309	292
17991	2	165	48	34
17992	2	94	29	8
17993	2	183	43	32
17994	2	147	35	29
17995	2	267	89	54
17996	2	106	42	24
17997	2	63	24	8
17998	2	294	63	54
17999	2	282	67	52
18000	2	100	31	19
18001	2	336	153	134
18002	2	822	163	152
18003	2	959	275	259
18004	2	1206	260	251
18005	2	195	57	45
18006	2	270	68	51
18007	2	1209	308	289
18008	2	679	163	153
18009	2	114	46	29
18010	2	808	188	134
18011	2	87	35	17
18012	2	241	58	17
18013	2	326	126	115
18014	2	970	228	212
18015	2	696	256	241
18016	2	1068	242	226
18017	2	697	234	208
18018	2	111	34	14
18019	2	1289	378	363
18020	2	415	107	95
18021	2	174	59	48
18022	2	273	71	52
18023	2	1228	268	250
18024	2	463	109	89
18025	2	1071	202	187
18026	2	1235	250	238
18027	2	151	44	18
18028	2	221	48	10
18029	2	54	17	7
18030	2	182	65	38
18031	2	242	69	46
18032	2	197	61	39
18033	2	81	26	15
18034	2	163	44	14
18035	2	93	30	6
18036	2	80	28	6
18037	2	893	284	271
18038	2	81	27	8
18039	2	76	23	8
18040	2	228	64	40
18041	2	1195	247	237
18042	2	510	111	93
18043	2	1436	312	298
18044	2	959	180	169
18045	2	1033	247	231
18046	2	803	188	173
18047	2	661	186	173
18048	2	1257	270	257
18049	2	582	118	100
18050	2	270	57	42
18051	2	115	29	2
18052	2	1193	342	314
18053	2	445	94	68
18054	2	1141	316	301
18055	2	351	117	99
18056	2	1216	288	276
18057	2	92	31	11
18058	2	1259	291	282
18059	2	615	155	135
18060	2	276	80	54
18061	2	209	51	20
18062	2	807	177	167
18063	2	485	159	144
18064	2	282	108	38
18065	2	504	128	122
18066	2	706	212	199
18067	2	360	89	75
18068	2	1219	320	300
18069	2	105	37	13
18070	2	675	146	125
18071	2	61	29	17
18072	2	936	192	183
18073	2	699	182	168
18074	2	729	250	226
18075	2	630	222	184
18076	2	99	31	16
18077	2	1272	265	255
18078	2	554	196	185
18079	2	978	273	261
18080	2	1011	233	217
18081	2	1397	291	263
18082	2	295	92	58
18083	2	1458	309	287
18084	2	1273	359	346
18085	2	971	164	152
18086	2	789	196	184
18087	2	692	164	151
18088	2	1155	339	312
18089	2	282	67	50
18090	2	412	138	105
18091	2	977	260	243
18092	2	1076	249	239
18093	2	453	94	74
18094	2	1407	281	262
18095	2	1112	312	289
18096	2	966	248	233
18097	2	1482	319	309
18098	2	1410	265	245
18099	2	457	112	80
18100	2	126	40	20
18101	2	109	33	10
18102	2	93	45	26
18103	2	1026	231	216
18104	2	132	37	22
18105	2	265	54	39
18106	2	543	111	85
18107	2	220	73	54
18108	2	166	61	35
18109	2	134	42	22
18110	2	123	42	4
18111	2	63	19	4
18112	2	554	180	165
18113	2	264	57	46
18114	2	584	157	144
18115	2	969	229	214
18116	2	564	163	143
18117	2	654	123	116
18118	2	1151	282	271
18119	2	575	160	146
18120	2	198	60	49
18121	2	104	31	19
18122	2	86	25	15
18123	2	1550	323	293
18124	2	1282	329	301
18125	2	792	156	131
18126	2	586	197	185
18127	2	178	38	22
18128	2	1463	300	283
18129	2	1099	272	257
18130	2	955	195	182
18131	2	704	172	150
18132	2	133	48	21
18133	2	219	79	42
18134	2	1484	350	334
18135	2	1565	305	282
18136	2	172	45	20
18137	2	851	224	200
18138	2	472	106	93
18139	2	321	71	52
18140	2	659	209	184
18141	2	1425	270	261
18142	2	1166	235	224
18143	2	1096	242	228
18144	2	1264	249	239
18145	2	1415	277	263
18146	2	1250	279	268
18147	2	911	201	190
18148	2	916	176	163
18149	2	1314	381	351
18150	2	1171	244	227
18151	2	579	119	110
18152	2	634	141	126
18153	2	474	110	98
18154	2	1361	279	249
18155	2	1507	316	278
18156	2	627	159	115
18157	2	330	105	94
18158	2	102	28	10
18159	2	998	199	186
18160	2	960	184	174
18161	2	1173	348	325
18162	2	1378	255	245
18163	2	1081	341	313
18164	2	950	269	255
18165	2	646	180	163
18166	2	560	129	94
18167	2	996	215	204
18168	2	1176	389	364
18169	2	856	205	182
18170	2	402	155	124
18171	2	59	24	13
18172	2	139	39	21
18173	2	585	168	155
18174	2	75	17	9
18175	2	168	39	23
18176	2	603	108	96
18177	2	111	32	20
18178	2	1086	282	268
18179	2	164	46	22
18180	2	1326	282	265
18181	2	737	240	217
18182	2	1476	353	330
18183	2	315	63	37
18184	2	513	140	119
18185	2	824	174	159
18186	2	1484	324	308
18187	2	423	90	73
18188	2	941	192	173
18189	2	244	71	48
18190	2	220	51	31
18191	2	1043	211	191
18192	2	494	109	94
18193	2	164	59	45
18194	2	520	115	104
18195	2	414	88	77
18196	2	454	162	150
18197	2	860	218	208
18198	2	284	91	73
18199	2	941	305	290
18200	2	1051	362	342
18201	2	959	231	221
18202	2	197	45	36
18203	2	263	91	75
18204	2	355	103	83
18205	2	503	99	83
18206	2	432	111	94
18207	2	961	253	237
18208	2	1375	302	287
18209	2	781	317	305
18210	2	127	40	16
18211	2	1156	220	208
18212	2	165	42	34
18213	2	102	30	15
18214	2	96	28	19
18215	2	300	100	84
18216	2	213	41	4
18217	2	1457	459	446
18218	2	168	36	21
18219	2	565	117	105
18220	2	1156	226	207
18221	2	1381	307	294
18222	2	309	84	70
18223	2	1362	292	283
18224	2	1464	297	287
18225	2	1270	325	312
18226	2	331	107	77
18227	2	510	104	96
18228	2	1042	250	232
18229	2	1383	298	278
18230	2	147	30	19
18231	2	777	183	170
18232	2	1413	273	260
18233	2	717	195	177
18234	2	624	144	130
18235	2	1157	219	205
18236	2	752	271	258
18237	2	1100	216	205
18238	2	1099	216	204
18239	2	1322	277	262
18240	2	1237	249	238
18241	2	207	45	36
18242	2	879	204	190
18243	2	716	154	144
18244	2	1269	262	249
18245	2	1028	239	208
18246	2	965	253	242
18247	2	1144	315	297
18248	2	1437	334	316
18249	2	486	120	106
18250	2	792	162	152
18251	2	962	306	285
18252	2	1236	360	346
18253	2	532	168	149
18254	2	531	123	112
18255	2	118	34	8
18256	2	384	71	54
18257	2	133	47	10
18258	2	1010	206	194
18259	2	150	62	49
18260	2	1326	265	256
18261	2	267	96	64
18262	2	228	46	36
18263	2	286	60	36
18264	2	887	230	216
18265	2	290	70	51
18266	2	294	89	74
18267	2	166	46	20
18268	2	299	89	54
18269	2	186	45	38
18270	2	84	25	11
18271	2	156	42	29
18272	2	1091	245	236
18273	2	1117	247	235
18274	2	1140	248	233
18275	2	1352	286	276
18276	2	1364	284	274
18277	2	120	27	19
18278	2	1223	356	312
18279	2	1311	226	215
18280	2	373	112	98
18281	2	348	70	64
18282	2	500	137	122
18283	2	1390	303	290
18284	2	1346	367	356
18285	2	585	157	136
18286	2	300	69	54
18287	2	786	265	252
18288	2	912	250	238
18289	2	1326	293	282
18290	2	192	43	31
18291	2	1000	254	239
18292	2	227	71	52
18293	2	1194	316	302
18294	2	959	460	447
18295	2	135	51	29
18296	2	537	124	82
18297	2	1049	187	176
18298	2	99	23	16
18299	2	175	43	13
18300	2	243	95	77
18301	2	123	38	13
18302	2	534	110	100
18303	2	1178	329	311
18304	2	1359	253	235
18305	2	1082	336	318
18306	2	90	22	7
18307	2	773	179	168
18308	2	85	32	12
18309	2	83	26	8
18310	2	1478	297	276
18311	2	180	41	28
18312	2	126	30	18
18313	2	109	27	7
18314	2	889	175	163
18315	2	1331	299	285
18316	2	1162	299	280
18317	2	1274	430	413
18318	2	990	260	242
18319	2	1334	236	228
18320	2	80	38	22
18321	2	1143	286	270
18322	2	431	97	91
18323	2	743	174	155
18324	2	1317	296	285
18325	2	1245	251	243
18326	2	1067	317	303
18327	2	1082	227	213
18328	2	81	29	6
18329	2	1029	230	222
18330	2	163	54	23
18331	2	998	260	244
18332	2	627	184	153
18333	2	1343	268	254
18334	2	260	57	23
18335	2	1293	364	350
18336	2	218	64	48
18337	2	449	172	112
18338	2	1108	347	330
18339	2	853	245	235
18340	2	798	187	170
18341	2	1187	240	226
18342	2	1228	282	256
18343	2	1147	221	207
18344	2	1081	221	212
18345	2	1296	360	332
18346	2	98	25	9
18347	2	300	69	53
18348	2	1378	349	334
18349	2	381	97	84
18350	2	137	34	11
18351	2	1479	314	302
18352	2	662	154	130
18353	2	899	184	175
18354	2	762	235	195
18355	2	1138	268	249
18356	2	759	140	125
18357	2	606	126	114
18358	2	434	145	128
18359	2	568	168	155
18360	2	698	153	136
18361	2	1281	261	247
18362	2	753	148	132
18363	2	949	203	186
18364	2	421	94	67
18365	2	222	58	46
18366	2	471	95	71
18367	2	1113	320	310
18368	2	103	45	34
18369	2	1018	233	221
18370	2	1155	323	315
18371	2	1270	281	272
18372	2	336	100	85
18373	2	1067	245	233
18374	2	959	211	202
18375	2	411	132	98
18376	2	1255	274	262
18377	2	317	69	51
18378	2	998	370	351
18379	2	337	78	57
18380	2	864	233	196
18381	2	1267	335	316
18382	2	515	145	130
18383	2	489	113	104
18384	2	1085	217	204
18385	2	1149	258	243
18386	2	1424	456	437
18387	2	142	46	28
18388	2	351	92	71
18389	2	153	55	39
18390	2	558	161	146
18391	2	1474	292	270
18392	2	498	124	112
18393	2	344	125	55
18394	2	1224	248	237
18395	2	1245	233	224
18396	2	1123	283	263
18397	2	1417	309	300
18398	2	1107	254	245
18399	2	254	82	69
18400	2	74	26	12
18401	2	736	187	177
18402	2	405	117	102
18403	2	1210	237	230
18404	2	345	82	69
18405	2	770	182	148
18406	2	866	226	215
18407	2	180	47	27
18408	2	195	57	25
18409	2	1063	230	220
18410	2	140	65	15
18411	2	191	67	48
18412	2	234	84	71
18413	2	404	86	72
18414	2	294	119	84
18415	2	464	112	97
18416	2	537	115	101
18417	2	130	28	3
18418	2	636	258	242
18419	2	325	65	49
18420	2	1450	406	386
18421	2	129	34	26
18422	2	112	31	8
18423	2	600	156	140
18424	2	1196	418	397
18425	2	1136	261	248
18426	2	1304	352	332
18427	2	108	32	22
18428	2	229	83	60
18429	2	789	172	155
18430	2	499	132	117
18431	2	628	176	162
18432	2	239	47	38
18433	2	333	69	55
18434	2	1098	244	232
18435	2	98	41	30
18436	2	190	62	43
18437	2	528	108	95
18438	2	999	211	196
18439	2	959	321	308
18440	2	557	154	127
18441	2	377	120	103
18442	2	802	189	175
18443	2	243	64	31
18444	2	147	49	29
18445	2	490	113	100
18446	2	108	34	13
18447	2	1386	308	296
18448	2	1405	307	293
18449	2	1171	292	271
18450	2	1233	334	318
18451	2	248	54	40
18452	2	899	280	261
18453	2	354	92	80
18454	2	66	22	12
18455	2	1063	469	444
18456	2	610	167	142
18457	2	1220	244	229
18458	2	967	213	197
18459	2	203	76	62
18460	2	123	37	21
18461	2	208	77	49
18462	2	1213	277	264
18463	2	890	358	342
18464	2	110	36	19
18465	2	977	198	183
18466	2	946	214	204
18467	2	1462	474	461
18468	2	797	209	195
18469	2	168	35	21
18470	2	1053	206	197
18471	2	289	111	101
18472	2	565	115	99
18473	2	1312	274	257
18474	2	902	181	166
18475	2	375	101	91
18476	2	304	139	124
18477	2	525	109	92
18478	2	117	31	11
18479	2	79	23	9
18480	2	1154	261	252
18481	2	1092	228	214
18482	2	922	248	234
18483	2	522	158	140
18484	2	1139	277	265
18485	2	347	112	99
18486	2	1244	375	365
18487	2	707	184	170
18488	2	1118	273	259
18489	2	975	277	263
18490	2	123	40	31
18491	2	320	80	64
18492	2	1076	244	231
18493	2	1234	440	417
18494	2	1141	217	202
18495	2	1139	252	238
18496	2	815	162	152
18497	2	183	42	31
18498	2	688	231	211
18499	2	200	52	38
18500	2	684	184	155
18501	2	866	193	179
18502	2	125	39	19
18503	2	1073	264	250
18504	2	161	45	23
18505	2	1130	290	269
18506	2	219	45	32
18507	2	138	39	30
18508	2	753	215	191
18509	2	199	48	11
18510	2	158	49	26
18511	2	525	130	107
18512	2	386	86	71
18513	2	872	259	242
18514	2	970	244	228
18515	2	1210	323	314
18516	2	280	70	54
18517	2	904	288	274
18518	2	217	61	25
18519	2	1220	480	452
18520	2	389	133	92
18521	2	341	76	59
18522	2	513	99	90
18523	2	1444	278	262
18524	2	1497	411	399
18525	2	1026	248	236
18526	2	1420	334	325
18527	2	934	250	204
18528	2	375	124	110
18529	2	148	70	56
18530	2	504	109	103
18531	2	97	25	5
18532	2	177	47	40
18533	2	596	197	182
18534	2	177	33	22
18535	2	252	72	50
18536	2	910	274	263
18537	2	972	226	205
18538	2	183	64	46
18539	2	124	30	9
18540	2	1328	306	294
18541	2	828	264	250
18542	2	782	183	175
18543	2	1075	327	313
18544	2	371	125	109
18545	2	949	286	275
18546	2	381	108	96
18547	2	1140	269	255
18548	2	1193	339	314
18549	2	1026	244	225
18550	2	364	106	86
18551	2	851	353	338
18552	2	186	47	25
18553	2	297	54	43
18554	2	1134	345	329
18555	2	1483	353	340
18556	2	267	56	49
18557	2	886	200	185
18558	2	1130	330	316
18559	2	1259	455	428
18560	2	1104	291	248
18561	2	574	206	192
18562	2	1584	433	416
18563	2	1139	287	271
18564	2	914	256	243
18565	2	572	130	114
18566	2	186	77	43
18567	2	862	245	222
18568	2	189	42	26
18569	2	764	329	316
18570	2	106	32	11
18571	2	159	47	32
18572	2	91	39	19
18573	2	106	32	22
18574	2	134	43	30
18575	2	910	289	267
18576	2	396	103	91
18577	2	924	293	280
18578	2	970	221	203
18579	2	1355	244	234
18580	2	1458	333	316
18581	2	684	138	127
18582	2	153	55	7
18583	2	581	195	174
18584	2	604	151	134
18585	2	131	58	19
18586	2	210	117	106
18587	2	241	80	60
18588	2	428	143	128
18589	2	123	31	10
18590	2	190	47	10
18591	2	275	105	88
18592	2	1040	237	222
18593	2	159	39	24
18594	2	207	51	33
18595	2	109	30	8
18596	2	1358	438	427
18597	2	1120	333	316
18598	2	1262	289	276
18599	2	87	23	9
18600	2	177	59	35
18601	2	359	124	84
18602	2	880	231	204
18603	2	243	68	36
18604	2	201	67	33
18605	2	638	197	160
18606	2	801	277	262
18607	2	168	60	45
18608	2	135	41	18
18609	2	243	46	37
18610	2	277	67	49
18611	2	340	129	85
18612	2	1072	322	306
18613	2	393	87	38
18614	2	169	65	47
18615	2	596	123	114
18616	2	1462	350	333
18617	2	88	25	7
18618	2	1153	396	381
18619	2	664	131	120
18620	2	958	289	261
18621	2	163	45	29
18622	2	81	24	11
18623	2	390	96	80
18624	2	129	58	42
18625	2	57	19	9
18626	2	1278	288	276
18627	2	324	91	65
18628	2	183	48	27
18629	2	446	148	135
18630	2	1104	324	309
18631	2	93	39	27
18632	2	1150	325	312
18633	2	1089	315	298
18634	2	456	127	108
18635	2	704	144	138
18636	2	861	156	147
18637	2	517	189	171
18638	2	713	175	165
18639	2	1009	224	210
18640	2	644	158	144
18641	2	1185	414	402
18642	2	117	30	23
18643	2	1215	264	252
18644	2	1164	335	322
18645	2	1133	281	272
18646	2	91	42	22
18647	2	556	153	140
18648	2	798	195	184
18649	2	204	92	76
18650	2	844	219	209
18651	2	909	216	204
18652	2	1362	297	286
18653	2	426	142	129
18654	2	918	212	196
18655	2	1332	283	262
18656	2	583	144	132
18657	2	959	201	189
18658	2	1090	283	269
18659	2	1241	320	304
18660	2	1199	325	308
18661	2	222	69	52
18662	2	95	34	19
18663	2	483	114	98
18664	2	308	89	71
18665	2	93	26	15
18666	2	96	26	15
18667	2	223	63	43
18668	2	741	147	133
18669	2	204	46	23
18670	2	759	142	128
18671	2	477	103	91
18672	2	1399	282	268
18673	2	573	154	136
18674	2	472	121	102
18675	2	472	114	73
18676	2	991	254	232
18677	2	184	49	25
18678	2	1075	351	329
18679	2	316	65	43
18680	2	195	41	25
18681	2	690	186	167
18682	2	115	50	35
18683	2	687	204	189
18684	2	132	55	40
18685	2	1276	304	291
18686	2	98	38	13
18687	2	1149	245	231
18688	2	500	121	108
18689	2	333	107	63
18690	2	821	161	147
18691	2	1063	285	273
18692	2	853	231	222
18693	2	1151	359	339
18694	2	215	45	31
18695	2	164	65	52
18696	2	942	296	279
18697	2	975	247	234
18698	2	761	192	181
18699	2	160	36	14
18700	2	210	48	33
18701	2	491	110	94
18702	2	210	75	64
18703	2	802	178	168
18704	2	176	51	39
18705	2	812	180	161
18706	2	474	144	126
18707	2	1069	308	288
18708	2	698	187	178
18709	2	665	217	201
18710	2	793	178	169
18711	2	177	34	22
18712	2	413	124	99
18713	2	656	175	161
18714	2	98	31	14
18715	2	639	187	171
18716	2	68	28	15
18717	2	52	24	12
18718	2	786	217	208
18719	2	715	159	144
18720	2	149	45	32
18721	2	388	94	71
18722	2	1030	304	290
18723	2	110	36	18
18724	2	1195	303	292
18725	2	993	319	297
18726	2	69	36	14
18727	2	1150	333	317
18728	2	1266	343	331
18729	2	203	56	26
18730	2	211	45	26
18731	2	110	35	20
18732	2	841	193	172
18733	2	435	88	68
18734	2	1125	302	287
18735	2	441	192	168
18736	2	1465	318	306
18737	2	1341	312	299
18738	2	194	39	25
18739	2	516	163	145
18740	2	1424	258	247
18741	2	1235	302	286
18742	2	544	127	115
18743	2	904	169	158
18744	2	1277	345	325
18745	2	739	220	205
18746	2	1280	361	338
18747	2	302	64	51
18748	2	300	87	54
18749	2	1295	323	313
18750	2	402	105	80
18751	2	272	83	57
18752	2	1448	501	483
18753	2	1020	233	222
18754	2	126	43	26
18755	2	145	53	42
18756	2	1084	329	316
18757	2	338	77	62
18758	2	1165	236	225
18759	2	231	50	30
18760	2	795	144	133
18761	2	44	23	12
18762	2	1071	193	174
18763	2	420	143	129
18764	2	221	63	51
18765	2	720	145	135
18766	2	147	35	21
18767	2	114	27	10
18768	2	210	59	39
18769	2	1181	316	294
18770	2	339	92	75
18771	2	114	35	20
18772	2	145	46	16
18773	2	610	136	54
18774	2	129	38	23
18775	2	612	166	132
18776	2	596	153	140
18777	2	549	155	136
18778	2	466	151	125
18779	2	551	116	108
18780	2	404	96	77
18781	2	512	125	113
18782	2	1370	327	306
18783	2	1418	319	307
18784	2	1103	247	207
18785	2	1359	384	367
18786	2	1061	252	242
18787	2	939	202	188
18788	2	1192	250	238
18789	2	1092	229	212
18790	2	1174	350	334
18791	2	302	113	67
18792	2	1173	335	311
18793	2	1227	293	283
18794	2	959	250	233
18795	2	1342	367	353
18796	2	363	71	60
18797	2	935	237	219
18798	2	479	125	108
18799	2	1240	261	251
18800	2	1346	279	265
18801	2	1025	326	294
18802	2	997	290	265
18803	2	127	37	14
18804	2	728	199	180
18805	2	604	157	138
18806	2	102	40	14
18807	2	673	252	210
18808	2	805	212	184
18809	2	199	42	10
18810	2	186	68	53
18811	2	840	251	229
18812	2	150	45	20
18813	2	714	149	134
18814	2	94	31	16
18815	2	669	214	200
18816	2	1134	309	296
18817	2	207	57	40
18818	2	1326	243	232
18819	2	805	215	201
18820	2	604	148	132
18821	2	206	88	71
18822	2	118	28	8
18823	2	533	139	124
18824	2	318	152	124
18825	2	340	95	84
18826	2	464	105	91
18827	2	261	92	50
18828	2	336	98	87
18829	2	117	55	35
18830	2	567	136	72
18831	2	446	107	90
18832	2	438	97	88
18833	2	682	189	177
18834	2	871	179	168
18835	2	697	217	199
18836	2	96	32	20
18837	2	526	115	104
18838	2	831	212	202
18839	2	74	21	4
18840	2	764	204	194
18841	2	548	122	110
18842	2	1329	252	241
18843	2	1025	275	264
18844	2	301	64	55
18845	2	248	63	51
18846	2	325	81	69
18847	2	334	61	46
18848	2	1230	255	231
18849	2	1269	255	242
18850	2	256	55	33
18851	2	1746	461	433
18852	2	138	45	27
18853	2	1408	277	261
18854	2	292	63	48
18855	2	1253	240	230
18856	2	501	130	120
18857	2	208	73	58
18858	2	1321	328	310
18859	2	778	211	180
18860	2	869	216	168
18861	2	1050	237	221
18862	2	234	60	47
18863	2	129	36	12
18864	2	908	227	212
18865	2	258	88	77
18866	2	129	55	39
18867	2	60	24	13
18868	2	172	47	27
18869	2	486	127	115
18870	2	115	31	17
18871	2	236	55	25
18872	2	901	244	221
18873	2	778	256	240
18874	2	225	64	41
18875	2	51	15	5
18876	2	354	134	61
18877	2	122	31	12
18878	2	562	160	139
18879	2	1182	284	266
18880	2	1331	350	336
18881	2	1429	328	317
18882	2	1168	362	347
18883	2	1259	251	236
18884	2	1181	226	213
18885	2	823	140	130
18886	2	924	222	201
18887	2	1221	217	201
18888	2	1411	280	269
18889	2	111	29	20
18890	2	249	55	43
18891	2	396	103	85
18892	2	387	91	83
18893	2	510	156	144
18894	2	1075	311	297
18895	2	450	134	122
18896	2	919	330	315
18897	2	961	211	202
18898	2	487	123	109
18899	2	1150	305	288
18900	2	641	163	154
18901	2	100	29	15
18902	2	409	135	118
18903	2	1231	224	213
18904	2	150	37	26
18905	2	98	35	24
18906	2	1428	272	265
18907	2	1440	338	322
18908	2	1204	299	276
18909	2	1303	367	346
18910	2	799	176	161
18911	2	497	137	114
18912	2	1279	291	259
18913	2	1182	252	236
18914	2	712	125	105
18915	2	1406	434	415
18916	2	127	40	25
18917	2	244	95	76
18918	2	940	199	188
18919	2	96	28	16
18920	2	646	133	117
18921	2	1317	317	302
18922	2	1168	264	251
18923	2	98	40	25
18924	2	78	30	14
18925	2	1519	280	265
18926	2	878	197	184
18927	2	1189	262	252
18928	2	272	76	40
18929	2	1348	277	263
18930	2	1179	250	240
18931	2	222	61	44
18932	2	443	123	113
18933	2	587	126	112
18934	2	213	62	31
18935	2	679	132	106
18936	2	601	141	128
18937	2	851	194	179
18938	2	814	185	175
18939	2	626	196	175
18940	2	183	50	41
18941	2	322	115	96
18942	2	150	38	20
18943	2	324	112	88
18944	2	164	48	29
18945	2	669	151	142
18946	2	277	90	72
18947	2	84	39	22
18948	2	733	183	170
18949	2	444	107	97
18950	2	571	113	84
18951	2	1058	350	339
18952	2	1037	245	220
18953	2	102	31	6
18954	2	57	20	8
18955	2	1325	258	248
18956	2	335	87	74
18957	2	1271	267	253
18958	2	349	116	102
18959	2	1258	295	281
18960	2	1014	405	388
18961	2	416	104	92
18962	2	1205	234	223
18963	2	707	199	86
18964	2	690	200	182
18965	2	594	164	151
18966	2	1089	311	292
18967	2	1077	196	184
18968	2	958	171	161
18969	2	881	177	167
18970	2	147	47	30
18971	2	208	81	64
18972	2	133	41	18
18973	2	84	28	10
18974	2	341	102	85
18975	2	361	88	75
18976	2	362	128	110
18977	2	553	184	174
18978	2	174	55	42
18979	2	354	91	81
18980	2	537	115	102
18981	2	510	120	90
18982	2	946	239	216
18983	2	168	52	21
18984	2	1026	270	253
18985	2	549	112	94
18986	2	109	28	8
18987	2	192	42	24
18988	2	578	174	145
18989	2	1315	266	250
18990	2	1245	296	276
18991	2	304	98	78
18992	2	1304	245	231
18993	2	1414	310	297
18994	2	431	140	107
18995	2	164	56	40
18996	2	1085	219	212
18997	2	1331	287	276
18998	2	842	175	166
18999	2	737	131	108
19000	2	513	187	162
19001	2	288	69	58
19002	2	138	33	5
19003	2	216	42	20
19004	2	542	154	71
19005	2	234	63	51
19006	2	116	33	10
19007	2	207	58	38
19008	2	1235	327	312
19009	2	222	49	23
19010	2	137	53	31
19011	2	480	98	63
19012	2	119	34	14
19013	2	1163	233	222
19014	2	566	118	106
19015	2	180	43	18
19016	2	1191	334	305
19017	2	96	40	28
19018	2	1237	260	248
19019	2	364	309	294
19020	2	291	62	48
19021	2	660	154	142
19022	2	1031	264	252
19023	2	516	165	152
19024	2	1066	246	233
19025	2	851	177	160
19026	2	1378	251	239
19027	2	1167	245	218
19028	2	1087	216	194
19029	2	699	129	110
19030	2	150	32	20
19031	2	1492	284	264
19032	2	305	71	55
19033	2	363	71	62
19034	2	1170	238	221
19035	2	860	173	148
19036	2	1141	294	279
19037	2	159	80	66
19038	2	118	48	34
19039	2	749	168	152
19040	2	260	80	48
19041	2	842	296	279
19042	2	1298	263	248
19043	2	372	92	84
19044	2	168	57	20
19045	2	706	163	152
19046	2	816	184	171
19047	2	111	44	33
19048	2	273	96	78
19049	2	123	41	26
19050	2	809	200	187
19051	2	487	161	133
19052	2	393	80	67
19053	2	1078	230	219
19054	2	639	166	152
19055	2	446	180	168
19056	2	71	30	14
19057	2	95	40	23
19058	2	782	160	142
19059	2	1082	231	199
19060	2	1154	402	385
19061	2	369	96	81
19062	2	197	63	48
19063	2	270	106	82
19064	2	39	17	6
19065	2	137	41	24
19066	2	1066	283	270
19067	2	1510	314	281
19068	2	377	88	45
19069	2	1047	233	222
19070	2	987	223	198
19071	2	171	59	31
19072	2	409	73	54
19073	2	475	138	126
19074	2	1194	330	313
19075	2	1138	248	224
19076	2	1281	267	254
19077	2	312	67	52
19078	2	1406	288	275
19079	2	228	152	139
19080	2	1394	339	322
19081	2	713	159	150
19082	2	648	198	167
19083	2	203	86	32
19084	2	882	232	191
19085	2	545	157	123
19086	2	251	52	43
19087	2	1017	245	235
19088	2	1382	279	265
19089	2	491	197	186
19090	2	1124	266	253
19091	2	1034	209	195
19092	2	423	96	78
19093	2	832	245	231
19094	2	1159	228	207
19095	2	947	197	182
19096	2	1169	273	264
19097	2	1137	239	220
19098	2	1004	180	169
19099	2	1028	194	184
19100	2	1344	295	285
19101	2	201	49	38
19102	2	153	46	28
19103	2	84	27	17
19104	2	1354	311	298
19105	2	917	176	157
19106	2	997	265	255
19107	2	130	53	36
19108	2	165	46	19
19109	2	225	54	40
19110	2	225	66	49
19111	2	99	28	8
19112	2	166	57	44
19113	2	728	169	154
19114	2	138	39	20
19115	2	772	179	167
19116	2	277	91	40
19117	2	1130	312	300
19118	2	833	240	215
19119	2	60	23	12
19120	2	1244	486	471
19121	2	364	93	78
19122	2	177	57	47
19123	2	89	26	10
19124	2	498	155	141
19125	2	1120	318	307
19126	2	608	138	110
19127	2	119	51	31
19128	2	1326	345	318
19129	2	132	35	25
19130	2	862	288	279
19131	2	1162	310	299
19132	2	331	110	98
19133	2	1024	234	223
19134	2	1020	227	218
19135	2	303	95	79
19136	2	137	40	30
19137	2	1247	284	267
19138	2	1316	268	252
19139	2	1328	300	288
19140	2	1060	294	274
19141	2	852	193	178
19142	2	768	219	176
19143	2	952	225	211
19144	2	655	145	129
19145	2	120	36	8
19146	2	1155	239	223
19147	2	456	169	152
19148	2	951	266	240
19149	2	651	174	160
19150	2	922	185	174
19151	2	567	175	163
19152	2	1028	241	231
19153	2	1266	273	258
19154	2	78	21	10
19155	2	1266	265	256
19156	2	1378	276	261
19157	2	1282	332	307
19158	2	520	150	133
19159	2	1318	303	291
19160	2	497	137	124
19161	2	1110	211	200
19162	2	793	290	273
19163	2	232	78	61
19164	2	1308	296	280
19165	2	1068	226	211
19166	2	1142	229	219
19167	2	963	216	199
19168	2	87	24	14
19169	2	252	49	34
19170	2	661	133	115
19171	2	794	229	163
19172	2	1207	380	369
19173	2	1313	288	274
19174	2	185	56	45
19175	2	135	31	14
19176	2	1081	230	219
19177	2	822	230	219
19178	2	184	58	41
19179	2	153	38	20
19180	2	534	157	131
19181	2	461	91	79
19182	2	181	48	32
19183	2	164	65	52
19184	2	283	81	66
19185	2	1064	267	246
19186	2	299	71	26
19187	2	543	158	129
19188	2	197	48	18
19189	2	1206	208	195
19190	2	113	31	15
19191	2	730	205	182
19192	2	1508	310	291
19193	2	310	83	64
19194	2	447	191	176
19195	2	414	111	95
19196	2	1222	348	321
19197	2	1303	323	299
19198	2	1459	307	291
19199	2	1232	259	247
19200	2	540	99	87
19201	2	166	51	23
19202	2	929	203	189
19203	2	857	166	154
19204	2	738	202	156
19205	2	1431	315	284
19206	2	263	85	65
19207	2	111	31	15
19208	2	333	94	79
19209	2	197	73	51
19210	2	459	96	87
19211	2	150	41	8
19212	2	392	104	77
19213	2	174	58	35
19214	2	984	181	161
19215	2	1373	281	260
19216	2	1365	289	275
19217	2	1055	199	182
19218	2	1318	295	278
19219	2	120	30	15
19220	2	1220	316	280
19221	2	376	108	96
19222	2	566	194	178
19223	2	414	149	130
19224	2	1008	190	179
19225	2	1186	334	317
19226	2	1406	325	310
19227	2	896	253	241
19228	2	999	248	236
19229	2	269	90	77
19230	2	68	29	10
19231	2	309	64	54
19232	2	923	218	206
19233	2	1369	264	246
19234	2	757	160	147
19235	2	1092	220	208
19236	2	384	124	102
19237	2	892	251	238
19238	2	679	173	160
19239	2	733	195	173
19240	2	169	56	45
19241	2	434	151	118
19242	2	905	232	218
19243	2	740	196	177
19244	2	1018	235	222
19245	2	857	180	164
19246	2	658	150	139
19247	2	101	34	15
19248	2	1070	286	273
19249	2	1163	266	251
19250	2	1125	258	247
19251	2	276	67	54
19252	2	767	188	170
19253	2	864	204	193
19254	2	786	175	158
19255	2	110	31	16
19256	2	646	158	140
19257	2	937	188	171
19258	2	160	45	28
19259	2	1225	268	253
19260	2	76	30	13
19261	2	1125	377	355
19262	2	482	134	118
19263	2	1239	275	256
19264	2	1518	315	301
19265	2	993	292	277
19266	2	1348	298	269
19267	2	1053	199	187
19268	2	833	167	152
19269	2	1562	334	321
19270	2	1039	296	276
19271	2	695	200	186
19272	2	1326	267	253
19273	2	1414	321	307
19274	2	278	77	56
19275	2	981	265	245
19276	2	44	22	8
19277	2	791	223	208
19278	2	593	221	197
19279	2	419	88	54
19280	2	150	50	30
19281	2	653	111	101
19282	2	938	222	208
19283	2	441	113	104
19284	2	1410	432	406
19285	2	562	149	137
19286	2	571	171	161
19287	2	424	154	126
19288	2	1124	352	335
19289	2	443	154	139
19290	2	329	107	83
19291	2	1122	285	270
19292	2	74	24	11
19293	2	686	186	97
19294	2	725	198	183
19295	2	102	37	15
19296	2	438	113	100
19297	2	49	28	14
19298	2	78	24	13
19299	2	116	33	20
19300	2	816	221	206
19301	2	405	92	82
19302	2	764	174	164
19303	2	626	131	120
19304	2	339	114	99
19305	2	241	48	37
19306	2	342	78	59
19307	2	713	159	146
19308	2	108	35	15
19309	2	651	160	147
19310	2	167	51	22
19311	2	109	41	25
19312	2	138	48	17
19313	2	977	203	191
19314	2	577	121	105
19315	2	1137	300	270
19316	2	1034	220	208
19317	2	1277	284	266
19318	2	198	82	67
19319	2	933	183	170
19320	2	306	81	70
19321	2	76	28	12
19322	2	394	98	76
19323	2	607	192	176
19324	2	191	68	36
19325	2	492	116	102
19326	2	339	76	63
19327	2	510	113	102
19328	2	79	31	19
19329	2	79	28	15
19330	2	247	83	58
19331	2	272	68	47
19332	2	370	91	54
19333	2	1015	255	244
19334	2	308	98	84
19335	2	1147	330	318
19336	2	444	121	107
19337	2	883	207	194
19338	2	427	108	95
19339	2	1213	286	231
19340	2	71	29	9
19341	2	468	102	86
19342	2	767	168	158
19343	2	525	118	95
19344	2	1496	311	291
19345	2	827	220	183
19346	2	1190	390	375
19347	2	683	234	198
19348	2	291	73	51
19349	2	206	84	70
19350	2	163	66	45
19351	2	129	34	22
19352	2	696	226	209
19353	2	994	276	264
19354	2	153	60	43
19355	2	683	220	200
19356	2	117	32	22
19357	2	790	288	274
19358	2	358	88	79
19359	2	918	278	267
19360	2	936	199	171
19361	2	1172	252	235
19362	2	973	282	252
19363	2	64	27	7
19364	2	278	110	85
19365	2	447	150	139
19366	2	710	154	142
19367	2	555	168	153
19368	2	807	248	229
19369	2	1309	284	274
19370	2	889	189	172
19371	2	441	81	72
19372	2	420	93	76
19373	2	450	95	51
19374	2	572	128	115
19375	2	158	82	70
19376	2	117	29	18
19377	2	1279	275	260
19378	2	132	34	21
19379	2	1194	288	267
19380	2	245	76	61
19381	2	863	155	139
19382	2	877	213	199
19383	2	591	154	144
19384	2	1128	212	198
19385	2	420	101	86
19386	2	221	72	54
19387	2	1474	295	270
19388	2	1039	264	252
19389	2	1016	222	205
19390	2	1247	408	348
19391	2	91	32	20
19392	2	1289	275	261
19393	2	428	135	112
19394	2	258	96	80
19395	2	603	166	151
19396	2	499	140	126
19397	2	216	63	25
19398	2	860	149	137
19399	2	105	30	16
19400	2	164	52	37
19401	2	1097	357	344
19402	2	246	56	42
19403	2	1005	206	195
19404	2	262	60	49
19405	2	929	256	247
19406	2	739	209	200
19407	2	268	84	73
19408	2	123	44	30
19409	2	625	187	151
19410	2	355	92	62
19411	2	290	73	62
19412	2	303	69	57
19413	2	59	23	8
19414	2	689	170	157
19415	2	156	53	36
19416	2	800	200	191
19417	2	77	21	7
19418	2	136	51	34
19419	2	213	63	47
19420	2	104	27	12
19421	2	368	96	80
19422	2	743	209	182
19423	2	123	36	19
19424	2	250	54	37
19425	2	151	58	43
19426	2	715	247	230
19427	2	396	91	76
19428	2	403	131	118
19429	2	258	62	53
19430	2	197	63	46
19431	2	281	58	25
19432	2	304	63	53
19433	2	117	27	15
19434	2	323	68	59
19435	2	865	205	183
19436	2	198	45	30
19437	2	722	171	158
19438	2	219	64	52
19439	2	80	31	18
19440	2	598	213	198
19441	2	581	191	91
19442	2	849	226	207
19443	2	260	96	82
19444	2	1088	313	295
19445	2	1312	346	322
19446	2	901	231	215
19447	2	165	52	38
19448	2	1104	308	294
19449	2	339	102	73
19450	2	177	48	38
19451	2	1252	261	246
19452	2	663	166	152
19453	2	138	37	21
19454	2	1374	287	250
19455	2	994	210	198
19456	2	921	328	317
19457	2	1585	341	327
19458	2	1033	233	223
19459	2	1284	308	296
19460	2	131	39	13
19461	2	1194	252	240
19462	2	1145	326	314
19463	2	929	215	197
19464	2	450	125	104
19465	2	63	21	8
19466	2	268	68	37
19467	2	71	31	11
19468	2	201	43	35
19469	2	169	47	16
19470	2	44	24	11
19471	2	112	34	13
19472	2	131	51	36
19473	2	487	142	128
19474	2	746	221	208
19475	2	582	187	170
19476	2	1016	295	283
19477	2	184	49	8
19478	2	683	213	192
19479	2	555	150	140
19480	2	531	132	81
19481	2	231	52	37
19482	2	922	290	273
19483	2	363	76	65
19484	2	82	28	8
19485	2	441	88	79
19486	2	409	87	73
19487	2	757	250	233
19488	2	911	206	191
19489	2	964	241	228
19490	2	258	56	43
19491	2	270	112	91
19492	2	784	222	198
19493	2	1202	220	208
19494	2	216	48	35
19495	2	102	30	9
19496	2	1121	224	212
19497	2	1098	269	255
19498	2	1160	259	245
19499	2	127	51	27
19500	2	456	154	139
19501	2	986	347	333
19502	2	482	141	106
19503	2	471	122	93
19504	2	396	137	121
19505	2	423	118	101
19506	2	223	63	48
19507	2	865	185	169
19508	2	838	182	168
19509	2	837	217	200
19510	2	392	90	67
19511	2	924	216	193
19512	2	628	134	120
19513	2	556	152	130
19514	2	603	115	97
19515	2	223	90	74
19516	2	1234	218	203
19517	2	470	145	138
19518	2	141	39	25
19519	2	96	28	19
19520	2	140	39	27
19521	2	78	24	3
19522	2	980	222	209
19523	2	103	36	13
19524	2	355	104	84
19525	2	546	133	108
19526	2	105	25	15
19527	2	98	32	10
19528	2	252	64	40
19529	2	1027	226	212
19530	2	402	174	156
19531	2	597	169	140
19532	2	191	76	60
19533	2	904	301	278
19534	2	180	91	77
19535	2	944	309	291
19536	2	1136	292	277
19537	2	1160	319	303
19538	2	659	151	139
19539	2	1116	306	288
19540	2	507	136	119
19541	2	1268	317	306
19542	2	522	159	79
19543	2	134	51	34
19544	2	278	75	60
19545	2	330	76	57
19546	2	270	88	75
19547	2	783	154	126
19548	2	681	162	145
19549	2	253	65	44
19550	2	119	41	22
19551	2	1231	243	232
19552	2	1185	266	247
19553	2	1196	338	310
19554	2	1370	281	243
19555	2	180	42	26
19556	2	1101	258	238
19557	2	542	102	91
19558	2	1102	367	350
19559	2	1221	273	254
19560	2	1023	198	181
19561	2	1042	235	221
19562	2	1117	329	306
19563	2	1280	376	364
19564	2	180	52	37
19565	2	1099	319	302
19566	2	799	173	162
19567	2	1351	360	343
19568	2	112	28	8
19569	2	930	205	187
19570	2	387	98	92
19571	2	1233	314	290
19572	2	595	169	158
19573	2	124	43	21
19574	2	654	144	132
19575	2	903	190	177
19576	2	444	115	102
19577	2	832	186	170
19578	2	518	112	96
19579	2	374	86	60
19580	2	288	59	41
19581	2	86	31	16
19582	2	300	95	78
19583	2	429	265	260
19584	2	94	33	20
19585	2	534	192	169
19586	2	1130	332	309
19587	2	160	45	18
19588	2	497	129	116
19589	2	1058	313	301
19590	2	141	39	16
19591	2	711	153	138
19592	2	998	224	212
19593	2	134	33	10
19594	2	408	85	71
19595	2	1076	265	247
19596	2	285	55	47
19597	2	1281	303	292
19598	2	916	234	220
19599	2	204	50	37
19600	2	546	118	105
19601	2	322	86	67
19602	2	292	118	102
19603	2	133	42	21
19604	2	691	183	170
19605	2	833	172	160
19606	2	133	36	25
19607	2	120	36	18
19608	2	582	136	109
19609	2	1163	316	300
19610	2	393	158	132
19611	2	183	47	24
19612	2	814	181	165
19613	2	222	82	69
19614	2	740	188	173
19615	2	1065	431	411
19616	2	586	159	139
19617	2	1321	349	338
19618	2	990	212	204
19619	2	1352	303	287
19620	2	823	161	151
19621	2	1342	253	244
19622	2	946	241	223
19623	2	1216	329	312
19624	2	849	154	142
19625	2	835	175	159
19626	2	1371	308	292
19627	2	959	216	198
19628	2	830	218	202
19629	2	756	407	397
19630	2	280	72	54
19631	2	730	179	165
19632	2	1067	259	240
19633	2	341	131	116
19634	2	174	36	22
19635	2	74	28	13
19636	2	129	41	3
19637	2	189	47	20
19638	2	225	79	47
19639	2	261	78	43
19640	2	812	248	230
19641	2	1048	230	216
19642	2	791	253	239
19643	2	78	38	16
19644	2	624	169	157
19645	2	222	61	13
19646	2	120	36	12
19647	2	875	201	185
19648	2	1353	283	258
19649	2	1168	315	304
19650	2	121	39	21
19651	2	100	43	14
19652	2	502	96	79
19653	2	434	144	114
19654	2	199	67	23
19655	2	89	44	16
19656	2	658	181	162
19657	2	103	52	40
19658	2	1103	308	298
19659	2	872	458	445
19660	2	80	25	6
19661	2	471	120	103
19662	2	140	37	19
19663	2	1051	246	231
19664	2	1218	321	308
19665	2	795	243	227
19666	2	591	150	139
19667	2	432	111	92
19668	2	857	184	173
19669	2	263	102	72
19670	2	198	48	38
19671	2	264	71	53
19672	2	160	42	8
19673	2	441	112	97
19674	2	108	33	23
19675	2	99	31	10
19676	2	156	39	10
19677	2	1014	180	168
19678	2	1099	212	200
19679	2	57	24	12
19680	2	624	140	130
19681	2	806	200	184
19682	2	84	32	10
19683	2	1182	271	258
19684	2	350	112	80
19685	2	37	25	12
19686	2	174	46	20
19687	2	480	119	110
19688	2	206	53	42
19689	2	966	214	202
19690	2	248	55	38
19691	2	955	307	299
19692	2	101	39	23
19693	2	187	59	44
19694	2	255	66	45
19695	2	450	106	90
19696	2	999	179	90
19697	2	639	189	170
19698	2	184	43	17
19699	2	939	271	259
19700	2	1370	256	241
19701	2	330	94	75
19702	2	413	113	107
19703	2	271	58	44
19704	2	580	138	108
19705	2	1141	302	288
19706	2	399	96	86
19707	2	385	88	78
19708	2	1065	213	204
19709	2	109	56	42
19710	2	106	25	20
19711	2	115	44	15
19712	2	450	100	84
19713	2	476	154	140
19714	2	66	20	9
19715	2	381	86	70
19716	2	197	42	27
19717	2	79	23	5
19718	2	1179	334	300
19719	2	558	171	153
19720	2	989	179	171
19721	2	76	24	4
19722	2	868	248	228
19723	2	362	108	92
19724	2	80	23	10
19725	2	93	32	17
19726	2	382	154	142
19727	2	1306	362	351
19728	2	130	33	4
19729	2	1111	229	214
19730	2	1308	451	439
19731	2	414	107	84
19732	2	493	128	113
19733	2	54	18	7
19734	2	144	44	27
19735	2	991	211	202
19736	2	451	114	88
19737	2	67	19	6
19738	2	581	168	155
19739	2	383	121	97
19740	2	141	42	18
19741	2	615	189	176
19742	2	894	325	309
19743	2	915	222	207
19744	2	517	156	142
19745	2	1294	323	311
19746	2	799	223	209
19747	2	367	93	72
19748	2	149	66	31
19749	2	830	190	164
19750	2	141	27	2
19751	2	1098	290	259
19752	2	1434	261	246
19753	2	258	118	104
19754	2	93	24	6
19755	2	1156	245	233
19756	2	249	65	51
19757	2	113	31	11
19758	2	1094	201	190
19759	2	510	110	95
19760	2	514	134	100
19761	2	240	74	52
19762	2	968	215	201
19763	2	1335	261	249
19764	2	660	122	112
19765	2	1286	309	299
19766	2	120	38	18
19767	2	276	83	78
19768	2	1169	297	288
19769	2	703	238	226
19770	2	1283	291	279
19771	2	353	80	71
19772	2	675	155	144
19773	2	866	173	156
19774	2	493	165	144
19775	2	1365	248	236
19776	2	949	222	211
19777	2	644	127	115
19778	2	49	24	11
19779	2	1143	387	372
19780	2	200	88	77
19781	2	127	40	20
19782	2	591	179	161
19783	2	101	40	17
19784	2	244	89	40
19785	2	103	51	13
19786	2	300	73	59
19787	2	471	138	120
19788	2	687	139	117
19789	2	567	170	150
19790	2	98	44	19
19791	2	974	248	222
19792	2	773	195	185
19793	2	126	39	23
19794	2	312	112	99
19795	2	362	115	104
19796	2	551	123	115
19797	2	435	158	138
19798	2	144	44	23
19799	2	486	120	57
19800	2	238	90	65
19801	2	922	266	252
19802	2	642	215	200
19803	2	1283	340	308
19804	2	882	297	285
19805	2	86	27	15
19806	2	558	184	169
19807	2	1159	268	254
19808	2	1034	276	258
19809	2	220	62	37
19810	2	1168	295	278
19811	2	618	136	126
19812	2	96	30	15
19813	2	186	48	25
19814	2	418	91	78
19815	2	132	44	32
19816	2	1211	252	239
19817	2	147	32	21
19818	2	225	46	36
19819	2	634	169	119
19820	2	207	39	29
19821	2	127	39	21
19822	2	795	245	230
19823	2	128	62	33
19824	2	201	71	47
19825	2	101	36	17
19826	2	114	41	14
19827	2	93	31	8
19828	2	679	244	219
19829	2	404	103	31
19830	2	1592	382	366
19831	2	1375	282	268
19832	2	777	230	208
19833	2	201	61	46
19834	2	1216	217	207
19835	2	245	67	22
19836	2	289	87	60
19837	2	467	150	128
19838	2	209	71	9
19839	2	288	79	66
19840	2	238	66	49
19841	2	515	139	125
19842	2	1129	222	212
19843	2	186	54	35
19844	2	737	256	224
19845	2	1346	329	315
19846	2	150	40	31
19847	2	112	28	3
19848	2	1270	309	298
19849	2	852	275	262
19850	2	1217	277	257
19851	2	1250	244	183
19852	2	627	144	119
19853	2	276	79	33
19854	2	133	26	18
19855	2	375	85	40
19856	2	266	103	42
19857	2	450	92	75
19858	2	1366	275	257
19859	2	701	162	150
19860	2	462	117	91
19861	2	642	147	129
19862	2	210	57	45
19863	2	1229	324	312
19864	2	921	364	343
19865	2	961	269	256
19866	2	401	120	105
19867	2	118	30	12
19868	2	346	85	65
19869	2	296	72	60
19870	2	148	56	28
19871	2	316	73	48
19872	2	174	36	26
19873	2	210	37	28
19874	2	1122	335	313
19875	2	393	101	90
19876	2	306	69	55
19877	2	178	54	45
19878	2	236	69	53
19879	2	1247	354	339
19880	2	268	103	64
19881	2	129	33	19
19882	2	951	178	169
19883	2	182	53	24
19884	2	518	143	129
19885	2	1167	356	345
19886	2	503	168	151
19887	2	105	34	21
19888	2	81	28	17
19889	2	463	134	121
19890	2	1145	382	365
19891	2	301	65	31
19892	2	548	135	117
19893	2	57	29	14
19894	2	1171	302	285
19895	2	945	215	201
19896	2	945	221	211
19897	2	899	275	252
19898	2	797	283	265
19899	2	74	28	17
19900	2	44	24	13
19901	2	565	178	153
19902	2	352	77	26
19903	2	84	22	5
19904	2	476	100	64
19905	2	839	175	145
19906	2	108	50	31
19907	2	1327	372	359
19908	2	736	217	202
19909	2	430	101	87
19910	2	1318	290	278
19911	2	962	187	175
19912	2	1226	339	322
19913	2	1030	244	231
19914	2	885	225	212
19915	2	966	219	204
19916	2	1067	288	276
19917	2	581	143	131
19918	2	1209	331	320
19919	2	1129	331	315
19920	2	126	34	9
19921	2	687	155	143
19922	2	437	132	117
19923	2	1031	249	239
19924	2	355	91	66
19925	2	105	34	19
19926	2	265	88	67
19927	2	130	43	28
19928	2	264	76	63
19929	2	582	198	189
19930	2	1054	233	221
19931	2	1356	280	271
19932	2	59	29	17
19933	2	272	83	71
19934	2	996	273	265
19935	2	141	37	17
19936	2	180	68	41
19937	2	278	55	40
19938	2	434	142	107
19939	2	132	35	18
19940	2	468	90	75
19941	2	952	250	235
19942	2	91	30	8
19943	2	348	80	42
19944	2	688	208	193
19945	2	412	109	84
19946	2	101	35	15
19947	2	751	200	184
19948	2	1133	298	288
19949	2	316	75	58
19950	2	347	77	59
19951	2	1380	279	261
19952	2	98	32	18
19953	2	330	78	57
19954	2	1321	329	315
19955	2	1269	258	247
19956	2	772	184	168
19957	2	1242	279	264
19958	2	1412	350	334
19959	2	675	228	150
19960	2	189	60	43
19961	2	1123	274	253
19962	2	81	32	16
19963	2	795	179	169
19964	2	375	112	90
19965	2	1231	209	197
19966	2	838	264	256
19967	2	205	76	60
19968	2	1122	254	239
19969	2	996	215	205
19970	2	1019	191	182
19971	2	1233	330	318
19972	2	649	139	124
19973	2	318	65	51
19974	2	713	136	118
19975	2	579	126	110
19976	2	1371	250	234
19977	2	1077	217	205
19978	2	528	123	106
19979	2	1459	266	243
19980	2	1346	254	239
19981	2	900	274	255
19982	2	461	129	110
19983	2	29	19	9
19984	2	178	64	46
19985	2	84	40	20
19986	2	1191	412	401
19987	2	1302	327	307
19988	2	219	87	64
19989	2	1340	283	261
19990	2	763	163	155
19991	2	1273	313	283
19992	2	1296	345	331
19993	2	596	205	190
19994	2	1233	406	391
19995	2	634	213	199
19996	2	597	178	163
19997	2	611	202	189
19998	2	1197	296	286
19999	2	1306	429	413
20000	2	742	169	154
20001	2	224	74	61
20002	2	324	67	53
20003	2	654	153	140
20004	2	105	29	18
20005	2	748	212	185
20006	2	1157	273	258
20007	2	525	153	138
20008	2	636	160	140
20009	2	869	309	294
20010	2	312	70	56
20011	2	269	65	47
20012	2	87	42	29
20013	2	1207	350	336
20014	2	59	20	5
20015	2	838	166	68
20016	2	890	180	172
20017	2	289	101	81
20018	2	1337	305	292
20019	2	444	180	165
20020	2	1017	210	194
20021	2	80	25	14
20022	2	308	67	55
20023	2	351	84	67
20024	2	741	160	144
20025	2	843	162	140
20026	2	365	80	65
20027	2	130	35	14
20028	2	548	123	105
20029	2	161	54	41
20030	2	479	176	138
20031	2	1393	289	275
20032	2	1111	342	323
20033	2	1332	332	321
20034	2	307	109	77
20035	2	126	41	21
20036	2	430	116	102
20037	2	848	209	194
20038	2	655	166	150
20039	2	219	96	83
20040	2	1513	495	483
20041	2	767	168	156
20042	2	95	38	20
20043	2	237	90	78
20044	2	427	116	107
20045	2	733	224	213
20046	2	779	183	164
20047	2	1049	271	254
20048	2	188	72	57
20049	2	246	108	94
20050	2	93	23	11
20051	2	88	26	5
20052	2	169	56	38
20053	2	109	31	10
20054	2	1251	387	369
20055	2	927	229	218
20056	2	306	95	85
20057	2	766	237	225
20058	2	604	202	184
20059	2	193	45	33
20060	2	329	105	82
20061	2	56	20	7
20062	2	773	194	183
20063	2	378	92	80
20064	2	365	135	122
20065	2	995	262	251
20066	2	1211	408	394
20067	2	590	120	104
20068	2	757	155	143
20069	2	668	138	128
20070	2	270	62	48
20071	2	264	99	78
20072	2	973	283	268
20073	2	797	254	239
20074	2	519	150	140
20075	2	425	107	45
20076	2	161	56	40
20077	2	588	126	100
20078	2	171	45	25
20079	2	539	153	125
20080	2	1217	330	314
20081	2	996	283	270
20082	2	1013	225	216
20083	2	151	62	47
20084	2	735	185	170
20085	2	98	30	19
20086	2	1118	348	336
20087	2	143	49	19
20088	2	1114	259	248
20089	2	207	37	28
20090	2	114	41	21
20091	2	72	28	8
20092	2	123	48	24
20093	2	198	44	36
20094	2	962	234	223
20095	2	267	63	42
20096	2	72	23	6
20097	2	201	47	34
20098	2	66	24	6
20099	2	177	61	43
20100	2	496	162	51
20101	2	630	164	153
20102	2	988	209	190
20103	2	929	218	193
20104	2	62	18	5
20105	2	1007	228	212
20106	2	393	89	72
20107	2	799	230	211
20108	2	702	155	136
20109	2	960	263	236
20110	2	80	27	14
20111	2	134	40	19
20112	2	152	37	19
20113	2	234	66	35
20114	2	764	244	229
20115	2	174	54	28
20116	2	120	42	26
20117	2	165	46	21
20118	2	229	63	35
20119	2	724	224	164
20120	2	865	196	186
20121	2	1199	334	305
20122	2	1151	314	280
20123	2	1382	330	306
20124	2	1215	264	249
20125	2	526	156	132
20126	2	705	239	222
20127	2	285	57	37
20128	2	173	57	34
20129	2	1244	265	251
20130	2	746	172	157
20131	2	360	91	76
20132	2	393	75	53
20133	2	67	25	12
20134	2	1281	246	230
20135	2	1033	320	304
20136	2	291	69	54
20137	2	1204	344	321
20138	2	1386	251	239
20139	2	99	26	18
20140	2	1066	213	195
20141	2	960	175	162
20142	2	1075	231	219
20143	2	831	189	169
20144	2	1294	320	297
20145	2	69	28	10
20146	2	520	142	127
20147	2	657	135	117
20148	2	648	137	121
20149	2	1020	226	211
20150	2	66	21	4
20151	2	98	42	28
20152	2	459	137	117
20153	2	458	107	96
20154	2	808	189	178
20155	2	1355	300	292
20156	2	1228	286	276
20157	2	240	61	48
20158	2	723	147	63
20159	2	1063	211	168
20160	2	106	30	10
20161	2	508	108	81
20162	2	435	80	75
20163	2	1152	228	213
20164	2	72	23	6
20165	2	507	126	114
20166	2	1275	317	291
20167	2	1473	295	282
20168	2	966	207	184
20169	2	1053	251	238
20170	2	1087	222	207
20171	2	820	212	203
20172	2	1171	342	320
20173	2	1232	270	259
20174	2	1595	367	320
20175	2	498	112	90
20176	2	413	111	79
20177	2	929	275	261
20178	2	905	189	175
20179	2	913	245	227
20180	2	213	50	40
20181	2	1450	268	253
20182	2	1079	297	290
20183	2	1229	306	297
20184	2	1305	253	239
20185	2	1096	193	175
20186	2	1103	255	240
20187	2	1440	263	251
20188	2	504	121	110
20189	2	652	144	129
20190	2	109	28	10
20191	2	154	40	18
20192	2	490	106	85
20193	2	123	34	11
20194	2	116	37	17
20195	2	621	185	172
20196	2	363	134	117
20197	2	129	38	23
20198	2	246	61	47
20199	2	1201	397	383
20200	2	1093	256	243
20201	2	934	209	196
20202	2	1093	285	268
20203	2	1260	306	293
20204	2	887	231	213
20205	2	776	208	199
20206	2	1438	286	276
20207	2	477	94	87
20208	2	1208	246	234
20209	2	752	152	140
20210	2	147	33	15
20211	2	716	157	145
20212	2	1108	236	223
20213	2	1084	218	203
20214	2	94	37	27
20215	2	687	151	141
20216	2	159	51	39
20217	2	326	81	58
20218	2	772	182	171
20219	2	474	152	136
20220	2	523	116	100
20221	2	807	234	213
20222	2	348	88	75
20223	2	1377	318	305
20224	2	1305	264	250
20225	2	843	226	196
20226	2	735	211	193
20227	2	788	170	160
20228	2	1256	271	260
20229	2	1187	334	319
20230	2	706	241	229
20231	2	499	100	83
20232	2	1198	321	310
20233	2	780	160	150
20234	2	259	68	55
20235	2	781	162	141
20236	2	694	168	149
20237	2	1096	276	263
20238	2	99	21	2
20239	2	618	164	148
20240	2	722	167	156
20241	2	1187	340	319
20242	2	612	159	148
20243	2	1184	317	306
20244	2	758	169	160
20245	2	111	27	8
20246	2	428	103	93
20247	2	376	102	93
20248	2	423	109	90
20249	2	845	232	221
20250	2	637	139	128
20251	2	330	65	52
20252	2	281	77	64
20253	2	975	312	298
20254	2	612	153	141
20255	2	97	28	10
20256	2	94	40	16
20257	2	147	43	33
20258	2	186	43	29
20259	2	639	135	48
20260	2	1308	540	513
20261	2	104	33	9
20262	2	1119	273	260
20263	2	722	228	214
20264	2	1388	283	269
20265	2	134	50	25
20266	2	1104	259	240
20267	2	128	36	13
20268	2	141	27	19
20269	2	72	31	20
20270	2	166	55	40
20271	2	1323	301	270
20272	2	105	30	12
20273	2	536	314	303
20274	2	125	58	44
20275	2	839	244	218
20276	2	326	99	81
20277	2	1270	298	285
20278	2	1249	281	263
20279	2	956	255	232
20280	2	585	187	171
20281	2	1178	305	285
20282	2	1253	294	283
20283	2	190	54	36
20284	2	326	124	102
20285	2	830	233	214
20286	2	724	198	182
20287	2	1186	238	227
20288	2	660	149	128
20289	2	859	209	195
20290	2	129	38	18
20291	2	735	150	136
20292	2	51	22	6
20293	2	444	143	109
20294	2	474	110	96
20295	2	883	253	226
20296	2	190	47	35
20297	2	158	41	23
20298	2	330	97	72
20299	2	145	47	13
20300	2	124	32	7
20301	2	151	35	17
20302	2	405	110	97
20303	2	241	54	42
20304	2	930	219	204
20305	2	314	92	81
20306	2	798	197	183
20307	2	164	51	40
20308	2	870	253	237
20309	2	748	293	282
20310	2	336	91	82
20311	2	1057	325	310
20312	2	235	122	104
20313	2	441	156	144
20314	2	1214	272	260
20315	2	675	204	186
20316	2	588	146	129
20317	2	1217	374	362
20318	2	675	190	179
20319	2	146	60	41
20320	2	976	282	261
20321	2	409	95	79
20322	2	254	52	33
20323	2	1186	259	248
20324	2	107	48	28
20325	2	1224	273	261
20326	2	949	204	194
20327	2	584	121	111
20328	2	130	32	22
20329	2	538	183	172
20330	2	343	79	69
20331	2	345	114	100
20332	2	986	218	201
20333	2	319	76	62
20334	2	478	115	81
20335	2	48	28	14
20336	2	429	92	76
20337	2	494	121	90
20338	2	308	87	69
20339	2	1006	215	202
20340	2	1406	295	284
20341	2	983	192	185
20342	2	1342	252	231
20343	2	311	121	102
20344	2	291	69	54
20345	2	419	104	92
20346	2	346	121	109
20347	2	1403	239	220
20348	2	136	48	35
20349	2	152	40	26
20350	2	466	132	115
20351	2	87	23	12
20352	2	214	62	35
20353	2	178	57	29
20354	2	1119	367	347
20355	2	1448	443	424
20356	2	559	114	103
20357	2	108	33	11
20358	2	511	200	187
20359	2	136	44	16
20360	2	989	244	229
20361	2	145	43	18
20362	2	87	25	8
20363	2	1439	337	323
20364	2	278	94	58
20365	2	982	240	230
20366	2	1426	323	309
20367	2	477	97	86
20368	2	827	218	207
20369	2	1081	283	263
20370	2	857	241	230
20371	2	745	211	192
20372	2	1371	333	322
20373	2	45	20	6
20374	2	541	133	121
20375	2	1265	243	235
20376	2	1126	329	315
20377	2	343	113	100
20378	2	257	87	77
20379	2	180	37	23
20380	2	549	106	87
20381	2	260	65	47
20382	2	606	154	137
20383	2	1304	368	343
20384	2	60	30	21
20385	2	829	219	206
20386	2	861	251	229
20387	2	168	52	26
20388	2	657	140	124
20389	2	1222	397	378
20390	2	112	32	16
20391	2	1238	236	221
20392	2	588	198	165
20393	2	834	238	224
20394	2	1293	298	280
20395	2	516	111	100
20396	2	997	260	235
20397	2	198	50	36
20398	2	429	108	97
20399	2	566	170	137
20400	2	748	182	171
20401	2	353	88	65
20402	2	99	35	12
20403	2	306	72	58
20404	2	1257	377	357
20405	2	430	150	124
20406	2	736	140	129
20407	2	201	45	39
20408	2	1582	362	340
20409	2	1102	236	222
20410	2	141	30	17
20411	2	760	256	242
20412	2	1264	381	327
20413	2	1229	302	288
20414	2	803	239	119
20415	2	1397	284	269
20416	2	54	24	12
20417	2	498	117	91
20418	2	84	27	9
20419	2	184	46	23
20420	2	1011	288	275
20421	2	891	258	242
20422	2	372	90	77
20423	2	103	47	36
20424	2	424	122	105
20425	2	621	232	209
20426	2	1062	256	239
20427	2	151	35	24
20428	2	691	142	129
20429	2	213	49	30
20430	2	554	165	118
20431	2	993	359	347
20432	2	114	31	19
20433	2	93	30	16
20434	2	1400	295	274
20435	2	134	59	38
20436	2	1418	298	283
20437	2	356	91	48
20438	2	372	117	104
20439	2	741	171	147
20440	2	1151	226	211
20441	2	165	43	23
20442	2	318	62	46
20443	2	105	25	15
20444	2	739	182	156
20445	2	902	183	165
20446	2	240	51	38
20447	2	500	91	86
20448	2	395	120	101
20449	2	1285	332	321
20450	2	159	45	33
20451	2	309	60	49
20452	2	123	48	34
20453	2	972	177	165
20454	2	675	200	185
20455	2	82	27	11
20456	2	739	234	218
20457	2	138	38	13
20458	2	331	103	56
20459	2	120	25	15
20460	2	70	25	9
20461	2	636	141	130
20462	2	1235	298	282
20463	2	1375	268	260
20464	2	1161	244	232
20465	2	792	227	129
20466	2	1285	303	285
20467	2	856	268	257
20468	2	1018	222	208
20469	2	1179	254	242
20470	2	1205	355	342
20471	2	357	75	55
20472	2	112	61	50
20473	2	1238	240	223
20474	2	532	186	177
20475	2	1070	228	218
20476	2	1193	312	301
20477	2	246	54	41
20478	2	660	155	132
20479	2	541	102	69
20480	2	1014	210	196
20481	2	979	293	278
20482	2	1477	317	297
20483	2	1421	299	286
20484	2	378	91	54
20485	2	1186	321	303
20486	2	1192	329	315
20487	2	599	146	133
20488	2	924	195	188
20489	2	501	114	107
20490	2	290	79	37
20491	2	444	107	91
20492	2	289	65	47
20493	2	142	52	38
20494	2	134	28	9
20495	2	563	126	115
20496	2	1372	315	274
20497	2	691	157	142
20498	2	955	273	256
20499	2	675	123	110
20500	2	1181	270	257
20501	2	155	52	34
20502	2	658	216	188
20503	2	1349	298	283
20504	2	125	45	29
20505	2	157	36	4
20506	2	393	100	87
20507	2	166	51	33
20508	2	183	50	36
20509	2	162	45	33
20510	2	171	52	28
20511	2	505	119	93
20512	2	123	41	15
20513	2	149	55	42
20514	2	357	96	86
20515	2	132	39	13
20516	2	60	18	5
20517	2	364	105	78
20518	2	382	124	84
20519	2	509	124	95
20520	2	144	58	30
20521	2	1305	263	253
20522	2	328	91	79
20523	2	639	174	160
20524	2	50	16	3
20525	2	553	127	114
20526	2	1203	199	187
20527	2	106	27	7
20528	2	423	120	109
20529	2	135	35	23
20530	2	210	75	40
20531	2	877	195	181
20532	2	235	134	62
20533	2	867	234	210
20534	2	1366	311	298
20535	2	123	36	15
20536	2	90	22	7
20537	2	1148	340	318
20538	2	328	103	82
20539	2	455	119	91
20540	2	589	155	143
20541	2	425	99	84
20542	2	1209	317	307
20543	2	948	299	287
20544	2	300	100	88
20545	2	1179	297	285
20546	2	388	91	66
20547	2	381	83	72
20548	2	46	21	10
20549	2	1014	314	294
20550	2	128	42	30
20551	2	963	204	194
20552	2	851	188	177
20553	2	969	197	186
20554	2	124	69	58
20555	2	690	143	126
20556	2	1036	189	176
20557	2	985	290	278
20558	2	577	199	186
20559	2	1131	248	236
20560	2	903	181	160
20561	2	1260	277	262
20562	2	1001	179	166
20563	2	363	78	60
20564	2	1080	320	309
20565	2	574	175	164
20566	2	1102	267	248
20567	2	180	64	29
20568	2	978	198	188
20569	2	81	33	23
20570	2	1239	271	258
20571	2	1272	277	267
20572	2	1491	279	269
20573	2	1444	338	321
20574	2	996	478	462
20575	2	423	88	80
20576	2	1494	308	298
20577	2	1243	250	239
20578	2	570	140	97
20579	2	747	307	258
20580	2	1004	343	294
20581	2	1039	214	197
20582	2	231	48	36
20583	2	1188	294	261
20584	2	465	135	102
20585	2	138	45	18
20586	2	418	100	84
20587	2	539	186	148
20588	2	695	146	134
20589	2	174	41	24
20590	2	844	236	214
20591	2	1132	211	198
20592	2	886	189	169
20593	2	312	112	90
20594	2	740	184	171
20595	2	120	34	18
20596	2	1164	352	321
20597	2	616	159	146
20598	2	1074	249	231
20599	2	141	43	24
20600	2	282	62	53
20601	2	171	56	30
20602	2	354	83	77
20603	2	952	181	163
20604	2	186	40	23
20605	2	625	164	120
20606	2	267	84	64
20607	2	906	248	240
20608	2	331	75	46
20609	2	328	95	83
20610	2	106	37	24
20611	2	898	275	261
20612	2	396	84	75
20613	2	1492	364	352
20614	2	756	129	111
20615	2	1065	272	254
20616	2	554	178	148
20617	2	1353	257	243
20618	2	398	95	70
20619	2	582	130	95
20620	2	820	252	232
20621	2	306	94	79
20622	2	187	63	52
20623	2	231	67	31
20624	2	207	51	35
20625	2	168	35	18
20626	2	121	26	9
20627	2	115	28	12
20628	2	1011	291	278
20629	2	1331	409	389
20630	2	173	49	23
20631	2	540	171	153
20632	2	276	75	64
20633	2	149	49	44
20634	2	84	27	14
20635	2	351	121	71
20636	2	735	205	191
20637	2	153	53	45
20638	2	323	105	92
20639	2	485	191	176
20640	2	68	29	17
20641	2	65	27	9
20642	2	250	84	65
20643	2	1118	326	312
20644	2	635	228	214
20645	2	1093	232	219
20646	2	1098	255	245
20647	2	1272	373	348
20648	2	421	97	72
20649	2	679	156	128
20650	2	299	82	72
20651	2	947	184	172
20652	2	112	34	15
20653	2	944	220	206
20654	2	1091	251	237
20655	2	880	227	210
20656	2	414	78	63
20657	2	577	127	115
20658	2	150	34	20
20659	2	627	163	137
20660	2	1131	645	621
20661	2	69	20	5
20662	2	1285	354	328
20663	2	1036	220	209
20664	2	748	212	183
20665	2	1025	240	229
20666	2	117	36	27
20667	2	253	52	35
20668	2	792	243	227
20669	2	162	49	29
20670	2	159	35	23
20671	2	1193	313	298
20672	2	180	56	44
20673	2	316	96	65
20674	2	393	88	78
20675	2	122	36	17
20676	2	325	85	77
20677	2	81	27	6
20678	2	412	87	75
20679	2	227	62	41
20680	2	1284	249	233
20681	2	301	64	51
20682	2	276	104	78
20683	2	122	36	18
20684	2	263	77	37
20685	2	1254	252	240
20686	2	215	53	41
20687	2	940	245	232
20688	2	710	163	129
20689	2	687	165	148
20690	2	1273	258	238
20691	2	1434	283	266
20692	2	1278	293	278
20693	2	1399	316	300
20694	2	1193	259	240
20695	2	1377	304	277
20696	2	1057	202	188
20697	2	202	121	97
20698	2	1400	284	272
20699	2	1173	239	227
20700	2	395	100	78
20701	2	1190	292	275
20702	2	201	48	14
20703	2	1109	274	231
20704	2	1369	282	262
20705	2	1018	201	192
20706	2	1216	334	318
20707	2	46	22	10
20708	2	139	35	5
20709	2	1465	265	254
20710	2	1222	346	328
20711	2	799	256	244
20712	2	221	77	62
20713	2	524	187	169
20714	2	121	42	32
20715	2	409	128	116
20716	2	311	118	98
20717	2	1228	404	390
20718	2	261	56	42
20719	2	1300	292	278
20720	2	212	59	36
20721	2	1060	401	376
20722	2	1145	218	208
20723	2	1194	306	292
20724	2	1183	281	268
20725	2	1334	293	280
20726	2	259	89	76
20727	2	88	32	16
20728	2	1153	281	268
20729	2	74	26	9
20730	2	783	180	167
20731	2	565	149	135
20732	2	323	68	56
20733	2	327	103	86
20734	2	297	91	79
20735	2	1557	376	353
20736	2	356	103	84
20737	2	1005	199	180
20738	2	544	223	189
20739	2	1264	252	241
20740	2	1503	429	411
20741	2	152	49	26
20742	2	1117	287	273
20743	2	565	162	153
20744	2	449	109	87
20745	2	75	22	13
20746	2	1282	273	241
20747	2	567	115	105
20748	2	773	159	146
20749	2	1197	258	235
20750	2	345	101	90
20751	2	785	156	145
20752	2	1392	349	335
20753	2	1022	257	247
20754	2	164	45	19
20755	2	1221	332	289
20756	2	236	55	45
20757	2	317	88	68
20758	2	785	170	160
20759	2	759	168	155
20760	2	1403	272	255
20761	2	1113	248	238
20762	2	609	128	115
20763	2	589	156	143
20764	2	1454	324	308
20765	2	1261	278	264
20766	2	473	118	106
20767	2	1211	241	232
20768	2	1279	283	273
20769	2	1183	233	224
20770	2	261	88	71
20771	2	165	49	34
20772	2	1315	393	380
20773	2	117	29	8
20774	2	246	67	39
20775	2	76	35	18
20776	2	316	106	86
20777	2	507	126	112
20778	2	283	61	42
20779	2	1097	190	180
20780	2	1258	230	218
20781	2	207	50	34
20782	2	190	44	24
20783	2	233	76	60
20784	2	798	163	153
20785	2	578	147	128
20786	2	694	223	210
20787	2	602	169	117
20788	2	1172	319	299
20789	2	177	56	19
20790	2	937	263	242
20791	2	111	29	17
20792	2	120	30	12
20793	2	270	94	62
20794	2	1140	273	264
20795	2	193	71	50
20796	2	168	41	33
20797	2	137	36	29
20798	2	195	46	30
20799	2	445	129	110
20800	2	1123	262	246
20801	2	765	202	188
20802	2	320	67	57
20803	2	559	218	207
20804	2	1052	339	328
20805	2	189	56	34
20806	2	742	236	223
20807	2	521	136	105
20808	2	477	117	82
20809	2	610	140	121
20810	2	806	192	165
20811	2	360	74	60
20812	2	165	36	25
20813	2	1302	469	452
20814	2	1035	319	301
20815	2	171	43	27
20816	2	124	33	13
20817	2	539	130	118
20818	2	456	89	78
20819	2	1090	219	203
20820	2	483	112	99
20821	2	1080	214	197
20822	2	1209	225	210
20823	2	1186	250	225
20824	2	545	170	154
20825	2	237	78	59
20826	2	1261	263	249
20827	2	1338	276	260
20828	2	1092	275	259
20829	2	1338	285	272
20830	2	157	44	31
20831	2	524	143	125
20832	2	207	45	31
20833	2	407	122	95
20834	2	123	36	12
20835	2	675	160	148
20836	2	591	154	128
20837	2	1130	292	275
20838	2	912	208	191
20839	2	66	25	11
20840	2	183	40	28
20841	2	175	46	32
20842	2	879	289	273
20843	2	1214	262	252
20844	2	547	146	127
20845	2	412	216	186
20846	2	408	118	104
20847	2	179	72	43
20848	2	79	31	11
20849	2	881	267	256
20850	2	466	152	131
20851	2	387	120	103
20852	2	240	73	56
20853	2	669	223	213
20854	2	531	133	117
20855	2	484	138	123
20856	2	380	79	67
20857	2	546	180	165
20858	2	459	147	135
20859	2	1297	283	261
20860	2	1422	385	365
20861	2	1234	317	299
20862	2	722	172	160
20863	2	660	133	121
20864	2	770	250	236
20865	2	610	157	145
20866	2	367	77	48
20867	2	644	156	133
20868	2	1231	380	339
20869	2	1152	227	213
20870	2	331	116	102
20871	2	901	279	266
20872	2	66	24	7
20873	2	93	28	9
20874	2	809	184	168
20875	2	867	180	166
20876	2	457	116	106
20877	2	1195	279	262
20878	2	438	100	87
20879	2	1254	351	310
20880	2	995	250	236
20881	2	570	157	141
20882	2	901	196	170
20883	2	1083	334	323
20884	2	1295	255	240
20885	2	587	179	162
20886	2	595	169	151
20887	2	156	40	26
20888	2	1279	259	247
20889	2	146	40	33
20890	2	690	227	213
20891	2	491	127	103
20892	2	1221	268	256
20893	2	1056	201	182
20894	2	72	22	14
20895	2	394	98	81
20896	2	299	90	71
20897	2	445	124	59
20898	2	162	37	23
20899	2	1020	296	284
20900	2	556	107	102
20901	2	393	107	92
20902	2	54	18	10
20903	2	239	94	82
20904	2	1200	290	276
20905	2	1135	327	308
20906	2	279	81	66
20907	2	974	259	250
20908	2	1022	253	234
20909	2	617	169	157
20910	2	138	40	21
20911	2	1319	249	232
20912	2	950	189	178
20913	2	590	164	143
20914	2	498	126	113
20915	2	195	55	35
20916	2	101	32	17
20917	2	1175	273	261
20918	2	789	165	146
20919	2	1189	304	289
20920	2	244	79	66
20921	2	1202	215	204
20922	2	1401	303	292
20923	2	1094	213	200
20924	2	994	222	208
20925	2	486	101	91
20926	2	157	47	17
20927	2	386	86	72
20928	2	48	20	5
20929	2	84	26	8
20930	2	821	202	187
20931	2	498	148	121
20932	2	866	195	186
20933	2	402	177	153
20934	2	1098	278	260
20935	2	473	135	119
20936	2	381	104	90
20937	2	153	50	29
20938	2	223	59	32
20939	2	390	143	111
20940	2	159	50	24
20941	2	216	67	57
20942	2	708	196	181
20943	2	175	43	31
20944	2	77	24	9
20945	2	404	89	51
20946	2	976	219	208
20947	2	1197	239	229
20948	2	855	269	255
20949	2	502	137	123
20950	2	208	41	29
20951	2	59	20	7
20952	2	1093	253	239
20953	2	645	181	168
20954	2	542	134	123
20955	2	78	22	7
20956	2	1230	249	240
20957	2	113	33	10
20958	2	630	168	158
20959	2	1207	279	266
20960	2	735	154	145
20961	2	182	74	54
20962	2	100	21	9
20963	2	163	59	20
20964	2	891	225	209
20965	2	199	51	32
20966	2	150	54	36
20967	2	105	34	15
20968	2	745	202	116
20969	2	237	56	44
20970	2	634	198	185
20971	2	147	39	15
20972	2	390	90	70
20973	2	840	221	204
20974	2	522	112	98
20975	2	321	73	52
20976	2	350	81	56
20977	2	926	189	161
20978	2	222	52	40
20979	2	437	131	96
20980	2	457	151	142
20981	2	98	30	13
20982	2	381	87	71
20983	2	1236	245	236
20984	2	1084	247	235
20985	2	1109	258	243
20986	2	1068	220	212
20987	2	364	106	87
20988	2	306	65	53
20989	2	291	79	64
20990	2	123	47	31
20991	2	106	50	38
20992	2	888	227	216
20993	2	356	88	73
20994	2	163	80	67
20995	2	440	117	91
20996	2	402	137	118
20997	2	243	81	67
20998	2	511	135	120
20999	2	1177	332	311
21000	2	92	36	15
21001	2	1112	331	313
21002	2	143	47	21
21003	2	368	129	86
21004	2	102	26	6
21005	2	267	72	50
21006	2	1219	282	271
21007	2	1100	222	209
21008	2	933	206	195
21009	2	1207	285	271
21010	2	890	282	267
21011	2	582	114	99
21012	2	179	59	18
21013	2	1317	405	391
21014	2	147	47	30
21015	2	187	43	28
21016	2	49	21	10
21017	2	516	115	104
21018	2	114	34	12
21019	2	488	128	119
21020	2	212	74	42
21021	2	1321	262	250
21022	2	663	129	113
21023	2	1135	324	299
21024	2	1288	241	229
21025	2	234	47	34
21026	2	1115	327	312
21027	2	1343	273	260
21028	2	1548	311	297
21029	2	1104	300	282
21030	2	1135	387	368
21031	2	1312	254	241
21032	2	1171	321	308
21033	2	114	30	15
21034	2	784	285	272
21035	2	84	24	7
21036	2	135	35	12
21037	2	1055	220	202
21038	2	339	89	66
21039	2	271	88	68
21040	2	1084	253	219
21041	2	860	184	173
21042	2	129	43	29
21043	2	1189	267	252
21044	2	1003	241	223
21045	2	811	209	195
21046	2	1180	251	237
21047	2	728	221	201
21048	2	444	103	91
21049	2	123	37	16
21050	2	199	63	47
21051	2	141	48	28
21052	2	108	35	20
21053	2	468	122	106
21054	2	240	65	50
21055	2	738	160	142
21056	2	57	23	7
21057	2	165	35	26
21058	2	153	55	20
21059	2	261	71	54
21060	2	149	47	36
21061	2	163	42	24
21062	2	239	61	19
21063	2	351	81	70
21064	2	209	66	43
21065	2	171	41	30
21066	2	361	76	55
21067	2	253	80	50
21068	2	410	84	36
21069	2	591	166	151
21070	2	486	159	147
21071	2	222	55	43
21072	2	534	106	95
21073	2	1351	287	270
21074	2	136	48	19
21075	2	811	275	257
21076	2	1093	319	304
21077	2	1355	366	352
21078	2	679	207	197
21079	2	873	230	214
21080	2	1332	335	319
21081	2	175	63	29
21082	2	263	107	92
21083	2	632	212	199
21084	2	328	91	70
21085	2	971	277	261
21086	2	911	213	201
21087	2	105	45	22
21088	2	302	90	75
21089	2	324	59	49
21090	2	275	82	73
21091	2	1172	334	314
21092	2	528	109	93
21093	2	143	51	26
21094	2	1124	244	229
21095	2	204	41	29
21096	2	123	46	22
21097	2	264	72	59
21098	2	1202	307	282
21099	2	875	256	244
21100	2	958	301	289
21101	2	414	89	69
21102	2	774	204	190
21103	2	467	175	161
21104	2	1272	357	341
21105	2	1006	236	220
21106	2	1178	237	222
21107	2	74	29	15
21108	2	1006	263	248
21109	2	574	116	103
21110	2	1299	273	252
21111	2	624	198	181
21112	2	432	142	108
21113	2	446	91	79
21114	2	1059	206	183
21115	2	892	222	208
21116	2	773	148	136
21117	2	648	143	132
21118	2	262	79	67
21119	2	521	151	130
21120	2	757	216	172
21121	2	883	182	173
21122	2	677	193	177
21123	2	114	35	17
21124	2	78	25	11
21125	2	575	130	113
21126	2	79	24	4
21127	2	930	194	183
21128	2	336	96	83
21129	2	315	98	75
21130	2	126	37	24
21131	2	1418	406	389
21132	2	209	46	32
21133	2	494	102	90
21134	2	587	175	158
21135	2	1381	256	244
21136	2	1485	275	260
21137	2	851	291	270
21138	2	579	118	108
21139	2	831	168	157
21140	2	1425	273	262
21141	2	204	43	26
21142	2	367	107	81
21143	2	697	188	93
21144	2	175	46	35
21145	2	222	74	54
21146	2	801	185	170
21147	2	215	51	26
21148	2	150	32	23
21149	2	359	129	107
21150	2	607	160	134
21151	2	1459	308	291
21152	2	1412	337	321
21153	2	98	27	16
21154	2	1244	295	284
21155	2	176	43	25
21156	2	122	32	19
21157	2	1014	225	201
21158	2	1001	193	175
21159	2	1000	234	224
21160	2	1232	293	265
21161	2	465	105	95
21162	2	830	229	211
21163	2	288	88	71
21164	2	1380	427	400
21165	2	101	31	17
21166	2	146	56	24
21167	2	255	65	50
21168	2	618	175	134
21169	2	1146	320	303
21170	2	1039	200	194
21171	2	222	64	54
21172	2	35	17	7
21173	2	971	298	286
21174	2	1005	272	257
21175	2	1527	317	302
21176	2	1095	306	291
21177	2	975	214	205
21178	2	382	127	98
21179	2	332	96	76
21180	2	489	129	111
21181	2	916	242	233
21182	2	539	142	130
21183	2	101	34	15
21184	2	1411	288	252
21185	2	991	245	229
21186	2	408	100	66
21187	2	786	231	212
21188	2	297	87	73
21189	2	537	126	114
21190	2	223	48	33
21191	2	566	169	156
21192	2	141	43	10
21193	2	338	100	68
21194	2	175	58	27
21195	2	276	55	44
21196	2	1070	223	211
21197	2	1178	294	278
21198	2	1426	289	275
21199	2	1327	305	283
21200	2	1243	290	277
21201	2	871	181	168
21202	2	1479	290	269
21203	2	213	58	33
21204	2	960	211	200
21205	2	1285	366	351
21206	2	1483	316	297
21207	2	651	144	129
21208	2	1627	440	427
21209	2	1128	214	198
21210	2	150	44	20
21211	2	675	149	134
21212	2	383	82	25
21213	2	179	45	29
21214	2	972	186	171
21215	2	1030	271	259
21216	2	433	100	36
21217	2	1377	263	253
21218	2	97	33	8
21219	2	637	174	158
21220	2	331	124	106
21221	2	749	226	213
21222	2	1283	308	292
21223	2	712	197	173
21224	2	436	114	87
21225	2	137	45	22
21226	2	778	158	135
21227	2	447	88	78
21228	2	558	114	96
21229	2	995	198	183
21230	2	741	251	238
21231	2	758	179	167
21232	2	972	236	224
21233	2	1220	327	309
21234	2	1266	220	211
21235	2	506	157	140
21236	2	831	225	212
21237	2	496	119	74
21238	2	531	117	72
21239	2	282	62	47
21240	2	420	117	97
21241	2	181	58	39
21242	2	30	26	13
21243	2	797	208	198
21244	2	1084	267	255
21245	2	251	119	99
21246	2	357	98	82
21247	2	1194	318	301
21248	2	729	222	207
21249	2	318	89	70
21250	2	115	32	8
21251	2	1202	361	317
21252	2	611	167	138
21253	2	202	58	34
21254	2	278	89	40
21255	2	1655	351	338
21256	2	819	231	216
21257	2	170	64	48
21258	2	330	84	67
21259	2	789	193	181
21260	2	257	60	47
21261	2	596	184	165
21262	2	225	48	35
21263	2	562	156	128
21264	2	386	136	105
21265	2	234	76	60
21266	2	274	79	49
21267	2	331	66	55
21268	2	444	98	77
21269	2	1237	320	293
21270	2	1160	319	300
21271	2	1328	238	224
21272	2	1197	254	241
21273	2	620	121	110
21274	2	1134	225	209
21275	2	1359	264	245
21276	2	1225	272	261
21277	2	1034	366	356
21278	2	989	211	202
21279	2	965	272	251
21280	2	1020	288	263
21281	2	267	70	50
21282	2	1106	252	237
21283	2	1175	360	346
21284	2	732	154	139
21285	2	1033	202	193
21286	2	1164	330	316
21287	2	855	176	164
21288	2	721	175	160
21289	2	1191	234	220
21290	2	1098	236	225
21291	2	1427	386	375
21292	2	232	57	42
21293	2	1042	225	213
21294	2	388	102	92
21295	2	204	92	75
21296	2	1332	308	294
21297	2	992	298	280
21298	2	788	240	221
21299	2	932	309	300
21300	2	1032	292	280
21301	2	1229	325	311
21302	2	1098	262	250
21303	2	802	206	196
21304	2	1375	238	223
21305	2	671	144	117
21306	2	1510	295	281
21307	2	1440	300	287
21308	2	1256	260	251
21309	2	1020	204	191
21310	2	848	180	169
21311	2	1522	301	288
21312	2	969	224	208
21313	2	1115	220	213
21314	2	317	124	108
21315	2	199	65	43
21316	2	933	169	153
21317	2	780	207	186
21318	2	552	162	138
21319	2	804	237	225
21320	2	228	44	30
21321	2	1452	408	391
21322	2	135	35	15
21323	2	481	138	117
21324	2	846	162	148
21325	2	1086	247	230
21326	2	95	36	13
21327	2	217	48	36
21328	2	434	95	48
21329	2	158	57	31
21330	2	178	39	27
21331	2	264	55	41
21332	2	229	53	39
21333	2	148	49	31
21334	2	87	25	8
21335	2	1444	417	391
21336	2	1090	315	290
21337	2	114	41	14
21338	2	127	35	11
21339	2	373	94	79
21340	2	283	101	74
21341	2	316	97	84
21342	2	982	287	273
21343	2	436	148	123
21344	2	598	155	141
21345	2	1301	287	256
21346	2	951	201	184
21347	2	849	175	162
21348	2	588	172	162
21349	2	73	30	18
21350	2	402	94	83
21351	2	138	34	8
21352	2	356	92	81
21353	2	1188	243	229
21354	2	543	146	125
21355	2	763	232	218
21356	2	87	24	7
21357	2	1290	300	285
21358	2	1138	361	341
21359	2	1093	308	295
21360	2	343	84	69
21361	2	147	39	23
21362	2	746	186	174
21363	2	552	143	131
21364	2	1318	306	295
21365	2	225	44	32
21366	2	1313	314	297
21367	2	129	38	13
21368	2	1048	231	220
21369	2	1309	397	382
21370	2	137	55	33
21371	2	986	233	219
21372	2	680	123	109
21373	2	1153	314	301
21374	2	111	30	13
21375	2	951	191	181
21376	2	326	118	104
21377	2	227	49	25
21378	2	966	223	209
21379	2	1129	330	315
21380	2	1148	249	237
21381	2	582	176	157
21382	2	1131	365	354
21383	2	365	96	83
21384	2	345	89	76
21385	2	837	252	238
21386	2	1115	313	301
21387	2	522	165	153
21388	2	1190	298	290
21389	2	633	151	140
21390	2	449	142	122
21391	2	945	222	208
21392	2	1168	265	253
21393	2	309	98	88
21394	2	111	36	24
21395	2	1253	340	318
21396	2	1211	354	324
21397	2	1252	263	248
21398	2	492	128	106
21399	2	359	76	55
21400	2	878	173	156
21401	2	1062	214	201
21402	2	939	253	237
21403	2	830	167	150
21404	2	1200	338	315
21405	2	1260	259	248
21406	2	994	215	193
21407	2	1306	336	252
21408	2	207	47	32
21409	2	204	62	47
21410	2	746	145	132
21411	2	409	142	119
21412	2	1206	315	303
21413	2	637	131	120
21414	2	1240	336	323
21415	2	624	132	99
21416	2	912	241	235
21417	2	1273	357	342
21418	2	204	47	29
21419	2	663	152	134
21420	2	103	25	9
21421	2	119	39	17
21422	2	80	24	15
21423	2	240	66	48
21424	2	228	55	42
21425	2	242	79	52
21426	2	150	36	25
21427	2	154	45	18
21428	2	167	53	18
21429	2	206	58	24
21430	2	556	114	48
21431	2	999	268	254
21432	2	180	42	30
21433	2	1070	237	227
21434	2	715	174	163
21435	2	1122	241	230
21436	2	770	167	156
21437	2	480	129	113
21438	2	1263	251	237
21439	2	943	184	172
21440	2	1324	262	251
21441	2	456	85	74
21442	2	778	185	165
21443	2	1212	280	268
21444	2	235	70	54
21445	2	1234	288	266
21446	2	689	204	185
21447	2	106	44	29
21448	2	787	275	250
21449	2	685	195	177
21450	2	191	52	24
21451	2	409	112	97
21452	2	315	67	57
21453	2	1110	346	331
21454	2	410	193	156
21455	2	1017	301	279
21456	2	1326	300	288
21457	2	998	223	200
21458	2	990	283	271
21459	2	978	246	235
21460	2	647	148	137
21461	2	89	30	10
21462	2	1418	310	299
21463	2	291	61	40
21464	2	224	51	25
21465	2	882	207	196
21466	2	1083	333	318
21467	2	267	61	44
21468	2	922	283	264
21469	2	163	43	18
21470	2	168	41	26
21471	2	107	34	17
21472	2	1224	301	281
21473	2	752	177	165
21474	2	1399	298	287
21475	2	1062	226	214
21476	2	925	196	185
21477	2	181	51	17
21478	2	394	86	74
21479	2	123	36	21
21480	2	1199	250	239
21481	2	548	242	217
21482	2	426	98	67
21483	2	1159	345	318
21484	2	890	280	247
21485	2	1216	249	219
21486	2	297	63	47
21487	2	314	99	72
21488	2	177	63	46
21489	2	243	63	19
21490	2	82	38	22
21491	2	483	104	98
21492	2	185	43	12
21493	2	1691	587	570
21494	2	202	68	35
21495	2	1379	434	409
21496	2	347	156	148
21497	2	589	157	122
21498	2	574	184	163
21499	2	129	48	24
21500	2	743	205	194
21501	2	1254	326	313
21502	2	740	178	162
21503	2	1349	276	258
21504	2	975	224	211
21505	2	1210	335	317
21506	2	101	36	22
21507	2	507	112	102
21508	2	102	26	8
21509	2	824	214	192
21510	2	216	60	43
21511	2	247	78	42
21512	2	1038	386	361
21513	2	290	85	70
21514	2	264	66	50
21515	2	1151	306	281
21516	2	545	170	158
21517	2	228	50	31
21518	2	311	72	58
21519	2	1084	259	244
21520	2	248	68	40
21521	2	850	262	250
21522	2	1318	268	256
21523	2	121	37	14
21524	2	310	108	95
21525	2	448	188	166
21526	2	990	245	234
21527	2	388	106	86
21528	2	1125	358	345
21529	2	156	49	37
21530	2	575	123	113
21531	2	500	147	119
21532	2	638	151	117
21533	2	59	21	4
21534	2	256	55	44
21535	2	642	141	126
21536	2	146	37	15
21537	2	988	237	228
21538	2	159	49	32
21539	2	131	42	8
21540	2	334	92	78
21541	2	397	145	118
21542	2	695	171	155
21543	2	146	39	18
21544	2	104	33	23
21545	2	992	334	319
21546	2	1424	273	261
21547	2	1064	232	211
21548	2	338	98	74
21549	2	1478	265	252
21550	2	1158	231	216
21551	2	251	149	132
21552	2	486	113	103
21553	2	799	211	197
21554	2	165	57	31
21555	2	653	295	280
21556	2	312	70	50
21557	2	495	102	88
21558	2	527	158	86
21559	2	313	102	93
21560	2	224	65	38
21561	2	333	98	25
21562	2	195	47	31
21563	2	738	234	221
21564	2	1036	344	331
21565	2	188	45	10
21566	2	312	101	79
21567	2	136	34	15
21568	2	280	68	37
21569	2	120	30	11
21570	2	615	181	166
21571	2	138	35	14
21572	2	490	113	80
21573	2	474	138	116
21574	2	1070	228	200
21575	2	1287	304	271
21576	2	297	53	37
21577	2	196	60	44
21578	2	947	157	144
21579	2	796	325	311
21580	2	272	55	18
21581	2	955	204	192
21582	2	557	197	171
21583	2	237	82	48
21584	2	1285	356	327
21585	2	260	102	87
21586	2	144	28	18
21587	2	127	36	6
21588	2	694	184	167
21589	2	843	316	303
21590	2	351	99	82
21591	2	513	96	82
21592	2	1009	197	186
21593	2	1189	283	270
21594	2	1216	245	229
21595	2	88	25	10
21596	2	336	116	104
21597	2	1015	217	198
21598	2	1223	226	216
21599	2	657	141	112
21600	2	994	264	251
21601	2	1302	272	261
21602	2	1034	255	242
21603	2	775	188	180
21604	2	80	32	18
21605	2	1338	286	274
21606	2	1581	484	474
21607	2	1170	306	288
21608	2	710	148	137
21609	2	1122	244	228
21610	2	617	173	153
21611	2	1074	217	207
21612	2	1111	207	189
21613	2	1032	216	204
21614	2	1092	220	104
21615	2	416	108	88
21616	2	1076	244	210
21617	2	573	121	109
21618	2	111	29	7
21619	2	164	49	15
21620	2	708	240	193
21621	2	528	134	61
21622	2	225	58	45
21623	2	360	76	67
21624	2	408	87	70
21625	2	1253	284	267
21626	2	192	59	40
21627	2	1080	283	269
21628	2	75	25	13
21629	2	918	189	177
21630	2	1176	339	320
21631	2	1205	254	245
21632	2	724	250	242
21633	2	1243	387	378
21634	2	1097	242	228
21635	2	129	50	29
21636	2	1442	300	285
21637	2	240	64	53
21638	2	655	165	137
21639	2	201	49	32
21640	2	758	173	153
21641	2	1435	294	280
21642	2	105	30	10
21643	2	162	76	58
21644	2	396	94	85
21645	2	99	25	16
21646	2	52	23	11
21647	2	977	242	232
21648	2	1149	307	277
21649	2	1026	306	291
21650	2	1247	334	320
21651	2	696	172	159
21652	2	558	161	147
21653	2	594	164	147
21654	2	965	226	211
21655	2	1219	266	254
21656	2	309	85	66
21657	2	1156	256	241
21658	2	1254	241	228
21659	2	1077	209	197
21660	2	1212	332	302
21661	2	1104	251	238
21662	2	1380	297	286
21663	2	318	80	53
21664	2	166	52	40
21665	2	154	45	13
21666	2	1499	285	274
21667	2	558	174	133
21668	2	222	68	41
21669	2	175	66	49
21670	2	806	213	200
21671	2	369	113	104
21672	2	1185	335	324
21673	2	58	25	9
21674	2	1155	350	337
21675	2	1222	256	246
21676	2	278	91	48
21677	2	165	39	27
21678	2	1527	281	261
21679	2	92	35	17
21680	2	1808	582	566
21681	2	616	186	174
21682	2	1294	264	253
21683	2	588	158	147
21684	2	1612	333	287
21685	2	1325	302	273
21686	2	829	240	227
21687	2	574	117	94
21688	2	947	232	217
21689	2	987	177	161
21690	2	1273	286	270
21691	2	1451	287	275
21692	2	472	149	134
21693	2	380	104	92
21694	2	1165	212	203
21695	2	1348	257	248
21696	2	1408	285	275
21697	2	1013	260	247
21698	2	1207	249	234
21699	2	1084	223	207
21700	2	627	143	131
21701	2	1101	251	242
21702	2	1120	325	302
21703	2	1146	250	235
21704	2	662	169	156
21705	2	936	222	208
21706	2	145	36	17
21707	2	334	97	80
21708	2	216	60	42
21709	2	195	53	42
21710	2	93	29	12
21711	2	315	101	87
21712	2	1045	262	254
21713	2	62	23	14
21714	2	947	291	278
21715	2	744	169	157
21716	2	636	187	172
21717	2	1268	304	288
21718	2	1101	310	288
21719	2	1035	277	257
21720	2	254	56	36
21721	2	153	35	11
21722	2	87	29	9
21723	2	186	53	39
21724	2	609	114	96
21725	2	128	36	20
21726	2	1247	289	273
21727	2	139	64	45
21728	2	102	30	10
21729	2	171	49	34
21730	2	105	35	14
21731	2	1296	283	269
21732	2	729	228	212
21733	2	268	106	79
21734	2	1234	310	295
21735	2	232	96	72
21736	2	571	129	103
21737	2	399	96	73
21738	2	858	250	236
21739	2	209	53	21
21740	2	189	55	38
21741	2	492	104	88
21742	2	302	100	81
21743	2	134	45	21
21744	2	1020	256	244
21745	2	717	164	142
21746	2	673	169	156
21747	2	1320	270	248
21748	2	794	180	164
21749	2	817	177	158
21750	2	1195	426	409
21751	2	1458	294	281
21752	2	1401	389	345
21753	2	307	91	65
21754	2	434	109	85
21755	2	633	301	263
21756	2	1223	251	236
21757	2	418	160	123
21758	2	1521	340	328
21759	2	150	53	42
21760	2	101	40	25
21761	2	47	18	9
21762	2	206	79	63
21763	2	400	86	64
21764	2	1446	462	388
21765	2	355	79	53
21766	2	198	51	36
21767	2	140	43	7
21768	2	558	147	134
21769	2	142	46	26
21770	2	1418	272	260
21771	2	1222	349	331
21772	2	1201	247	235
21773	2	736	231	206
21774	2	608	180	166
21775	2	199	52	39
21776	2	1111	371	350
21777	2	864	205	187
21778	2	885	174	166
21779	2	994	242	231
21780	2	109	49	34
21781	2	359	105	83
21782	2	405	154	140
21783	2	647	167	154
21784	2	1292	256	241
21785	2	746	166	152
21786	2	84	22	10
21787	2	881	391	357
21788	2	1023	332	306
21789	2	547	170	146
21790	2	72	26	8
21791	2	395	140	121
21792	2	531	133	120
21793	2	453	107	94
21794	2	71	27	10
21795	2	765	148	137
21796	2	201	44	29
21797	2	554	125	116
21798	2	560	247	226
21799	2	159	49	25
21800	2	327	85	75
21801	2	970	230	217
21802	2	492	107	101
21803	2	436	118	103
21804	2	1331	334	320
21805	2	125	40	23
21806	2	147	63	46
21807	2	255	60	45
21808	2	818	255	242
21809	2	681	181	165
21810	2	387	111	101
21811	2	1124	298	285
21812	2	632	195	148
21813	2	1185	307	291
21814	2	1034	228	216
21815	2	705	147	138
21816	2	1218	348	310
21817	2	289	67	55
21818	2	1131	215	201
21819	2	995	292	272
21820	2	927	270	256
21821	2	121	45	35
21822	2	365	112	102
21823	2	393	113	100
21824	2	518	154	138
21825	2	549	172	156
21826	2	824	218	204
21827	2	1227	402	392
21828	2	348	94	73
21829	2	180	48	33
21830	2	294	64	50
21831	2	233	68	56
21832	2	264	66	55
21833	2	81	33	14
21834	2	995	292	276
21835	2	120	26	15
21836	2	112	31	9
21837	2	261	80	68
21838	2	138	37	20
21839	2	117	37	18
21840	2	426	107	62
21841	2	109	32	19
21842	2	1219	335	318
21843	2	680	207	193
21844	2	122	35	16
21845	2	150	37	19
21846	2	515	100	89
21847	2	168	34	17
21848	2	107	39	18
21849	2	1203	263	248
21850	2	174	54	30
21851	2	187	46	38
21852	2	911	202	185
21853	2	237	59	45
21854	2	409	170	155
21855	2	121	37	23
21856	2	984	198	184
21857	2	81	21	9
21858	2	777	218	201
21859	2	975	285	272
21860	2	635	149	136
21861	2	1169	252	236
21862	2	134	32	18
21863	2	568	142	125
21864	2	814	224	171
21865	2	571	156	146
21866	2	162	69	52
21867	2	846	189	176
21868	2	128	48	32
21869	2	603	114	105
21870	2	293	97	77
21871	2	1155	270	247
21872	2	479	135	121
21873	2	296	66	51
21874	2	211	60	52
21875	2	1201	357	347
21876	2	900	243	229
21877	2	1113	451	438
21878	2	993	321	308
21879	2	948	336	321
21880	2	1209	263	247
21881	2	338	102	83
21882	2	490	193	184
21883	2	669	174	160
21884	2	189	79	62
21885	2	149	46	7
21886	2	294	58	46
21887	2	162	45	35
21888	2	1429	262	238
21889	2	486	104	87
21890	2	488	130	98
21891	2	64	21	5
21892	2	226	65	31
21893	2	757	222	177
21894	2	221	70	22
21895	2	336	74	59
21896	2	799	242	104
21897	2	142	39	14
21898	2	174	42	23
21899	2	198	37	26
21900	2	338	81	58
21901	2	198	97	82
21902	2	247	62	41
21903	2	146	41	17
21904	2	399	141	116
21905	2	826	227	216
21906	2	399	86	71
21907	2	1113	246	231
21908	2	211	60	39
21909	2	167	40	23
21910	2	387	119	103
21911	2	129	40	20
21912	2	193	77	49
21913	2	589	203	185
21914	2	920	188	171
21915	2	1420	293	277
21916	2	1009	220	208
21917	2	569	215	197
21918	2	513	124	106
21919	2	252	75	39
21920	2	560	199	180
21921	2	1327	282	264
21922	2	1300	261	248
21923	2	1163	249	236
21924	2	1251	299	283
21925	2	477	177	164
21926	2	447	106	95
21927	2	252	71	55
21928	2	147	36	21
21929	2	1172	257	246
21930	2	91	34	11
21931	2	360	93	76
21932	2	156	41	19
21933	2	167	39	20
21934	2	374	100	64
21935	2	606	145	121
21936	2	992	316	305
21937	2	1156	314	303
21938	2	700	200	188
21939	2	1013	255	244
21940	2	345	199	183
21941	2	92	35	29
21942	2	150	52	14
21943	2	127	33	22
21944	2	105	26	4
21945	2	617	127	115
21946	2	1251	260	251
21947	2	267	66	51
21948	2	529	157	142
21949	2	99	41	24
21950	2	111	24	13
21951	2	231	69	39
21952	2	51	20	8
21953	2	1026	291	280
21954	2	120	58	39
21955	2	50	17	6
21956	2	336	120	90
21957	2	1148	195	179
21958	2	1300	255	233
21959	2	438	149	133
21960	2	138	45	28
21961	2	820	221	202
21962	2	1600	307	283
21963	2	721	151	137
21964	2	1138	264	249
21965	2	1054	217	207
21966	2	914	218	208
21967	2	40	26	13
21968	2	318	72	59
21969	2	708	138	91
21970	2	139	31	11
21971	2	261	58	46
21972	2	1070	336	329
21973	2	486	102	91
21974	2	660	141	129
21975	2	825	208	188
21976	2	765	194	186
21977	2	562	106	87
21978	2	1024	293	282
21979	2	641	147	129
21980	2	455	161	147
21981	2	1086	359	345
21982	2	1398	309	280
21983	2	248	68	47
21984	2	1179	323	310
21985	2	1286	304	282
21986	2	871	197	139
21987	2	430	171	159
21988	2	464	160	129
21989	2	1383	296	286
21990	2	1080	312	295
21991	2	813	234	215
21992	2	164	42	30
21993	2	1310	315	304
21994	2	1278	331	318
21995	2	1225	321	310
21996	2	156	59	46
21997	2	678	173	138
21998	2	1067	251	241
21999	2	1206	308	287
22000	2	541	117	90
22001	2	133	34	13
22002	2	121	35	20
22003	2	83	23	11
22004	2	151	57	42
22005	2	163	66	26
22006	2	113	40	27
22007	2	968	236	221
22008	2	887	190	180
22009	2	1270	420	409
22010	2	565	137	120
22011	2	128	35	21
22012	2	828	190	162
22013	2	408	120	103
22014	2	224	52	27
22015	2	1193	359	345
22016	2	1264	274	260
22017	2	1201	273	259
22018	2	635	229	198
22019	2	130	36	14
22020	2	1189	229	213
22021	2	264	57	51
22022	2	916	228	202
22023	2	900	197	179
22024	2	747	198	166
22025	2	257	67	47
22026	2	666	152	141
22027	2	1068	282	251
22028	2	486	156	137
22029	2	105	27	20
22030	2	1316	278	260
22031	2	379	80	54
22032	2	197	46	35
22033	2	1320	243	227
22034	2	118	32	12
22035	2	149	40	13
22036	2	423	95	78
22037	2	384	128	110
22038	2	171	36	24
22039	2	125	29	17
22040	2	141	42	17
22041	2	98	35	18
22042	2	351	116	99
22043	2	336	141	103
22044	2	383	105	78
22045	2	403	116	87
22046	2	633	148	130
22047	2	559	127	99
22048	2	987	277	258
22049	2	173	43	31
22050	2	920	261	232
22051	2	1041	293	278
22052	2	1241	224	192
22053	2	365	137	120
22054	2	1353	483	448
22055	2	130	44	16
22056	2	1215	290	263
22057	2	157	33	18
22058	2	406	122	97
22059	2	1059	190	179
22060	2	147	85	70
22061	2	61	42	18
22062	2	363	75	63
22063	2	925	275	260
22064	2	150	45	27
22065	2	237	75	59
22066	2	122	46	32
22067	2	150	48	15
22068	2	206	62	49
22069	2	470	132	117
22070	2	155	55	28
22071	2	123	45	6
22072	2	393	92	76
22073	2	108	37	24
22074	2	62	33	11
22075	2	128	32	16
22076	2	132	32	8
22077	2	89	39	24
22078	2	1256	297	280
22079	2	204	57	47
22080	2	98	35	16
22081	2	101	39	19
22082	2	300	61	51
22083	2	138	46	24
22084	2	331	111	89
22085	2	1230	271	259
22086	2	318	66	53
22087	2	1285	268	255
22088	2	74	22	9
22089	2	1334	291	278
22090	2	526	120	102
22091	2	585	125	111
22092	2	944	170	153
22093	2	1356	276	257
22094	2	133	41	4
22095	2	111	27	14
22096	2	159	49	22
22097	2	147	38	10
22098	2	800	251	200
22099	2	157	64	45
22100	2	211	70	45
22101	2	510	170	156
22102	2	693	150	136
22103	2	377	105	91
22104	2	1279	355	340
22105	2	1238	601	583
22106	2	175	53	23
22107	2	949	279	263
22108	2	116	26	14
22109	2	878	200	183
22110	2	621	152	138
22111	2	304	99	66
22112	2	675	142	131
22113	2	508	159	142
22114	2	234	51	35
22115	2	1368	419	326
22116	2	1109	249	235
22117	2	432	113	101
22118	2	1302	271	259
22119	2	1332	325	313
22120	2	1456	278	268
22121	2	117	34	21
22122	2	1446	254	239
22123	2	214	120	102
22124	2	72	27	14
22125	2	207	48	31
22126	2	786	202	191
22127	2	762	170	158
22128	2	989	209	197
22129	2	1167	277	262
22130	2	1006	185	175
22131	2	476	150	111
22132	2	1075	201	193
22133	2	272	92	77
22134	2	962	200	180
22135	2	909	211	195
22136	2	407	107	67
22137	2	1077	268	255
22138	2	216	65	31
22139	2	636	196	178
22140	2	839	254	240
22141	2	124	33	8
22142	2	103	27	7
22143	2	261	96	62
22144	2	1127	288	270
22145	2	1100	230	218
22146	2	938	256	227
22147	2	556	126	115
22148	2	447	114	99
22149	2	210	44	26
22150	2	93	37	20
22151	2	843	179	167
22152	2	229	54	24
22153	2	144	49	25
22154	2	700	171	148
22155	2	970	173	149
22156	2	139	34	19
22157	2	980	215	192
22158	2	235	53	26
22159	2	270	79	34
22160	2	415	159	118
22161	2	435	119	106
22162	2	864	284	271
22163	2	637	158	132
22164	2	379	135	122
22165	2	230	54	46
22166	2	729	172	151
22167	2	697	245	218
22168	2	686	192	182
22169	2	936	222	208
22170	2	922	249	236
22171	2	300	57	47
22172	2	84	24	13
22173	2	144	50	34
22174	2	1239	369	353
22175	2	130	44	13
22176	2	727	164	151
22177	2	1233	226	214
22178	2	774	200	183
22179	2	621	165	144
22180	2	69	19	10
22181	2	110	34	14
22182	2	231	75	62
22183	2	1301	282	271
22184	2	53	27	13
22185	2	225	97	83
22186	2	923	201	188
22187	2	279	57	41
22188	2	221	64	53
22189	2	633	167	152
22190	2	256	101	86
22191	2	220	57	36
22192	2	270	58	43
22193	2	442	142	108
22194	2	454	126	111
22195	2	1264	284	273
22196	2	189	78	43
22197	2	1022	186	177
22198	2	899	178	167
22199	2	293	113	98
22200	2	48	19	8
22201	2	593	167	143
22202	2	1380	339	292
22203	2	166	43	17
22204	2	151	41	20
22205	2	403	117	77
22206	2	159	43	24
22207	2	1070	329	321
22208	2	1168	251	236
22209	2	310	139	121
22210	2	201	50	32
22211	2	1217	217	205
22212	2	444	107	93
22213	2	923	314	297
22214	2	463	119	105
22215	2	417	90	78
22216	2	113	30	15
22217	2	234	72	47
22218	2	1197	277	262
22219	2	77	36	21
22220	2	800	226	217
22221	2	1231	268	256
22222	2	1013	304	289
22223	2	206	111	91
22224	2	281	116	98
22225	2	360	84	71
22226	2	136	61	39
22227	2	224	113	96
22228	2	988	232	218
22229	2	633	152	139
22230	2	859	202	187
22231	2	487	142	126
22232	2	321	75	63
22233	2	1177	331	308
22234	2	1342	284	265
22235	2	228	65	46
22236	2	932	185	167
22237	2	543	231	197
22238	2	548	117	102
22239	2	287	125	97
22240	2	1597	329	317
22241	2	540	119	106
22242	2	424	112	91
22243	2	614	149	139
22244	2	42	23	12
22245	2	1128	220	208
22246	2	902	248	234
22247	2	464	133	107
22248	2	930	308	296
22249	2	108	28	10
22250	2	1413	333	322
22251	2	1159	273	257
22252	2	1084	278	267
22253	2	516	118	93
22254	2	1340	274	259
22255	2	1069	259	242
22256	2	1233	254	241
22257	2	1305	266	250
22258	2	1086	246	216
22259	2	1285	287	271
22260	2	1270	242	228
22261	2	1146	238	225
22262	2	1235	249	231
22263	2	1300	358	333
22264	2	944	237	226
22265	2	215	72	56
22266	2	1320	392	381
22267	2	1267	286	267
22268	2	161	48	20
22269	2	218	47	38
22270	2	886	168	154
22271	2	148	42	20
22272	2	174	40	7
22273	2	106	27	9
22274	2	127	31	10
22275	2	332	95	76
22276	2	425	103	91
22277	2	81	31	16
22278	2	435	89	75
22279	2	1215	318	305
22280	2	1209	240	231
22281	2	1115	270	254
22282	2	570	189	180
22283	2	990	306	292
22284	2	417	98	88
22285	2	1061	206	195
22286	2	495	139	124
22287	2	908	239	225
22288	2	800	174	160
22289	2	1101	277	261
22290	2	204	75	46
22291	2	1187	372	358
22292	2	1413	294	277
22293	2	803	199	188
22294	2	1080	307	290
22295	2	279	98	78
22296	2	1225	352	320
22297	2	111	28	16
22298	2	216	56	44
22299	2	676	172	158
22300	2	159	42	20
22301	2	845	178	167
22302	2	394	105	81
22303	2	267	74	35
22304	2	1258	290	276
22305	2	1265	308	283
22306	2	286	134	98
22307	2	313	103	89
22308	2	551	112	88
22309	2	834	173	154
22310	2	1061	222	209
22311	2	344	94	54
22312	2	1585	336	326
22313	2	855	231	213
22314	2	253	61	49
22315	2	93	23	8
22316	2	310	92	72
22317	2	87	40	29
22318	2	555	111	93
22319	2	1100	303	287
22320	2	1101	248	237
22321	2	777	237	222
22322	2	1262	276	267
22323	2	418	92	83
22324	2	1243	342	332
22325	2	352	98	82
22326	2	114	32	17
22327	2	1194	279	264
22328	2	759	209	189
22329	2	1255	345	327
22330	2	1000	317	306
22331	2	1240	293	282
22332	2	38	23	12
22333	2	90	30	14
22334	2	206	46	35
22335	2	848	192	182
22336	2	210	47	40
22337	2	1124	335	313
22338	2	129	40	25
22339	2	1201	328	313
22340	2	1352	306	295
22341	2	1246	255	240
22342	2	1247	278	269
22343	2	270	59	40
22344	2	436	161	144
22345	2	1256	261	250
22346	2	400	125	111
22347	2	1226	253	243
22348	2	856	230	218
22349	2	168	64	44
22350	2	366	85	75
22351	2	378	124	102
22352	2	887	229	215
22353	2	339	86	76
22354	2	95	41	22
22355	2	696	208	198
22356	2	975	224	210
22357	2	984	221	209
22358	2	1231	292	277
22359	2	297	113	72
22360	2	557	239	214
22361	2	483	114	99
22362	2	283	78	63
22363	2	1159	299	286
22364	2	564	258	237
22365	2	102	27	14
22366	2	192	73	58
22367	2	78	26	10
22368	2	1311	301	288
22369	2	1087	256	243
22370	2	110	28	4
22371	2	277	116	83
22372	2	597	142	125
22373	2	1299	255	244
22374	2	481	187	168
22375	2	208	52	39
22376	2	1463	308	298
22377	2	172	41	26
22378	2	1299	290	279
22379	2	825	170	147
22380	2	119	31	7
22381	2	768	239	219
22382	2	111	33	11
22383	2	1224	262	252
22384	2	1172	259	250
22385	2	942	253	236
22386	2	261	52	39
22387	2	173	64	45
22388	2	284	73	56
22389	2	185	45	30
22390	2	111	38	26
22391	2	736	148	138
22392	2	585	159	146
22393	2	219	59	41
22394	2	148	42	15
22395	2	1103	278	262
22396	2	940	225	215
22397	2	697	198	185
22398	2	848	178	164
22399	2	277	69	25
22400	2	994	214	204
22401	2	1094	318	304
22402	2	1342	311	300
22403	2	254	81	62
22404	2	718	171	149
22405	2	1337	271	259
22406	2	1424	275	257
22407	2	120	32	16
22408	2	1069	295	277
22409	2	451	109	53
22410	2	403	135	126
22411	2	222	75	45
22412	2	586	158	143
22413	2	1225	274	260
22414	2	914	191	179
22415	2	884	274	257
22416	2	104	46	20
22417	2	950	209	180
22418	2	985	244	230
22419	2	208	67	51
22420	2	1095	223	204
22421	2	764	163	149
22422	2	761	158	145
22423	2	406	85	72
22424	2	1071	263	248
22425	2	1514	271	260
22426	2	550	119	110
22427	2	312	96	85
22428	2	94	31	18
22429	2	57	14	7
22430	2	49	17	8
22431	2	135	42	22
22432	2	92	31	9
22433	2	760	198	180
22434	2	154	42	28
22435	2	286	60	46
22436	2	689	143	128
22437	2	219	46	32
22438	2	887	199	183
22439	2	1013	216	203
22440	2	1158	335	325
22441	2	1127	260	242
22442	2	1402	294	276
22443	2	1183	308	291
22444	2	222	50	34
22445	2	1366	304	285
22446	2	210	45	31
22447	2	588	151	133
22448	2	1066	232	218
22449	2	1197	265	254
22450	2	1399	265	252
22451	2	1448	286	270
22452	2	197	71	54
22453	2	57	24	12
22454	2	99	41	20
22455	2	849	217	184
22456	2	333	68	55
22457	2	1075	247	233
22458	2	1423	302	291
22459	2	1013	216	203
22460	2	1129	240	225
22461	2	1097	259	245
22462	2	1236	258	246
22463	2	611	124	114
22464	2	143	38	18
22465	2	676	141	128
22466	2	144	36	30
22467	2	1018	250	235
22468	2	457	167	149
22469	2	36	15	3
22470	2	448	131	83
22471	2	483	113	94
22472	2	245	75	47
22473	2	1128	320	309
22474	2	468	124	115
22475	2	192	72	56
22476	2	1101	269	257
22477	2	1152	336	323
22478	2	1032	212	200
22479	2	431	100	65
22480	2	431	95	71
22481	2	203	62	28
22482	2	1254	270	261
22483	2	661	157	144
22484	2	442	147	123
22485	2	1340	382	369
22486	2	168	46	23
22487	2	852	183	173
22488	2	147	50	38
22489	2	128	42	26
22490	2	179	48	6
22491	2	693	210	194
22492	2	820	158	145
22493	2	1409	284	263
22494	2	378	71	60
22495	2	1088	261	249
22496	2	232	62	41
22497	2	874	172	162
22498	2	251	84	66
22499	2	141	32	15
22500	2	108	35	6
22501	2	141	39	25
22502	2	156	42	31
22503	2	433	106	70
22504	2	423	112	92
22505	2	115	28	13
22506	2	186	45	32
22507	2	429	118	107
22508	2	696	170	153
22509	2	559	139	95
22510	2	777	223	211
22511	2	1176	243	229
22512	2	1098	187	170
22513	2	841	200	174
22514	2	703	173	157
22515	2	644	114	102
22516	2	871	164	152
22517	2	722	135	118
22518	2	450	97	85
22519	2	662	168	151
22520	2	159	61	24
22521	2	598	162	117
22522	2	582	123	108
22523	2	602	189	169
22524	2	899	245	201
22525	2	860	176	160
22526	2	190	61	35
22527	2	135	33	21
22528	2	181	47	35
22529	2	1075	264	247
22530	2	516	126	116
22531	2	98	27	4
22532	2	1139	213	202
22533	2	114	33	19
22534	2	217	72	47
22535	2	298	75	59
22536	2	186	49	36
22537	2	93	35	21
22538	2	1224	216	206
22539	2	216	71	50
22540	2	494	130	112
22541	2	807	224	210
22542	2	1323	329	300
22543	2	513	137	67
22544	2	1084	336	318
22545	2	539	107	96
22546	2	1243	275	264
22547	2	855	195	186
22548	2	500	164	143
22549	2	639	200	189
22550	2	682	156	142
22551	2	579	169	152
22552	2	725	187	173
22553	2	1515	292	283
22554	2	1264	301	289
22555	2	778	226	214
22556	2	787	195	180
22557	2	1043	240	224
22558	2	667	223	192
22559	2	216	50	39
22560	2	667	216	194
22561	2	486	138	124
22562	2	498	149	132
22563	2	234	48	38
22564	2	136	45	28
22565	2	159	41	9
22566	2	1259	272	260
22567	2	106	39	8
22568	2	181	61	43
22569	2	1153	340	323
22570	2	285	57	37
22571	2	827	174	161
22572	2	423	92	80
22573	2	880	271	257
22574	2	420	117	38
22575	2	216	73	49
22576	2	1138	289	264
22577	2	171	49	24
22578	2	146	45	15
22579	2	645	131	121
22580	2	262	75	52
22581	2	154	43	19
22582	2	167	50	26
22583	2	1484	322	310
22584	2	1029	329	314
22585	2	1268	258	247
22586	2	1058	184	171
22587	2	1175	248	234
22588	2	973	443	432
22589	2	572	199	179
22590	2	1047	206	192
22591	2	279	124	112
22592	2	85	32	13
22593	2	102	29	11
22594	2	682	165	154
22595	2	1263	384	371
22596	2	339	70	59
22597	2	1035	286	266
22598	2	983	216	205
22599	2	1481	301	272
22600	2	1397	264	255
22601	2	1193	402	389
22602	2	1185	228	213
22603	2	992	247	233
22604	2	1299	394	377
22605	2	435	129	111
22606	2	1250	311	293
22607	2	236	78	63
22608	2	151	50	32
22609	2	451	107	94
22610	2	1003	280	256
22611	2	329	116	100
22612	2	409	111	92
22613	2	1081	303	292
22614	2	142	49	25
22615	2	1139	307	289
22616	2	117	49	33
22617	2	120	51	32
22618	2	1209	368	346
22619	2	1246	235	226
22620	2	1360	366	347
22621	2	677	145	134
22622	2	1202	244	234
22623	2	1043	340	329
22624	2	111	31	22
22625	2	316	99	65
22626	2	1700	471	453
22627	2	388	88	79
22628	2	107	42	29
22629	2	1110	263	249
22630	2	121	67	47
22631	2	1074	254	239
22632	2	1097	221	212
22633	2	939	192	183
22634	2	995	263	246
22635	2	713	201	153
22636	2	150	38	20
22637	2	1183	362	335
22638	2	644	176	126
22639	2	281	120	61
22640	2	607	150	104
22641	2	1431	313	305
22642	2	1342	280	270
22643	2	1195	326	306
22644	2	122	39	23
22645	2	1247	358	344
22646	2	1344	307	294
22647	2	1484	301	289
22648	2	990	264	243
22649	2	351	111	86
22650	2	654	150	125
22651	2	306	76	58
22652	2	252	59	41
22653	2	223	59	25
22654	2	842	185	172
22655	2	1115	229	218
22656	2	1159	215	203
22657	2	1123	233	223
22658	2	1124	247	238
22659	2	447	107	97
22660	2	1215	245	234
22661	2	1061	213	204
22662	2	698	162	149
22663	2	718	165	153
22664	2	631	172	150
22665	2	742	204	190
22666	2	985	229	219
22667	2	862	196	183
22668	2	105	41	26
22669	2	749	177	167
22670	2	1473	317	307
22671	2	1062	180	168
22672	2	200	86	72
22673	2	1022	201	189
22674	2	426	125	93
22675	2	896	499	473
22676	2	120	31	15
22677	2	290	94	71
22678	2	173	45	30
22679	2	122	58	46
22680	2	1022	269	244
22681	2	90	26	8
22682	2	126	44	33
22683	2	1176	339	325
22684	2	330	100	88
22685	2	261	58	45
22686	2	467	173	152
22687	2	876	276	260
22688	2	297	91	60
22689	2	1167	346	326
22690	2	205	61	31
22691	2	303	65	50
22692	2	66	23	6
22693	2	107	36	13
22694	2	254	94	79
22695	2	353	113	85
22696	2	726	189	172
22697	2	777	262	245
22698	2	224	55	30
22699	2	135	43	24
22700	2	952	293	272
22701	2	176	51	34
22702	2	571	189	167
22703	2	1095	232	218
22704	2	255	66	51
22705	2	517	122	105
22706	2	1057	233	220
22707	2	125	33	20
22708	2	1212	239	225
22709	2	118	43	27
22710	2	115	49	23
22711	2	158	47	25
22712	2	1171	289	274
22713	2	333	93	78
22714	2	863	153	138
22715	2	141	47	26
22716	2	365	113	85
22717	2	479	168	145
22718	2	99	31	20
22719	2	602	226	221
22720	2	123	41	25
22721	2	99	26	8
22722	2	1242	269	257
22723	2	158	47	16
22724	2	1260	279	265
22725	2	533	154	123
22726	2	1362	266	256
22727	2	1074	207	192
22728	2	1336	269	261
22729	2	150	54	35
22730	2	222	72	58
22731	2	1069	275	256
22732	2	655	169	150
22733	2	138	40	14
22734	2	545	120	106
22735	2	211	50	32
22736	2	492	124	112
22737	2	465	122	102
22738	2	52	17	7
22739	2	313	78	63
22740	2	1123	345	329
22741	2	601	121	111
22742	2	774	202	188
22743	2	513	133	122
22744	2	154	41	21
22745	2	498	142	126
22746	2	223	49	35
22747	2	591	115	91
22748	2	600	146	122
22749	2	521	134	93
22750	2	1298	339	312
22751	2	1242	336	325
22752	2	206	61	37
22753	2	1270	338	313
22754	2	126	38	24
22755	2	174	58	25
22756	2	528	109	97
22757	2	117	38	25
22758	2	1114	333	316
22759	2	534	115	97
22760	2	321	98	88
22761	2	747	153	141
22762	2	87	32	20
22763	2	112	31	4
22764	2	78	24	11
22765	2	151	53	42
22766	2	607	201	179
22767	2	514	138	117
22768	2	161	43	24
22769	2	294	58	43
22770	2	159	36	11
22771	2	1120	330	315
22772	2	982	270	256
22773	2	194	58	45
22774	2	678	179	168
22775	2	146	43	15
22776	2	1020	230	215
22777	2	394	102	65
22778	2	556	182	169
22779	2	352	106	92
22780	2	1072	240	230
22781	2	1275	272	248
22782	2	1360	279	263
22783	2	1271	273	250
22784	2	894	206	193
22785	2	648	209	176
22786	2	227	71	48
22787	2	616	120	109
22788	2	197	50	34
22789	2	571	150	134
22790	2	100	31	21
22791	2	351	93	72
22792	2	355	136	115
22793	2	120	40	26
22794	2	1021	256	228
22795	2	1133	351	326
22796	2	136	69	54
22797	2	90	25	9
22798	2	87	24	12
22799	2	1017	200	191
22800	2	137	33	17
22801	2	1381	263	245
22802	2	1466	296	284
22803	2	350	109	90
22804	2	770	206	159
22805	2	763	242	216
22806	2	1002	239	227
22807	2	938	208	194
22808	2	1034	232	222
22809	2	527	109	98
22810	2	947	211	202
22811	2	358	103	90
22812	2	350	123	107
22813	2	641	125	89
22814	2	813	166	149
22815	2	640	147	118
22816	2	1503	349	337
22817	2	1012	218	195
22818	2	120	32	8
22819	2	205	86	62
22820	2	426	157	135
22821	2	973	213	197
22822	2	201	69	60
22823	2	249	57	46
22824	2	345	108	82
22825	2	1357	268	261
22826	2	196	42	30
22827	2	918	255	243
22828	2	1228	275	264
22829	2	1347	363	318
22830	2	757	169	156
22831	2	233	68	49
22832	2	1243	253	243
22833	2	295	75	33
22834	2	1037	179	167
22835	2	213	71	54
22836	2	189	85	72
22837	2	334	105	91
22838	2	318	137	123
22839	2	1292	299	266
22840	2	563	130	114
22841	2	374	115	101
22842	2	182	63	46
22843	2	120	36	18
22844	2	447	108	86
22845	2	584	126	103
22846	2	1406	335	327
22847	2	285	52	43
22848	2	1003	255	237
22849	2	120	40	27
22850	2	773	162	153
22851	2	427	128	109
22852	2	105	32	21
22853	2	100	24	10
22854	2	1359	284	274
22855	2	740	176	124
22856	2	324	92	78
22857	2	384	104	87
22858	2	1011	213	199
22859	2	470	116	100
22860	2	68	25	12
22861	2	357	96	78
22862	2	189	48	38
22863	2	181	58	43
22864	2	674	142	130
22865	2	1420	284	266
22866	2	234	50	36
22867	2	1280	313	296
22868	2	710	202	165
22869	2	890	194	182
22870	2	1103	245	231
22871	2	174	37	24
22872	2	608	174	138
22873	2	179	47	32
22874	2	314	92	82
22875	2	282	83	71
22876	2	990	246	230
22877	2	254	77	66
22878	2	664	162	144
22879	2	1232	279	265
22880	2	291	89	72
22881	2	262	88	56
22882	2	1176	246	222
22883	2	122	31	16
22884	2	540	155	131
22885	2	497	145	120
22886	2	545	172	160
22887	2	956	154	141
22888	2	467	113	100
22889	2	1040	194	183
22890	2	1028	188	178
22891	2	596	129	114
22892	2	776	165	147
22893	2	1338	255	240
22894	2	699	147	101
22895	2	989	270	253
22896	2	257	115	64
22897	2	1267	290	276
22898	2	512	165	152
22899	2	920	311	297
22900	2	383	108	91
22901	2	931	238	226
22902	2	119	37	15
22903	2	1001	264	252
22904	2	30	16	6
22905	2	93	29	9
22906	2	1205	335	307
22907	2	973	301	291
22908	2	416	82	70
22909	2	58	22	10
22910	2	1288	290	280
22911	2	1114	263	252
22912	2	1429	404	394
22913	2	111	35	20
22914	2	126	34	10
22915	2	920	315	302
22916	2	2075	648	640
22917	2	203	70	54
22918	2	258	96	66
22919	2	1275	383	356
22920	2	1286	286	272
22921	2	1065	205	194
22922	2	1358	340	326
22923	2	928	210	196
22924	2	831	213	199
22925	2	1338	256	246
22926	2	447	99	89
22927	2	1005	207	196
22928	2	1106	360	347
22929	2	530	118	102
22930	2	192	50	32
22931	2	573	147	137
22932	2	290	102	85
22933	2	687	156	74
22934	2	207	44	31
22935	2	771	232	217
22936	2	500	170	156
22937	2	1230	276	263
22938	2	738	263	240
22939	2	667	134	106
22940	2	1211	289	277
22941	2	1067	258	248
22942	2	395	116	66
22943	2	322	88	76
22944	2	186	51	35
22945	2	1263	248	239
22946	2	118	46	22
22947	2	281	109	95
22948	2	324	100	77
22949	2	1058	321	309
22950	2	171	41	28
22951	2	183	55	33
22952	2	128	43	12
22953	2	53	18	6
22954	2	146	37	19
22955	2	1123	262	250
22956	2	402	123	85
22957	2	194	74	60
22958	2	336	75	59
22959	2	432	89	61
22960	2	1288	253	242
22961	2	1081	198	183
22962	2	171	40	19
22963	2	965	176	164
22964	2	245	90	56
22965	2	437	99	88
22966	2	121	35	11
22967	2	91	18	4
22968	2	195	47	28
22969	2	278	103	85
22970	2	154	64	50
22971	2	330	86	73
22972	2	139	44	16
22973	2	612	106	87
22974	2	441	132	87
22975	2	872	243	232
22976	2	967	215	205
22977	2	866	211	201
22978	2	613	191	149
22979	2	1218	477	465
22980	2	222	51	26
22981	2	1107	217	205
22982	2	677	145	133
22983	2	564	125	115
22984	2	516	119	104
22985	2	206	102	90
22986	2	483	141	129
22987	2	189	48	30
22988	2	333	83	74
22989	2	51	18	4
22990	2	126	30	18
22991	2	108	31	7
22992	2	898	254	243
22993	2	1340	385	357
22994	2	220	75	60
22995	2	521	149	135
22996	2	186	40	30
22997	2	339	99	84
22998	2	693	219	202
22999	2	459	114	103
23000	2	804	208	189
23001	2	1238	338	304
23002	2	949	205	192
23003	2	879	274	258
23004	2	410	98	37
23005	2	212	67	42
23006	2	653	149	133
23007	2	892	221	208
23008	2	339	153	138
23009	2	516	142	119
23010	2	127	40	25
23011	2	981	209	195
23012	2	366	65	48
23013	2	624	132	115
23014	2	622	194	185
23015	2	585	158	134
23016	2	129	63	37
23017	2	384	83	71
23018	2	554	126	110
23019	2	358	76	68
23020	2	1282	302	287
23021	2	259	72	58
23022	2	1052	224	210
23023	2	970	249	232
23024	2	1152	296	278
23025	2	489	114	95
23026	2	1295	271	259
23027	2	935	199	188
23028	2	677	205	172
23029	2	1284	236	225
23030	2	60	23	10
23031	2	1142	315	301
23032	2	248	81	45
23033	2	472	103	93
23034	2	558	181	167
23035	2	1019	331	308
23036	2	184	68	50
23037	2	504	162	151
23038	2	69	26	12
23039	2	98	37	19
23040	2	110	42	21
23041	2	88	28	12
23042	2	169	59	30
23043	2	317	110	90
23044	2	107	42	21
23045	2	1145	251	236
23046	2	232	93	41
23047	2	1136	339	323
23048	2	235	74	62
23049	2	682	188	176
23050	2	365	110	91
23051	2	147	71	38
23052	2	70	24	7
23053	2	552	164	149
23054	2	216	68	55
23055	2	735	144	129
23056	2	240	56	17
23057	2	1122	223	207
23058	2	474	101	88
23059	2	1386	292	282
23060	2	229	69	37
23061	2	1497	320	302
23062	2	787	227	207
23063	2	1098	254	241
23064	2	344	74	61
23065	2	138	49	35
23066	2	170	49	31
23067	2	198	52	32
23068	2	184	52	18
23069	2	1014	237	219
23070	2	248	63	41
23071	2	792	191	179
23072	2	1172	314	294
23073	2	279	71	26
23074	2	141	35	20
23075	2	120	45	26
23076	2	453	111	96
23077	2	142	37	24
23078	2	124	37	8
23079	2	73	26	7
23080	2	487	113	101
23081	2	125	56	43
23082	2	1106	305	287
23083	2	1219	310	288
23084	2	134	59	50
23085	2	111	32	11
23086	2	1179	339	322
23087	2	555	122	104
23088	2	1092	250	237
23089	2	1233	334	308
23090	2	882	237	219
23091	2	1168	228	219
23092	2	861	277	259
23093	2	73	23	9
23094	2	174	44	22
23095	2	860	269	256
23096	2	946	250	214
23097	2	489	139	124
23098	2	1180	317	305
23099	2	95	36	22
23100	2	1159	270	254
23101	2	660	146	66
23102	2	1015	195	184
23103	2	627	171	154
23104	2	746	160	151
23105	2	548	141	129
23106	2	1004	224	211
23107	2	100	30	8
23108	2	1482	274	258
23109	2	408	141	122
23110	2	1420	262	248
23111	2	1038	270	249
23112	2	598	234	221
23113	2	544	108	83
23114	2	112	44	21
23115	2	427	111	93
23116	2	120	37	12
23117	2	226	56	19
23118	2	730	181	159
23119	2	904	211	201
23120	2	892	314	299
23121	2	713	207	194
23122	2	417	97	82
23123	2	668	179	168
23124	2	818	197	166
23125	2	675	135	118
23126	2	219	47	29
23127	2	868	238	221
23128	2	130	26	6
23129	2	333	86	60
23130	2	1414	276	261
23131	2	212	68	10
23132	2	190	94	77
23133	2	156	49	25
23134	2	969	232	220
23135	2	126	57	41
23136	2	1027	232	219
23137	2	73	30	16
23138	2	985	181	173
23139	2	76	32	8
23140	2	967	209	199
23141	2	129	42	21
23142	2	678	198	183
23143	2	86	31	10
23144	2	892	230	216
23145	2	171	49	38
23146	2	1106	254	246
23147	2	752	190	175
23148	2	1007	252	238
23149	2	270	85	68
23150	2	941	214	176
23151	2	487	137	117
23152	2	1260	260	243
23153	2	128	45	16
23154	2	1167	245	234
23155	2	1167	268	255
23156	2	1109	195	185
23157	2	499	117	102
23158	2	953	177	166
23159	2	1143	226	215
23160	2	1187	255	246
23161	2	204	54	31
23162	2	187	60	50
23163	2	1119	341	325
23164	2	128	41	16
23165	2	1261	287	274
23166	2	1288	298	286
23167	2	1273	461	451
23168	2	1368	244	229
23169	2	542	176	155
23170	2	1173	241	229
23171	2	745	180	162
23172	2	954	197	184
23173	2	647	131	115
23174	2	1328	309	296
23175	2	315	78	53
23176	2	686	135	124
23177	2	974	195	182
23178	2	986	268	252
23179	2	219	72	49
23180	2	157	46	30
23181	2	972	198	188
23182	2	947	243	226
23183	2	327	70	59
23184	2	127	37	11
23185	2	552	204	193
23186	2	819	195	179
23187	2	208	61	45
23188	2	84	46	27
23189	2	418	84	75
23190	2	755	272	251
23191	2	820	188	178
23192	2	443	127	103
23193	2	857	260	245
23194	2	829	187	174
23195	2	663	148	137
23196	2	604	181	109
23197	2	1160	391	372
23198	2	841	180	159
23199	2	1169	263	218
23200	2	547	129	102
23201	2	576	149	119
23202	2	576	164	148
23203	2	1318	284	272
23204	2	670	203	179
23205	2	239	52	35
23206	2	93	24	16
23207	2	257	99	82
23208	2	1017	322	296
23209	2	168	33	22
23210	2	460	107	93
23211	2	1162	240	224
23212	2	677	208	190
23213	2	1382	271	258
23214	2	366	94	82
23215	2	203	49	33
23216	2	1192	296	276
23217	2	193	45	35
23218	2	633	141	127
23219	2	168	38	27
23220	2	1307	302	278
23221	2	391	96	82
23222	2	535	138	52
23223	2	1448	290	274
23224	2	1281	324	297
23225	2	1282	431	410
23226	2	364	119	88
23227	2	241	75	66
23228	2	255	64	34
23229	2	1167	240	225
23230	2	376	103	96
23231	2	1391	442	415
23232	2	1162	233	222
23233	2	887	173	160
23234	2	88	27	11
23235	2	560	160	149
23236	2	87	28	8
23237	2	163	37	19
23238	2	108	34	12
23239	2	174	81	69
23240	2	581	154	138
23241	2	707	148	137
23242	2	177	40	30
23243	2	290	75	56
23244	2	877	179	169
23245	2	195	44	34
23246	2	1427	320	309
23247	2	137	39	17
23248	2	569	168	158
23249	2	82	22	7
23250	2	294	59	44
23251	2	1188	365	343
23252	2	1422	376	364
23253	2	357	62	50
23254	2	1364	297	275
23255	2	266	58	36
23256	2	1539	333	319
23257	2	1202	291	275
23258	2	1000	227	215
23259	2	1081	230	220
23260	2	489	98	81
23261	2	101	33	21
23262	2	1224	355	341
23263	2	959	178	168
23264	2	572	119	104
23265	2	644	166	155
23266	2	1527	308	294
23267	2	811	184	162
23268	2	771	252	237
23269	2	209	73	55
23270	2	1296	325	311
23271	2	193	79	65
23272	2	1122	313	298
23273	2	147	48	23
23274	2	743	303	291
23275	2	511	126	110
23276	2	255	53	44
23277	2	977	240	229
23278	2	669	141	128
23279	2	676	202	174
23280	2	1318	315	301
23281	2	138	36	25
23282	2	840	390	361
23283	2	1192	342	321
23284	2	1158	330	311
23285	2	107	34	17
23286	2	116	36	20
23287	2	932	189	179
23288	2	198	49	33
23289	2	1092	199	190
23290	2	141	41	18
23291	2	147	37	17
23292	2	836	259	237
23293	2	1037	289	272
23294	2	1399	310	286
23295	2	1111	398	388
23296	2	977	306	273
23297	2	1331	302	287
23298	2	525	108	98
23299	2	126	57	28
23300	2	455	145	131
23301	2	924	353	329
23302	2	1011	216	205
23303	2	512	154	131
23304	2	714	174	161
23305	2	90	26	7
23306	2	122	67	56
23307	2	587	137	124
23308	2	128	51	37
23309	2	465	122	90
23310	2	147	48	34
23311	2	492	117	95
23312	2	293	114	94
23313	2	330	90	55
23314	2	608	171	140
23315	2	1102	345	329
23316	2	1285	292	266
23317	2	1197	243	230
23318	2	1032	266	248
23319	2	1183	344	333
23320	2	1363	352	322
23321	2	848	181	170
23322	2	450	105	97
23323	2	53	25	14
23324	2	426	124	92
23325	2	657	157	145
23326	2	330	66	56
23327	2	93	32	17
23328	2	306	74	60
23329	2	105	38	13
23330	2	221	49	35
23331	2	372	101	69
23332	2	582	196	182
23333	2	619	159	145
23334	2	558	109	97
23335	2	111	32	23
23336	2	1231	283	272
23337	2	1286	294	282
23338	2	831	294	281
23339	2	890	308	289
23340	2	417	109	75
23341	2	278	74	52
23342	2	193	68	58
23343	2	54	20	9
23344	2	969	302	278
23345	2	142	37	10
23346	2	397	103	83
23347	2	989	282	260
23348	2	915	237	207
23349	2	88	34	10
23350	2	1140	268	243
23351	2	1373	262	243
23352	2	710	143	118
23353	2	1261	327	303
23354	2	972	198	189
23355	2	258	67	42
23356	2	345	77	66
23357	2	987	267	231
23358	2	947	217	196
23359	2	576	125	94
23360	2	243	52	41
23361	2	330	84	71
23362	2	763	156	129
23363	2	1382	273	258
23364	2	572	147	115
23365	2	1110	294	280
23366	2	52	31	17
23367	2	982	253	245
23368	2	128	40	26
23369	2	926	244	236
23370	2	680	147	135
23371	2	1374	296	287
23372	2	239	98	83
23373	2	756	152	140
23374	2	198	62	46
23375	2	824	141	130
23376	2	1314	284	261
23377	2	459	107	86
23378	2	315	57	38
23379	2	264	50	38
23380	2	438	96	86
23381	2	1332	243	231
23382	2	694	122	108
23383	2	877	262	241
23384	2	1161	199	189
23385	2	1066	271	244
23386	2	166	47	25
23387	2	410	111	72
23388	2	180	38	28
23389	2	372	115	104
23390	2	890	214	204
23391	2	1132	266	257
23392	2	267	52	43
23393	2	805	179	167
23394	2	1195	381	368
23395	2	290	146	132
23396	2	1320	389	372
23397	2	1389	292	280
23398	2	1138	240	225
23399	2	1066	204	186
23400	2	795	155	147
23401	2	168	44	18
23402	2	1121	321	305
23403	2	777	211	197
23404	2	988	201	182
23405	2	314	65	38
23406	2	280	72	32
23407	2	321	76	49
23408	2	312	87	73
23409	2	781	245	233
23410	2	1157	259	240
23411	2	751	162	148
23412	2	588	139	118
23413	2	865	226	194
23414	2	56	23	11
23415	2	125	48	20
23416	2	552	195	170
23417	2	307	78	60
23418	2	129	45	25
23419	2	319	93	76
23420	2	84	33	18
23421	2	368	108	87
23422	2	611	234	199
23423	2	1251	327	310
23424	2	891	190	176
23425	2	1140	242	227
23426	2	1085	255	243
23427	2	1066	339	303
23428	2	64	38	22
23429	2	1348	299	286
23430	2	1022	233	218
23431	2	120	29	17
23432	2	800	169	159
23433	2	351	89	79
23434	2	512	142	131
23435	2	1189	277	263
23436	2	1288	269	254
23437	2	1106	289	276
23438	2	492	90	77
23439	2	933	230	216
23440	2	743	196	159
23441	2	1212	266	254
23442	2	243	60	41
23443	2	1264	362	345
23444	2	159	49	35
23445	2	210	63	34
23446	2	354	95	80
23447	2	1066	358	333
23448	2	91	33	10
23449	2	818	159	147
23450	2	1028	250	239
23451	2	553	175	149
23452	2	1220	400	386
23453	2	1202	247	236
23454	2	882	267	250
23455	2	272	81	67
23456	2	306	97	27
23457	2	94	41	8
23458	2	1011	301	287
23459	2	998	231	221
23460	2	265	72	25
23461	2	442	169	154
23462	2	140	29	15
23463	2	829	205	190
23464	2	168	45	16
23465	2	806	196	183
23466	2	1189	352	338
23467	2	1371	242	227
23468	2	112	28	8
23469	2	463	101	88
23470	2	1272	251	235
23471	2	1099	352	337
23472	2	136	56	37
23473	2	177	36	24
23474	2	642	128	94
23475	2	748	206	195
23476	2	82	39	11
23477	2	88	27	14
23478	2	132	33	17
23479	2	106	39	16
23480	2	1279	333	319
23481	2	950	180	171
23482	2	185	55	25
23483	2	354	115	100
23484	2	564	160	148
23485	2	1319	320	301
23486	2	949	178	167
23487	2	94	37	16
23488	2	1200	271	261
23489	2	1229	245	234
23490	2	1091	266	253
23491	2	981	203	188
23492	2	88	40	18
23493	2	957	201	188
23494	2	1042	281	267
23495	2	530	216	203
23496	2	94	56	40
23497	2	748	202	191
23498	2	340	92	76
23499	2	455	106	87
23500	2	332	102	74
23501	2	1267	244	234
23502	2	165	43	23
23503	2	570	120	106
23504	2	499	123	112
23505	2	1478	384	367
23506	2	229	69	40
23507	2	220	68	52
23508	2	1156	270	258
23509	2	189	51	34
23510	2	196	73	60
23511	2	893	175	162
23512	2	570	191	177
23513	2	1122	216	205
23514	2	371	80	68
23515	2	1254	231	222
23516	2	1104	207	193
23517	2	352	83	18
23518	2	315	105	91
23519	2	194	86	63
23520	2	459	80	71
23521	2	425	119	100
23522	2	1213	359	334
23523	2	918	194	184
23524	2	257	82	65
23525	2	1506	352	320
23526	2	1207	293	271
23527	2	667	217	206
23528	2	143	49	31
23529	2	885	205	191
23530	2	206	60	36
23531	2	170	48	10
23532	2	905	168	157
23533	2	80	34	18
23534	2	1109	306	289
23535	2	201	62	48
23536	2	327	81	65
23537	2	487	140	126
23538	2	481	142	128
23539	2	487	152	89
23540	2	164	57	40
23541	2	826	224	206
23542	2	628	173	160
23543	2	775	221	203
23544	2	1381	288	277
23545	2	1213	275	232
23546	2	931	194	183
23547	2	950	229	212
23548	2	779	177	161
23549	2	1307	293	281
23550	2	1091	221	212
23551	2	1223	258	237
23552	2	1233	270	256
23553	2	252	49	39
23554	2	1297	306	295
23555	2	137	46	34
23556	2	1196	277	261
23557	2	1272	288	278
23558	2	337	114	90
23559	2	1033	242	224
23560	2	798	190	176
23561	2	1286	305	291
23562	2	704	224	198
23563	2	86	27	14
23564	2	770	188	165
23565	2	499	123	106
23566	2	1287	336	324
23567	2	1264	297	284
23568	2	807	239	212
23569	2	686	187	176
23570	2	109	36	22
23571	2	1302	296	279
23572	2	964	282	264
23573	2	1541	423	411
23574	2	1436	342	328
23575	2	1204	222	202
23576	2	1081	232	216
23577	2	307	106	52
23578	2	1450	291	280
23579	2	1214	256	244
23580	2	1190	241	228
23581	2	351	68	57
23582	2	1144	231	220
23583	2	114	29	21
23584	2	398	129	114
23585	2	354	112	88
23586	2	847	183	164
23587	2	949	203	188
23588	2	1007	195	184
23589	2	180	57	20
23590	2	721	201	192
23591	2	323	93	63
23592	2	1279	248	235
23593	2	830	173	165
23594	2	384	99	82
23595	2	208	64	47
23596	2	92	37	21
23597	2	180	65	52
23598	2	1139	313	297
23599	2	159	59	44
23600	2	286	96	64
23601	2	272	73	60
23602	2	120	39	21
23603	2	128	46	26
23604	2	111	29	10
23605	2	256	74	51
23606	2	135	29	19
23607	2	183	55	35
23608	2	194	68	49
23609	2	145	34	18
23610	2	227	65	34
23611	2	228	44	35
23612	2	618	120	108
23613	2	1058	302	290
23614	2	172	46	27
23615	2	1025	257	238
23616	2	332	100	88
23617	2	90	27	14
23618	2	186	40	30
23619	2	555	165	148
23620	2	572	180	139
23621	2	941	276	263
23622	2	830	215	196
23623	2	70	39	29
23624	2	560	155	132
23625	2	1044	231	216
23626	2	76	33	10
23627	2	319	103	89
23628	2	210	69	49
23629	2	662	202	185
23630	2	456	105	94
23631	2	607	165	150
23632	2	549	97	86
23633	2	288	91	80
23634	2	1048	214	192
23635	2	258	63	36
23636	2	1399	271	260
23637	2	1080	310	297
23638	2	1098	220	210
23639	2	173	63	44
23640	2	1244	303	293
23641	2	757	213	196
23642	2	1158	285	269
23643	2	273	102	92
23644	2	896	311	297
23645	2	1102	299	283
23646	2	1176	319	307
23647	2	1248	252	242
23648	2	1174	372	358
23649	2	826	227	214
23650	2	1315	256	245
23651	2	1243	291	273
23652	2	1034	244	228
23653	2	1091	250	236
23654	2	108	29	14
23655	2	531	105	93
23656	2	180	43	27
23657	2	140	45	20
23658	2	925	197	187
23659	2	693	148	139
23660	2	984	160	147
23661	2	483	105	93
23662	2	836	177	168
23663	2	96	33	15
23664	2	762	181	167
23665	2	324	79	50
23666	2	375	84	59
23667	2	686	176	161
23668	2	118	43	14
23669	2	31	21	9
23670	2	246	71	54
23671	2	1050	260	250
23672	2	381	112	97
23673	2	768	170	158
23674	2	1060	300	279
23675	2	126	53	33
23676	2	187	71	57
23677	2	1138	245	231
23678	2	1143	219	208
23679	2	1220	272	261
23680	2	1324	260	241
23681	2	757	139	106
23682	2	813	304	287
23683	2	1043	208	196
23684	2	803	227	207
23685	2	530	113	101
23686	2	1053	314	288
23687	2	137	46	29
23688	2	588	172	144
23689	2	368	115	94
23690	2	962	322	297
23691	2	538	156	144
23692	2	108	40	16
23693	2	154	44	22
23694	2	208	89	49
23695	2	366	95	77
23696	2	96	24	8
23697	2	242	93	78
23698	2	437	144	130
23699	2	59	26	2
23700	2	1322	239	227
23701	2	1248	302	284
23702	2	189	52	22
23703	2	810	234	205
23704	2	975	323	306
23705	2	405	107	71
23706	2	99	26	15
23707	2	498	140	129
23708	2	1070	224	211
23709	2	1373	267	252
23710	2	1111	258	243
23711	2	887	172	160
23712	2	233	72	60
23713	2	198	58	51
23714	2	383	101	91
23715	2	838	278	263
23716	2	1076	205	194
23717	2	1099	318	307
23718	2	128	37	25
23719	2	404	104	92
23720	2	658	234	221
23721	2	393	139	123
23722	2	580	102	93
23723	2	311	74	57
23724	2	352	118	93
23725	2	1304	275	261
23726	2	1361	334	314
23727	2	437	93	82
23728	2	736	182	167
23729	2	492	126	114
23730	2	316	101	87
23731	2	223	70	32
23732	2	260	110	98
23733	2	1242	295	285
23734	2	1334	316	303
23735	2	810	170	159
23736	2	890	224	212
23737	2	243	55	42
23738	2	469	127	106
23739	2	107	49	40
23740	2	84	28	10
23741	2	497	163	148
23742	2	349	84	46
23743	2	689	194	170
23744	2	588	200	187
23745	2	1285	294	285
23746	2	550	159	136
23747	2	141	43	23
23748	2	173	73	62
23749	2	349	70	58
23750	2	1119	237	226
23751	2	1249	290	274
23752	2	164	58	33
23753	2	418	116	98
23754	2	490	110	102
23755	2	940	314	300
23756	2	270	65	45
23757	2	148	42	23
23758	2	840	214	199
23759	2	520	150	136
23760	2	47	19	3
23761	2	139	56	46
23762	2	681	157	144
23763	2	128	55	46
23764	2	104	42	27
23765	2	1058	282	270
23766	2	829	218	207
23767	2	929	228	208
23768	2	1050	388	376
23769	2	183	36	26
23770	2	49	25	9
23771	2	622	150	138
23772	2	477	122	109
23773	2	117	39	23
23774	2	1092	300	280
23775	2	681	184	163
23776	2	321	72	49
23777	2	140	40	24
23778	2	109	39	24
23779	2	698	145	133
23780	2	1086	208	198
23781	2	217	75	63
23782	2	189	73	48
23783	2	211	64	42
23784	2	449	210	194
23785	2	935	245	228
23786	2	207	54	29
23787	2	633	171	154
23788	2	294	81	55
23789	2	1292	298	282
23790	2	725	216	201
23791	2	467	142	121
23792	2	1003	228	215
23793	2	173	44	21
23794	2	195	58	44
23795	2	571	137	117
23796	2	477	131	116
23797	2	185	74	64
23798	2	390	109	92
23799	2	1251	323	309
23800	2	121	35	11
23801	2	359	128	111
23802	2	226	66	40
23803	2	672	160	151
23804	2	505	147	133
23805	2	406	100	66
23806	2	1176	334	317
23807	2	231	51	39
23808	2	873	243	222
23809	2	204	54	5
23810	2	335	101	49
23811	2	161	41	28
23812	2	902	278	264
23813	2	745	182	169
23814	2	1206	292	267
23815	2	375	84	73
23816	2	487	128	112
23817	2	360	74	64
23818	2	1074	277	259
23819	2	531	147	131
23820	2	262	109	92
23821	2	887	251	235
23822	2	747	172	161
23823	2	261	67	12
23824	2	411	140	107
23825	2	882	221	208
23826	2	673	177	168
23827	2	861	201	187
23828	2	1467	293	277
23829	2	218	61	52
23830	2	1313	269	256
23831	2	558	119	104
23832	2	1422	309	298
23833	2	1335	329	318
23834	2	617	140	128
23835	2	64	19	5
23836	2	1285	326	301
23837	2	1131	260	245
23838	2	932	251	212
23839	2	528	168	137
23840	2	158	37	17
23841	2	459	121	110
23842	2	276	68	57
23843	2	298	75	58
23844	2	156	41	13
23845	2	311	81	73
23846	2	85	21	5
23847	2	180	57	37
23848	2	1086	233	224
23849	2	122	39	24
23850	2	942	237	211
23851	2	410	88	69
23852	2	1124	270	257
23853	2	588	132	117
23854	2	849	208	185
23855	2	1126	327	305
23856	2	1105	232	223
23857	2	460	171	151
23858	2	1222	337	320
23859	2	1165	346	323
23860	2	81	25	14
23861	2	728	189	175
23862	2	114	44	28
23863	2	1129	337	321
23864	2	544	191	175
23865	2	1195	314	299
23866	2	440	140	126
23867	2	74	30	16
23868	2	79	38	26
23869	2	1337	281	266
23870	2	849	200	187
23871	2	89	28	11
23872	2	831	220	207
23873	2	141	46	3
23874	2	298	72	35
23875	2	942	186	175
23876	2	584	160	137
23877	2	697	143	126
23878	2	471	105	94
23879	2	589	142	116
23880	2	1232	310	297
23881	2	1103	297	287
23882	2	168	47	31
23883	2	507	138	126
23884	2	448	105	94
23885	2	1066	232	223
23886	2	420	93	80
23887	2	247	62	40
23888	2	634	145	130
23889	2	332	94	74
23890	2	1337	281	259
23891	2	246	72	38
23892	2	1299	261	243
23893	2	598	188	175
23894	2	108	32	7
23895	2	163	50	33
23896	2	100	33	11
23897	2	96	30	11
23898	2	1332	295	281
23899	2	763	194	161
23900	2	1202	250	240
23901	2	172	61	43
23902	2	1029	220	206
23903	2	261	51	39
23904	2	1180	253	241
23905	2	501	202	169
23906	2	204	41	30
23907	2	285	72	56
23908	2	171	41	27
23909	2	1098	365	346
23910	2	327	74	49
23911	2	457	115	75
23912	2	1339	260	230
23913	2	288	56	39
23914	2	979	231	221
23915	2	322	67	54
23916	2	818	188	175
23917	2	1301	297	279
23918	2	979	235	221
23919	2	710	150	135
23920	2	1313	274	264
23921	2	1323	310	300
23922	2	290	93	46
23923	2	810	182	172
23924	2	199	49	17
23925	2	114	38	28
23926	2	71	37	20
23927	2	120	34	25
23928	2	168	43	14
23929	2	86	29	7
23930	2	261	58	46
23931	2	199	99	85
23932	2	96	29	17
23933	2	467	121	111
23934	2	889	233	226
23935	2	749	150	139
23936	2	1159	233	224
23937	2	938	282	267
23938	2	659	137	127
23939	2	342	80	66
23940	2	934	205	195
23941	2	100	47	27
23942	2	170	46	31
23943	2	993	240	229
23944	2	263	83	73
23945	2	147	44	31
23946	2	571	153	141
23947	2	1055	208	191
23948	2	825	180	118
23949	2	615	173	154
23950	2	117	28	12
23951	2	465	163	144
23952	2	177	53	35
23953	2	285	92	77
23954	2	90	28	16
23955	2	240	68	58
23956	2	615	149	124
23957	2	117	33	17
23958	2	180	56	19
23959	2	956	181	157
23960	2	597	128	110
23961	2	1292	322	309
23962	2	956	239	227
23963	2	153	49	39
23964	2	594	145	121
23965	2	81	24	8
23966	2	1018	236	225
23967	2	941	217	201
23968	2	165	56	39
23969	2	1169	358	332
23970	2	1117	246	236
23971	2	519	110	99
23972	2	312	64	54
23973	2	455	127	108
23974	2	825	183	152
23975	2	618	152	134
23976	2	991	220	204
23977	2	597	139	123
23978	2	555	119	105
23979	2	818	208	193
23980	2	1232	242	232
23981	2	1299	289	275
23982	2	235	60	38
23983	2	603	134	55
23984	2	1060	250	237
23985	2	816	248	228
23986	2	1336	328	310
23987	2	515	128	111
23988	2	150	46	35
23989	2	66	26	15
23990	2	563	141	127
23991	2	525	99	89
23992	2	1178	273	258
23993	2	1305	505	485
23994	2	793	149	139
23995	2	803	253	240
23996	2	142	48	14
23997	2	367	128	115
23998	2	596	177	163
23999	2	232	111	89
24000	2	516	208	182
24001	2	1268	315	306
24002	2	392	107	90
24003	2	167	50	33
24004	2	712	223	189
24005	2	183	61	44
24006	2	468	92	80
24007	2	774	217	203
24008	2	1021	294	277
24009	2	594	139	128
24010	2	576	120	100
24011	2	235	50	35
24012	2	1003	332	310
24013	2	123	35	22
24014	2	1035	219	208
24015	2	1065	269	244
24016	2	1162	294	285
24017	2	1174	239	221
24018	2	754	163	154
24019	2	1315	314	297
24020	2	1032	295	280
24021	2	348	100	73
24022	2	1075	251	238
24023	2	564	165	153
24024	2	457	124	109
24025	2	688	166	150
24026	2	1173	265	252
24027	2	985	262	249
24028	2	504	115	104
24029	2	1086	261	248
24030	2	112	41	29
24031	2	841	210	202
24032	2	1202	335	324
24033	2	1124	312	301
24034	2	1181	251	238
24035	2	1105	234	224
24036	2	360	73	59
24037	2	1122	323	308
24038	2	1319	277	265
24039	2	69	28	9
24040	2	1407	286	269
24041	2	264	130	120
24042	2	1400	289	276
24043	2	1155	299	283
24044	2	1281	242	227
24045	2	969	219	204
24046	2	462	129	120
24047	2	1007	187	174
24048	2	1067	323	309
24049	2	399	77	56
24050	2	1105	263	246
24051	2	149	45	19
24052	2	1262	300	290
24053	2	267	70	62
24054	2	252	100	80
24055	2	718	182	163
24056	2	646	180	159
24057	2	805	183	171
24058	2	373	161	148
24059	2	180	43	27
24060	2	1086	227	207
24061	2	157	54	33
24062	2	1336	279	266
24063	2	895	277	262
24064	2	467	155	140
24065	2	1383	251	241
24066	2	917	167	159
24067	2	1141	421	405
24068	2	404	128	113
24069	2	1215	317	291
24070	2	1133	221	204
24071	2	1027	370	345
24072	2	1230	269	253
24073	2	143	33	17
24074	2	221	66	55
24075	2	859	269	232
24076	2	533	149	142
24077	2	372	69	57
24078	2	1134	323	311
24079	2	397	92	79
24080	2	1058	334	323
24081	2	550	134	123
24082	2	1271	297	283
24083	2	856	239	227
24084	2	1128	214	200
24085	2	1035	266	252
24086	2	413	104	81
24087	2	198	46	18
24088	2	764	156	143
24089	2	72	40	26
24090	2	426	96	85
24091	2	1288	250	239
24092	2	1193	324	295
24093	2	147	33	21
24094	2	279	92	50
24095	2	1319	264	241
24096	2	1089	221	206
24097	2	885	144	133
24098	2	173	59	36
24099	2	92	24	8
24100	2	439	130	116
24101	2	185	98	87
24102	2	1020	238	225
24103	2	126	48	24
24104	2	104	32	12
24105	2	855	231	222
24106	2	219	72	44
24107	2	508	157	128
24108	2	633	165	153
24109	2	631	289	277
24110	2	202	48	31
24111	2	996	236	220
24112	2	222	48	34
24113	2	195	37	24
24114	2	1296	372	355
24115	2	1363	292	267
24116	2	770	203	194
24117	2	136	40	7
24118	2	1152	343	319
24119	2	1211	273	261
24120	2	1100	284	272
24121	2	137	50	27
24122	2	997	235	222
24123	2	1289	321	309
24124	2	323	127	114
24125	2	437	99	83
24126	2	478	122	108
24127	2	390	104	98
24128	2	1026	233	223
24129	2	569	229	200
24130	2	156	40	29
24131	2	1281	285	273
24132	2	459	149	122
24133	2	114	33	13
24134	2	81	25	10
24135	2	395	108	94
24136	2	111	37	25
24137	2	1083	226	217
24138	2	1342	243	234
24139	2	219	53	27
24140	2	98	30	12
24141	2	179	50	29
24142	2	225	91	58
24143	2	148	49	25
24144	2	994	206	178
24145	2	293	89	69
24146	2	818	178	161
24147	2	315	93	70
24148	2	888	278	265
24149	2	255	64	49
24150	2	354	130	115
24151	2	342	112	94
24152	2	1069	281	269
24153	2	180	33	22
24154	2	162	54	26
24155	2	144	39	24
24156	2	572	178	167
24157	2	138	37	16
24158	2	94	30	12
24159	2	93	25	17
24160	2	997	280	258
24161	2	403	99	68
24162	2	102	32	21
24163	2	498	136	104
24164	2	1029	194	179
24165	2	235	58	35
24166	2	1167	342	325
24167	2	165	31	11
24168	2	420	94	81
24169	2	252	95	71
24170	2	557	154	142
24171	2	177	57	25
24172	2	102	30	14
24173	2	98	40	25
24174	2	1294	227	216
24175	2	429	83	69
24176	2	1330	289	278
24177	2	90	33	16
24178	2	874	192	180
24179	2	283	68	50
24180	2	1455	281	271
24181	2	507	133	123
24182	2	762	268	257
24183	2	912	208	197
24184	2	598	161	150
24185	2	510	100	88
24186	2	1241	232	221
24187	2	983	188	177
24188	2	958	269	256
24189	2	95	52	24
24190	2	1020	267	252
24191	2	919	231	217
24192	2	966	297	279
24193	2	172	51	38
24194	2	1438	312	300
24195	2	1021	193	181
24196	2	1215	276	267
24197	2	1075	242	225
24198	2	1541	421	411
24199	2	1116	225	213
24200	2	964	332	318
24201	2	1047	265	257
24202	2	1234	257	248
24203	2	1058	259	236
24204	2	1281	319	304
24205	2	1097	323	313
24206	2	801	139	129
24207	2	1177	341	328
24208	2	963	287	278
24209	2	655	143	127
24210	2	599	184	169
24211	2	802	190	178
24212	2	203	64	31
24213	2	894	234	207
24214	2	121	44	25
24215	2	115	30	10
24216	2	1284	302	289
24217	2	114	40	29
24218	2	1376	266	253
24219	2	576	179	167
24220	2	261	81	66
24221	2	1242	281	266
24222	2	1217	312	297
24223	2	160	59	36
24224	2	694	242	227
24225	2	1226	330	312
24226	2	502	130	113
24227	2	912	181	166
24228	2	77	35	23
24229	2	304	103	81
24230	2	177	66	43
24231	2	1207	380	361
24232	2	318	54	42
24233	2	1888	680	655
24234	2	1169	289	274
24235	2	1202	256	240
24236	2	650	203	187
24237	2	1681	332	316
24238	2	1076	248	234
24239	2	1222	329	310
24240	2	1275	268	256
24241	2	1087	315	299
24242	2	1116	228	218
24243	2	1143	256	236
24244	2	216	52	26
24245	2	491	240	222
24246	2	1189	357	342
24247	2	1055	264	248
24248	2	263	93	73
24249	2	192	69	45
24250	2	151	50	36
24251	2	479	137	120
24252	2	851	269	258
24253	2	998	257	245
24254	2	373	90	78
24255	2	405	78	69
24256	2	306	96	77
24257	2	128	50	34
24258	2	91	34	18
24259	2	188	67	30
24260	2	375	87	66
24261	2	228	74	32
24262	2	1286	372	361
24263	2	365	104	76
24264	2	408	79	63
24265	2	453	138	114
24266	2	833	210	194
24267	2	276	64	28
24268	2	967	197	187
24269	2	657	146	114
24270	2	601	139	126
24271	2	1355	291	275
24272	2	102	38	17
24273	2	1251	306	288
24274	2	272	73	36
24275	2	502	112	101
24276	2	1271	324	307
24277	2	78	23	6
24278	2	96	26	6
24279	2	1436	557	545
24280	2	97	30	11
24281	2	1130	311	300
24282	2	263	54	43
24283	2	627	249	220
24284	2	95	30	14
24285	2	404	116	88
24286	2	174	36	23
24287	2	120	40	22
24288	2	677	265	238
24289	2	567	206	187
24290	2	400	111	91
24291	2	438	114	91
24292	2	381	119	95
24293	2	475	129	113
24294	2	1045	252	240
24295	2	736	154	140
24296	2	1227	380	366
24297	2	113	39	27
24298	2	1094	193	182
24299	2	486	147	124
24300	2	1174	296	285
24301	2	1358	333	311
24302	2	225	60	31
24303	2	125	35	13
24304	2	306	66	27
24305	2	1046	198	186
24306	2	1284	265	253
24307	2	1259	311	295
24308	2	796	181	146
24309	2	816	164	102
24310	2	1003	279	265
24311	2	1024	307	291
24312	2	677	142	123
24313	2	1829	636	618
24314	2	1150	244	226
24315	2	724	272	247
24316	2	213	72	63
24317	2	219	70	33
24318	2	441	118	80
24319	2	345	96	76
24320	2	150	36	21
24321	2	1175	263	253
24322	2	1215	337	321
24323	2	726	160	140
24324	2	269	61	41
24325	2	938	203	192
24326	2	990	185	175
24327	2	474	109	94
24328	2	228	47	37
24329	2	1111	207	194
24330	2	1109	232	219
24331	2	784	184	169
24332	2	1382	313	304
24333	2	713	161	146
24334	2	409	107	96
24335	2	943	202	183
24336	2	1032	223	206
24337	2	243	57	41
24338	2	1351	318	303
24339	2	1213	343	329
24340	2	1129	233	216
24341	2	799	189	170
24342	2	943	292	280
24343	2	873	237	227
24344	2	1250	268	255
24345	2	336	83	63
24346	2	1104	217	204
24347	2	723	234	220
24348	2	393	124	104
24349	2	916	236	229
24350	2	181	66	56
24351	2	744	323	297
24352	2	554	193	174
24353	2	253	78	38
24354	2	610	202	192
24355	2	153	38	19
24356	2	84	24	9
24357	2	568	249	194
24358	2	506	109	99
24359	2	113	44	20
24360	2	720	192	175
24361	2	510	140	115
24362	2	213	105	61
24363	2	74	31	13
24364	2	93	37	20
24365	2	937	242	232
24366	2	126	43	25
24367	2	888	230	211
24368	2	386	104	87
24369	2	151	81	66
24370	2	375	103	87
24371	2	53	28	13
24372	2	559	137	123
24373	2	764	208	197
24374	2	104	41	15
24375	2	924	254	240
24376	2	113	35	18
24377	2	119	43	24
24378	2	476	133	106
24379	2	427	121	93
24380	2	95	38	22
24381	2	514	175	161
24382	2	127	38	15
24383	2	1202	294	271
24384	2	1046	292	249
24385	2	570	222	205
24386	2	1431	326	317
24387	2	1151	242	228
24388	2	534	115	103
24389	2	312	86	68
24390	2	848	256	237
24391	2	504	141	125
24392	2	60	20	10
24393	2	57	23	9
24394	2	752	203	183
24395	2	1222	275	261
24396	2	227	95	83
24397	2	379	106	70
24398	2	360	176	160
24399	2	315	75	53
24400	2	959	219	207
24401	2	1055	336	321
24402	2	773	139	130
24403	2	1055	300	288
24404	2	183	78	60
24405	2	417	86	70
24406	2	888	286	269
24407	2	1243	354	337
24408	2	344	75	57
24409	2	1327	293	270
24410	2	989	250	237
24411	2	102	29	12
24412	2	120	39	21
24413	2	228	45	33
24414	2	1207	230	219
24415	2	905	346	330
24416	2	388	106	83
24417	2	980	207	195
24418	2	135	37	20
24419	2	340	76	63
24420	2	180	37	26
24421	2	751	181	166
24422	2	813	212	202
24423	2	445	113	93
24424	2	638	200	187
24425	2	1040	199	185
24426	2	1266	276	263
24427	2	1085	214	203
24428	2	206	77	39
24429	2	117	27	19
24430	2	960	307	285
24431	2	1357	297	282
24432	2	1130	278	265
24433	2	1334	289	279
24434	2	1005	179	164
24435	2	1361	285	272
24436	2	116	45	31
24437	2	1282	283	272
24438	2	313	73	60
24439	2	435	97	44
24440	2	142	32	13
24441	2	1091	267	244
24442	2	354	91	65
24443	2	719	213	195
24444	2	930	217	208
24445	2	1301	276	260
24446	2	1004	252	243
24447	2	845	166	155
24448	2	1197	319	307
24449	2	1225	347	328
24450	2	908	253	242
24451	2	354	79	68
24452	2	160	40	29
24453	2	969	501	462
24454	2	1274	276	263
24455	2	1274	254	238
24456	2	463	138	90
24457	2	1241	257	245
24458	2	612	120	91
24459	2	445	93	38
24460	2	420	117	91
24461	2	435	127	114
24462	2	585	187	168
24463	2	1124	228	212
24464	2	358	121	108
24465	2	798	188	177
24466	2	831	143	131
24467	2	1005	208	195
24468	2	1244	243	232
24469	2	468	80	70
24470	2	772	234	219
24471	2	841	232	219
24472	2	510	117	100
24473	2	881	189	177
24474	2	317	83	65
24475	2	1337	261	248
24476	2	1202	245	232
24477	2	44	19	7
24478	2	1497	291	281
24479	2	1353	296	285
24480	2	994	185	173
24481	2	397	102	93
24482	2	403	164	144
24483	2	132	39	28
24484	2	112	29	9
24485	2	103	34	13
24486	2	1107	291	279
24487	2	114	44	24
24488	2	257	61	33
24489	2	247	66	21
24490	2	211	75	51
24491	2	1180	331	314
24492	2	1493	445	425
24493	2	336	76	63
24494	2	1102	230	210
24495	2	351	75	59
24496	2	1044	222	207
24497	2	1104	350	334
24498	2	563	147	122
24499	2	139	37	18
24500	2	288	98	78
24501	2	507	96	80
24502	2	1120	223	210
24503	2	82	26	15
24504	2	364	107	86
24505	2	1195	323	308
24506	2	1032	225	212
24507	2	109	51	42
24508	2	908	165	155
24509	2	139	36	12
24510	2	976	300	288
24511	2	933	234	219
24512	2	158	79	67
24513	2	260	94	47
24514	2	168	36	24
24515	2	128	37	20
24516	2	245	61	39
24517	2	384	84	74
24518	2	51	22	12
24519	2	165	40	22
24520	2	196	69	37
24521	2	934	214	196
24522	2	208	72	51
24523	2	179	44	22
24524	2	246	58	48
24525	2	470	135	122
24526	2	602	168	157
24527	2	117	33	15
24528	2	1013	330	316
24529	2	1355	266	255
24530	2	816	170	145
24531	2	1031	245	227
24532	2	397	83	70
24533	2	844	213	198
24534	2	255	92	70
24535	2	1591	392	377
24536	2	1052	236	222
24537	2	82	22	7
24538	2	743	306	292
24539	2	591	128	110
24540	2	453	103	93
24541	2	870	201	190
24542	2	519	188	172
24543	2	267	58	47
24544	2	1217	369	349
24545	2	714	205	194
24546	2	452	123	107
24547	2	111	42	16
24548	2	671	148	139
24549	2	96	30	9
24550	2	303	77	61
24551	2	165	47	15
24552	2	228	69	30
24553	2	232	52	41
24554	2	781	167	152
24555	2	711	249	237
24556	2	741	173	161
24557	2	1161	340	327
24558	2	1110	269	247
24559	2	82	23	11
24560	2	102	37	26
24561	2	1183	322	305
24562	2	526	124	112
24563	2	628	142	131
24564	2	1480	306	294
24565	2	1119	203	191
24566	2	488	116	106
24567	2	533	160	133
24568	2	1522	300	290
24569	2	316	70	47
24570	2	41	17	6
24571	2	173	82	66
24572	2	682	178	166
24573	2	253	86	60
24574	2	108	30	16
24575	2	230	90	68
24576	2	139	59	28
24577	2	719	246	222
24578	2	1568	345	330
24579	2	658	161	136
24580	2	243	45	35
24581	2	706	174	159
24582	2	429	154	133
24583	2	1198	236	223
24584	2	145	40	20
24585	2	248	81	63
24586	2	216	63	44
24587	2	945	296	276
24588	2	92	30	10
24589	2	1167	255	223
24590	2	838	161	147
24591	2	267	104	87
24592	2	148	49	30
24593	2	105	27	7
24594	2	1195	296	272
24595	2	1160	250	238
24596	2	893	240	224
24597	2	417	84	65
24598	2	247	47	30
24599	2	858	239	223
24600	2	696	222	209
24601	2	1058	285	268
24602	2	1105	271	255
24603	2	1228	299	281
24604	2	1212	275	261
24605	2	1031	262	249
24606	2	683	200	187
24607	2	1049	359	349
24608	2	159	40	12
24609	2	75	22	12
24610	2	126	36	18
24611	2	86	25	9
24612	2	225	42	32
24613	2	44	18	3
24614	2	128	37	14
24615	2	93	23	8
24616	2	108	31	12
24617	2	87	26	10
24618	2	111	33	8
24619	2	354	103	84
24620	2	111	29	7
24621	2	287	93	70
24622	2	615	182	163
24623	2	1129	253	240
24624	2	858	191	160
24625	2	245	56	37
24626	2	1071	257	246
24627	2	1670	333	320
24628	2	588	130	115
24629	2	621	127	117
24630	2	1059	220	204
24631	2	1383	276	265
24632	2	687	178	167
24633	2	518	173	150
24634	2	109	39	13
24635	2	269	57	42
24636	2	400	147	117
24637	2	713	164	141
24638	2	735	181	167
24639	2	543	168	154
24640	2	1100	279	263
24641	2	929	313	297
24642	2	893	225	185
24643	2	692	165	137
24644	2	829	176	159
24645	2	821	278	258
24646	2	163	60	43
24647	2	1219	327	311
24648	2	325	110	96
24649	2	1460	284	271
24650	2	1257	300	289
24651	2	1195	242	235
24652	2	276	81	71
24653	2	415	162	145
24654	2	165	70	52
24655	2	1019	462	437
24656	2	291	95	70
24657	2	1115	406	391
24658	2	644	149	135
24659	2	767	163	152
24660	2	1321	287	275
24661	2	170	62	38
24662	2	1257	266	255
24663	2	1226	202	187
24664	2	726	157	145
24665	2	383	90	56
24666	2	953	205	190
24667	2	1380	286	272
24668	2	1133	252	238
24669	2	161	42	10
24670	2	1177	328	314
24671	2	1197	350	330
24672	2	902	231	219
24673	2	88	28	4
24674	2	997	201	189
24675	2	1200	259	245
24676	2	810	186	173
24677	2	434	127	113
24678	2	983	238	224
24679	2	242	75	67
24680	2	1424	261	247
24681	2	894	239	227
24682	2	109	31	10
24683	2	1209	326	311
24684	2	1074	215	198
24685	2	72	31	14
24686	2	1820	534	513
24687	2	140	41	19
24688	2	462	124	106
24689	2	1102	225	215
24690	2	1297	225	209
24691	2	1332	271	258
24692	2	345	71	62
24693	2	1153	310	296
24694	2	562	153	138
24695	2	193	53	28
24696	2	110	33	20
24697	2	472	92	81
24698	2	1030	315	296
24699	2	803	200	184
24700	2	1164	330	315
24701	2	104	30	12
24702	2	1442	346	334
24703	2	563	176	158
24704	2	980	219	198
24705	2	1196	318	302
24706	2	764	232	220
24707	2	1221	380	370
24708	2	451	215	205
24709	2	270	76	58
24710	2	1095	289	273
24711	2	1295	311	300
24712	2	877	214	200
24713	2	625	147	137
24714	2	882	183	171
24715	2	1305	336	326
24716	2	614	150	140
24717	2	534	123	100
24718	2	440	102	93
24719	2	363	81	64
24720	2	409	85	70
24721	2	1285	244	232
24722	2	141	32	20
24723	2	348	104	93
24724	2	474	121	103
24725	2	960	192	179
24726	2	740	144	133
24727	2	1215	242	229
24728	2	801	151	133
24729	2	1263	244	233
24730	2	1237	283	263
24731	2	433	122	110
24732	2	549	136	122
24733	2	597	133	117
24734	2	317	71	55
24735	2	753	218	205
24736	2	250	115	102
24737	2	312	69	54
24738	2	1237	307	294
24739	2	305	83	65
24740	2	697	165	144
24741	2	258	67	39
24742	2	1430	351	317
24743	2	410	113	99
24744	2	765	205	196
24745	2	399	104	82
24746	2	42	28	16
24747	2	895	394	335
24748	2	664	187	168
24749	2	1312	259	249
24750	2	135	36	17
24751	2	118	34	12
24752	2	1288	329	316
24753	2	1463	301	288
24754	2	464	89	77
24755	2	569	118	100
24756	2	349	84	66
24757	2	1317	266	252
24758	2	129	40	25
24759	2	803	178	166
24760	2	640	180	160
24761	2	256	57	44
24762	2	1139	279	266
24763	2	108	52	39
24764	2	648	205	189
24765	2	855	277	263
24766	2	1221	354	337
24767	2	117	51	28
24768	2	915	258	245
24769	2	942	216	203
24770	2	292	86	62
24771	2	231	53	31
24772	2	260	68	54
24773	2	135	27	14
24774	2	1389	290	278
24775	2	995	252	238
24776	2	186	47	26
24777	2	1164	221	207
24778	2	241	60	38
24779	2	970	189	176
24780	2	479	127	94
24781	2	912	271	246
24782	2	210	46	32
24783	2	329	106	80
24784	2	430	146	118
24785	2	269	54	29
24786	2	117	32	22
24787	2	1003	301	260
24788	2	354	76	62
24789	2	570	150	132
24790	2	1269	330	318
24791	2	546	135	124
24792	2	1276	286	278
24793	2	1180	338	326
24794	2	313	99	76
24795	2	256	74	62
24796	2	85	41	30
24797	2	963	255	241
24798	2	355	116	77
24799	2	1284	405	383
24800	2	82	31	21
24801	2	167	59	47
24802	2	313	91	77
24803	2	897	267	234
24804	2	145	35	12
24805	2	323	79	57
24806	2	529	140	119
24807	2	553	122	114
24808	2	288	74	63
24809	2	274	80	56
24810	2	493	162	128
24811	2	206	52	20
24812	2	279	68	51
24813	2	702	184	156
24814	2	528	147	134
24815	2	1398	248	236
24816	2	75	27	16
24817	2	421	99	86
24818	2	729	154	141
24819	2	660	167	149
24820	2	1159	268	256
24821	2	349	118	109
24822	2	369	125	104
24823	2	301	80	62
24824	2	86	36	26
24825	2	887	234	212
24826	2	471	164	145
24827	2	114	25	9
24828	2	76	31	11
24829	2	387	79	67
24830	2	51	23	10
24831	2	158	45	14
24832	2	840	204	188
24833	2	156	53	29
24834	2	143	37	13
24835	2	870	205	194
24836	2	790	156	143
24837	2	261	61	51
24838	2	982	261	250
24839	2	102	24	9
24840	2	221	72	58
24841	2	1065	250	237
24842	2	191	54	39
24843	2	1012	203	192
24844	2	381	96	85
24845	2	1060	262	152
24846	2	147	76	62
24847	2	1025	224	213
24848	2	1183	242	231
24849	2	298	76	50
24850	2	433	112	103
24851	2	835	191	181
24852	2	473	127	114
24853	2	1039	235	223
24854	2	718	138	129
24855	2	252	46	36
24856	2	145	36	16
24857	2	121	31	6
24858	2	252	57	43
24859	2	1238	330	318
24860	2	606	182	164
24861	2	1462	379	364
24862	2	144	76	68
24863	2	222	57	45
24864	2	535	154	132
24865	2	102	34	24
24866	2	999	243	212
24867	2	749	234	207
24868	2	661	192	178
24869	2	1368	255	242
24870	2	881	252	239
24871	2	559	119	105
24872	2	1088	244	233
24873	2	1184	318	306
24874	2	1263	262	249
24875	2	676	141	124
24876	2	1218	320	301
24877	2	531	119	112
24878	2	100	33	12
24879	2	870	252	238
24880	2	1321	334	317
24881	2	75	22	12
24882	2	1098	249	236
24883	2	948	245	232
24884	2	48	19	5
24885	2	135	49	34
24886	2	635	126	98
24887	2	354	84	65
24888	2	480	135	90
24889	2	1403	310	283
24890	2	503	158	139
24891	2	1316	272	261
24892	2	405	102	66
24893	2	142	53	36
24894	2	1327	293	283
24895	2	148	36	12
24896	2	613	145	128
24897	2	318	62	49
24898	2	1374	309	299
24899	2	1065	218	208
24900	2	1053	276	258
24901	2	189	39	28
24902	2	661	117	93
24903	2	1364	250	237
24904	2	195	46	29
24905	2	132	35	14
24906	2	1291	282	263
24907	2	157	38	15
24908	2	436	119	100
24909	2	1319	324	313
24910	2	315	68	56
24911	2	750	174	158
24912	2	1187	349	333
24913	2	1346	285	274
24914	2	1241	299	291
24915	2	1461	319	309
24916	2	1386	439	421
24917	2	1005	302	291
24918	2	280	59	40
24919	2	957	220	203
24920	2	1199	339	324
24921	2	106	33	17
24922	2	363	77	66
24923	2	991	275	256
24924	2	1165	318	301
24925	2	511	138	130
24926	2	111	32	19
24927	2	753	253	243
24928	2	107	38	21
24929	2	1148	317	297
24930	2	682	188	178
24931	2	498	125	113
24932	2	1258	347	332
24933	2	258	57	33
24934	2	638	151	137
24935	2	504	181	132
24936	2	1234	254	243
24937	2	188	58	25
24938	2	721	152	139
24939	2	393	96	76
24940	2	420	95	82
24941	2	252	83	71
24942	2	876	203	190
24943	2	87	35	19
24944	2	501	106	93
24945	2	542	125	111
24946	2	417	144	132
24947	2	184	54	31
24948	2	384	88	73
24949	2	594	146	132
24950	2	583	146	133
24951	2	92	37	23
24952	2	1227	297	282
24953	2	1276	285	273
24954	2	1635	311	289
24955	2	1313	356	337
24956	2	633	159	115
24957	2	755	173	152
24958	2	1270	251	233
24959	2	1364	288	270
24960	2	1166	366	341
24961	2	181	83	66
24962	2	1140	280	266
24963	2	1257	242	228
24964	2	932	249	219
24965	2	300	102	66
24966	2	459	108	94
24967	2	947	273	258
24968	2	757	242	228
24969	2	989	267	254
24970	2	1011	247	235
24971	2	932	339	324
24972	2	736	163	140
24973	2	223	49	35
24974	2	535	105	90
24975	2	928	256	240
24976	2	708	216	201
24977	2	409	123	89
24978	2	1163	308	294
24979	2	1057	331	316
24980	2	1234	455	441
24981	2	1197	252	242
24982	2	1287	309	293
24983	2	758	214	194
24984	2	1254	267	258
24985	2	1172	337	319
24986	2	941	198	186
24987	2	1131	229	220
24988	2	360	89	78
24989	2	351	114	101
24990	2	1178	273	258
24991	2	943	268	255
24992	2	1047	233	222
24993	2	522	110	101
24994	2	1241	276	264
24995	2	80	30	12
24996	2	133	59	40
24997	2	1587	335	325
24998	2	408	82	72
24999	2	207	50	33
25000	2	281	100	79
25001	2	276	68	59
25002	2	192	44	25
25003	2	151	54	41
25004	2	893	224	206
25005	2	378	98	83
25006	2	385	125	102
25007	2	445	101	84
25008	2	591	170	141
25009	2	201	46	27
25010	2	1346	272	248
25011	2	258	56	45
25012	2	536	181	149
25013	2	240	66	54
25014	2	94	27	2
25015	2	540	119	101
25016	2	1101	299	281
25017	2	141	38	11
25018	2	1307	314	291
25019	2	761	165	156
25020	2	714	142	131
25021	2	106	36	10
25022	2	996	240	227
25023	2	1218	267	253
25024	2	1178	265	251
25025	2	570	173	162
25026	2	114	36	18
25027	2	842	178	167
25028	2	1109	241	229
25029	2	101	29	8
25030	2	135	38	14
25031	2	991	200	189
25032	2	680	224	213
25033	2	1279	287	276
25034	2	1034	251	240
25035	2	1321	276	261
25036	2	1312	309	298
25037	2	576	141	133
25038	2	1194	328	307
25039	2	673	197	182
25040	2	816	249	236
25041	2	503	158	106
25042	2	1159	282	270
25043	2	1283	319	310
25044	2	145	52	35
25045	2	957	269	240
25046	2	440	104	74
25047	2	690	196	167
25048	2	1067	250	221
25049	2	294	86	75
25050	2	221	100	85
25051	2	437	117	86
25052	2	441	92	83
25053	2	402	130	112
25054	2	132	47	36
25055	2	179	56	40
25056	2	1201	432	418
25057	2	1236	353	335
25058	2	622	142	129
25059	2	769	161	147
25060	2	1131	203	191
25061	2	1407	303	290
25062	2	1396	342	324
25063	2	1454	299	284
25064	2	1105	203	188
25065	2	364	104	90
25066	2	1106	204	189
25067	2	112	26	7
25068	2	874	289	272
25069	2	231	49	37
25070	2	852	266	254
25071	2	541	112	107
25072	2	597	164	123
25073	2	563	175	161
25074	2	963	438	363
25075	2	540	92	78
25076	2	231	56	44
25077	2	335	113	94
25078	2	993	191	172
25079	2	566	128	103
25080	2	1044	301	287
25081	2	147	47	30
25082	2	252	59	46
25083	2	977	252	240
25084	2	421	162	144
25085	2	1046	451	397
25086	2	638	199	183
25087	2	1323	264	249
25088	2	996	238	223
25089	2	1514	317	301
25090	2	1194	257	240
25091	2	917	184	172
25092	2	1144	349	325
25093	2	76	24	6
25094	2	963	191	177
25095	2	816	177	166
25096	2	177	68	49
25097	2	429	98	88
25098	2	1076	312	298
25099	2	1303	293	279
25100	2	165	51	35
25101	2	737	154	144
25102	2	456	136	117
25103	2	101	40	25
25104	2	497	118	104
25105	2	171	44	20
25106	2	45	27	12
25107	2	1083	236	223
25108	2	154	45	9
25109	2	1119	205	190
25110	2	468	87	79
25111	2	180	45	32
25112	2	1387	316	301
25113	2	659	204	182
25114	2	245	104	61
25115	2	262	85	42
25116	2	1402	325	315
25117	2	279	104	44
25118	2	130	73	51
25119	2	562	170	164
25120	2	564	138	120
25121	2	91	27	10
25122	2	70	25	14
25123	2	1129	316	299
25124	2	1400	318	305
25125	2	476	115	103
25126	2	104	25	14
25127	2	288	58	51
25128	2	156	36	17
25129	2	567	137	121
25130	2	302	109	95
25131	2	420	109	94
25132	2	164	50	40
25133	2	225	51	44
25134	2	367	93	79
25135	2	391	104	91
25136	2	1146	236	224
25137	2	1073	223	211
25138	2	562	170	149
25139	2	1381	314	298
25140	2	811	150	140
25141	2	261	63	52
25142	2	108	40	22
25143	2	148	62	51
25144	2	156	39	20
25145	2	260	63	40
25146	2	252	74	59
25147	2	1002	244	218
25148	2	602	133	118
25149	2	1414	300	287
25150	2	519	130	119
25151	2	777	190	172
25152	2	1031	278	266
25153	2	168	41	29
25154	2	76	31	9
25155	2	261	79	26
25156	2	123	35	24
25157	2	85	39	16
25158	2	92	35	15
25159	2	290	79	71
25160	2	459	120	87
25161	2	1329	350	327
25162	2	219	62	51
25163	2	596	118	108
25164	2	1194	294	273
25165	2	1400	255	245
25166	2	1063	268	254
25167	2	102	44	15
25168	2	820	245	208
25169	2	1392	244	227
25170	2	790	164	149
25171	2	248	106	78
25172	2	102	33	20
25173	2	809	255	215
25174	2	517	159	148
25175	2	571	191	156
25176	2	643	155	137
25177	2	1497	301	275
25178	2	801	173	140
25179	2	595	186	153
25180	2	134	44	32
25181	2	103	28	7
25182	2	771	256	244
25183	2	715	148	139
25184	2	1001	320	295
25185	2	599	124	112
25186	2	693	248	189
25187	2	474	93	82
25188	2	1347	290	277
25189	2	201	44	33
25190	2	628	183	172
25191	2	759	155	140
25192	2	237	54	36
25193	2	1412	325	308
25194	2	876	177	172
25195	2	1028	179	165
25196	2	1161	292	282
25197	2	932	213	196
25198	2	1199	310	297
25199	2	1166	390	367
25200	2	558	164	115
25201	2	812	174	159
25202	2	128	47	21
25203	2	995	398	379
25204	2	915	177	157
25205	2	990	194	161
25206	2	944	188	177
25207	2	466	94	70
25208	2	95	40	19
25209	2	808	240	175
25210	2	108	41	24
25211	2	639	165	128
25212	2	1083	261	243
25213	2	603	183	164
25214	2	1227	400	376
25215	2	699	228	207
25216	2	932	279	259
25217	2	976	263	244
25218	2	486	146	116
25219	2	1255	312	297
25220	2	872	194	181
25221	2	140	37	10
25222	2	204	45	35
25223	2	174	133	118
25224	2	252	88	74
25225	2	298	91	62
25226	2	624	130	115
25227	2	690	164	138
25228	2	98	35	17
25229	2	197	93	51
25230	2	653	126	114
25231	2	483	104	86
25232	2	1213	249	236
25233	2	833	285	266
25234	2	1278	300	286
25235	2	982	237	218
25236	2	169	64	49
25237	2	1312	263	247
25238	2	110	49	21
25239	2	381	112	85
25240	2	152	62	42
25241	2	231	88	59
25242	2	285	113	97
25243	2	555	162	143
25244	2	1133	296	278
25245	2	459	102	80
25246	2	264	59	46
25247	2	1391	279	263
25248	2	602	206	193
25249	2	901	176	158
25250	2	649	206	192
25251	2	985	194	182
25252	2	841	213	202
25253	2	48	16	2
25254	2	132	40	15
25255	2	213	58	29
25256	2	283	72	63
25257	2	133	41	23
25258	2	111	33	11
25259	2	417	102	83
25260	2	126	39	12
25261	2	1173	372	359
25262	2	316	74	44
25263	2	319	117	107
25264	2	52	29	19
25265	2	142	41	13
25266	2	1395	258	238
25267	2	657	131	91
25268	2	778	222	205
25269	2	480	98	82
25270	2	172	83	70
25271	2	249	63	47
25272	2	142	30	13
25273	2	476	173	152
25274	2	260	100	85
25275	2	1316	268	256
25276	2	518	115	92
25277	2	322	82	71
25278	2	1229	229	214
25279	2	348	92	71
25280	2	165	49	28
25281	2	986	275	263
25282	2	687	129	110
25283	2	781	166	155
25284	2	1126	228	215
25285	2	213	48	36
25286	2	276	67	43
25287	2	125	36	13
25288	2	207	49	34
25289	2	1251	348	324
25290	2	906	203	192
25291	2	1077	290	273
25292	2	95	31	11
25293	2	203	55	41
25294	2	174	54	32
25295	2	135	35	23
25296	2	586	183	164
25297	2	308	79	57
25298	2	983	242	229
25299	2	501	148	127
25300	2	1131	332	311
25301	2	321	84	68
25302	2	902	203	185
25303	2	763	156	127
25304	2	1038	225	203
25305	2	255	65	46
25306	2	198	55	37
25307	2	527	99	87
25308	2	1067	304	285
25309	2	1347	399	384
25310	2	1192	291	275
25311	2	1048	213	198
25312	2	555	113	92
25313	2	1535	321	308
25314	2	859	218	200
25315	2	515	101	87
25316	2	1186	280	269
25317	2	1450	273	262
25318	2	999	246	225
25319	2	231	36	29
25320	2	413	87	53
25321	2	943	208	172
25322	2	246	57	48
25323	2	294	68	27
25324	2	143	36	17
25325	2	121	44	23
25326	2	293	68	43
25327	2	992	216	206
25328	2	444	111	98
25329	2	1032	211	199
25330	2	675	157	144
25331	2	1208	262	252
25332	2	1130	337	324
25333	2	932	217	204
25334	2	927	231	219
25335	2	415	111	79
25336	2	305	61	51
25337	2	361	95	79
25338	2	132	33	23
25339	2	210	53	35
25340	2	902	198	188
25341	2	881	177	166
25342	2	1166	232	222
25343	2	398	137	120
25344	2	230	72	56
25345	2	354	87	70
25346	2	129	39	19
25347	2	174	71	54
25348	2	86	37	18
25349	2	716	226	213
25350	2	638	193	176
25351	2	168	50	25
25352	2	311	96	80
25353	2	52	26	14
25354	2	472	128	114
25355	2	141	37	29
25356	2	103	38	24
25357	2	1112	279	269
25358	2	666	168	152
25359	2	438	105	89
25360	2	157	49	36
25361	2	755	173	165
25362	2	81	26	13
25363	2	56	26	12
25364	2	382	94	69
25365	2	125	43	19
25366	2	337	109	99
25367	2	37	18	5
25368	2	127	31	10
25369	2	500	140	120
25370	2	1046	230	217
25371	2	158	64	50
25372	2	92	27	16
25373	2	162	31	22
25374	2	85	33	17
25375	2	230	66	41
25376	2	1242	249	236
25377	2	530	114	101
25378	2	137	43	27
25379	2	1128	249	237
25380	2	970	322	311
25381	2	176	41	27
25382	2	89	36	23
25383	2	1425	355	342
25384	2	549	138	124
25385	2	1315	254	245
25386	2	379	139	113
25387	2	329	68	55
25388	2	960	316	303
25389	2	1407	299	276
25390	2	1559	310	293
25391	2	1051	245	219
25392	2	921	251	215
25393	2	1105	216	203
25394	2	773	293	277
25395	2	1315	269	256
25396	2	1409	302	290
25397	2	739	173	154
25398	2	237	70	56
25399	2	255	61	49
25400	2	542	131	92
25401	2	180	42	15
25402	2	222	74	62
25403	2	155	52	26
25404	2	631	161	137
25405	2	66	21	4
25406	2	240	60	48
25407	2	526	133	108
25408	2	186	45	37
25409	2	100	34	13
25410	2	543	134	121
25411	2	112	30	10
25412	2	975	188	179
25413	2	213	49	16
25414	2	131	35	19
25415	2	252	59	43
25416	2	757	174	163
25417	2	1428	298	286
25418	2	620	150	135
25419	2	681	136	126
25420	2	1353	395	375
25421	2	1308	405	390
25422	2	1079	325	313
25423	2	664	184	173
25424	2	158	52	25
25425	2	219	80	58
25426	2	550	211	190
25427	2	215	97	83
25428	2	301	96	30
25429	2	911	165	152
25430	2	1183	248	235
25431	2	158	35	18
25432	2	1096	202	188
25433	2	141	38	14
25434	2	1415	273	260
25435	2	1138	248	233
25436	2	1372	328	315
25437	2	571	206	191
25438	2	786	279	266
25439	2	993	271	261
25440	2	448	123	108
25441	2	577	208	192
25442	2	96	23	6
25443	2	435	103	77
25444	2	359	116	93
25445	2	242	60	49
25446	2	266	68	58
25447	2	57	19	6
25448	2	347	118	93
25449	2	787	198	167
25450	2	315	81	67
25451	2	123	29	17
25452	2	130	40	17
25453	2	125	41	27
25454	2	202	52	42
25455	2	75	26	9
25456	2	174	40	32
25457	2	1328	453	417
25458	2	462	95	75
25459	2	252	63	31
25460	2	292	71	58
25461	2	248	75	37
25462	2	138	31	18
25463	2	813	193	170
25464	2	1172	282	270
25465	2	83	26	12
25466	2	259	92	54
25467	2	1211	290	276
25468	2	1315	292	278
25469	2	224	66	52
25470	2	409	100	58
25471	2	673	155	141
25472	2	198	43	10
25473	2	707	153	138
25474	2	871	168	156
25475	2	1072	219	208
25476	2	1035	297	290
25477	2	92	26	16
25478	2	1349	283	272
25479	2	159	45	21
25480	2	1008	210	194
25481	2	966	213	201
25482	2	1088	236	225
25483	2	723	171	159
25484	2	1426	296	287
25485	2	1306	309	291
25486	2	1220	248	235
25487	2	1288	250	239
25488	2	49	17	2
25489	2	1569	294	281
25490	2	105	34	20
25491	2	600	129	97
25492	2	646	191	161
25493	2	56	23	12
25494	2	709	221	206
25495	2	540	108	89
25496	2	1016	277	263
25497	2	1123	269	255
25498	2	561	110	84
25499	2	111	38	13
25500	2	144	38	15
25501	2	182	49	25
25502	2	142	42	22
25503	2	101	40	21
25504	2	776	234	218
25505	2	104	34	8
25506	2	240	58	44
25507	2	1151	232	223
25508	2	1339	282	269
25509	2	1055	248	237
25510	2	1111	227	220
25511	2	1183	214	202
25512	2	1140	342	327
25513	2	1210	352	339
25514	2	1155	288	279
25515	2	716	180	163
25516	2	1107	269	260
25517	2	873	178	170
25518	2	706	188	162
25519	2	617	187	147
25520	2	1206	257	242
25521	2	179	62	42
25522	2	1197	268	257
25523	2	613	204	182
25524	2	991	195	177
25525	2	461	112	100
25526	2	1118	260	248
25527	2	1105	255	237
25528	2	198	41	28
25529	2	534	102	81
25530	2	1204	259	242
25531	2	1146	331	315
25532	2	1158	228	213
25533	2	1287	226	216
25534	2	790	150	138
25535	2	1295	264	248
25536	2	153	38	12
25537	2	1197	303	288
25538	2	429	142	110
25539	2	91	30	9
25540	2	1173	364	348
25541	2	1150	306	294
25542	2	1220	232	223
25543	2	1155	317	300
25544	2	1048	322	307
25545	2	727	191	171
25546	2	141	40	23
25547	2	233	64	49
25548	2	66	26	14
25549	2	873	233	213
25550	2	1271	274	261
25551	2	108	47	32
25552	2	808	166	155
25553	2	834	169	160
25554	2	770	255	248
25555	2	1262	288	279
25556	2	929	237	224
25557	2	141	37	22
25558	2	261	63	51
25559	2	1137	272	260
25560	2	559	115	90
25561	2	474	99	87
25562	2	810	196	181
25563	2	122	42	20
25564	2	1066	271	258
25565	2	522	233	207
25566	2	776	153	134
25567	2	1154	295	282
25568	2	603	167	155
25569	2	645	235	202
25570	2	1186	333	313
25571	2	1235	369	357
25572	2	1158	361	350
25573	2	402	134	114
25574	2	1224	282	270
25575	2	691	157	141
25576	2	175	42	9
25577	2	485	116	101
25578	2	381	83	70
25579	2	503	189	168
25580	2	611	195	181
25581	2	969	329	316
25582	2	225	53	39
25583	2	347	84	55
25584	2	69	25	11
25585	2	563	119	107
25586	2	97	35	12
25587	2	214	43	38
25588	2	118	35	25
25589	2	129	44	31
25590	2	612	191	177
25591	2	124	44	23
25592	2	1094	241	227
25593	2	1552	400	389
25594	2	199	46	33
25595	2	838	238	224
25596	2	181	64	47
25597	2	246	56	48
25598	2	146	39	9
25599	2	237	51	33
25600	2	721	445	431
25601	2	445	197	161
25602	2	51	29	13
25603	2	64	24	9
25604	2	336	88	72
25605	2	1296	318	300
25606	2	594	155	131
25607	2	558	123	108
25608	2	1132	248	230
25609	2	990	230	219
25610	2	693	216	203
25611	2	716	152	141
25612	2	389	100	80
25613	2	153	36	23
25614	2	127	42	21
25615	2	126	37	29
25616	2	279	57	45
25617	2	564	151	139
25618	2	698	141	131
25619	2	1172	314	289
25620	2	120	22	14
25621	2	240	69	53
25622	2	541	170	156
25623	2	478	148	131
25624	2	1281	325	310
25625	2	1089	228	198
25626	2	1266	283	271
25627	2	1053	371	359
25628	2	890	238	226
25629	2	632	226	208
25630	2	1585	382	359
25631	2	284	110	96
25632	2	1405	305	293
25633	2	942	184	171
25634	2	571	115	100
25635	2	111	29	14
25636	2	369	78	66
25637	2	144	44	25
25638	2	171	63	53
25639	2	308	92	73
25640	2	697	223	200
25641	2	244	81	43
25642	2	624	149	139
25643	2	1174	307	295
25644	2	269	67	53
25645	2	351	78	32
25646	2	959	188	178
25647	2	176	43	27
25648	2	111	31	21
25649	2	195	42	28
25650	2	284	63	51
25651	2	369	125	110
25652	2	1187	319	308
25653	2	108	32	3
25654	2	773	191	178
25655	2	710	191	158
25656	2	371	107	84
25657	2	1016	311	291
25658	2	232	65	46
25659	2	688	196	178
25660	2	411	125	102
25661	2	884	238	227
25662	2	327	79	58
25663	2	237	76	31
25664	2	76	28	5
25665	2	181	55	43
25666	2	94	32	19
25667	2	175	52	17
25668	2	1016	266	253
25669	2	30	16	4
25670	2	465	97	85
25671	2	1183	238	227
25672	2	597	125	114
25673	2	1053	282	272
25674	2	184	53	37
25675	2	268	65	56
25676	2	387	106	95
25677	2	908	188	171
25678	2	617	148	112
25679	2	117	43	33
25680	2	1255	328	313
25681	2	100	27	5
25682	2	115	39	20
25683	2	186	62	46
25684	2	129	50	25
25685	2	351	115	99
25686	2	217	70	43
25687	2	844	164	145
25688	2	99	30	11
25689	2	231	56	47
25690	2	1277	380	362
25691	2	353	91	57
25692	2	201	66	42
25693	2	1214	295	281
25694	2	964	316	299
25695	2	340	142	130
25696	2	1508	335	322
25697	2	687	138	128
25698	2	1389	278	266
25699	2	537	122	114
25700	2	567	168	157
25701	2	1510	404	381
25702	2	506	142	116
25703	2	1075	312	297
25704	2	768	202	169
25705	2	1074	175	161
25706	2	647	134	125
25707	2	1236	286	269
25708	2	379	97	43
25709	2	1205	290	278
25710	2	164	50	36
25711	2	1393	275	262
25712	2	1089	264	254
25713	2	779	161	150
25714	2	1260	240	227
25715	2	477	151	138
25716	2	1291	268	257
25717	2	376	119	106
25718	2	886	297	282
25719	2	336	64	56
25720	2	258	69	58
25721	2	96	41	31
25722	2	543	136	122
25723	2	63	26	14
25724	2	81	23	13
25725	2	258	88	74
25726	2	310	80	66
25727	2	198	42	32
25728	2	811	278	264
25729	2	267	66	49
25730	2	408	106	89
25731	2	1245	338	320
25732	2	357	94	82
25733	2	969	216	204
25734	2	1008	236	224
25735	2	399	168	96
25736	2	154	40	18
25737	2	84	24	6
25738	2	324	100	79
25739	2	267	60	46
25740	2	144	64	49
25741	2	183	44	32
25742	2	410	113	99
25743	2	84	22	15
25744	2	205	68	48
25745	2	1164	362	344
25746	2	1204	344	324
25747	2	1257	344	324
25748	2	145	41	17
25749	2	474	113	100
25750	2	1134	299	283
25751	2	818	171	160
25752	2	1321	306	287
25753	2	452	129	101
25754	2	833	237	220
25755	2	483	102	63
25756	2	225	43	31
25757	2	1438	322	309
25758	2	816	186	163
25759	2	440	90	59
25760	2	102	36	14
25761	2	98	42	15
25762	2	537	127	111
25763	2	1047	286	276
25764	2	427	111	93
25765	2	1264	311	291
25766	2	141	34	20
25767	2	1047	196	181
25768	2	435	88	79
25769	2	1469	304	292
25770	2	1177	217	207
25771	2	1106	286	273
25772	2	94	33	7
25773	2	1233	320	307
25774	2	1189	343	317
25775	2	189	60	47
25776	2	820	256	241
25777	2	1002	246	227
25778	2	1424	259	247
25779	2	947	242	232
25780	2	571	140	126
25781	2	908	307	241
25782	2	735	139	123
25783	2	1310	261	247
25784	2	357	75	49
25785	2	663	171	157
25786	2	1036	210	199
25787	2	484	114	76
25788	2	1159	381	366
25789	2	135	51	27
25790	2	630	184	170
25791	2	843	179	172
25792	2	1105	250	241
25793	2	101	29	8
25794	2	1602	380	366
25795	2	337	83	70
25796	2	894	293	280
25797	2	138	53	38
25798	2	1035	255	239
25799	2	582	111	101
25800	2	1532	316	303
25801	2	136	39	23
25802	2	862	263	250
25803	2	459	119	101
25804	2	1374	254	245
25805	2	1237	230	220
25806	2	661	133	117
25807	2	875	197	187
25808	2	1491	263	249
25809	2	848	153	136
25810	2	939	198	186
25811	2	385	157	113
25812	2	213	46	33
25813	2	1199	331	319
25814	2	64	30	14
25815	2	652	221	206
25816	2	856	197	169
25817	2	1065	261	247
25818	2	705	218	203
25819	2	366	104	93
25820	2	1159	366	352
25821	2	243	81	69
25822	2	904	222	209
25823	2	1070	381	368
25824	2	241	63	31
25825	2	813	237	225
25826	2	1260	292	282
25827	2	747	188	171
25828	2	81	23	8
25829	2	197	62	50
25830	2	551	173	152
25831	2	438	131	110
25832	2	954	212	198
25833	2	944	230	201
25834	2	1212	308	292
25835	2	1149	372	358
25836	2	1070	254	243
25837	2	174	39	15
25838	2	1295	328	310
25839	2	1128	241	229
25840	2	1044	208	192
25841	2	1142	236	225
25842	2	1223	259	244
25843	2	583	138	124
25844	2	703	191	181
25845	2	565	132	117
25846	2	234	47	35
25847	2	626	143	123
25848	2	156	35	23
25849	2	105	34	18
25850	2	96	33	23
25851	2	1167	316	301
25852	2	123	32	18
25853	2	1352	289	277
25854	2	1202	336	317
25855	2	344	120	106
25856	2	1098	316	296
25857	2	247	67	56
25858	2	1402	333	323
25859	2	359	102	87
25860	2	315	70	42
25861	2	848	218	198
25862	2	736	235	212
25863	2	967	230	203
25864	2	986	319	281
25865	2	825	181	167
25866	2	983	367	349
25867	2	592	268	253
25868	2	319	101	77
25869	2	187	58	31
25870	2	114	44	25
25871	2	919	243	227
25872	2	232	70	39
25873	2	281	132	100
25874	2	240	115	103
25875	2	639	118	108
25876	2	767	182	161
25877	2	723	140	126
25878	2	102	31	11
25879	2	540	159	137
25880	2	78	26	13
25881	2	779	180	168
25882	2	167	50	34
25883	2	190	57	36
25884	2	275	55	42
25885	2	108	33	15
25886	2	198	40	26
25887	2	431	99	89
25888	2	312	90	75
25889	2	1147	230	220
25890	2	452	97	83
25891	2	243	46	36
25892	2	241	68	29
25893	2	258	49	36
25894	2	255	51	40
25895	2	370	90	62
25896	2	390	95	68
25897	2	155	74	58
25898	2	729	170	153
25899	2	956	235	223
25900	2	195	58	39
25901	2	1148	310	293
25902	2	507	165	104
25903	2	94	33	8
25904	2	120	29	19
25905	2	335	90	59
25906	2	135	40	19
25907	2	352	85	50
25908	2	488	144	97
25909	2	1230	242	232
25910	2	1364	317	305
25911	2	749	207	193
25912	2	327	104	74
25913	2	264	58	44
25914	2	1245	349	338
25915	2	1209	342	307
25916	2	681	144	126
25917	2	1223	299	285
25918	2	784	231	218
25919	2	943	280	134
25920	2	1350	461	423
25921	2	261	68	43
25922	2	291	85	73
25923	2	306	63	49
25924	2	233	79	65
25925	2	273	56	39
25926	2	536	129	116
25927	2	991	261	246
25928	2	355	120	93
25929	2	1336	285	269
25930	2	1326	346	334
25931	2	303	97	73
25932	2	1057	258	245
25933	2	646	180	167
25934	2	1104	201	189
25935	2	677	193	180
25936	2	129	33	25
25937	2	1131	318	301
25938	2	148	38	14
25939	2	83	33	23
25940	2	198	54	20
25941	2	318	86	60
25942	2	327	76	60
25943	2	90	38	16
25944	2	133	37	10
25945	2	131	40	12
25946	2	181	44	6
25947	2	266	78	61
25948	2	157	38	17
25949	2	906	243	231
25950	2	154	55	32
25951	2	118	34	22
25952	2	97	29	9
25953	2	406	126	106
25954	2	128	47	31
25955	2	758	180	164
25956	2	575	201	190
25957	2	933	330	311
25958	2	1074	219	208
25959	2	224	59	36
25960	2	1001	269	256
25961	2	609	148	129
25962	2	309	95	78
25963	2	94	28	13
25964	2	1130	316	297
25965	2	463	96	83
25966	2	1167	277	246
25967	2	999	221	210
25968	2	673	203	178
25969	2	171	41	20
25970	2	128	32	18
25971	2	138	34	20
25972	2	1470	378	349
25973	2	329	105	59
25974	2	613	135	112
25975	2	1285	275	252
25976	2	1105	248	219
25977	2	1344	270	255
25978	2	175	47	26
25979	2	1376	291	266
25980	2	1024	205	197
25981	2	73	25	8
25982	2	650	188	155
25983	2	125	44	21
25984	2	181	54	46
25985	2	937	209	197
25986	2	1155	277	263
25987	2	1112	291	280
25988	2	578	154	144
25989	2	1295	229	213
25990	2	803	169	156
25991	2	477	104	95
25992	2	923	213	204
25993	2	1072	287	278
25994	2	1006	207	180
25995	2	360	77	63
25996	2	87	44	33
25997	2	662	177	165
25998	2	1414	344	311
25999	2	1089	279	262
26000	2	192	39	28
26001	2	646	115	72
26002	2	1159	269	254
26003	2	280	108	96
26004	2	867	180	166
26005	2	137	64	51
26006	2	1066	214	202
26007	2	585	180	161
26008	2	812	210	197
26009	2	976	299	263
26010	2	553	239	224
26011	2	1281	275	264
26012	2	1022	246	227
26013	2	1069	292	260
26014	2	856	235	225
26015	2	540	141	112
26016	2	298	100	76
26017	2	1055	233	221
26018	2	874	203	191
26019	2	1081	361	345
26020	2	1192	252	242
26021	2	505	122	113
26022	2	604	143	131
26023	2	1066	271	261
26024	2	757	400	379
26025	2	205	56	40
26026	2	390	110	46
26027	2	300	82	72
26028	2	93	27	19
26029	2	168	64	49
26030	2	727	163	152
26031	2	218	47	30
26032	2	192	84	44
26033	2	874	197	188
26034	2	138	43	21
26035	2	1096	302	285
26036	2	700	217	205
26037	2	504	108	92
26038	2	1018	242	220
26039	2	517	181	167
26040	2	508	123	99
26041	2	48	20	6
26042	2	498	96	85
26043	2	1354	312	291
26044	2	842	230	212
26045	2	1112	379	357
26046	2	489	136	110
26047	2	853	205	192
26048	2	468	116	84
26049	2	1089	269	254
26050	2	863	201	181
26051	2	668	206	171
26052	2	355	82	69
26053	2	790	182	172
26054	2	599	150	133
26055	2	240	51	37
26056	2	857	276	262
26057	2	115	40	16
26058	2	177	45	15
26059	2	1058	236	222
26060	2	209	79	40
26061	2	1212	291	273
26062	2	1050	244	225
26063	2	460	135	111
26064	2	924	239	224
26065	2	204	44	31
26066	2	551	144	127
26067	2	650	205	195
26068	2	205	58	37
26069	2	89	28	15
26070	2	324	66	54
26071	2	361	103	90
26072	2	1228	340	328
26073	2	288	91	66
26074	2	333	82	63
26075	2	1310	295	286
26076	2	537	107	94
26077	2	1095	326	315
26078	2	1095	261	246
26079	2	321	90	74
26080	2	99	29	15
26081	2	106	48	6
26082	2	350	122	83
26083	2	372	116	101
26084	2	321	138	117
26085	2	1258	291	278
26086	2	420	144	112
26087	2	236	69	57
26088	2	650	203	191
26089	2	1016	226	217
26090	2	426	125	110
26091	2	236	78	36
26092	2	364	101	88
26093	2	1106	240	228
26094	2	765	185	171
26095	2	1050	283	264
26096	2	576	212	199
26097	2	1188	265	257
26098	2	328	88	75
26099	2	222	50	38
26100	2	154	46	23
26101	2	1323	364	349
26102	2	1111	248	234
26103	2	573	106	95
26104	2	1010	249	232
26105	2	1047	292	277
26106	2	348	158	146
26107	2	1169	321	308
26108	2	314	78	54
26109	2	1153	330	316
26110	2	706	286	277
26111	2	310	76	63
26112	2	901	216	204
26113	2	1261	321	303
26114	2	90	24	13
26115	2	413	79	66
26116	2	407	110	81
26117	2	1158	300	283
26118	2	495	167	149
26119	2	1017	354	340
26120	2	883	273	260
26121	2	292	95	60
26122	2	165	94	82
26123	2	534	208	193
26124	2	1146	326	301
26125	2	793	171	160
26126	2	689	147	134
26127	2	1215	338	317
26128	2	872	180	169
26129	2	308	101	83
26130	2	123	26	19
26131	2	309	66	56
26132	2	1059	287	270
26133	2	109	36	14
26134	2	679	316	289
26135	2	1116	353	333
26136	2	1325	262	247
26137	2	272	77	54
26138	2	546	135	117
26139	2	1177	340	316
26140	2	892	208	192
26141	2	1457	285	273
26142	2	1171	318	295
26143	2	93	24	8
26144	2	104	33	5
26145	2	186	57	35
26146	2	559	195	182
26147	2	247	54	38
26148	2	523	156	141
26149	2	679	228	205
26150	2	668	236	223
26151	2	956	326	311
26152	2	470	106	66
26153	2	370	111	45
26154	2	348	77	43
26155	2	718	160	148
26156	2	384	86	75
26157	2	416	128	107
26158	2	738	156	129
26159	2	223	61	37
26160	2	1174	327	311
26161	2	971	189	175
26162	2	812	266	236
26163	2	579	171	159
26164	2	148	62	47
26165	2	226	50	34
26166	2	1291	254	240
26167	2	727	227	213
26168	2	915	246	223
26169	2	171	49	33
26170	2	298	105	75
26171	2	1232	336	314
26172	2	151	41	30
26173	2	440	125	111
26174	2	1024	340	322
26175	2	1086	251	236
26176	2	321	62	51
26177	2	988	228	216
26178	2	411	87	72
26179	2	1186	382	365
26180	2	205	63	53
26181	2	1162	242	230
26182	2	723	146	131
26183	2	1172	252	241
26184	2	1292	273	259
26185	2	1267	290	269
26186	2	839	169	159
26187	2	1366	296	274
26188	2	351	123	101
26189	2	1001	208	198
26190	2	1256	282	264
26191	2	199	61	35
26192	2	811	203	192
26193	2	554	191	106
26194	2	1206	272	255
26195	2	1014	271	261
26196	2	1011	201	186
26197	2	177	63	47
26198	2	464	110	97
26199	2	421	127	108
26200	2	220	70	44
26201	2	55	30	17
26202	2	105	38	19
26203	2	53	18	6
26204	2	921	268	246
26205	2	1025	311	298
26206	2	739	250	235
26207	2	846	197	185
26208	2	1336	424	403
26209	2	141	37	21
26210	2	199	65	35
26211	2	233	61	54
26212	2	597	130	113
26213	2	351	81	72
26214	2	1095	282	267
26215	2	268	77	53
26216	2	331	93	70
26217	2	1288	355	340
26218	2	132	37	11
26219	2	1395	323	293
26220	2	1230	348	314
26221	2	930	216	204
26222	2	135	48	35
26223	2	207	55	31
26224	2	516	130	119
26225	2	1266	294	282
26226	2	984	264	249
26227	2	177	42	25
26228	2	93	28	16
26229	2	905	297	285
26230	2	171	48	27
26231	2	351	77	67
26232	2	138	40	30
26233	2	131	56	45
26234	2	777	217	194
26235	2	196	89	76
26236	2	306	70	57
26237	2	321	102	84
26238	2	93	27	14
26239	2	993	248	231
26240	2	1127	515	496
26241	2	724	171	153
26242	2	198	50	34
26243	2	458	129	106
26244	2	177	42	31
26245	2	1162	254	240
26246	2	97	35	14
26247	2	1017	255	237
26248	2	438	91	70
26249	2	1161	234	218
26250	2	1051	237	223
26251	2	606	213	197
26252	2	1357	287	276
26253	2	708	169	151
26254	2	1086	213	195
26255	2	493	147	123
26256	2	919	218	192
26257	2	1383	268	260
26258	2	1232	311	296
26259	2	1086	265	246
26260	2	299	111	85
26261	2	327	83	45
26262	2	1175	265	233
26263	2	919	238	222
26264	2	1045	246	233
26265	2	319	158	132
26266	2	123	42	16
26267	2	753	151	138
26268	2	1033	271	258
26269	2	247	71	46
26270	2	684	165	153
26271	2	953	329	304
26272	2	761	157	146
26273	2	308	70	57
26274	2	60	18	6
26275	2	108	30	11
26276	2	935	246	231
26277	2	575	113	103
26278	2	458	145	134
26279	2	868	216	204
26280	2	1270	383	367
26281	2	389	97	82
26282	2	189	41	27
26283	2	862	239	221
26284	2	1146	277	262
26285	2	157	49	24
26286	2	678	272	261
26287	2	719	215	202
26288	2	809	178	166
26289	2	1238	276	264
26290	2	245	67	56
26291	2	104	42	26
26292	2	1339	285	273
26293	2	1294	258	248
26294	2	498	106	90
26295	2	759	186	172
26296	2	716	140	117
26297	2	1180	292	277
26298	2	1138	236	219
26299	2	1319	222	210
26300	2	1268	409	378
26301	2	1128	247	235
26302	2	1012	289	280
26303	2	592	129	110
26304	2	1132	303	289
26305	2	786	216	201
26306	2	1413	272	259
26307	2	214	62	45
26308	2	1222	235	222
26309	2	1212	239	227
26310	2	1253	284	273
26311	2	271	79	51
26312	2	440	131	94
26313	2	496	178	149
26314	2	1133	305	286
26315	2	283	81	35
26316	2	223	75	29
26317	2	807	199	182
26318	2	463	108	79
26319	2	266	93	49
26320	2	349	94	77
26321	2	513	148	128
26322	2	182	86	64
26323	2	972	249	233
26324	2	1105	213	200
26325	2	1273	305	293
26326	2	954	181	165
26327	2	1315	241	230
26328	2	1159	219	206
26329	2	1091	230	217
26330	2	1219	338	324
26331	2	465	144	134
26332	2	978	241	229
26333	2	421	120	109
26334	2	1122	305	290
26335	2	92	26	11
26336	2	909	188	177
26337	2	236	72	44
26338	2	180	39	26
26339	2	1014	280	269
26340	2	254	62	46
26341	2	647	222	203
26342	2	803	143	129
26343	2	1053	287	273
26344	2	221	60	30
26345	2	198	68	42
26346	2	593	170	121
26347	2	1275	301	282
26348	2	480	155	115
26349	2	1389	253	246
26350	2	1032	250	242
26351	2	882	172	163
26352	2	749	160	150
26353	2	1318	262	253
26354	2	823	212	201
26355	2	130	40	21
26356	2	687	224	210
26357	2	756	179	164
26358	2	960	300	287
26359	2	1041	249	237
26360	2	1192	362	346
26361	2	174	65	44
26362	2	255	88	74
26363	2	1208	377	365
26364	2	941	347	332
26365	2	526	134	121
26366	2	1219	280	271
26367	2	644	152	133
26368	2	776	235	223
26369	2	102	31	15
26370	2	1180	262	233
26371	2	1476	355	343
26372	2	875	239	195
26373	2	189	82	37
26374	2	108	36	19
26375	2	1042	261	244
26376	2	822	198	188
26377	2	856	226	205
26378	2	275	110	80
26379	2	293	93	72
26380	2	655	197	177
26381	2	1318	319	299
26382	2	396	126	110
26383	2	178	60	44
26384	2	1221	280	267
26385	2	780	156	147
26386	2	1345	238	224
26387	2	366	104	75
26388	2	390	135	68
26389	2	1610	487	472
26390	2	172	50	24
26391	2	1334	293	269
26392	2	414	90	67
26393	2	1032	229	211
26394	2	1346	403	384
26395	2	776	204	197
26396	2	198	67	55
26397	2	113	44	28
26398	2	153	60	41
26399	2	449	149	125
26400	2	373	77	64
26401	2	1142	346	327
26402	2	687	172	152
26403	2	220	68	22
26404	2	140	47	30
26405	2	745	162	150
26406	2	1332	298	283
26407	2	1239	327	313
26408	2	162	41	31
26409	2	1330	283	271
26410	2	482	149	103
26411	2	1252	284	262
26412	2	1439	298	286
26413	2	1117	225	212
26414	2	1245	375	347
26415	2	982	325	309
26416	2	105	39	18
26417	2	862	248	238
26418	2	939	265	246
26419	2	359	101	93
26420	2	558	143	130
26421	2	595	134	121
26422	2	1205	269	257
26423	2	301	64	37
26424	2	1153	209	175
26425	2	77	21	6
26426	2	380	140	121
26427	2	251	75	61
26428	2	164	49	27
26429	2	187	50	22
26430	2	615	129	115
26431	2	51	16	3
26432	2	513	134	124
26433	2	438	83	49
26434	2	110	34	12
26435	2	1045	216	203
26436	2	694	229	218
26437	2	708	181	165
26438	2	1298	411	388
26439	2	658	153	138
26440	2	394	131	77
26441	2	1291	345	328
26442	2	306	104	72
26443	2	933	279	264
26444	2	194	70	44
26445	2	1007	227	215
26446	2	392	102	76
26447	2	743	232	212
26448	2	324	77	61
26449	2	140	36	11
26450	2	1126	255	246
26451	2	61	24	11
26452	2	499	146	132
26453	2	1051	198	187
26454	2	1294	270	255
26455	2	548	153	140
26456	2	80	36	14
26457	2	410	121	99
26458	2	1288	293	273
26459	2	147	38	23
26460	2	810	224	211
26461	2	114	34	21
26462	2	807	205	170
26463	2	96	33	19
26464	2	129	31	21
26465	2	1121	285	268
26466	2	938	213	194
26467	2	611	173	158
26468	2	1300	278	265
26469	2	1444	509	423
26470	2	486	160	65
26471	2	907	291	263
26472	2	1079	219	206
26473	2	1309	252	233
26474	2	927	213	193
26475	2	1407	300	286
26476	2	627	162	143
26477	2	1227	293	279
26478	2	143	42	23
26479	2	236	76	62
26480	2	172	56	22
26481	2	523	185	173
26482	2	1042	251	239
26483	2	186	39	29
26484	2	853	180	164
26485	2	288	85	73
26486	2	207	52	37
26487	2	901	192	176
26488	2	1098	299	283
26489	2	1207	269	254
26490	2	589	128	118
26491	2	931	198	187
26492	2	715	208	183
26493	2	465	80	69
26494	2	276	58	42
26495	2	1059	199	188
26496	2	459	84	70
26497	2	1453	266	255
26498	2	1202	287	278
26499	2	794	271	258
26500	2	90	39	27
26501	2	1059	213	206
26502	2	1156	350	329
26503	2	803	215	202
26504	2	255	53	42
26505	2	1321	308	292
26506	2	93	28	16
26507	2	1160	328	313
26508	2	951	292	277
26509	2	145	43	28
26510	2	186	54	41
26511	2	623	199	184
26512	2	923	227	209
26513	2	1354	466	451
26514	2	208	78	61
26515	2	1199	306	294
26516	2	672	165	152
26517	2	102	38	26
26518	2	370	127	110
26519	2	561	122	100
26520	2	85	40	26
26521	2	237	52	38
26522	2	984	331	320
26523	2	449	138	114
26524	2	1101	243	231
26525	2	1157	249	235
26526	2	213	79	64
26527	2	390	100	94
26528	2	114	33	20
26529	2	1000	266	254
26530	2	126	35	11
26531	2	188	66	45
26532	2	168	49	30
26533	2	522	131	113
26534	2	566	162	133
26535	2	292	70	52
26536	2	92	33	13
26537	2	1152	253	233
26538	2	48	17	3
26539	2	99	33	21
26540	2	666	210	199
26541	2	156	43	32
26542	2	984	209	199
26543	2	1250	289	278
26544	2	300	110	88
26545	2	349	160	149
26546	2	666	191	178
26547	2	484	223	210
26548	2	1129	293	277
26549	2	514	118	103
26550	2	518	141	89
26551	2	124	50	33
26552	2	769	189	176
26553	2	65	23	8
26554	2	976	255	244
26555	2	151	60	33
26556	2	223	79	46
26557	2	617	161	141
26558	2	1058	282	269
26559	2	715	162	113
26560	2	1072	245	233
26561	2	848	179	166
26562	2	1475	307	294
26563	2	1031	210	199
26564	2	901	183	168
26565	2	115	50	38
26566	2	66	30	14
26567	2	1002	205	192
26568	2	133	46	25
26569	2	354	82	62
26570	2	772	205	172
26571	2	462	81	65
26572	2	970	214	197
26573	2	743	164	151
26574	2	646	166	151
26575	2	596	166	145
26576	2	308	101	82
26577	2	159	41	27
26578	2	566	183	171
26579	2	129	27	18
26580	2	1346	436	423
26581	2	904	202	190
26582	2	452	113	98
26583	2	456	109	92
26584	2	440	161	121
26585	2	204	46	28
26586	2	1345	281	258
26587	2	403	125	109
26588	2	1458	352	334
26589	2	299	94	77
26590	2	1157	288	278
26591	2	525	99	89
26592	2	899	177	164
26593	2	965	166	151
26594	2	1020	209	191
26595	2	1287	301	286
26596	2	1035	216	201
26597	2	105	29	14
26598	2	1323	308	284
26599	2	615	170	152
26600	2	794	222	197
26601	2	301	74	54
26602	2	1065	342	300
26603	2	99	24	10
26604	2	144	33	23
26605	2	695	147	131
26606	2	76	29	12
26607	2	450	82	63
26608	2	367	85	46
26609	2	226	69	36
26610	2	267	78	35
26611	2	914	278	262
26612	2	274	75	12
26613	2	895	239	220
26614	2	100	35	11
26615	2	858	220	185
26616	2	279	71	40
26617	2	839	170	158
26618	2	516	102	77
26619	2	1216	239	228
26620	2	750	153	139
26621	2	1661	409	398
26622	2	1416	278	266
26623	2	249	73	60
26624	2	1001	254	240
26625	2	1127	328	312
26626	2	1052	250	237
26627	2	1130	257	250
26628	2	101	40	23
26629	2	444	117	106
26630	2	195	51	39
26631	2	198	54	41
26632	2	271	60	45
26633	2	307	73	38
26634	2	136	46	30
26635	2	55	25	12
26636	2	766	226	213
26637	2	671	207	193
26638	2	322	78	37
26639	2	114	34	22
26640	2	1167	317	305
26641	2	384	122	99
26642	2	318	74	67
26643	2	645	147	131
26644	2	930	215	203
26645	2	917	214	197
26646	2	63	24	12
26647	2	293	113	101
26648	2	162	44	22
26649	2	1119	237	226
26650	2	1082	234	222
26651	2	1008	265	252
26652	2	86	29	12
26653	2	347	94	77
26654	2	541	115	102
26655	2	1287	283	271
26656	2	287	84	58
26657	2	1314	310	298
26658	2	604	199	174
26659	2	524	123	107
26660	2	1143	257	242
26661	2	239	85	75
26662	2	1037	230	215
26663	2	93	32	13
26664	2	453	112	90
26665	2	104	40	13
26666	2	241	50	39
26667	2	101	40	18
26668	2	300	59	45
26669	2	293	85	72
26670	2	498	141	118
26671	2	941	226	214
26672	2	639	159	133
26673	2	712	253	237
26674	2	1151	235	221
26675	2	867	180	170
26676	2	1352	308	294
26677	2	494	117	96
26678	2	380	104	74
26679	2	583	148	119
26680	2	331	101	80
26681	2	663	199	162
26682	2	658	154	142
26683	2	1048	282	262
26684	2	158	39	14
26685	2	1158	459	439
26686	2	245	89	75
26687	2	869	208	196
26688	2	1150	303	291
26689	2	565	190	166
26690	2	184	77	43
26691	2	1480	273	248
26692	2	167	51	30
26693	2	445	165	111
26694	2	1295	306	289
26695	2	298	84	55
26696	2	989	226	207
26697	2	1362	311	301
26698	2	507	105	96
26699	2	1117	279	259
26700	2	252	66	40
26701	2	142	47	23
26702	2	1007	235	195
26703	2	840	253	233
26704	2	382	102	61
26705	2	1568	373	361
26706	2	557	131	109
26707	2	1103	260	237
26708	2	763	164	147
26709	2	458	219	167
26710	2	801	215	200
26711	2	158	61	40
26712	2	803	183	171
26713	2	108	42	25
26714	2	1179	308	295
26715	2	162	49	21
26716	2	367	97	84
26717	2	1240	257	245
26718	2	1666	360	348
26719	2	1461	274	259
26720	2	1079	233	220
26721	2	1181	297	260
26722	2	1011	225	212
26723	2	999	209	197
26724	2	1460	276	259
26725	2	610	146	105
26726	2	1176	256	240
26727	2	969	304	290
26728	2	639	205	188
26729	2	1165	266	250
26730	2	259	70	54
26731	2	1154	259	242
26732	2	1237	365	355
26733	2	744	221	206
26734	2	1269	217	201
26735	2	1361	395	383
26736	2	706	127	115
26737	2	1251	236	217
26738	2	486	97	80
26739	2	1154	288	269
26740	2	680	156	144
26741	2	1156	282	268
26742	2	1031	211	198
26743	2	1182	230	220
26744	2	661	243	218
26745	2	1133	277	257
26746	2	981	314	294
26747	2	1078	210	196
26748	2	552	155	42
26749	2	119	36	10
26750	2	214	72	58
26751	2	1329	275	263
26752	2	507	130	94
26753	2	1040	251	215
26754	2	1229	264	253
26755	2	1191	329	312
26756	2	1162	301	291
26757	2	207	71	51
26758	2	1200	273	261
26759	2	257	83	71
26760	2	114	43	23
26761	2	691	168	158
26762	2	355	103	83
26763	2	1192	289	273
26764	2	1338	327	312
26765	2	1618	309	298
26766	2	455	151	117
26767	2	653	164	148
26768	2	420	132	121
26769	2	1240	315	303
26770	2	1076	231	218
26771	2	1272	282	264
26772	2	375	77	66
26773	2	1294	299	286
26774	2	603	125	113
26775	2	1140	282	261
26776	2	586	155	143
26777	2	780	175	157
26778	2	205	54	42
26779	2	1173	231	217
26780	2	1329	284	271
26781	2	1173	284	267
26782	2	1233	272	258
26783	2	981	286	266
26784	2	654	168	116
26785	2	128	37	25
26786	2	664	151	137
26787	2	1312	339	327
26788	2	1204	256	240
26789	2	1061	197	183
26790	2	265	80	64
26791	2	243	54	40
26792	2	1130	297	285
26793	2	110	35	20
26794	2	114	27	16
26795	2	1064	348	331
26796	2	825	243	222
26797	2	1108	254	236
26798	2	201	56	23
26799	2	1282	351	332
26800	2	481	127	81
26801	2	824	156	142
26802	2	560	160	124
26803	2	1510	363	347
26804	2	531	194	179
26805	2	595	144	124
26806	2	1722	476	461
26807	2	1053	226	210
26808	2	53	28	9
26809	2	1068	206	192
26810	2	63	20	13
26811	2	1374	303	289
26812	2	857	205	190
26813	2	887	249	224
26814	2	1216	255	242
26815	2	134	34	13
26816	2	1300	338	327
26817	2	315	85	68
26818	2	875	141	127
26819	2	171	41	23
26820	2	283	89	73
26821	2	497	119	109
26822	2	820	223	209
26823	2	103	37	18
26824	2	135	35	13
26825	2	328	71	57
26826	2	105	35	26
26827	2	413	107	87
26828	2	818	199	178
26829	2	1295	294	281
26830	2	995	208	197
26831	2	1153	233	218
26832	2	1240	292	277
26833	2	813	232	218
26834	2	940	252	242
26835	2	690	230	203
26836	2	1238	294	281
26837	2	1079	240	224
26838	2	1065	342	333
26839	2	630	160	144
26840	2	114	32	9
26841	2	277	83	67
26842	2	101	58	42
26843	2	255	74	43
26844	2	90	23	4
26845	2	144	38	16
26846	2	270	60	36
26847	2	132	46	26
26848	2	480	115	107
26849	2	1410	259	250
26850	2	1260	307	298
26851	2	920	237	223
26852	2	1182	302	289
26853	2	1009	189	175
26854	2	596	125	113
26855	2	899	167	156
26856	2	130	35	17
26857	2	122	49	34
26858	2	182	62	48
26859	2	225	50	30
26860	2	116	35	24
26861	2	471	148	135
26862	2	411	104	90
26863	2	208	78	56
26864	2	194	90	69
26865	2	182	68	57
26866	2	168	39	24
26867	2	210	62	23
26868	2	424	117	95
26869	2	1059	246	225
26870	2	386	129	105
26871	2	497	134	113
26872	2	443	117	96
26873	2	687	173	149
26874	2	189	64	54
26875	2	907	191	175
26876	2	377	108	92
26877	2	1031	292	270
26878	2	484	110	93
26879	2	96	38	14
26880	2	945	238	227
26881	2	641	143	129
26882	2	117	43	20
26883	2	375	139	123
26884	2	1111	266	252
26885	2	306	77	62
26886	2	532	126	115
26887	2	1139	287	266
26888	2	1251	283	272
26889	2	289	61	47
26890	2	666	153	139
26891	2	1205	319	291
26892	2	573	102	86
26893	2	1472	295	281
26894	2	164	40	10
26895	2	204	46	26
26896	2	896	257	238
26897	2	191	39	9
26898	2	406	115	69
26899	2	378	94	82
26900	2	1151	349	336
26901	2	1298	295	286
26902	2	1109	218	207
26903	2	588	191	176
26904	2	1186	257	239
26905	2	1155	265	250
26906	2	807	171	160
26907	2	1122	247	238
26908	2	1064	227	215
26909	2	1143	272	258
26910	2	1111	290	278
26911	2	896	205	195
26912	2	1306	298	284
26913	2	186	37	29
26914	2	380	93	80
26915	2	1272	322	311
26916	2	314	69	50
26917	2	1181	328	317
26918	2	279	68	53
26919	2	546	165	148
26920	2	939	252	240
26921	2	178	66	47
26922	2	158	60	23
26923	2	227	51	37
26924	2	340	94	86
26925	2	133	46	24
26926	2	870	211	198
26927	2	549	154	124
26928	2	190	56	24
26929	2	114	39	27
26930	2	83	25	11
26931	2	363	88	70
26932	2	291	128	109
26933	2	246	67	48
26934	2	234	77	57
26935	2	1005	471	458
26936	2	1402	330	311
26937	2	1212	281	269
26938	2	168	58	28
26939	2	98	37	15
26940	2	761	194	183
26941	2	1125	272	262
26942	2	911	237	211
26943	2	827	184	170
26944	2	131	39	26
26945	2	900	179	167
26946	2	947	215	199
26947	2	135	36	21
26948	2	895	166	156
26949	2	500	131	120
26950	2	111	31	22
26951	2	191	44	19
26952	2	856	200	183
26953	2	696	148	129
26954	2	1324	398	387
26955	2	703	173	163
26956	2	1133	242	231
26957	2	101	38	13
26958	2	1267	270	258
26959	2	875	154	143
26960	2	480	95	76
26961	2	145	51	30
26962	2	695	169	146
26963	2	1331	271	257
26964	2	1293	351	331
26965	2	192	53	38
26966	2	167	77	59
26967	2	348	92	67
26968	2	1308	288	276
26969	2	918	236	218
26970	2	999	216	206
26971	2	534	98	84
26972	2	965	235	227
26973	2	27	17	7
26974	2	336	84	62
26975	2	237	52	36
26976	2	579	177	157
26977	2	204	47	18
26978	2	384	90	75
26979	2	1297	317	303
26980	2	1411	329	308
26981	2	709	186	171
26982	2	1306	313	293
26983	2	575	161	150
26984	2	1204	396	377
26985	2	124	30	8
26986	2	229	60	49
26987	2	1268	352	332
26988	2	913	279	259
26989	2	1228	282	272
26990	2	1131	260	250
26991	2	1029	287	271
26992	2	424	120	86
26993	2	340	111	51
26994	2	111	32	18
26995	2	734	141	130
26996	2	481	157	143
26997	2	102	44	31
26998	2	182	48	37
26999	2	82	28	7
27000	2	62	25	14
27001	2	156	40	14
27002	2	495	110	97
27003	2	641	212	196
27004	2	949	196	178
27005	2	226	63	42
27006	2	1095	346	333
27007	2	70	23	8
27008	2	263	75	58
27009	2	1130	244	232
27010	2	1285	269	253
27011	2	1353	303	290
27012	2	1370	296	284
27013	2	1250	299	290
27014	2	742	209	186
27015	2	1388	306	283
27016	2	918	184	171
27017	2	891	211	193
27018	2	1185	249	236
27019	2	96	26	11
27020	2	1244	307	287
27021	2	863	214	198
27022	2	1101	284	265
27023	2	1045	225	213
27024	2	1073	213	197
27025	2	1270	293	282
27026	2	1486	348	330
27027	2	1160	296	266
27028	2	582	133	120
27029	2	489	108	98
27030	2	231	65	53
27031	2	219	63	47
27032	2	183	56	39
27033	2	455	89	77
27034	2	330	81	55
27035	2	1060	301	282
27036	2	83	23	12
27037	2	1160	327	306
27038	2	714	166	156
27039	2	653	255	235
27040	2	84	26	15
27041	2	124	48	29
27042	2	1215	266	248
27043	2	191	51	30
27044	2	438	127	112
27045	2	1041	253	240
27046	2	1160	311	297
27047	2	332	107	94
27048	2	120	43	3
27049	2	261	79	59
27050	2	189	50	25
27051	2	579	129	112
27052	2	357	114	97
27053	2	209	61	29
27054	2	119	30	17
27055	2	466	126	85
27056	2	1068	255	237
27057	2	864	240	223
27058	2	312	122	64
27059	2	1034	248	228
27060	2	279	79	45
27061	2	394	103	74
27062	2	1121	339	322
27063	2	230	46	28
27064	2	512	139	124
27065	2	252	48	30
27066	2	1126	363	345
27067	2	443	135	120
27068	2	1178	334	323
27069	2	687	192	178
27070	2	382	81	66
27071	2	570	126	110
27072	2	1427	348	333
27073	2	836	205	183
27074	2	471	138	128
27075	2	975	223	210
27076	2	1234	240	227
27077	2	116	47	32
27078	2	415	147	131
27079	2	128	33	9
27080	2	676	182	166
27081	2	1429	311	298
27082	2	84	33	17
27083	2	112	33	23
27084	2	700	129	116
27085	2	533	129	117
27086	2	1177	289	271
27087	2	706	148	126
27088	2	1194	332	310
27089	2	280	60	43
27090	2	626	147	110
27091	2	1015	206	184
27092	2	1230	344	322
27093	2	642	196	166
27094	2	817	236	205
27095	2	357	124	107
27096	2	113	39	23
27097	2	48	21	10
27098	2	102	28	6
27099	2	1085	325	310
27100	2	97	33	7
27101	2	240	58	47
27102	2	507	151	137
27103	2	731	185	162
27104	2	1094	225	207
27105	2	1288	265	252
27106	2	1186	264	253
27107	2	941	215	200
27108	2	972	250	237
27109	2	185	46	29
27110	2	582	106	94
27111	2	1233	265	251
27112	2	962	191	179
27113	2	1211	256	243
27114	2	1246	293	283
27115	2	510	125	110
27116	2	500	124	99
27117	2	680	135	123
27118	2	924	235	196
27119	2	1359	374	361
27120	2	668	166	150
27121	2	851	291	273
27122	2	1017	223	210
27123	2	782	157	141
27124	2	991	247	231
27125	2	339	87	59
27126	2	1249	365	333
27127	2	1105	240	225
27128	2	1046	224	214
27129	2	563	116	104
27130	2	1190	260	247
27131	2	1341	245	235
27132	2	1497	274	261
27133	2	1178	230	219
27134	2	102	33	10
27135	2	537	149	136
27136	2	99	26	7
27137	2	127	35	20
27138	2	104	36	21
27139	2	177	41	32
27140	2	700	239	223
27141	2	1033	286	272
27142	2	81	26	12
27143	2	135	36	24
27144	2	619	136	123
27145	2	284	68	44
27146	2	993	276	266
27147	2	551	145	138
27148	2	948	200	188
27149	2	816	196	184
27150	2	793	165	150
27151	2	1074	266	253
27152	2	1010	214	198
27153	2	261	54	40
27154	2	234	72	52
27155	2	749	295	276
27156	2	537	131	104
27157	2	264	58	47
27158	2	895	202	191
27159	2	283	66	56
27160	2	1087	315	302
27161	2	1244	218	210
27162	2	718	176	164
27163	2	102	34	12
27164	2	123	50	27
27165	2	327	68	58
27166	2	1320	277	264
27167	2	856	305	291
27168	2	937	217	204
27169	2	744	162	147
27170	2	524	184	168
27171	2	902	218	202
27172	2	902	239	225
27173	2	1053	203	192
27174	2	1447	331	322
27175	2	157	64	37
27176	2	433	83	70
27177	2	321	88	69
27178	2	525	150	124
27179	2	538	148	136
27180	2	269	61	39
27181	2	361	113	99
27182	2	540	297	281
27183	2	746	190	174
27184	2	1185	419	382
27185	2	219	50	37
27186	2	633	173	160
27187	2	386	145	122
27188	2	200	84	61
27189	2	1119	325	310
27190	2	1222	281	272
27191	2	165	52	38
27192	2	118	41	27
27193	2	180	47	32
27194	2	156	32	22
27195	2	396	94	78
27196	2	999	243	224
27197	2	429	90	80
27198	2	1137	377	339
27199	2	758	194	180
27200	2	1429	274	258
27201	2	1255	318	297
27202	2	165	55	37
27203	2	1072	254	240
27204	2	726	251	240
27205	2	366	93	30
27206	2	320	76	34
27207	2	455	146	124
27208	2	836	158	146
27209	2	205	50	24
27210	2	245	59	49
27211	2	917	202	189
27212	2	357	113	96
27213	2	984	268	254
27214	2	592	124	109
27215	2	889	235	80
27216	2	570	199	174
27217	2	1419	286	262
27218	2	995	237	221
27219	2	147	34	16
27220	2	408	147	124
27221	2	659	174	161
27222	2	268	66	53
27223	2	615	164	141
27224	2	584	164	124
27225	2	313	92	51
27226	2	576	125	110
27227	2	701	151	118
27228	2	583	161	145
27229	2	413	133	103
27230	2	560	139	125
27231	2	219	57	22
27232	2	454	146	126
27233	2	117	37	25
27234	2	863	278	266
27235	2	1116	323	311
27236	2	1442	333	313
27237	2	511	118	106
27238	2	118	33	12
27239	2	463	123	113
27240	2	399	93	81
27241	2	337	107	95
27242	2	801	167	151
27243	2	896	188	176
27244	2	130	39	28
27245	2	1228	250	236
27246	2	1082	236	220
27247	2	1205	241	230
27248	2	1222	319	307
27249	2	641	145	131
27250	2	273	79	64
27251	2	465	110	96
27252	2	1438	297	281
27253	2	920	211	194
27254	2	1376	293	283
27255	2	97	31	18
27256	2	1237	251	244
27257	2	715	217	198
27258	2	1010	212	201
27259	2	990	188	178
27260	2	1061	234	220
27261	2	219	76	54
27262	2	341	64	48
27263	2	333	101	65
27264	2	1017	206	190
27265	2	895	224	209
27266	2	1380	337	324
27267	2	1210	226	209
27268	2	1271	306	287
27269	2	1265	274	260
27270	2	926	216	200
27271	2	530	175	147
27272	2	1209	279	264
27273	2	213	96	83
27274	2	480	91	82
27275	2	179	69	40
27276	2	816	334	309
27277	2	101	27	13
27278	2	946	260	244
27279	2	827	165	152
27280	2	991	244	226
27281	2	600	117	107
27282	2	756	175	155
27283	2	1353	262	249
27284	2	807	198	180
27285	2	1140	247	230
27286	2	626	217	197
27287	2	108	36	12
27288	2	93	24	11
27289	2	944	241	226
27290	2	849	165	152
27291	2	994	197	185
27292	2	1202	379	361
27293	2	1317	248	225
27294	2	889	234	223
27295	2	254	78	48
27296	2	1273	312	296
27297	2	1221	372	354
27298	2	139	35	12
27299	2	444	111	100
27300	2	211	62	48
27301	2	355	80	57
27302	2	204	46	36
27303	2	162	37	24
27304	2	72	19	7
27305	2	124	31	19
27306	2	190	45	35
27307	2	84	26	9
27308	2	151	36	10
27309	2	795	264	247
27310	2	174	62	42
27311	2	53	23	7
27312	2	78	39	14
27313	2	1246	254	241
27314	2	1029	295	285
27315	2	316	92	60
27316	2	967	201	186
27317	2	957	187	164
27318	2	414	92	86
27319	2	267	54	37
27320	2	699	133	117
27321	2	129	36	17
27322	2	216	53	36
27323	2	881	193	177
27324	2	645	142	130
27325	2	200	44	35
27326	2	642	153	119
27327	2	180	54	35
27328	2	920	303	281
27329	2	1230	341	319
27330	2	1038	230	212
27331	2	1006	286	272
27332	2	750	203	182
27333	2	903	223	211
27334	2	921	202	187
27335	2	858	280	265
27336	2	1125	240	228
27337	2	1054	317	304
27338	2	855	205	191
27339	2	1022	323	307
27340	2	1207	252	242
27341	2	952	266	248
27342	2	1110	254	240
27343	2	929	204	192
27344	2	850	215	200
27345	2	89	27	16
27346	2	1201	244	229
27347	2	117	33	11
27348	2	165	48	39
27349	2	396	137	118
27350	2	459	144	123
27351	2	902	226	210
27352	2	909	217	205
27353	2	216	65	41
27354	2	390	114	80
27355	2	813	228	218
27356	2	682	151	138
27357	2	967	211	199
27358	2	160	53	38
27359	2	170	61	40
27360	2	1151	304	284
27361	2	149	43	31
27362	2	361	137	96
27363	2	169	42	7
27364	2	158	37	22
27365	2	223	96	28
27366	2	278	92	66
27367	2	847	239	193
27368	2	306	101	79
27369	2	605	175	147
27370	2	597	138	128
27371	2	821	171	160
27372	2	829	204	189
27373	2	344	107	81
27374	2	117	44	32
27375	2	920	188	173
27376	2	1298	273	262
27377	2	272	127	111
27378	2	486	124	98
27379	2	321	66	51
27380	2	202	80	69
27381	2	231	51	42
27382	2	918	184	162
27383	2	174	37	26
27384	2	453	114	90
27385	2	1057	237	217
27386	2	114	26	14
27387	2	1250	277	267
27388	2	199	59	29
27389	2	85	37	20
27390	2	438	105	88
27391	2	405	97	75
27392	2	136	33	9
27393	2	1001	283	262
27394	2	544	252	239
27395	2	1468	279	263
27396	2	677	248	235
27397	2	315	95	80
27398	2	132	38	28
27399	2	555	121	109
27400	2	144	40	22
27401	2	177	45	26
27402	2	1190	251	240
27403	2	1345	290	274
27404	2	211	58	41
27405	2	1261	322	307
27406	2	742	242	226
27407	2	1468	403	380
27408	2	1148	249	232
27409	2	443	100	72
27410	2	570	141	123
27411	2	336	76	58
27412	2	123	31	16
27413	2	142	45	20
27414	2	685	189	177
27415	2	946	184	172
27416	2	1159	289	271
27417	2	141	42	29
27418	2	573	144	136
27419	2	951	191	177
27420	2	1502	299	286
27421	2	553	201	188
27422	2	84	31	11
27423	2	153	41	23
27424	2	328	76	61
27425	2	402	79	67
27426	2	889	211	198
27427	2	249	98	79
27428	2	974	216	205
27429	2	947	208	193
27430	2	786	171	152
27431	2	662	157	145
27432	2	1068	254	242
27433	2	394	127	109
27434	2	450	83	71
27435	2	742	165	156
27436	2	1214	225	215
27437	2	796	198	181
27438	2	706	181	172
27439	2	428	108	93
27440	2	703	168	156
27441	2	255	54	41
27442	2	476	89	76
27443	2	1162	218	206
27444	2	568	123	115
27445	2	559	127	111
27446	2	1237	387	337
27447	2	1210	292	278
27448	2	992	297	279
27449	2	1427	333	302
27450	2	662	227	213
27451	2	221	77	34
27452	2	1331	258	245
27453	2	499	133	119
27454	2	1350	221	200
27455	2	1040	265	250
27456	2	253	46	29
27457	2	1150	280	271
27458	2	521	165	143
27459	2	964	198	182
27460	2	1494	354	290
27461	2	1084	266	238
27462	2	1067	262	242
27463	2	956	340	320
27464	2	1000	202	188
27465	2	360	92	81
27466	2	1217	279	267
27467	2	1054	229	215
27468	2	899	373	344
27469	2	728	188	173
27470	2	309	67	58
27471	2	855	323	307
27472	2	696	191	179
27473	2	577	149	138
27474	2	1025	229	215
27475	2	163	41	28
27476	2	118	34	13
27477	2	1019	239	223
27478	2	1092	285	271
27479	2	302	77	57
27480	2	696	213	198
27481	2	144	45	32
27482	2	1163	379	365
27483	2	1354	350	318
27484	2	162	46	29
27485	2	360	97	82
27486	2	147	37	22
27487	2	641	185	172
27488	2	312	74	63
27489	2	134	38	6
27490	2	964	250	199
27491	2	567	134	123
27492	2	625	206	198
27493	2	1360	289	277
27494	2	82	37	25
27495	2	975	342	315
27496	2	125	39	21
27497	2	114	34	12
27498	2	923	203	183
27499	2	552	131	119
27500	2	964	215	199
27501	2	928	293	274
27502	2	242	65	48
27503	2	1271	369	357
27504	2	1096	259	247
27505	2	547	140	128
27506	2	954	204	193
27507	2	918	211	193
27508	2	710	232	221
27509	2	937	211	196
27510	2	1150	237	225
27511	2	500	123	111
27512	2	1234	249	230
27513	2	1101	307	293
27514	2	972	224	210
27515	2	159	54	35
27516	2	246	52	40
27517	2	501	137	117
27518	2	450	127	111
27519	2	735	179	151
27520	2	1491	297	284
27521	2	1058	322	308
27522	2	942	243	230
27523	2	606	145	126
27524	2	468	196	189
27525	2	236	89	67
27526	2	500	150	138
27527	2	1024	322	311
27528	2	82	33	21
27529	2	653	154	143
27530	2	836	245	231
27531	2	417	76	64
27532	2	593	155	139
27533	2	1153	322	310
27534	2	342	89	51
27535	2	845	222	191
27536	2	874	231	199
27537	2	635	155	137
27538	2	1153	243	233
27539	2	372	84	66
27540	2	541	126	101
27541	2	1380	314	302
27542	2	528	113	94
27543	2	1316	235	211
27544	2	379	140	101
27545	2	600	184	162
27546	2	104	42	20
27547	2	94	40	21
27548	2	475	111	92
27549	2	28	17	7
27550	2	378	95	73
27551	2	153	49	29
27552	2	66	21	3
27553	2	134	38	24
27554	2	919	280	259
27555	2	439	119	108
27556	2	311	96	80
27557	2	366	105	96
27558	2	962	228	211
27559	2	147	32	24
27560	2	144	28	18
27561	2	1068	205	181
27562	2	190	42	26
27563	2	1108	246	234
27564	2	866	155	130
27565	2	115	31	8
27566	2	1450	357	347
27567	2	269	88	64
27568	2	654	142	128
27569	2	156	59	35
27570	2	153	40	17
27571	2	387	92	81
27572	2	261	64	50
27573	2	195	52	29
27574	2	529	123	113
27575	2	799	183	140
27576	2	921	191	178
27577	2	479	160	150
27578	2	609	178	162
27579	2	1297	376	356
27580	2	72	29	15
27581	2	206	43	25
27582	2	1116	303	289
27583	2	1051	342	325
27584	2	929	204	157
27585	2	1553	424	406
27586	2	802	205	188
27587	2	466	109	93
27588	2	1301	259	248
27589	2	441	105	94
27590	2	845	183	172
27591	2	1358	361	342
27592	2	755	146	132
27593	2	1134	223	208
27594	2	1151	295	277
27595	2	1229	248	240
27596	2	153	40	13
27597	2	430	117	96
27598	2	1219	333	294
27599	2	258	56	38
27600	2	388	122	87
27601	2	72	19	10
27602	2	552	187	165
27603	2	572	163	150
27604	2	199	51	27
27605	2	1408	311	298
27606	2	180	52	15
27607	2	198	44	31
27608	2	156	35	21
27609	2	237	52	27
27610	2	193	58	29
27611	2	343	117	94
27612	2	748	176	160
27613	2	403	103	65
27614	2	839	173	158
27615	2	1471	269	258
27616	2	922	209	197
27617	2	900	267	256
27618	2	889	174	161
27619	2	481	118	105
27620	2	845	240	224
27621	2	375	124	50
27622	2	174	40	29
27623	2	189	37	25
27624	2	291	81	64
27625	2	228	43	30
27626	2	1050	212	201
27627	2	498	113	99
27628	2	198	57	40
27629	2	879	218	196
27630	2	1099	306	284
27631	2	627	138	88
27632	2	1094	220	203
27633	2	84	31	18
27634	2	1223	235	211
27635	2	165	48	15
27636	2	164	74	31
27637	2	247	57	21
27638	2	1143	221	207
27639	2	1261	255	229
27640	2	1480	334	319
27641	2	395	112	97
27642	2	168	39	25
27643	2	431	92	80
27644	2	973	244	228
27645	2	455	86	77
27646	2	823	228	215
27647	2	626	218	206
27648	2	1213	250	239
27649	2	543	177	159
27650	2	172	49	20
27651	2	1065	233	222
27652	2	283	52	36
27653	2	204	51	33
27654	2	344	57	29
27655	2	1338	403	383
27656	2	1332	282	269
27657	2	108	46	36
27658	2	819	293	268
27659	2	588	150	132
27660	2	151	46	22
27661	2	715	146	134
27662	2	1039	225	213
27663	2	637	156	136
27664	2	333	91	74
27665	2	129	38	20
27666	2	1032	298	276
27667	2	230	83	39
27668	2	1242	315	295
27669	2	269	96	61
27670	2	496	155	136
27671	2	311	106	87
27672	2	46	21	6
27673	2	89	39	23
27674	2	1196	274	261
27675	2	1151	219	199
27676	2	364	130	117
27677	2	456	93	82
27678	2	1286	291	273
27679	2	1251	276	262
27680	2	1304	319	297
27681	2	1385	289	275
27682	2	1437	311	292
27683	2	184	42	24
27684	2	105	35	12
27685	2	234	56	43
27686	2	141	31	17
27687	2	192	44	31
27688	2	195	43	35
27689	2	226	63	39
27690	2	297	77	65
27691	2	192	41	27
27692	2	582	162	149
27693	2	574	124	88
27694	2	157	39	23
27695	2	94	29	12
27696	2	439	130	117
27697	2	108	27	14
27698	2	742	242	228
27699	2	1140	279	268
27700	2	195	56	46
27701	2	154	57	38
27702	2	760	211	195
27703	2	1188	250	235
27704	2	111	26	6
27705	2	105	28	6
27706	2	373	122	102
27707	2	673	195	184
27708	2	1075	249	235
27709	2	927	197	179
27710	2	1156	290	278
27711	2	92	28	10
27712	2	1349	262	241
27713	2	705	235	221
27714	2	132	44	27
27715	2	253	99	53
27716	2	1114	299	282
27717	2	398	203	174
27718	2	1141	265	249
27719	2	868	260	250
27720	2	688	194	179
27721	2	1091	392	382
27722	2	198	55	37
27723	2	1185	348	326
27724	2	940	264	251
27725	2	228	63	49
27726	2	436	182	153
27727	2	173	42	9
27728	2	156	39	16
27729	2	131	32	16
27730	2	331	69	58
27731	2	101	28	9
27732	2	348	62	46
27733	2	282	66	48
27734	2	183	55	30
27735	2	1243	365	351
27736	2	944	202	190
27737	2	1174	263	253
27738	2	183	38	24
27739	2	1112	274	249
27740	2	180	58	43
27741	2	126	33	19
27742	2	522	125	113
27743	2	694	177	165
27744	2	219	81	63
27745	2	107	30	16
27746	2	87	27	8
27747	2	1204	248	235
27748	2	86	30	17
27749	2	683	197	185
27750	2	75	35	19
27751	2	621	154	141
27752	2	846	191	180
27753	2	423	76	66
27754	2	340	115	101
27755	2	1032	290	268
27756	2	176	50	31
27757	2	813	197	186
27758	2	1206	235	222
27759	2	363	82	70
27760	2	354	134	122
27761	2	968	211	195
27762	2	354	120	110
27763	2	102	37	24
27764	2	617	179	164
27765	2	1246	338	310
27766	2	95	42	17
27767	2	380	101	90
27768	2	440	101	91
27769	2	1093	297	283
27770	2	1128	275	262
27771	2	338	94	72
27772	2	1021	242	230
27773	2	1102	318	299
27774	2	1101	297	274
27775	2	1154	234	217
27776	2	1266	304	282
27777	2	1162	354	332
27778	2	269	72	57
27779	2	1115	330	321
27780	2	228	71	57
27781	2	81	29	11
27782	2	243	87	70
27783	2	72	27	11
27784	2	1031	201	188
27785	2	1168	313	300
27786	2	246	66	57
27787	2	90	32	17
27788	2	101	29	13
27789	2	977	240	227
27790	2	862	206	188
27791	2	1300	250	239
27792	2	1285	294	279
27793	2	1253	231	216
27794	2	93	34	19
27795	2	249	74	61
27796	2	1307	724	687
27797	2	464	127	95
27798	2	830	183	161
27799	2	133	37	14
27800	2	1425	284	263
27801	2	153	53	27
27802	2	474	132	120
27803	2	240	49	40
27804	2	895	315	305
27805	2	383	126	116
27806	2	1144	331	315
27807	2	204	53	41
27808	2	1268	220	209
27809	2	1250	237	228
27810	2	908	246	236
27811	2	987	257	246
27812	2	648	159	132
27813	2	591	165	140
27814	2	210	62	43
27815	2	224	64	48
27816	2	970	204	191
27817	2	164	41	13
27818	2	236	84	64
27819	2	75	27	14
27820	2	377	103	83
27821	2	280	116	99
27822	2	1430	316	296
27823	2	1327	327	297
27824	2	1418	294	267
27825	2	930	199	177
27826	2	1252	213	199
27827	2	1441	319	300
27828	2	1377	303	293
27829	2	1002	222	190
27830	2	1063	264	245
27831	2	678	226	176
27832	2	534	109	93
27833	2	121	50	28
27834	2	243	54	40
27835	2	811	230	213
27836	2	1253	334	322
27837	2	318	74	58
27838	2	729	230	217
27839	2	185	47	33
27840	2	527	131	116
27841	2	1416	439	426
27842	2	813	212	201
27843	2	327	75	23
27844	2	160	33	17
27845	2	299	79	68
27846	2	781	225	215
27847	2	588	186	158
27848	2	322	66	52
27849	2	871	187	176
27850	2	262	70	52
27851	2	69	23	6
27852	2	266	63	48
27853	2	1128	260	250
27854	2	1223	319	297
27855	2	955	247	236
27856	2	480	95	69
27857	2	919	214	200
27858	2	1083	217	205
27859	2	1317	329	296
27860	2	656	138	104
27861	2	958	293	284
27862	2	937	181	168
27863	2	1400	275	248
27864	2	623	145	125
27865	2	283	57	34
27866	2	213	65	15
27867	2	219	63	41
27868	2	281	107	91
27869	2	231	80	65
27870	2	1277	284	265
27871	2	1498	308	298
27872	2	927	253	208
27873	2	1539	338	324
27874	2	1206	264	251
27875	2	264	74	53
27876	2	683	206	187
27877	2	1369	436	428
27878	2	726	186	179
27879	2	864	259	248
27880	2	60	23	5
27881	2	1205	263	254
27882	2	134	47	30
27883	2	795	145	19
27884	2	376	104	87
27885	2	324	73	60
27886	2	141	31	19
27887	2	112	31	10
27888	2	977	251	226
27889	2	96	22	11
27890	2	992	216	194
27891	2	583	136	108
27892	2	165	44	12
27893	2	265	65	42
27894	2	529	110	92
27895	2	279	65	43
27896	2	216	44	32
27897	2	282	91	39
27898	2	249	75	64
27899	2	395	108	87
27900	2	1205	337	316
27901	2	363	88	67
27902	2	279	72	47
27903	2	690	150	102
27904	2	157	66	47
27905	2	147	43	9
27906	2	139	40	19
27907	2	194	57	44
27908	2	825	223	210
27909	2	1236	267	252
27910	2	1127	220	208
27911	2	429	110	97
27912	2	262	101	77
27913	2	1405	221	204
27914	2	1123	323	300
27915	2	1333	276	262
27916	2	70	35	22
27917	2	1378	256	239
27918	2	1271	318	297
27919	2	1552	320	309
27920	2	1320	368	352
27921	2	429	102	88
27922	2	1313	231	217
27923	2	251	50	34
27924	2	657	157	144
27925	2	963	235	220
27926	2	1106	329	309
27927	2	1549	282	268
27928	2	196	80	61
27929	2	1005	285	270
27930	2	394	146	113
27931	2	886	187	177
27932	2	538	111	93
27933	2	184	53	16
27934	2	516	159	145
27935	2	520	150	136
27936	2	1027	315	301
27937	2	612	154	143
27938	2	973	268	249
27939	2	1526	337	321
27940	2	853	175	162
27941	2	396	88	61
27942	2	204	42	31
27943	2	72	25	8
27944	2	93	24	17
27945	2	705	151	138
27946	2	1085	218	202
27947	2	523	128	109
27948	2	288	63	48
27949	2	1053	251	238
27950	2	1380	307	290
27951	2	192	49	31
27952	2	602	154	144
27953	2	837	182	155
27954	2	1095	291	277
27955	2	171	59	44
27956	2	189	40	26
27957	2	642	155	138
27958	2	246	64	49
27959	2	156	50	15
27960	2	143	53	22
27961	2	252	56	43
27962	2	221	69	52
27963	2	464	111	93
27964	2	1330	271	256
27965	2	184	67	34
27966	2	1422	256	240
27967	2	1020	235	225
27968	2	1054	249	236
27969	2	831	191	181
27970	2	549	110	95
27971	2	927	227	210
27972	2	279	90	71
27973	2	227	80	63
27974	2	474	109	91
27975	2	63	19	6
27976	2	1153	286	270
27977	2	717	156	145
27978	2	649	161	149
27979	2	230	55	40
27980	2	436	123	84
27981	2	474	140	54
27982	2	538	150	135
27983	2	137	34	17
27984	2	901	258	242
27985	2	142	30	9
27986	2	597	160	123
27987	2	96	48	9
27988	2	345	100	82
27989	2	90	31	13
27990	2	116	42	27
27991	2	219	45	28
27992	2	1087	232	204
27993	2	403	98	87
27994	2	788	159	149
27995	2	198	43	26
27996	2	100	27	6
27997	2	1394	264	251
27998	2	115	34	21
27999	2	261	94	50
28000	2	377	168	152
28001	2	172	52	30
28002	2	184	55	34
28003	2	546	126	107
28004	2	192	52	35
28005	2	128	47	34
28006	2	136	49	18
28007	2	942	284	245
28008	2	1129	266	255
28009	2	119	52	29
28010	2	336	78	59
28011	2	630	188	171
28012	2	910	207	191
28013	2	191	42	26
28014	2	144	28	20
28015	2	457	112	96
28016	2	1222	347	332
28017	2	446	97	87
28018	2	165	47	23
28019	2	85	27	9
28020	2	1403	272	256
28021	2	178	52	16
28022	2	818	196	186
28023	2	983	459	408
28024	2	1262	356	322
28025	2	1493	315	299
28026	2	669	184	170
28027	2	1031	204	191
28028	2	1061	231	188
28029	2	234	64	15
28030	2	423	119	91
28031	2	311	72	54
28032	2	337	186	168
28033	2	1058	249	238
28034	2	60	17	7
28035	2	308	69	59
28036	2	145	45	24
28037	2	1234	232	222
28038	2	41	20	10
28039	2	482	136	114
28040	2	1064	259	243
28041	2	1391	245	235
28042	2	1134	267	257
28043	2	216	50	40
28044	2	1014	218	205
28045	2	858	220	205
28046	2	1058	267	257
28047	2	1225	224	208
28048	2	225	44	34
28049	2	1064	284	274
28050	2	158	75	51
28051	2	1167	240	229
28052	2	643	177	162
28053	2	528	141	124
28054	2	274	101	80
28055	2	356	91	75
28056	2	207	51	36
28057	2	1567	418	397
28058	2	1100	261	243
28059	2	157	45	20
28060	2	904	206	189
28061	2	481	123	103
28062	2	915	270	255
28063	2	740	194	179
28064	2	1246	292	274
28065	2	1318	312	297
28066	2	263	57	47
28067	2	115	37	12
28068	2	194	60	32
28069	2	1218	331	320
28070	2	811	172	148
28071	2	312	59	41
28072	2	461	115	85
28073	2	1265	386	362
28074	2	657	151	127
28075	2	985	194	176
28076	2	147	55	26
28077	2	580	159	144
28078	2	863	184	162
28079	2	657	112	99
28080	2	732	237	207
28081	2	1241	257	243
28082	2	1160	230	215
28083	2	1253	261	242
28084	2	385	131	101
28085	2	361	81	66
28086	2	957	208	191
28087	2	1087	345	331
28088	2	75	22	12
28089	2	1222	266	252
28090	2	156	53	39
28091	2	1457	293	284
28092	2	364	121	95
28093	2	303	65	56
28094	2	434	223	205
28095	2	1062	212	201
28096	2	483	104	94
28097	2	1229	350	335
28098	2	848	255	247
28099	2	521	165	154
28100	2	265	62	37
28101	2	246	62	52
28102	2	180	48	25
28103	2	378	85	74
28104	2	134	46	17
28105	2	201	41	31
28106	2	391	116	104
28107	2	1163	296	282
28108	2	683	208	177
28109	2	1103	218	206
28110	2	1395	292	278
28111	2	1265	262	241
28112	2	1020	206	189
28113	2	1117	247	233
28114	2	1242	278	260
28115	2	1441	272	256
28116	2	550	166	147
28117	2	1181	278	266
28118	2	1054	234	223
28119	2	1320	270	255
28120	2	951	303	291
28121	2	1175	327	307
28122	2	1053	260	243
28123	2	951	329	313
28124	2	1279	325	314
28125	2	881	241	226
28126	2	826	252	231
28127	2	1061	359	342
28128	2	1202	343	314
28129	2	790	188	177
28130	2	528	119	107
28131	2	233	69	58
28132	2	368	122	107
28133	2	344	93	83
28134	2	174	41	29
28135	2	93	20	6
28136	2	1207	375	348
28137	2	254	116	100
28138	2	382	105	86
28139	2	80	29	8
28140	2	75	26	14
28141	2	180	48	34
28142	2	428	115	97
28143	2	218	60	46
28144	2	860	208	199
28145	2	334	72	62
28146	2	438	136	75
28147	2	87	34	20
28148	2	1115	375	363
28149	2	341	96	80
28150	2	842	245	235
28151	2	1199	271	258
28152	2	1273	343	331
28153	2	90	31	14
28154	2	689	142	128
28155	2	1001	301	288
28156	2	111	25	11
28157	2	563	157	144
28158	2	673	146	131
28159	2	1365	349	334
28160	2	912	259	250
28161	2	878	255	240
28162	2	153	45	34
28163	2	30	22	12
28164	2	200	60	44
28165	2	288	87	70
28166	2	504	126	115
28167	2	91	27	9
28168	2	1405	253	236
28169	2	104	39	27
28170	2	846	172	162
28171	2	358	96	65
28172	2	890	191	175
28173	2	710	164	149
28174	2	395	116	101
28175	2	1301	323	309
28176	2	833	228	213
28177	2	549	149	135
28178	2	1122	260	241
28179	2	741	155	140
28180	2	233	49	32
28181	2	1032	306	293
28182	2	621	134	114
28183	2	409	140	115
28184	2	134	56	41
28185	2	531	170	163
28186	2	857	258	232
28187	2	517	181	171
28188	2	487	152	137
28189	2	924	266	225
28190	2	1070	287	269
28191	2	907	250	217
28192	2	448	122	110
28193	2	112	44	28
28194	2	194	52	33
28195	2	440	99	84
28196	2	833	241	228
28197	2	1247	284	272
28198	2	137	43	24
28199	2	647	146	136
28200	2	756	150	133
28201	2	1460	279	267
28202	2	1318	258	246
28203	2	201	67	48
28204	2	1369	273	262
28205	2	1224	212	198
28206	2	477	168	154
28207	2	1039	219	206
28208	2	927	202	188
28209	2	785	175	158
28210	2	160	57	10
28211	2	91	21	10
28212	2	238	52	39
28213	2	165	41	31
28214	2	121	75	63
28215	2	912	245	232
28216	2	1406	335	318
28217	2	238	85	71
28218	2	924	227	210
28219	2	816	237	222
28220	2	1066	204	190
28221	2	1263	291	279
28222	2	792	174	163
28223	2	1374	313	302
28224	2	1067	250	238
28225	2	659	186	165
28226	2	1413	265	253
28227	2	1056	234	222
28228	2	777	167	152
28229	2	1248	322	300
28230	2	1122	228	213
28231	2	837	256	205
28232	2	1044	247	234
28233	2	917	176	160
28234	2	444	160	141
28235	2	830	228	201
28236	2	868	232	221
28237	2	374	126	115
28238	2	582	175	155
28239	2	1010	344	328
28240	2	1172	250	239
28241	2	1354	341	327
28242	2	1074	336	319
28243	2	87	28	14
28244	2	1174	248	237
28245	2	247	71	55
28246	2	884	210	203
28247	2	417	94	76
28248	2	459	135	123
28249	2	206	55	34
28250	2	465	119	109
28251	2	839	227	214
28252	2	378	151	141
28253	2	1280	283	272
28254	2	1165	239	229
28255	2	1263	286	275
28256	2	155	62	39
28257	2	231	66	54
28258	2	1377	306	292
28259	2	1034	222	212
28260	2	497	191	179
28261	2	973	321	286
28262	2	147	41	26
28263	2	1011	224	208
28264	2	1200	276	262
28265	2	1363	277	253
28266	2	1151	226	217
28267	2	207	43	29
28268	2	623	283	267
28269	2	957	200	179
28270	2	1282	345	326
28271	2	270	81	65
28272	2	133	35	24
28273	2	705	146	114
28274	2	543	100	91
28275	2	1154	360	343
28276	2	956	230	204
28277	2	217	69	50
28278	2	404	85	43
28279	2	1169	424	409
28280	2	969	232	222
28281	2	995	213	198
28282	2	139	46	27
28283	2	195	57	39
28284	2	108	33	7
28285	2	174	42	29
28286	2	102	36	11
28287	2	198	46	37
28288	2	139	37	13
28289	2	161	44	21
28290	2	204	56	42
28291	2	145	38	11
28292	2	300	101	83
28293	2	135	54	28
28294	2	168	43	27
28295	2	998	292	275
28296	2	232	122	70
28297	2	575	115	98
28298	2	91	43	28
28299	2	866	202	183
28300	2	546	163	124
28301	2	222	51	35
28302	2	100	42	28
28303	2	392	103	91
28304	2	675	273	245
28305	2	77	23	10
28306	2	156	39	32
28307	2	196	74	42
28308	2	148	54	28
28309	2	137	51	33
28310	2	705	174	158
28311	2	200	57	42
28312	2	1057	215	200
28313	2	412	99	86
28314	2	1056	240	225
28315	2	944	244	232
28316	2	1477	256	240
28317	2	1383	263	250
28318	2	212	75	53
28319	2	375	114	105
28320	2	866	239	221
28321	2	63	30	14
28322	2	498	165	142
28323	2	988	195	183
28324	2	287	59	45
28325	2	110	47	29
28326	2	1431	311	281
28327	2	626	200	185
28328	2	161	48	23
28329	2	170	53	15
28330	2	204	45	34
28331	2	124	28	15
28332	2	501	147	133
28333	2	1277	287	273
28334	2	100	35	20
28335	2	230	48	36
28336	2	1064	206	189
28337	2	633	151	127
28338	2	1213	286	271
28339	2	1014	198	188
28340	2	164	50	33
28341	2	635	139	124
28342	2	555	90	80
28343	2	637	164	154
28344	2	1313	331	319
28345	2	143	42	25
28346	2	820	151	138
28347	2	498	105	81
28348	2	108	31	9
28349	2	342	75	59
28350	2	1025	278	261
28351	2	137	43	12
28352	2	454	140	98
28353	2	243	50	34
28354	2	63	23	2
28355	2	497	140	127
28356	2	788	306	269
28357	2	249	97	56
28358	2	812	159	147
28359	2	697	223	204
28360	2	841	207	193
28361	2	224	69	35
28362	2	629	277	229
28363	2	1140	497	462
28364	2	337	105	89
28365	2	512	142	115
28366	2	102	41	19
28367	2	242	85	60
28368	2	728	223	205
28369	2	120	64	51
28370	2	513	181	170
28371	2	1108	281	267
28372	2	111	34	21
28373	2	129	32	19
28374	2	426	81	72
28375	2	72	24	6
28376	2	1180	488	466
28377	2	661	154	146
28378	2	1242	300	284
28379	2	1175	285	271
28380	2	1120	272	248
28381	2	1436	338	319
28382	2	1419	390	373
28383	2	1243	317	302
28384	2	1035	227	214
28385	2	840	175	163
28386	2	1388	285	270
28387	2	1083	210	195
28388	2	1467	296	283
28389	2	1312	286	272
28390	2	1149	319	299
28391	2	826	230	198
28392	2	571	126	110
28393	2	410	111	93
28394	2	315	107	87
28395	2	511	99	88
28396	2	94	47	31
28397	2	937	212	192
28398	2	450	92	64
28399	2	494	129	117
28400	2	1199	240	225
28401	2	1293	269	259
28402	2	1291	267	251
28403	2	1000	270	256
28404	2	1204	258	243
28405	2	1022	219	207
28406	2	722	151	137
28407	2	1051	234	221
28408	2	657	122	112
28409	2	141	40	9
28410	2	170	46	23
28411	2	972	289	255
28412	2	274	71	53
28413	2	108	32	15
28414	2	862	287	274
28415	2	105	41	27
28416	2	172	59	33
28417	2	214	70	56
28418	2	280	71	39
28419	2	278	83	65
28420	2	853	166	155
28421	2	79	34	18
28422	2	46	19	9
28423	2	439	101	88
28424	2	155	51	39
28425	2	192	56	42
28426	2	443	132	123
28427	2	225	73	59
28428	2	275	75	56
28429	2	75	31	17
28430	2	1023	317	303
28431	2	254	85	59
28432	2	965	292	278
28433	2	90	37	11
28434	2	572	123	108
28435	2	1207	333	318
28436	2	502	127	112
28437	2	1048	221	209
28438	2	311	67	57
28439	2	1136	277	263
28440	2	411	110	92
28441	2	593	120	96
28442	2	853	192	182
28443	2	153	47	26
28444	2	607	202	126
28445	2	540	199	179
28446	2	330	70	58
28447	2	219	46	32
28448	2	78	30	19
28449	2	120	31	8
28450	2	153	51	15
28451	2	121	51	37
28452	2	204	62	48
28453	2	1160	325	306
28454	2	207	58	43
28455	2	766	177	164
28456	2	995	281	268
28457	2	999	258	246
28458	2	539	173	158
28459	2	429	114	105
28460	2	1429	333	316
28461	2	924	195	182
28462	2	897	194	179
28463	2	1298	265	250
28464	2	751	217	207
28465	2	216	46	35
28466	2	848	176	162
28467	2	1321	291	277
28468	2	180	58	42
28469	2	518	146	112
28470	2	333	85	74
28471	2	912	200	187
28472	2	169	39	28
28473	2	84	31	12
28474	2	481	139	130
28475	2	932	199	188
28476	2	740	192	170
28477	2	446	104	82
28478	2	540	136	99
28479	2	621	183	169
28480	2	1206	280	264
28481	2	336	79	68
28482	2	125	37	15
28483	2	630	131	118
28484	2	324	93	67
28485	2	612	159	148
28486	2	917	204	187
28487	2	682	209	194
28488	2	965	230	215
28489	2	988	218	207
28490	2	1248	269	257
28491	2	323	105	79
28492	2	171	87	76
28493	2	899	214	200
28494	2	1337	306	291
28495	2	396	153	140
28496	2	1472	383	373
28497	2	1151	215	202
28498	2	181	54	35
28499	2	890	276	262
28500	2	311	70	59
28501	2	863	279	240
28502	2	312	72	57
28503	2	619	179	152
28504	2	130	48	35
28505	2	1157	397	382
28506	2	1385	258	243
28507	2	923	199	189
28508	2	129	29	11
28509	2	1484	339	329
28510	2	150	38	16
28511	2	909	180	168
28512	2	298	169	157
28513	2	1044	201	191
28514	2	878	265	249
28515	2	550	136	120
28516	2	1112	366	348
28517	2	1167	319	309
28518	2	632	152	142
28519	2	210	53	37
28520	2	864	422	401
28521	2	333	85	64
28522	2	891	162	152
28523	2	965	219	209
28524	2	105	49	23
28525	2	112	45	14
28526	2	144	44	22
28527	2	142	50	25
28528	2	171	55	19
28529	2	145	51	20
28530	2	40	24	11
28531	2	905	251	237
28532	2	520	171	155
28533	2	1159	357	344
28534	2	252	101	86
28535	2	709	190	173
28536	2	397	121	103
28537	2	1278	340	322
28538	2	638	120	110
28539	2	1097	262	251
28540	2	892	240	225
28541	2	1381	291	278
28542	2	101	27	8
28543	2	1279	276	265
28544	2	1227	302	282
28545	2	293	61	41
28546	2	1390	321	306
28547	2	882	161	144
28548	2	1367	293	279
28549	2	207	61	44
28550	2	838	157	145
28551	2	334	97	70
28552	2	222	44	26
28553	2	1375	294	281
28554	2	1145	366	349
28555	2	950	283	268
28556	2	1001	280	262
28557	2	159	39	20
28558	2	102	34	12
28559	2	134	44	24
28560	2	235	62	35
28561	2	362	103	90
28562	2	873	213	193
28563	2	763	246	231
28564	2	772	152	138
28565	2	1379	373	347
28566	2	196	39	30
28567	2	501	120	105
28568	2	342	92	81
28569	2	198	49	39
28570	2	330	97	87
28571	2	693	144	115
28572	2	818	185	170
28573	2	308	66	51
28574	2	632	148	118
28575	2	77	27	6
28576	2	883	264	246
28577	2	451	92	60
28578	2	1248	343	319
28579	2	1143	308	285
28580	2	161	43	3
28581	2	232	79	51
28582	2	862	303	283
28583	2	1247	281	267
28584	2	1288	252	233
28585	2	545	118	101
28586	2	1166	271	246
28587	2	892	190	179
28588	2	611	155	138
28589	2	764	176	164
28590	2	1043	298	279
28591	2	487	115	57
28592	2	1549	306	291
28593	2	1238	265	252
28594	2	1111	192	180
28595	2	1014	271	256
28596	2	129	37	24
28597	2	399	135	121
28598	2	1279	291	279
28599	2	1129	242	230
28600	2	531	140	125
28601	2	434	106	91
28602	2	772	204	191
28603	2	150	77	57
28604	2	740	147	135
28605	2	525	159	150
28606	2	363	125	94
28607	2	149	44	21
28608	2	549	180	166
28609	2	873	263	252
28610	2	241	53	42
28611	2	729	238	227
28612	2	558	116	101
28613	2	1033	248	237
28614	2	330	85	74
28615	2	231	69	52
28616	2	585	155	144
28617	2	283	81	52
28618	2	1263	258	243
28619	2	102	33	20
28620	2	1221	230	219
28621	2	825	189	174
28622	2	93	24	9
28623	2	215	77	49
28624	2	124	38	9
28625	2	1402	302	288
28626	2	1273	241	226
28627	2	1749	360	350
28628	2	1179	344	328
28629	2	1276	270	260
28630	2	1077	245	237
28631	2	1233	325	315
28632	2	273	56	42
28633	2	1368	355	323
28634	2	976	222	209
28635	2	948	260	242
28636	2	284	145	130
28637	2	887	287	268
28638	2	857	165	156
28639	2	862	241	228
28640	2	73	22	5
28641	2	1252	335	319
28642	2	1240	344	331
28643	2	483	102	92
28644	2	943	228	215
28645	2	920	233	223
28646	2	157	50	29
28647	2	96	25	14
28648	2	220	53	42
28649	2	532	191	168
28650	2	258	57	46
28651	2	1042	253	235
28652	2	168	50	29
28653	2	612	170	154
28654	2	1575	417	380
28655	2	1207	293	283
28656	2	898	211	203
28657	2	1424	326	313
28658	2	408	105	82
28659	2	1217	309	292
28660	2	101	26	14
28661	2	477	107	94
28662	2	452	98	85
28663	2	311	73	57
28664	2	98	37	21
28665	2	1141	254	236
28666	2	80	31	18
28667	2	923	458	415
28668	2	202	84	50
28669	2	758	165	152
28670	2	757	210	190
28671	2	665	235	215
28672	2	718	182	170
28673	2	1294	293	281
28674	2	956	303	291
28675	2	1042	204	183
28676	2	1149	227	214
28677	2	593	163	130
28678	2	1119	265	248
28679	2	1421	323	309
28680	2	1074	233	222
28681	2	1309	272	262
28682	2	975	215	201
28683	2	1337	265	248
28684	2	1148	238	222
28685	2	466	186	159
28686	2	600	181	169
28687	2	113	39	11
28688	2	497	117	90
28689	2	117	33	15
28690	2	126	35	10
28691	2	116	39	13
28692	2	367	156	135
28693	2	477	134	108
28694	2	354	76	56
28695	2	571	155	134
28696	2	878	246	217
28697	2	972	233	214
28698	2	541	133	118
28699	2	658	182	165
28700	2	1092	323	305
28701	2	1090	354	341
28702	2	252	75	59
28703	2	175	55	36
28704	2	191	52	37
28705	2	275	98	82
28706	2	1700	373	362
28707	2	1460	290	279
28708	2	1062	324	307
28709	2	1234	307	297
28710	2	695	194	182
28711	2	280	79	57
28712	2	218	70	36
28713	2	404	94	80
28714	2	222	65	34
28715	2	537	111	74
28716	2	1646	331	320
28717	2	972	246	231
28718	2	950	331	314
28719	2	378	116	97
28720	2	1062	311	296
28721	2	51	26	13
28722	2	97	28	8
28723	2	166	38	24
28724	2	779	164	148
28725	2	667	156	132
28726	2	249	60	48
28727	2	414	116	99
28728	2	438	131	117
28729	2	309	80	67
28730	2	831	180	172
28731	2	133	53	39
28732	2	1262	297	281
28733	2	951	187	168
28734	2	256	78	45
28735	2	864	222	210
28736	2	987	209	196
28737	2	405	242	235
28738	2	1444	322	304
28739	2	148	44	13
28740	2	1246	326	306
28741	2	789	260	245
28742	2	840	178	169
28743	2	1153	248	232
28744	2	161	44	32
28745	2	399	110	104
28746	2	184	68	55
28747	2	186	37	21
28748	2	143	46	18
28749	2	528	119	107
28750	2	304	99	87
28751	2	171	55	23
28752	2	647	213	188
28753	2	521	120	93
28754	2	633	109	95
28755	2	120	33	20
28756	2	333	97	80
28757	2	66	26	5
28758	2	411	102	92
28759	2	587	131	119
28760	2	662	196	178
28761	2	470	129	112
28762	2	1034	297	284
28763	2	208	80	56
28764	2	851	277	259
28765	2	120	35	7
28766	2	1092	339	319
28767	2	225	57	28
28768	2	100	26	8
28769	2	258	53	25
28770	2	53	26	15
28771	2	1353	274	262
28772	2	469	129	114
28773	2	47	17	7
28774	2	1075	354	342
28775	2	95	36	14
28776	2	849	223	214
28777	2	465	134	125
28778	2	52	19	9
28779	2	233	87	70
28780	2	1234	313	298
28781	2	1153	276	264
28782	2	1277	273	266
28783	2	1285	262	251
28784	2	1377	297	282
28785	2	1127	215	203
28786	2	138	41	24
28787	2	93	30	15
28788	2	504	111	95
28789	2	224	74	61
28790	2	114	35	20
28791	2	388	103	61
28792	2	306	83	71
28793	2	291	79	68
28794	2	102	44	17
28795	2	672	189	174
28796	2	93	36	15
28797	2	437	124	108
28798	2	400	98	68
28799	2	1228	293	282
28800	2	129	66	37
28801	2	270	77	49
28802	2	84	20	9
28803	2	1190	338	322
28804	2	1469	381	361
28805	2	1679	546	533
28806	2	1423	351	339
28807	2	1045	310	294
28808	2	955	195	183
28809	2	1033	281	267
28810	2	1267	291	270
28811	2	97	32	19
28812	2	334	116	95
28813	2	1187	341	318
28814	2	480	130	102
28815	2	1066	214	202
28816	2	1366	238	221
28817	2	881	203	193
28818	2	424	81	67
28819	2	91	37	22
28820	2	64	27	10
28821	2	1371	317	307
28822	2	588	123	108
28823	2	193	67	53
28824	2	1092	306	288
28825	2	600	220	207
28826	2	213	44	32
28827	2	1057	266	253
28828	2	165	50	41
28829	2	1206	364	345
28830	2	344	88	57
28831	2	213	57	36
28832	2	917	261	243
28833	2	555	128	101
28834	2	292	89	41
28835	2	231	46	31
28836	2	858	193	178
28837	2	162	58	11
28838	2	162	39	27
28839	2	432	91	76
28840	2	1167	370	352
28841	2	150	52	31
28842	2	139	50	26
28843	2	381	106	86
28844	2	396	162	140
28845	2	217	73	44
28846	2	102	28	9
28847	2	793	199	187
28848	2	404	142	131
28849	2	259	73	50
28850	2	1016	199	182
28851	2	235	50	37
28852	2	474	164	133
28853	2	105	26	7
28854	2	1067	283	261
28855	2	1363	266	253
28856	2	1046	236	222
28857	2	1270	241	230
28858	2	1423	301	291
28859	2	756	137	126
28860	2	1303	260	248
28861	2	999	215	159
28862	2	309	68	62
28863	2	128	53	33
28864	2	414	89	80
28865	2	1098	237	226
28866	2	1009	202	184
28867	2	51	25	12
28868	2	1016	281	266
28869	2	130	36	12
28870	2	1186	334	318
28871	2	547	115	96
28872	2	947	325	312
28873	2	976	243	225
28874	2	1096	247	237
28875	2	1372	292	278
28876	2	1099	213	201
28877	2	1371	279	266
28878	2	1323	297	287
28879	2	945	254	240
28880	2	82	40	29
28881	2	833	226	192
28882	2	154	40	29
28883	2	1460	289	279
28884	2	1125	318	309
28885	2	756	140	127
28886	2	1178	257	246
28887	2	280	75	61
28888	2	1308	283	271
28889	2	499	113	102
28890	2	937	171	158
28891	2	95	32	21
28892	2	1209	259	246
28893	2	746	159	145
28894	2	804	248	232
28895	2	491	185	160
28896	2	467	124	110
28897	2	209	65	37
28898	2	490	86	76
28899	2	677	138	126
28900	2	950	298	282
28901	2	1206	428	413
28902	2	144	39	19
28903	2	141	57	42
28904	2	989	206	186
28905	2	1054	207	189
28906	2	386	92	78
28907	2	188	55	36
28908	2	1173	224	211
28909	2	1305	337	325
28910	2	571	197	182
28911	2	1010	246	233
28912	2	493	136	124
28913	2	337	97	80
28914	2	824	201	187
28915	2	407	120	106
28916	2	1135	251	238
28917	2	1134	342	330
28918	2	618	169	157
28919	2	1230	237	227
28920	2	108	36	20
28921	2	877	210	195
28922	2	327	116	93
28923	2	126	35	20
28924	2	734	183	171
28925	2	540	118	104
28926	2	267	66	48
28927	2	746	200	177
28928	2	343	117	102
28929	2	551	162	142
28930	2	635	139	123
28931	2	1032	298	288
28932	2	202	78	55
28933	2	1284	301	292
28934	2	115	45	34
28935	2	497	126	107
28936	2	390	124	106
28937	2	588	155	140
28938	2	1304	329	301
28939	2	25	16	7
28940	2	789	144	130
28941	2	1221	311	300
28942	2	1137	365	353
28943	2	366	88	70
28944	2	113	32	15
28945	2	136	39	24
28946	2	530	179	160
28947	2	431	129	112
28948	2	1064	397	387
28949	2	565	147	134
28950	2	323	136	119
28951	2	1428	324	308
28952	2	977	243	232
28953	2	121	33	12
28954	2	204	44	31
28955	2	552	122	115
28956	2	1384	303	284
28957	2	1309	256	248
28958	2	159	40	25
28959	2	1030	278	252
28960	2	1366	326	316
28961	2	1182	258	245
28962	2	1608	420	405
28963	2	132	47	20
28964	2	497	123	111
28965	2	86	23	6
28966	2	244	53	41
28967	2	454	110	99
28968	2	75	25	15
28969	2	523	135	122
28970	2	57	23	9
28971	2	327	109	54
28972	2	48	20	5
28973	2	749	190	178
28974	2	1197	286	262
28975	2	531	124	95
28976	2	985	238	225
28977	2	671	188	176
28978	2	919	295	281
28979	2	372	104	81
28980	2	856	241	227
28981	2	407	94	77
28982	2	258	57	46
28983	2	1378	376	362
28984	2	524	140	120
28985	2	1014	193	179
28986	2	941	270	254
28987	2	624	168	143
28988	2	512	131	102
28989	2	449	116	98
28990	2	159	42	16
28991	2	667	207	192
28992	2	1155	339	319
28993	2	100	46	32
28994	2	105	37	14
28995	2	276	64	52
28996	2	89	32	14
28997	2	452	91	61
28998	2	1010	206	172
28999	2	752	191	167
29000	2	1061	235	228
29001	2	180	52	38
29002	2	487	195	186
29003	2	579	115	101
29004	2	672	215	198
29005	2	1068	222	212
29006	2	748	211	199
29007	2	307	95	47
29008	2	361	108	76
29009	2	200	56	38
29010	2	1191	307	292
29011	2	512	127	109
29012	2	1057	264	252
29013	2	1369	265	254
29014	2	982	255	243
29015	2	300	61	48
29016	2	1034	194	181
29017	2	1390	258	245
29018	2	830	216	203
29019	2	132	29	18
29020	2	1211	338	325
29021	2	857	258	248
29022	2	1253	251	235
29023	2	111	30	18
29024	2	686	164	139
29025	2	311	86	48
29026	2	860	225	209
29027	2	1429	358	333
29028	2	478	191	174
29029	2	233	55	42
29030	2	1167	363	346
29031	2	1282	258	245
29032	2	1140	301	287
29033	2	1320	314	304
29034	2	944	230	215
29035	2	588	154	139
29036	2	1099	305	282
29037	2	1138	280	261
29038	2	869	197	176
29039	2	1124	263	249
29040	2	225	65	39
29041	2	240	59	53
29042	2	1160	262	244
29043	2	722	213	198
29044	2	338	89	70
29045	2	599	192	175
29046	2	1095	286	269
29047	2	1044	328	312
29048	2	1088	299	289
29049	2	1290	265	251
29050	2	516	112	100
29051	2	431	102	92
29052	2	1529	302	271
29053	2	387	124	50
29054	2	81	27	9
29055	2	1119	226	211
29056	2	777	187	174
29057	2	1271	371	356
29058	2	57	20	7
29059	2	822	202	190
29060	2	1329	336	305
29061	2	794	159	129
29062	2	213	40	30
29063	2	1281	244	234
29064	2	1318	251	241
29065	2	1163	204	195
29066	2	420	101	86
29067	2	573	122	102
29068	2	293	80	64
29069	2	138	38	23
29070	2	961	270	253
29071	2	605	137	89
29072	2	145	33	18
29073	2	466	105	97
29074	2	296	75	40
29075	2	722	164	117
29076	2	855	247	222
29077	2	582	172	91
29078	2	177	73	50
29079	2	83	32	15
29080	2	866	187	127
29081	2	1435	257	248
29082	2	42	12	3
29083	2	1296	235	225
29084	2	1165	212	199
29085	2	135	32	20
29086	2	1115	265	251
29087	2	504	133	119
29088	2	899	196	184
29089	2	1260	290	279
29090	2	564	294	280
29091	2	473	98	87
29092	2	158	59	43
29093	2	99	37	21
29094	2	663	174	160
29095	2	207	47	32
29096	2	824	182	170
29097	2	136	32	12
29098	2	1074	226	179
29099	2	212	50	30
29100	2	216	55	46
29101	2	923	168	148
29102	2	1236	345	323
29103	2	1409	326	306
29104	2	1411	316	292
29105	2	1271	298	285
29106	2	543	106	96
29107	2	459	110	84
29108	2	473	109	80
29109	2	120	29	18
29110	2	199	85	70
29111	2	95	33	21
29112	2	75	26	13
29113	2	48	33	16
29114	2	574	169	153
29115	2	180	68	40
29116	2	432	105	72
29117	2	327	71	56
29118	2	727	157	147
29119	2	303	74	62
29120	2	382	119	78
29121	2	1155	257	231
29122	2	308	68	53
29123	2	876	257	245
29124	2	147	44	19
29125	2	1106	324	306
29126	2	1189	341	319
29127	2	313	147	126
29128	2	1086	240	227
29129	2	1230	345	320
29130	2	366	93	76
29131	2	717	160	149
29132	2	462	149	138
29133	2	1269	277	269
29134	2	1350	286	271
29135	2	1237	338	318
29136	2	265	92	57
29137	2	160	117	103
29138	2	418	93	59
29139	2	255	62	50
29140	2	275	74	48
29141	2	325	71	40
29142	2	239	65	28
29143	2	206	58	11
29144	2	622	140	103
29145	2	817	179	154
29146	2	1559	448	437
29147	2	1217	286	266
29148	2	1730	473	454
29149	2	464	125	106
29150	2	1075	232	220
29151	2	737	160	138
29152	2	1335	477	462
29153	2	1133	213	204
29154	2	1309	287	271
29155	2	1046	287	271
29156	2	675	235	210
29157	2	1257	332	319
29158	2	187	74	63
29159	2	1199	305	292
29160	2	63	25	14
29161	2	243	44	29
29162	2	370	102	86
29163	2	905	190	179
29164	2	738	143	127
29165	2	1077	308	276
29166	2	152	60	46
29167	2	694	148	129
29168	2	1302	251	236
29169	2	397	122	108
29170	2	361	96	82
29171	2	139	35	18
29172	2	75	23	10
29173	2	243	62	40
29174	2	744	185	172
29175	2	1241	314	295
29176	2	1032	207	194
29177	2	1400	267	242
29178	2	171	34	23
29179	2	782	206	189
29180	2	306	57	36
29181	2	690	142	127
29182	2	860	262	248
29183	2	758	149	137
29184	2	1265	375	358
29185	2	603	168	153
29186	2	1079	544	531
29187	2	872	255	241
29188	2	1355	279	263
29189	2	899	250	236
29190	2	548	119	106
29191	2	1401	362	349
29192	2	1083	209	192
29193	2	1109	329	311
29194	2	1153	318	303
29195	2	465	162	145
29196	2	585	152	139
29197	2	127	36	10
29198	2	1381	365	332
29199	2	552	100	50
29200	2	655	204	186
29201	2	1217	315	302
29202	2	1318	298	285
29203	2	567	105	95
29204	2	849	182	168
29205	2	957	219	208
29206	2	204	72	47
29207	2	582	103	90
29208	2	317	90	76
29209	2	138	51	29
29210	2	978	212	199
29211	2	74	28	10
29212	2	204	46	25
29213	2	1465	301	284
29214	2	103	30	10
29215	2	1267	301	287
29216	2	1456	269	258
29217	2	469	162	144
29218	2	348	83	71
29219	2	765	183	172
29220	2	204	63	49
29221	2	359	83	68
29222	2	221	43	23
29223	2	184	64	46
29224	2	141	33	20
29225	2	111	33	12
29226	2	348	66	51
29227	2	135	30	8
29228	2	200	72	40
29229	2	1327	316	306
29230	2	528	160	144
29231	2	776	186	164
29232	2	1302	380	343
29233	2	1009	259	242
29234	2	1146	372	359
29235	2	1281	333	313
29236	2	1228	386	370
29237	2	465	92	81
29238	2	1051	325	305
29239	2	1125	245	231
29240	2	877	189	172
29241	2	139	53	25
29242	2	904	188	172
29243	2	123	37	18
29244	2	186	54	24
29245	2	86	45	28
29246	2	178	48	29
29247	2	392	91	82
29248	2	100	30	10
29249	2	627	165	148
29250	2	646	238	223
29251	2	974	270	258
29252	2	1035	231	218
29253	2	168	57	48
29254	2	679	175	161
29255	2	1134	304	245
29256	2	486	127	110
29257	2	168	36	23
29258	2	257	67	44
29259	2	547	118	96
29260	2	617	146	121
29261	2	942	213	200
29262	2	1232	369	346
29263	2	447	86	73
29264	2	1596	477	464
29265	2	312	70	55
29266	2	377	133	116
29267	2	1356	291	278
29268	2	383	106	74
29269	2	861	199	190
29270	2	258	77	66
29271	2	1065	289	262
29272	2	225	60	47
29273	2	321	74	58
29274	2	519	146	137
29275	2	856	208	194
29276	2	598	169	139
29277	2	543	218	205
29278	2	542	175	149
29279	2	1496	306	296
29280	2	573	122	87
29281	2	269	68	24
29282	2	87	27	10
29283	2	155	48	27
29284	2	127	38	16
29285	2	128	33	21
29286	2	1214	354	340
29287	2	490	166	152
29288	2	960	227	211
29289	2	128	47	30
29290	2	1055	257	247
29291	2	403	101	84
29292	2	692	144	129
29293	2	313	86	72
29294	2	1057	240	230
29295	2	335	82	65
29296	2	791	184	166
29297	2	1360	269	259
29298	2	495	122	100
29299	2	999	218	207
29300	2	192	38	26
29301	2	39	19	9
29302	2	222	65	54
29303	2	1157	222	212
29304	2	1129	214	181
29305	2	1243	254	240
29306	2	105	36	23
29307	2	986	247	235
29308	2	663	133	117
29309	2	956	189	172
29310	2	1280	351	319
29311	2	134	42	24
29312	2	970	247	235
29313	2	499	117	107
29314	2	626	136	120
29315	2	805	169	146
29316	2	183	48	38
29317	2	519	140	117
29318	2	525	111	76
29319	2	1017	255	241
29320	2	967	302	289
29321	2	567	109	101
29322	2	187	39	24
29323	2	804	206	189
29324	2	936	206	157
29325	2	1040	230	166
29326	2	566	103	92
29327	2	978	322	309
29328	2	1217	305	291
29329	2	189	47	11
29330	2	1764	379	366
29331	2	1294	275	262
29332	2	999	286	259
29333	2	1378	344	327
29334	2	869	202	187
29335	2	315	82	51
29336	2	954	258	214
29337	2	1037	197	187
29338	2	1152	317	237
29339	2	277	77	46
29340	2	1062	257	244
29341	2	139	38	12
29342	2	134	49	28
29343	2	651	199	176
29344	2	585	142	123
29345	2	1747	409	392
29346	2	573	142	123
29347	2	740	153	123
29348	2	426	126	109
29349	2	1236	276	261
29350	2	1206	259	247
29351	2	516	132	82
29352	2	1412	266	252
29353	2	556	211	194
29354	2	257	53	45
29355	2	1044	247	227
29356	2	1090	546	536
29357	2	609	102	44
29358	2	894	275	254
29359	2	65	29	16
29360	2	822	201	188
29361	2	118	44	29
29362	2	731	202	181
29363	2	153	38	23
29364	2	371	89	74
29365	2	904	294	268
29366	2	1101	235	221
29367	2	219	57	46
29368	2	997	208	197
29369	2	184	46	31
29370	2	870	185	173
29371	2	266	78	64
29372	2	640	153	134
29373	2	1238	290	277
29374	2	1013	226	203
29375	2	1283	275	261
29376	2	928	202	185
29377	2	673	201	186
29378	2	1117	218	201
29379	2	647	149	132
29380	2	875	221	194
29381	2	523	128	101
29382	2	409	126	106
29383	2	776	158	146
29384	2	441	93	73
29385	2	399	115	97
29386	2	1363	270	259
29387	2	753	192	174
29388	2	78	29	14
29389	2	523	114	101
29390	2	557	163	146
29391	2	159	51	32
29392	2	1060	261	228
29393	2	38	18	8
29394	2	228	89	80
29395	2	447	126	115
29396	2	1151	329	303
29397	2	212	57	32
29398	2	312	77	63
29399	2	348	83	70
29400	2	524	143	124
29401	2	969	269	251
29402	2	152	52	29
29403	2	1391	261	247
29404	2	89	30	18
29405	2	138	37	18
29406	2	264	54	44
29407	2	408	114	102
29408	2	891	184	171
29409	2	1074	230	220
29410	2	801	197	178
29411	2	596	146	130
29412	2	1208	285	267
29413	2	1495	314	301
29414	2	1193	223	213
29415	2	1036	458	447
29416	2	771	319	297
29417	2	912	251	235
29418	2	1149	432	419
29419	2	948	213	204
29420	2	993	321	300
29421	2	656	192	181
29422	2	378	107	96
29423	2	1237	360	339
29424	2	1001	256	244
29425	2	321	71	52
29426	2	834	185	173
29427	2	146	53	41
29428	2	102	31	11
29429	2	537	140	112
29430	2	142	45	30
29431	2	472	138	106
29432	2	562	152	133
29433	2	212	68	53
29434	2	274	109	85
29435	2	761	165	140
29436	2	216	48	25
29437	2	124	33	6
29438	2	628	210	196
29439	2	99	30	10
29440	2	75	24	8
29441	2	441	106	88
29442	2	92	41	27
29443	2	1448	305	289
29444	2	968	212	192
29445	2	1271	324	305
29446	2	154	43	24
29447	2	443	97	79
29448	2	537	122	109
29449	2	110	39	17
29450	2	108	37	14
29451	2	72	22	10
29452	2	624	122	111
29453	2	209	67	55
29454	2	320	95	76
29455	2	213	51	42
29456	2	135	37	23
29457	2	69	20	8
29458	2	90	26	11
29459	2	727	209	196
29460	2	942	289	272
29461	2	148	38	26
29462	2	1184	339	324
29463	2	822	172	159
29464	2	617	139	130
29465	2	1294	282	262
29466	2	1222	295	281
29467	2	1384	354	336
29468	2	526	106	81
29469	2	513	118	105
29470	2	826	241	221
29471	2	1283	304	292
29472	2	189	67	32
29473	2	1226	394	381
29474	2	156	38	21
29475	2	261	79	57
29476	2	1284	346	335
29477	2	399	83	70
29478	2	565	116	105
29479	2	1504	378	360
29480	2	1210	239	228
29481	2	563	140	115
29482	2	390	100	92
29483	2	674	191	180
29484	2	157	40	30
29485	2	1136	215	202
29486	2	1183	294	276
29487	2	809	160	148
29488	2	1238	349	333
29489	2	1109	248	239
29490	2	1063	276	261
29491	2	115	31	9
29492	2	612	174	156
29493	2	300	60	48
29494	2	180	70	52
29495	2	133	43	24
29496	2	873	184	174
29497	2	1254	353	330
29498	2	425	107	95
29499	2	960	229	216
29500	2	1192	222	210
29501	2	217	76	61
29502	2	611	139	131
29503	2	119	38	20
29504	2	175	68	52
29505	2	71	23	8
29506	2	368	81	65
29507	2	580	188	161
29508	2	323	82	63
29509	2	1156	236	226
29510	2	1267	294	276
29511	2	1059	253	237
29512	2	951	196	186
29513	2	1036	281	267
29514	2	1090	218	208
29515	2	1319	250	239
29516	2	1253	233	222
29517	2	1133	262	252
29518	2	928	260	240
29519	2	1193	328	315
29520	2	1348	286	273
29521	2	537	129	119
29522	2	612	136	124
29523	2	85	22	3
29524	2	789	179	169
29525	2	693	138	126
29526	2	504	139	126
29527	2	1201	311	297
29528	2	986	274	258
29529	2	1446	311	295
29530	2	1044	191	174
29531	2	1246	234	216
29532	2	219	55	38
29533	2	1128	241	228
29534	2	1240	269	259
29535	2	651	217	201
29536	2	297	57	47
29537	2	580	126	115
29538	2	36	20	7
29539	2	311	97	76
29540	2	583	189	171
29541	2	226	78	54
29542	2	225	69	47
29543	2	748	230	217
29544	2	971	319	305
29545	2	321	69	56
29546	2	1282	240	226
29547	2	979	288	272
29548	2	764	157	143
29549	2	1277	283	262
29550	2	535	133	116
29551	2	1060	229	211
29552	2	277	53	40
29553	2	255	89	18
29554	2	1115	309	293
29555	2	111	30	8
29556	2	1020	223	169
29557	2	192	57	34
29558	2	398	167	152
29559	2	104	36	15
29560	2	1296	294	281
29561	2	625	183	169
29562	2	1220	316	301
29563	2	1011	240	228
29564	2	113	44	30
29565	2	303	85	74
29566	2	895	205	193
29567	2	105	42	19
29568	2	226	77	45
29569	2	180	51	36
29570	2	710	144	129
29571	2	200	80	59
29572	2	250	88	64
29573	2	141	48	32
29574	2	138	55	25
29575	2	182	65	47
29576	2	81	25	10
29577	2	422	112	93
29578	2	1142	220	205
29579	2	312	72	57
29580	2	635	147	125
29581	2	216	93	73
29582	2	1223	325	301
29583	2	1406	328	317
29584	2	1126	245	229
29585	2	208	67	51
29586	2	112	32	14
29587	2	1418	290	279
29588	2	750	158	140
29589	2	589	128	106
29590	2	1181	313	298
29591	2	234	75	63
29592	2	913	302	285
29593	2	1024	215	203
29594	2	769	166	151
29595	2	198	69	56
29596	2	103	27	9
29597	2	345	91	73
29598	2	225	61	45
29599	2	49	22	12
29600	2	241	55	44
29601	2	141	32	23
29602	2	1246	317	304
29603	2	159	49	21
29604	2	888	221	212
29605	2	176	91	78
29606	2	141	32	10
29607	2	213	59	40
29608	2	163	54	9
29609	2	210	59	29
29610	2	271	74	60
29611	2	488	154	140
29612	2	1098	216	197
29613	2	773	164	153
29614	2	1196	305	287
29615	2	619	143	128
29616	2	473	126	110
29617	2	653	148	123
29618	2	364	83	71
29619	2	388	90	54
29620	2	252	48	19
29621	2	234	75	55
29622	2	234	83	65
29623	2	325	101	67
29624	2	210	49	37
29625	2	96	27	13
29626	2	294	65	50
29627	2	122	32	4
29628	2	93	29	8
29629	2	781	173	161
29630	2	620	132	118
29631	2	93	30	17
29632	2	163	40	20
29633	2	369	105	94
29634	2	963	218	199
29635	2	110	39	20
29636	2	426	91	83
29637	2	96	45	30
29638	2	156	59	43
29639	2	901	247	227
29640	2	171	53	30
29641	2	972	270	251
29642	2	199	73	59
29643	2	243	79	54
29644	2	360	86	31
29645	2	201	50	30
29646	2	210	56	43
29647	2	504	114	101
29648	2	135	36	22
29649	2	400	86	61
29650	2	128	38	20
29651	2	152	31	10
29652	2	120	37	10
29653	2	572	131	121
29654	2	189	70	38
29655	2	419	124	104
29656	2	1202	341	326
29657	2	936	220	207
29658	2	419	100	83
29659	2	809	162	150
29660	2	246	47	13
29661	2	1197	356	327
29662	2	741	151	139
29663	2	348	95	70
29664	2	435	95	86
29665	2	1210	238	225
29666	2	1111	297	285
29667	2	1105	234	218
29668	2	165	48	39
29669	2	192	45	28
29670	2	1056	243	226
29671	2	215	70	50
29672	2	1082	310	291
29673	2	719	342	323
29674	2	1009	239	224
29675	2	645	122	112
29676	2	1228	375	347
29677	2	1090	251	237
29678	2	1107	284	270
29679	2	158	34	16
29680	2	89	41	21
29681	2	65	21	9
29682	2	481	197	178
29683	2	795	145	135
29684	2	1020	279	269
29685	2	1020	325	306
29686	2	240	95	72
29687	2	1173	259	249
29688	2	1002	284	274
29689	2	318	81	61
29690	2	928	381	331
29691	2	110	31	20
29692	2	37	18	9
29693	2	283	84	61
29694	2	252	65	45
29695	2	167	50	33
29696	2	86	23	11
29697	2	1170	303	286
29698	2	1469	306	295
29699	2	534	122	106
29700	2	157	49	25
29701	2	513	164	146
29702	2	399	105	92
29703	2	122	40	5
29704	2	379	88	75
29705	2	582	166	154
29706	2	252	51	38
29707	2	991	302	284
29708	2	400	146	128
29709	2	181	57	31
29710	2	455	109	94
29711	2	1035	236	225
29712	2	1179	329	316
29713	2	1341	328	318
29714	2	637	148	137
29715	2	98	35	20
29716	2	1089	246	229
29717	2	985	345	335
29718	2	624	171	159
29719	2	188	42	33
29720	2	1245	336	307
29721	2	889	220	201
29722	2	1155	247	228
29723	2	399	93	80
29724	2	115	45	23
29725	2	1010	324	306
29726	2	999	212	200
29727	2	126	36	17
29728	2	357	77	50
29729	2	926	176	165
29730	2	496	170	142
29731	2	106	34	15
29732	2	1086	233	217
29733	2	423	106	94
29734	2	522	139	122
29735	2	564	125	104
29736	2	252	68	54
29737	2	113	41	23
29738	2	165	47	38
29739	2	118	40	26
29740	2	1166	302	284
29741	2	1315	294	279
29742	2	287	59	48
29743	2	1276	281	267
29744	2	602	127	114
29745	2	177	42	21
29746	2	1161	266	250
29747	2	1170	307	292
29748	2	344	77	67
29749	2	362	113	100
29750	2	140	55	31
29751	2	969	267	241
29752	2	87	26	8
29753	2	296	92	68
29754	2	906	280	257
29755	2	1226	268	254
29756	2	1105	337	321
29757	2	183	45	35
29758	2	468	95	85
29759	2	396	90	69
29760	2	157	37	12
29761	2	384	95	79
29762	2	649	212	195
29763	2	303	52	40
29764	2	1241	321	309
29765	2	992	327	315
29766	2	1049	254	229
29767	2	1184	377	359
29768	2	1331	241	231
29769	2	1123	209	198
29770	2	850	218	205
29771	2	1054	285	271
29772	2	346	94	53
29773	2	354	84	66
29774	2	1047	312	290
29775	2	256	65	42
29776	2	78	31	14
29777	2	403	107	81
29778	2	657	179	168
29779	2	125	30	14
29780	2	99	26	8
29781	2	578	192	170
29782	2	75	27	13
29783	2	583	150	134
29784	2	1219	294	280
29785	2	1099	321	305
29786	2	333	73	31
29787	2	106	30	18
29788	2	246	63	47
29789	2	538	127	103
29790	2	909	236	226
29791	2	1343	333	318
29792	2	909	225	215
29793	2	129	27	10
29794	2	1324	285	270
29795	2	153	33	23
29796	2	927	195	180
29797	2	102	25	10
29798	2	1185	318	307
29799	2	980	217	207
29800	2	97	31	13
29801	2	108	40	23
29802	2	242	72	55
29803	2	156	43	30
29804	2	180	52	40
29805	2	1158	248	237
29806	2	160	64	55
29807	2	186	58	31
29808	2	235	102	39
29809	2	241	94	83
29810	2	327	166	149
29811	2	230	75	21
29812	2	585	119	107
29813	2	76	32	17
29814	2	140	30	17
29815	2	850	238	225
29816	2	483	150	131
29817	2	1254	304	294
29818	2	801	278	265
29819	2	456	108	83
29820	2	251	63	45
29821	2	522	102	89
29822	2	334	69	48
29823	2	175	43	19
29824	2	108	31	16
29825	2	228	48	38
29826	2	79	32	14
29827	2	154	43	20
29828	2	387	123	97
29829	2	339	78	69
29830	2	362	92	59
29831	2	198	48	29
29832	2	396	83	70
29833	2	111	32	15
29834	2	690	213	201
29835	2	1181	215	202
29836	2	1229	253	239
29837	2	69	20	5
29838	2	255	47	38
29839	2	222	49	38
29840	2	414	97	84
29841	2	1240	274	261
29842	2	433	81	72
29843	2	377	122	74
29844	2	1157	407	390
29845	2	106	25	6
29846	2	681	158	147
29847	2	522	159	123
29848	2	231	57	46
29849	2	777	208	193
29850	2	426	135	125
29851	2	291	85	63
29852	2	102	33	14
29853	2	398	109	63
29854	2	1288	275	264
29855	2	172	46	38
29856	2	246	67	56
29857	2	200	63	34
29858	2	192	60	32
29859	2	158	52	26
29860	2	321	155	145
29861	2	527	122	111
29862	2	1086	270	255
29863	2	176	69	48
29864	2	186	49	32
29865	2	435	92	48
29866	2	1203	271	252
29867	2	646	170	153
29868	2	763	143	131
29869	2	192	49	30
29870	2	1004	191	181
29871	2	1184	240	229
29872	2	1306	273	254
29873	2	1168	332	319
29874	2	574	195	181
29875	2	520	154	137
29876	2	153	39	26
29877	2	168	43	28
29878	2	1000	275	256
29879	2	282	75	54
29880	2	162	40	31
29881	2	664	179	163
29882	2	234	82	59
29883	2	283	75	61
29884	2	809	159	134
29885	2	143	40	10
29886	2	354	88	68
29887	2	39	22	11
29888	2	891	258	246
29889	2	796	239	225
29890	2	968	190	176
29891	2	554	144	129
29892	2	895	216	205
29893	2	604	128	113
29894	2	126	37	22
29895	2	889	210	198
29896	2	267	61	37
29897	2	1038	223	213
29898	2	711	143	124
29899	2	822	185	171
29900	2	1317	232	215
29901	2	1007	277	263
29902	2	1166	265	252
29903	2	1270	295	273
29904	2	348	87	69
29905	2	983	235	222
29906	2	1122	362	351
29907	2	138	30	24
29908	2	332	76	58
29909	2	866	223	190
29910	2	320	74	57
29911	2	126	37	16
29912	2	134	46	25
29913	2	73	54	33
29914	2	106	38	11
29915	2	118	31	20
29916	2	689	171	139
29917	2	198	52	44
29918	2	953	204	195
29919	2	1240	280	270
29920	2	189	47	34
29921	2	1418	288	279
29922	2	425	78	67
29923	2	195	61	45
29924	2	217	97	82
29925	2	129	54	42
29926	2	603	162	135
29927	2	1422	338	327
29928	2	64	29	11
29929	2	1427	296	280
29930	2	152	51	28
29931	2	408	92	78
29932	2	115	36	21
29933	2	775	191	176
29934	2	167	43	23
29935	2	1163	366	339
29936	2	114	31	17
29937	2	87	33	16
29938	2	251	75	36
29939	2	741	162	151
29940	2	514	148	138
29941	2	1180	269	255
29942	2	255	55	43
29943	2	134	33	18
29944	2	170	59	18
29945	2	1171	234	224
29946	2	281	78	55
29947	2	232	59	32
29948	2	983	311	293
29949	2	693	200	174
29950	2	1196	313	283
29951	2	177	61	24
29952	2	459	153	136
29953	2	385	107	93
29954	2	438	139	129
29955	2	315	66	53
29956	2	149	41	24
29957	2	832	222	213
29958	2	921	197	177
29959	2	525	129	111
29960	2	243	57	37
29961	2	96	32	23
29962	2	928	283	267
29963	2	1182	311	297
29964	2	490	126	112
29965	2	72	27	14
29966	2	1366	296	280
29967	2	973	276	266
29968	2	549	146	128
29969	2	784	308	295
29970	2	1079	213	198
29971	2	1106	202	176
29972	2	542	108	93
29973	2	834	156	144
29974	2	997	196	186
29975	2	726	158	144
29976	2	924	181	169
29977	2	172	68	55
29978	2	550	129	101
29979	2	940	223	210
29980	2	419	125	113
29981	2	1421	292	282
29982	2	1537	307	298
29983	2	264	61	47
29984	2	187	52	27
29985	2	237	60	37
29986	2	558	124	107
29987	2	358	97	71
29988	2	1045	216	199
29989	2	900	245	230
29990	2	663	192	178
29991	2	552	149	132
29992	2	762	179	169
29993	2	1335	270	257
29994	2	1255	266	255
29995	2	1437	295	285
29996	2	693	187	169
29997	2	1219	322	307
29998	2	1170	290	270
29999	2	410	116	101
30000	2	1133	262	252
30001	2	352	100	75
30002	2	181	42	34
30003	2	508	131	120
30004	2	212	72	25
30005	2	1073	289	279
30006	2	1398	338	321
30007	2	379	107	94
30008	2	763	164	153
30009	2	898	274	258
30010	2	1870	564	545
30011	2	185	82	34
30012	2	81	27	9
30013	2	483	86	72
30014	2	1171	241	232
30015	2	1130	248	236
30016	2	541	180	145
30017	2	367	126	106
30018	2	952	209	193
30019	2	1133	363	338
30020	2	193	48	12
30021	2	1402	271	248
30022	2	1001	308	288
30023	2	114	33	13
30024	2	225	55	47
30025	2	550	162	148
30026	2	1089	302	263
30027	2	365	88	69
30028	2	690	198	178
30029	2	760	210	198
30030	2	563	164	150
30031	2	860	243	232
30032	2	520	147	137
30033	2	82	32	22
30034	2	1309	315	300
30035	2	502	116	94
30036	2	764	231	222
30037	2	608	163	150
30038	2	708	132	114
30039	2	338	101	89
30040	2	297	64	51
30041	2	95	36	21
30042	2	601	165	155
30043	2	822	213	203
30044	2	321	85	70
30045	2	781	229	217
30046	2	1276	274	255
30047	2	1318	293	281
30048	2	1113	210	201
30049	2	786	177	167
30050	2	876	185	174
30051	2	1182	326	313
30052	2	403	117	87
30053	2	1049	193	169
30054	2	745	162	149
30055	2	1392	276	249
30056	2	793	200	181
30057	2	46	21	13
30058	2	1127	293	280
30059	2	1501	263	243
30060	2	546	138	128
30061	2	1298	348	324
30062	2	1249	287	278
30063	2	1479	288	269
30064	2	1057	239	215
30065	2	1082	217	207
30066	2	1222	239	226
30067	2	1253	283	271
30068	2	1336	242	231
30069	2	1105	316	297
30070	2	1361	292	279
30071	2	519	99	84
30072	2	920	323	302
30073	2	1084	230	214
30074	2	229	71	48
30075	2	853	174	159
30076	2	486	82	71
30077	2	238	53	36
30078	2	1093	383	355
30079	2	332	138	121
30080	2	371	105	57
30081	2	171	40	25
30082	2	1229	275	257
30083	2	483	125	81
30084	2	692	155	139
30085	2	66	27	11
30086	2	1043	252	233
30087	2	83	37	23
30088	2	365	125	106
30089	2	92	39	25
30090	2	157	53	40
30091	2	468	126	111
30092	2	132	41	31
30093	2	1266	322	296
30094	2	1035	262	246
30095	2	983	204	191
30096	2	1268	250	240
30097	2	1016	284	274
30098	2	1279	297	283
30099	2	376	100	68
30100	2	1444	332	322
30101	2	1228	255	242
30102	2	696	156	146
30103	2	154	38	21
30104	2	754	158	142
30105	2	673	156	120
30106	2	210	40	23
30107	2	243	55	40
30108	2	1022	213	200
30109	2	491	181	156
30110	2	101	42	21
30111	2	1276	358	346
30112	2	384	123	110
30113	2	224	71	55
30114	2	907	212	202
30115	2	878	222	211
30116	2	1025	257	244
30117	2	1165	251	238
30118	2	258	89	76
30119	2	294	107	87
30120	2	1312	281	261
30121	2	676	174	162
30122	2	972	361	347
30123	2	907	200	185
30124	2	332	171	160
30125	2	967	267	254
30126	2	333	73	60
30127	2	1064	282	270
30128	2	339	73	42
30129	2	171	38	26
30130	2	690	141	119
30131	2	947	256	239
30132	2	213	61	43
30133	2	392	112	99
30134	2	777	230	214
30135	2	518	119	97
30136	2	790	200	182
30137	2	207	77	57
30138	2	385	112	84
30139	2	801	177	166
30140	2	1246	404	384
30141	2	1010	234	213
30142	2	1383	291	277
30143	2	399	80	62
30144	2	193	75	49
30145	2	375	83	64
30146	2	1113	296	271
30147	2	738	177	159
30148	2	135	39	20
30149	2	1038	213	201
30150	2	1130	340	324
30151	2	1087	246	229
30152	2	317	69	59
30153	2	702	145	136
30154	2	134	50	38
30155	2	1074	337	327
30156	2	610	164	149
30157	2	153	69	50
30158	2	108	37	24
30159	2	1304	245	231
30160	2	1324	269	250
30161	2	708	166	154
30162	2	1035	179	168
30163	2	394	92	80
30164	2	1281	258	248
30165	2	873	184	173
30166	2	1187	318	301
30167	2	861	275	250
30168	2	708	132	123
30169	2	672	201	164
30170	2	545	120	112
30171	2	598	156	131
30172	2	849	186	176
30173	2	86	35	22
30174	2	438	99	79
30175	2	1252	345	328
30176	2	1210	319	305
30177	2	1155	365	346
30178	2	368	150	116
30179	2	156	41	29
30180	2	978	291	275
30181	2	1351	319	297
30182	2	1209	380	193
30183	2	129	28	15
30184	2	124	28	17
30185	2	607	158	143
30186	2	84	26	10
30187	2	174	61	37
30188	2	1146	229	209
30189	2	1133	311	299
30190	2	453	104	82
30191	2	369	101	60
30192	2	148	42	20
30193	2	277	85	56
30194	2	675	149	118
30195	2	1065	216	195
30196	2	1000	310	297
30197	2	1035	208	190
30198	2	1038	272	252
30199	2	275	91	71
30200	2	1009	226	197
30201	2	1067	228	211
30202	2	477	138	121
30203	2	1049	312	296
30204	2	1107	367	348
30205	2	425	126	108
30206	2	543	118	110
30207	2	372	124	104
30208	2	105	45	32
30209	2	507	116	105
30210	2	534	171	159
30211	2	136	60	42
30212	2	922	295	276
30213	2	856	264	246
30214	2	1199	277	265
30215	2	492	157	144
30216	2	484	136	123
30217	2	99	37	17
30218	2	1052	339	319
30219	2	639	141	130
30220	2	1075	495	465
30221	2	334	105	90
30222	2	322	122	114
30223	2	1336	320	307
30224	2	1223	343	324
30225	2	69	20	8
30226	2	862	169	153
30227	2	153	39	16
30228	2	565	202	171
30229	2	459	106	88
30230	2	93	26	13
30231	2	118	37	15
30232	2	1213	303	286
30233	2	1562	347	331
30234	2	116	50	32
30235	2	616	231	213
30236	2	1326	395	367
30237	2	423	130	114
30238	2	1385	379	362
30239	2	1188	245	231
30240	2	1027	306	295
30241	2	110	29	14
30242	2	255	57	44
30243	2	124	33	6
30244	2	611	154	122
30245	2	179	43	5
30246	2	411	109	94
30247	2	1251	237	228
30248	2	394	157	134
30249	2	210	50	38
30250	2	1274	313	298
30251	2	196	48	17
30252	2	327	63	49
30253	2	1144	326	309
30254	2	350	77	19
30255	2	1438	298	278
30256	2	1264	242	229
30257	2	204	55	40
30258	2	474	102	79
30259	2	227	68	40
30260	2	1215	260	236
30261	2	1082	352	333
30262	2	229	56	14
30263	2	251	49	39
30264	2	177	38	27
30265	2	1391	272	256
30266	2	1308	336	315
30267	2	236	53	23
30268	2	761	183	93
30269	2	1023	274	260
30270	2	125	35	23
30271	2	1093	247	233
30272	2	1176	266	249
30273	2	273	63	48
30274	2	955	216	204
30275	2	680	171	160
30276	2	1442	277	264
30277	2	856	226	211
30278	2	692	155	141
30279	2	1198	273	254
30280	2	1099	261	250
30281	2	223	57	43
30282	2	1170	367	349
30283	2	1560	295	279
30284	2	62	27	13
30285	2	1340	315	299
30286	2	1059	230	218
30287	2	486	100	87
30288	2	331	110	75
30289	2	382	78	69
30290	2	162	41	32
30291	2	708	141	128
30292	2	1412	264	248
30293	2	483	113	96
30294	2	442	129	117
30295	2	839	199	176
30296	2	84	36	21
30297	2	531	145	131
30298	2	396	93	76
30299	2	974	287	264
30300	2	256	80	63
30301	2	1140	315	288
30302	2	860	183	165
30303	2	1294	414	380
30304	2	1486	323	310
30305	2	270	96	61
30306	2	216	46	35
30307	2	600	174	141
30308	2	511	128	101
30309	2	1258	341	323
30310	2	350	92	83
30311	2	303	62	39
30312	2	1337	277	261
30313	2	1223	259	242
30314	2	168	44	20
30315	2	640	206	186
30316	2	788	223	212
30317	2	698	163	148
30318	2	1383	255	244
30319	2	389	92	78
30320	2	534	120	108
30321	2	317	116	104
30322	2	544	122	108
30323	2	841	218	203
30324	2	810	208	192
30325	2	1017	284	272
30326	2	495	167	154
30327	2	1103	206	195
30328	2	294	68	40
30329	2	1228	337	319
30330	2	387	105	89
30331	2	159	50	30
30332	2	161	65	51
30333	2	566	140	130
30334	2	1107	257	243
30335	2	178	55	39
30336	2	62	21	8
30337	2	1120	329	316
30338	2	319	91	66
30339	2	1420	288	274
30340	2	1423	273	261
30341	2	887	182	167
30342	2	117	39	17
30343	2	1152	327	312
30344	2	1371	247	235
30345	2	600	162	150
30346	2	651	150	139
30347	2	165	52	40
30348	2	943	235	208
30349	2	1136	262	252
30350	2	1180	219	209
30351	2	444	117	99
30352	2	171	62	43
30353	2	198	43	28
30354	2	150	41	31
30355	2	1507	321	304
30356	2	1001	193	179
30357	2	456	92	77
30358	2	1004	199	186
30359	2	334	66	35
30360	2	1268	300	263
30361	2	199	46	16
30362	2	815	230	207
30363	2	155	36	14
30364	2	84	32	10
30365	2	111	46	28
30366	2	105	31	14
30367	2	364	78	65
30368	2	340	76	60
30369	2	105	36	11
30370	2	858	172	161
30371	2	1299	326	304
30372	2	351	94	80
30373	2	1441	271	256
30374	2	937	292	260
30375	2	526	146	128
30376	2	569	245	228
30377	2	364	88	68
30378	2	252	52	41
30379	2	627	193	179
30380	2	678	139	132
30381	2	1112	260	250
30382	2	1008	228	209
30383	2	286	75	55
30384	2	995	199	188
30385	2	498	107	89
30386	2	588	125	112
30387	2	216	40	28
30388	2	207	78	42
30389	2	126	45	25
30390	2	87	27	8
30391	2	1105	320	305
30392	2	905	200	186
30393	2	1238	281	272
30394	2	1117	266	253
30395	2	1026	229	213
30396	2	1227	240	228
30397	2	349	118	84
30398	2	1276	274	264
30399	2	1176	276	262
30400	2	142	46	32
30401	2	144	36	23
30402	2	622	145	100
30403	2	96	27	18
30404	2	330	82	61
30405	2	117	55	41
30406	2	207	51	38
30407	2	308	80	69
30408	2	118	61	50
30409	2	240	56	46
30410	2	1174	325	307
30411	2	873	199	185
30412	2	606	143	125
30413	2	734	188	171
30414	2	931	251	237
30415	2	109	35	16
30416	2	94	29	11
30417	2	847	263	248
30418	2	901	189	173
30419	2	298	74	60
30420	2	75	35	22
30421	2	426	112	91
30422	2	166	46	25
30423	2	453	107	98
30424	2	994	296	278
30425	2	793	198	182
30426	2	724	228	216
30427	2	170	62	49
30428	2	725	134	126
30429	2	608	209	187
30430	2	440	99	70
30431	2	839	210	199
30432	2	406	97	48
30433	2	966	195	183
30434	2	855	205	186
30435	2	737	177	154
30436	2	836	215	204
30437	2	316	66	41
30438	2	898	210	190
30439	2	423	103	93
30440	2	167	57	34
30441	2	1227	344	334
30442	2	327	148	133
30443	2	641	165	146
30444	2	99	32	18
30445	2	215	76	65
30446	2	48	21	6
30447	2	519	118	104
30448	2	180	40	24
30449	2	995	197	181
30450	2	1280	262	250
30451	2	295	76	61
30452	2	495	144	136
30453	2	1120	196	184
30454	2	1150	261	241
30455	2	570	157	145
30456	2	216	52	15
30457	2	275	60	38
30458	2	1243	271	241
30459	2	185	50	33
30460	2	468	80	65
30461	2	351	140	116
30462	2	807	160	144
30463	2	41	22	9
30464	2	145	52	25
30465	2	51	23	11
30466	2	1467	278	264
30467	2	430	165	143
30468	2	971	241	229
30469	2	110	26	12
30470	2	60	22	7
30471	2	486	152	141
30472	2	461	119	107
30473	2	531	128	106
30474	2	327	85	55
30475	2	875	180	166
30476	2	546	113	97
30477	2	368	151	109
30478	2	1192	317	306
30479	2	1097	216	176
30480	2	93	29	7
30481	2	1226	267	251
30482	2	425	102	88
30483	2	450	121	56
30484	2	136	56	37
30485	2	678	169	140
30486	2	638	161	143
30487	2	138	41	30
30488	2	258	54	37
30489	2	192	59	23
30490	2	961	264	239
30491	2	480	111	94
30492	2	92	31	18
30493	2	817	198	184
30494	2	1219	322	292
30495	2	479	131	117
30496	2	170	50	38
30497	2	448	119	108
30498	2	957	223	210
30499	2	75	29	14
30500	2	634	126	113
30501	2	896	216	202
30502	2	822	221	128
30503	2	234	79	60
30504	2	208	82	65
30505	2	1231	329	316
30506	2	611	215	202
30507	2	450	91	80
30508	2	923	266	257
30509	2	1225	252	238
30510	2	707	155	139
30511	2	736	187	165
30512	2	81	27	9
30513	2	1076	271	252
30514	2	392	124	111
30515	2	1546	355	342
30516	2	120	36	5
30517	2	1036	289	275
30518	2	1024	245	233
30519	2	239	75	61
30520	2	815	248	216
30521	2	816	265	251
30522	2	833	189	175
30523	2	336	80	60
30524	2	829	222	206
30525	2	272	67	38
30526	2	851	163	149
30527	2	1182	338	313
30528	2	534	130	109
30529	2	169	36	14
30530	2	106	26	3
30531	2	1315	319	307
30532	2	592	195	140
30533	2	406	107	85
30534	2	1054	367	348
30535	2	1333	307	295
30536	2	1253	313	302
30537	2	261	60	48
30538	2	344	81	69
30539	2	1180	395	379
30540	2	768	161	146
30541	2	762	269	255
30542	2	1042	280	263
30543	2	969	274	247
30544	2	843	187	175
30545	2	658	165	150
30546	2	266	69	42
30547	2	274	92	75
30548	2	156	37	8
30549	2	404	117	94
30550	2	114	39	23
30551	2	698	210	199
30552	2	212	76	48
30553	2	750	191	180
30554	2	1094	231	216
30555	2	624	121	108
30556	2	1506	283	270
30557	2	932	292	276
30558	2	925	200	187
30559	2	1063	217	204
30560	2	108	27	13
30561	2	1371	249	237
30562	2	987	180	166
30563	2	1229	306	280
30564	2	392	115	102
30565	2	396	101	80
30566	2	364	80	61
30567	2	177	64	48
30568	2	387	157	142
30569	2	93	30	19
30570	2	173	55	36
30571	2	600	130	105
30572	2	962	257	247
30573	2	655	180	162
30574	2	406	143	116
30575	2	363	92	84
30576	2	188	42	20
30577	2	1046	265	249
30578	2	180	43	21
30579	2	426	191	174
30580	2	892	245	231
30581	2	213	54	31
30582	2	742	189	173
30583	2	72	23	9
30584	2	727	195	183
30585	2	144	42	16
30586	2	314	106	93
30587	2	772	131	117
30588	2	469	83	56
30589	2	152	47	33
30590	2	369	96	82
30591	2	1130	246	234
30592	2	198	49	34
30593	2	154	34	25
30594	2	800	197	174
30595	2	222	45	33
30596	2	221	48	32
30597	2	264	57	46
30598	2	1649	899	882
30599	2	226	74	57
30600	2	274	54	42
30601	2	1169	312	281
30602	2	1255	328	313
30603	2	469	139	115
30604	2	1542	429	415
30605	2	713	161	147
30606	2	585	175	158
30607	2	1372	274	258
30608	2	756	162	149
30609	2	1619	389	371
30610	2	1299	257	239
30611	2	589	126	114
30612	2	266	133	68
30613	2	234	76	51
30614	2	61	29	17
30615	2	582	147	119
30616	2	237	74	45
30617	2	406	105	86
30618	2	986	317	301
30619	2	1312	345	327
30620	2	631	130	114
30621	2	1424	387	370
30622	2	1160	246	232
30623	2	1292	305	285
30624	2	628	202	171
30625	2	1383	340	326
30626	2	1317	313	300
30627	2	1338	254	243
30628	2	1243	274	259
30629	2	1309	361	341
30630	2	911	207	176
30631	2	1212	228	212
30632	2	1309	374	364
30633	2	996	216	203
30634	2	1034	277	268
30635	2	688	175	106
30636	2	981	247	228
30637	2	1304	319	303
30638	2	1012	225	213
30639	2	1351	336	323
30640	2	416	125	92
30641	2	684	197	186
30642	2	1176	345	324
30643	2	1210	312	292
30644	2	347	86	71
30645	2	255	76	43
30646	2	230	59	48
30647	2	1183	423	405
30648	2	196	57	30
30649	2	170	53	21
30650	2	299	79	52
30651	2	1204	274	262
30652	2	1190	328	310
30653	2	1385	299	287
30654	2	159	60	35
30655	2	329	90	72
30656	2	820	168	155
30657	2	57	21	7
30658	2	701	218	205
30659	2	991	225	215
30660	2	631	174	153
30661	2	202	55	40
30662	2	183	45	33
30663	2	1388	261	249
30664	2	212	56	35
30665	2	1025	305	261
30666	2	269	90	64
30667	2	198	66	52
30668	2	246	69	51
30669	2	293	74	58
30670	2	184	61	47
30671	2	149	49	31
30672	2	1279	295	286
30673	2	622	179	163
30674	2	1058	219	201
30675	2	1309	295	285
30676	2	177	60	30
30677	2	749	139	125
30678	2	488	130	110
30679	2	639	226	212
30680	2	539	165	147
30681	2	605	150	141
30682	2	303	80	62
30683	2	1221	282	268
30684	2	879	295	280
30685	2	168	53	36
30686	2	248	62	49
30687	2	160	47	37
30688	2	781	242	224
30689	2	200	67	24
30690	2	146	33	21
30691	2	679	152	134
30692	2	537	120	109
30693	2	1092	268	250
30694	2	187	70	55
30695	2	581	209	196
30696	2	238	83	75
30697	2	261	52	41
30698	2	315	101	88
30699	2	917	285	267
30700	2	1226	338	326
30701	2	160	41	6
30702	2	999	177	165
30703	2	189	62	43
30704	2	202	50	16
30705	2	182	62	42
30706	2	577	166	153
30707	2	132	27	17
30708	2	1550	367	355
30709	2	1015	298	289
30710	2	63	24	13
30711	2	764	208	195
30712	2	235	60	46
30713	2	391	114	100
30714	2	1145	350	329
30715	2	1152	301	283
30716	2	113	32	17
30717	2	656	200	187
30718	2	147	45	29
30719	2	978	219	208
30720	2	489	121	56
30721	2	557	161	143
30722	2	997	204	194
30723	2	218	66	38
30724	2	594	156	134
30725	2	245	104	83
30726	2	1413	283	270
30727	2	546	122	107
30728	2	67	26	5
30729	2	666	164	147
30730	2	168	50	26
30731	2	1332	290	257
30732	2	51	17	5
30733	2	201	66	53
30734	2	313	92	71
30735	2	543	167	154
30736	2	833	211	190
30737	2	516	125	110
30738	2	386	103	90
30739	2	135	41	24
30740	2	99	33	13
30741	2	1310	268	256
30742	2	113	34	16
30743	2	585	142	130
30744	2	670	164	153
30745	2	151	45	23
30746	2	326	139	125
30747	2	1022	263	251
30748	2	1190	299	287
30749	2	701	168	138
30750	2	1242	249	235
30751	2	706	234	214
30752	2	957	272	259
30753	2	1169	267	258
30754	2	435	96	82
30755	2	949	225	213
30756	2	414	117	98
30757	2	464	167	152
30758	2	318	81	59
30759	2	877	195	183
30760	2	787	223	212
30761	2	508	134	121
30762	2	980	277	261
30763	2	1223	266	255
30764	2	48	15	3
30765	2	1111	334	318
30766	2	218	83	53
30767	2	1194	373	349
30768	2	1173	271	259
30769	2	91	28	9
30770	2	623	193	180
30771	2	390	100	89
30772	2	108	32	11
30773	2	104	41	14
30774	2	61	30	10
30775	2	270	79	47
30776	2	459	101	89
30777	2	410	130	117
30778	2	633	123	112
30779	2	1171	323	300
30780	2	45	26	16
30781	2	174	40	28
30782	2	1187	269	258
30783	2	996	185	174
30784	2	1007	216	206
30785	2	231	59	47
30786	2	150	44	34
30787	2	514	138	123
30788	2	594	207	182
30789	2	1246	302	284
30790	2	888	229	218
30791	2	84	29	13
30792	2	126	38	22
30793	2	961	237	197
30794	2	367	83	58
30795	2	1114	226	217
30796	2	134	38	25
30797	2	579	102	89
30798	2	836	306	272
30799	2	1362	320	276
30800	2	389	264	248
30801	2	480	248	233
30802	2	1021	224	214
30803	2	1939	539	526
30804	2	92	36	22
30805	2	86	36	19
30806	2	509	99	82
30807	2	1146	242	210
30808	2	194	61	47
30809	2	493	161	146
30810	2	1217	362	348
30811	2	1265	297	284
30812	2	448	153	141
30813	2	661	123	108
30814	2	93	31	14
30815	2	63	23	8
30816	2	87	27	17
30817	2	856	210	199
30818	2	39	18	6
30819	2	448	124	108
30820	2	680	186	177
30821	2	500	164	154
30822	2	1054	271	254
30823	2	1037	211	194
30824	2	1166	262	249
30825	2	1164	289	273
30826	2	750	170	154
30827	2	1053	203	191
30828	2	197	45	20
30829	2	859	268	242
30830	2	854	170	156
30831	2	973	255	244
30832	2	1353	291	276
30833	2	1098	330	319
30834	2	683	150	133
30835	2	68	23	10
30836	2	280	101	89
30837	2	1187	537	500
30838	2	776	163	152
30839	2	430	165	136
30840	2	243	71	53
30841	2	1218	382	369
30842	2	1208	224	211
30843	2	401	92	72
30844	2	189	40	24
30845	2	317	60	53
30846	2	1302	276	255
30847	2	1064	243	230
30848	2	795	162	151
30849	2	1213	353	314
30850	2	369	84	63
30851	2	434	139	120
30852	2	394	97	46
30853	2	662	186	166
30854	2	139	34	12
30855	2	588	131	119
30856	2	1024	251	229
30857	2	33	20	10
30858	2	1091	363	347
30859	2	601	252	236
30860	2	172	53	18
30861	2	121	34	10
30862	2	213	42	33
30863	2	200	55	40
30864	2	271	84	60
30865	2	366	109	89
30866	2	771	226	215
30867	2	1095	272	260
30868	2	1441	296	285
30869	2	1393	436	402
30870	2	733	172	149
30871	2	787	274	260
30872	2	1343	299	280
30873	2	408	122	92
30874	2	622	172	148
30875	2	114	44	20
30876	2	850	176	163
30877	2	666	148	133
30878	2	1004	186	174
30879	2	925	202	183
30880	2	742	153	126
30881	2	902	249	233
30882	2	444	122	109
30883	2	1197	218	203
30884	2	223	56	46
30885	2	258	50	37
30886	2	1261	253	241
30887	2	1017	187	172
30888	2	1183	275	253
30889	2	931	206	197
30890	2	127	44	15
30891	2	1114	236	220
30892	2	457	120	76
30893	2	237	55	39
30894	2	713	263	216
30895	2	764	178	148
30896	2	155	58	39
30897	2	1045	213	201
30898	2	274	83	64
30899	2	739	164	153
30900	2	204	70	53
30901	2	219	67	57
30902	2	92	53	37
30903	2	1113	328	315
30904	2	531	177	165
30905	2	393	104	95
30906	2	435	100	86
30907	2	224	67	53
30908	2	386	106	94
30909	2	344	91	68
30910	2	849	182	170
30911	2	117	43	20
30912	2	246	57	44
30913	2	497	154	128
30914	2	1210	257	247
30915	2	254	57	38
30916	2	1112	258	250
30917	2	190	56	38
30918	2	577	144	133
30919	2	1066	225	215
30920	2	352	71	52
30921	2	149	42	19
30922	2	441	115	99
30923	2	408	137	118
30924	2	185	51	18
30925	2	204	53	38
30926	2	84	26	10
30927	2	1021	229	215
30928	2	773	212	197
30929	2	467	182	133
30930	2	1052	209	199
30931	2	161	49	24
30932	2	711	201	178
30933	2	235	58	46
30934	2	719	167	130
30935	2	90	27	7
30936	2	153	43	30
30937	2	150	74	62
30938	2	81	36	21
30939	2	686	166	155
30940	2	798	183	170
30941	2	673	171	159
30942	2	507	112	96
30943	2	238	87	58
30944	2	582	182	164
30945	2	1005	210	196
30946	2	471	112	78
30947	2	1258	308	292
30948	2	400	91	60
30949	2	171	40	34
30950	2	402	109	95
30951	2	195	47	33
30952	2	206	59	49
30953	2	573	141	125
30954	2	1163	345	326
30955	2	616	133	116
30956	2	785	230	189
30957	2	172	61	32
30958	2	363	81	72
30959	2	1239	283	268
30960	2	149	51	34
30961	2	124	41	27
30962	2	332	70	53
30963	2	961	272	258
30964	2	102	28	16
30965	2	1341	288	277
30966	2	847	224	203
30967	2	288	88	77
30968	2	1289	238	228
30969	2	179	44	30
30970	2	1347	259	245
30971	2	1321	260	249
30972	2	384	85	65
30973	2	837	162	147
30974	2	252	77	53
30975	2	1171	329	317
30976	2	1029	218	207
30977	2	1700	445	425
30978	2	227	99	80
30979	2	1000	223	211
30980	2	894	267	250
30981	2	916	298	281
30982	2	1510	411	384
30983	2	1166	325	298
30984	2	788	170	160
30985	2	842	244	216
30986	2	632	144	133
30987	2	1099	327	310
30988	2	988	244	233
30989	2	1384	319	306
30990	2	847	225	211
30991	2	1185	295	279
30992	2	302	109	87
30993	2	87	22	11
30994	2	153	37	24
30995	2	105	27	11
30996	2	956	354	300
30997	2	333	81	9
30998	2	439	94	77
30999	2	631	184	126
31000	2	106	33	12
31001	2	1366	306	295
31002	2	112	29	9
31003	2	917	271	228
31004	2	754	209	195
31005	2	1105	277	265
31006	2	1388	279	264
31007	2	482	187	172
31008	2	1078	233	220
31009	2	1136	305	289
31010	2	799	196	183
31011	2	1119	237	228
31012	2	883	180	171
31013	2	263	131	116
31014	2	294	119	98
31015	2	259	86	53
31016	2	245	89	78
31017	2	355	96	80
31018	2	460	105	73
31019	2	117	38	13
31020	2	519	172	154
31021	2	636	148	131
31022	2	1468	299	274
31023	2	442	104	90
31024	2	1049	322	308
31025	2	856	190	169
31026	2	149	36	23
31027	2	1086	252	239
31028	2	1239	274	260
31029	2	194	55	26
31030	2	679	165	132
31031	2	1149	215	193
31032	2	676	163	152
31033	2	874	166	152
31034	2	304	106	92
31035	2	710	201	173
31036	2	181	67	52
31037	2	752	172	158
31038	2	77	29	11
31039	2	1167	257	249
31040	2	267	101	82
31041	2	193	64	53
31042	2	732	158	127
31043	2	375	123	103
31044	2	598	159	141
31045	2	1329	269	259
31046	2	389	103	89
31047	2	883	169	160
31048	2	774	150	137
31049	2	1030	206	191
31050	2	1444	264	251
31051	2	892	189	172
31052	2	1163	258	242
31053	2	333	67	54
31054	2	903	261	245
31055	2	937	217	203
31056	2	1308	277	263
31057	2	1292	292	278
31058	2	1272	354	322
31059	2	1332	305	285
31060	2	148	58	45
31061	2	946	245	227
31062	2	1117	417	401
31063	2	241	59	33
31064	2	120	34	22
31065	2	217	69	49
31066	2	228	59	46
31067	2	871	187	161
31068	2	255	60	36
31069	2	132	36	24
31070	2	102	25	11
31071	2	459	111	95
31072	2	138	40	20
31073	2	288	71	55
31074	2	288	61	53
31075	2	775	242	229
31076	2	300	80	63
31077	2	42	21	11
31078	2	507	147	138
31079	2	446	140	131
31080	2	572	189	178
31081	2	880	200	186
31082	2	625	182	171
31083	2	1294	309	300
31084	2	990	251	239
31085	2	1500	320	312
31086	2	1321	263	252
31087	2	774	176	158
31088	2	892	310	295
31089	2	1046	232	214
31090	2	505	108	92
31091	2	1263	371	353
31092	2	156	41	28
31093	2	554	135	118
31094	2	592	121	109
31095	2	122	51	24
31096	2	237	50	34
31097	2	849	233	208
31098	2	874	212	200
31099	2	240	52	37
31100	2	682	168	135
31101	2	107	32	13
31102	2	79	29	9
31103	2	178	49	19
31104	2	882	223	209
31105	2	431	137	115
31106	2	465	152	136
31107	2	85	32	18
31108	2	100	25	7
31109	2	169	39	28
31110	2	369	95	74
31111	2	133	46	16
31112	2	950	257	217
31113	2	662	167	124
31114	2	915	253	229
31115	2	1102	257	244
31116	2	451	125	100
31117	2	249	59	38
31118	2	201	64	54
31119	2	324	71	54
31120	2	231	56	26
31121	2	276	59	44
31122	2	207	44	28
31123	2	891	277	259
31124	2	788	181	168
31125	2	48	23	12
31126	2	393	95	82
31127	2	1109	355	340
31128	2	1145	247	226
31129	2	1224	245	236
31130	2	1119	248	232
31131	2	202	49	34
31132	2	851	170	157
31133	2	1279	279	263
31134	2	1135	306	285
31135	2	905	232	223
31136	2	419	116	98
31137	2	96	32	13
31138	2	766	227	212
31139	2	951	210	198
31140	2	768	195	181
31141	2	1168	280	258
31142	2	1094	328	318
31143	2	712	233	215
31144	2	711	190	177
31145	2	147	56	44
31146	2	599	131	116
31147	2	996	256	241
31148	2	1200	310	293
31149	2	1084	280	268
31150	2	873	219	206
31151	2	801	177	164
31152	2	1292	279	266
31153	2	701	149	135
31154	2	1231	207	196
31155	2	1133	286	276
31156	2	650	162	137
31157	2	816	196	180
31158	2	552	132	114
31159	2	1233	287	263
31160	2	1083	203	187
31161	2	742	159	146
31162	2	701	158	145
31163	2	1312	261	246
31164	2	470	114	11
31165	2	643	260	245
31166	2	571	185	107
31167	2	1433	330	317
31168	2	1537	317	253
31169	2	743	211	107
31170	2	1240	253	241
31171	2	569	143	105
31172	2	848	192	174
31173	2	106	51	26
31174	2	1112	276	261
31175	2	1505	357	326
31176	2	394	119	106
31177	2	1174	343	328
31178	2	1101	308	294
31179	2	132	41	19
31180	2	406	99	70
31181	2	837	172	163
31182	2	1025	243	233
31183	2	228	51	41
31184	2	1304	305	293
31185	2	324	112	98
31186	2	161	44	14
31187	2	897	197	182
31188	2	410	114	100
31189	2	356	99	77
31190	2	450	137	86
31191	2	168	43	29
31192	2	561	105	94
31193	2	1154	288	274
31194	2	722	201	176
31195	2	338	82	43
31196	2	370	100	64
31197	2	1224	284	262
31198	2	258	87	47
31199	2	964	249	218
31200	2	578	199	180
31201	2	192	86	66
31202	2	1395	379	350
31203	2	478	157	143
31204	2	365	93	70
31205	2	328	97	81
31206	2	1252	310	297
31207	2	686	159	150
31208	2	1203	239	228
31209	2	953	212	189
31210	2	188	44	18
31211	2	441	86	62
31212	2	1064	209	196
31213	2	1104	231	211
31214	2	1433	286	274
31215	2	1413	317	301
31216	2	233	78	63
31217	2	519	146	130
31218	2	44	19	10
31219	2	56	29	16
31220	2	1268	302	283
31221	2	1086	275	261
31222	2	131	41	20
31223	2	345	76	65
31224	2	144	47	19
31225	2	129	41	22
31226	2	252	137	128
31227	2	381	121	70
31228	2	127	49	29
31229	2	1069	316	307
31230	2	102	27	17
31231	2	647	177	167
31232	2	338	82	65
31233	2	1077	316	299
31234	2	212	61	30
31235	2	109	38	23
31236	2	125	30	16
31237	2	704	144	134
31238	2	483	139	123
31239	2	763	213	142
31240	2	304	74	61
31241	2	1182	339	322
31242	2	355	93	55
31243	2	142	32	21
31244	2	541	119	84
31245	2	231	48	37
31246	2	517	122	88
31247	2	1090	317	305
31248	2	339	120	107
31249	2	249	61	50
31250	2	132	30	11
31251	2	128	33	14
31252	2	1047	347	317
31253	2	538	110	98
31254	2	1056	307	282
31255	2	197	73	23
31256	2	1305	250	239
31257	2	771	245	226
31258	2	247	82	66
31259	2	391	121	109
31260	2	544	153	138
31261	2	1184	297	277
31262	2	405	82	63
31263	2	127	32	13
31264	2	713	195	183
31265	2	522	118	109
31266	2	219	83	56
31267	2	1080	310	291
31268	2	120	41	26
31269	2	62	23	4
31270	2	52	21	10
31271	2	657	141	61
31272	2	165	44	29
31273	2	337	75	44
31274	2	783	177	167
31275	2	655	149	134
31276	2	951	188	175
31277	2	864	293	277
31278	2	231	49	33
31279	2	885	204	189
31280	2	1015	178	164
31281	2	483	121	105
31282	2	266	52	42
31283	2	604	217	200
31284	2	102	26	16
31285	2	233	85	61
31286	2	94	39	22
31287	2	111	36	19
31288	2	78	26	9
31289	2	1277	266	248
31290	2	546	159	129
31291	2	879	219	206
31292	2	66	23	7
31293	2	606	168	147
31294	2	142	46	20
31295	2	1287	267	257
31296	2	1343	256	242
31297	2	77	38	22
31298	2	137	42	22
31299	2	350	107	88
31300	2	171	72	46
31301	2	290	102	86
31302	2	1025	283	266
31303	2	201	44	15
31304	2	260	79	61
31305	2	955	328	301
31306	2	344	129	114
31307	2	667	184	170
31308	2	1362	439	422
31309	2	1307	274	252
31310	2	126	38	28
31311	2	584	128	106
31312	2	1190	295	284
31313	2	1262	256	241
31314	2	327	68	56
31315	2	264	61	38
31316	2	42	17	10
31317	2	561	115	105
31318	2	575	147	106
31319	2	417	76	68
31320	2	1329	293	279
31321	2	539	159	116
31322	2	176	44	25
31323	2	779	152	143
31324	2	624	131	114
31325	2	1276	288	277
31326	2	1088	249	233
31327	2	1333	358	348
31328	2	1435	286	262
31329	2	935	202	193
31330	2	223	39	14
31331	2	214	93	66
31332	2	1175	309	297
31333	2	659	187	171
31334	2	1188	292	277
31335	2	692	312	292
31336	2	949	290	262
31337	2	83	34	19
31338	2	261	70	55
31339	2	821	183	164
31340	2	671	139	123
31341	2	352	116	75
31342	2	95	31	14
31343	2	1415	303	283
31344	2	97	27	17
31345	2	169	52	21
31346	2	528	193	180
31347	2	153	44	29
31348	2	989	248	229
31349	2	978	184	170
31350	2	400	88	61
31351	2	1382	291	283
31352	2	64	29	14
31353	2	870	214	193
31354	2	1232	280	264
31355	2	834	162	146
31356	2	420	111	94
31357	2	218	63	32
31358	2	1148	307	291
31359	2	506	129	104
31360	2	80	27	15
31361	2	230	68	54
31362	2	172	66	52
31363	2	93	31	10
31364	2	156	40	32
31365	2	132	45	27
31366	2	141	33	20
31367	2	234	54	47
31368	2	219	51	42
31369	2	824	202	191
31370	2	1275	277	264
31371	2	1040	233	218
31372	2	1329	314	297
31373	2	1412	254	241
31374	2	114	42	16
31375	2	1545	302	291
31376	2	167	45	20
31377	2	1216	230	217
31378	2	1314	307	291
31379	2	1000	318	307
31380	2	104	31	11
31381	2	1126	243	226
31382	2	1192	256	243
31383	2	553	138	106
31384	2	1047	186	177
31385	2	346	91	76
31386	2	223	90	75
31387	2	1046	303	291
31388	2	76	29	16
31389	2	726	201	187
31390	2	1096	311	299
31391	2	189	55	34
31392	2	111	39	22
31393	2	1158	338	313
31394	2	421	82	24
31395	2	224	91	66
31396	2	735	249	228
31397	2	1012	205	196
31398	2	1022	252	239
31399	2	532	177	153
31400	2	730	218	203
31401	2	678	145	126
31402	2	961	184	173
31403	2	359	83	72
31404	2	275	66	51
31405	2	137	43	27
31406	2	303	85	60
31407	2	516	220	201
31408	2	255	80	65
31409	2	361	96	88
31410	2	1055	230	217
31411	2	1147	398	384
31412	2	1187	266	252
31413	2	335	93	72
31414	2	408	83	67
31415	2	1145	246	237
31416	2	174	52	37
31417	2	110	29	16
31418	2	148	38	27
31419	2	513	114	101
31420	2	602	141	123
31421	2	408	75	62
31422	2	75	29	17
31423	2	105	35	25
31424	2	90	28	18
31425	2	159	49	39
31426	2	306	76	54
31427	2	130	42	25
31428	2	146	56	14
31429	2	201	52	36
31430	2	344	100	85
31431	2	261	67	52
31432	2	113	39	13
31433	2	222	51	34
31434	2	1276	327	308
31435	2	130	26	9
31436	2	374	129	117
31437	2	527	103	94
31438	2	113	42	16
31439	2	393	112	87
31440	2	255	66	51
31441	2	986	287	275
31442	2	735	228	207
31443	2	774	268	252
31444	2	449	183	174
31445	2	171	39	24
31446	2	371	125	75
31447	2	1217	300	287
31448	2	516	161	143
31449	2	354	81	67
31450	2	630	141	129
31451	2	718	149	135
31452	2	616	223	208
31453	2	123	38	17
31454	2	1111	232	219
31455	2	151	50	39
31456	2	181	46	15
31457	2	52	19	5
31458	2	419	133	107
31459	2	422	139	122
31460	2	1204	335	311
31461	2	1265	302	284
31462	2	1231	322	303
31463	2	1239	336	314
31464	2	509	168	153
31465	2	784	178	163
31466	2	169	60	28
31467	2	284	90	73
31468	2	1576	364	325
31469	2	307	116	103
31470	2	584	136	119
31471	2	345	145	120
31472	2	960	209	191
31473	2	964	266	257
31474	2	883	271	254
31475	2	855	231	223
31476	2	546	137	124
31477	2	893	302	292
31478	2	1222	240	227
31479	2	804	206	192
31480	2	1346	280	263
31481	2	169	52	32
31482	2	88	33	10
31483	2	253	88	59
31484	2	950	276	259
31485	2	942	251	238
31486	2	1136	287	272
31487	2	366	123	95
31488	2	444	96	90
31489	2	873	224	205
31490	2	1096	235	222
31491	2	801	235	215
31492	2	365	93	48
31493	2	561	134	119
31494	2	626	138	125
31495	2	591	178	156
31496	2	113	48	32
31497	2	277	80	61
31498	2	158	74	59
31499	2	113	40	25
31500	2	981	239	217
31501	2	609	133	111
31502	2	696	200	188
31503	2	239	79	37
31504	2	162	45	26
31505	2	429	87	71
31506	2	971	224	208
31507	2	654	157	143
31508	2	994	322	304
31509	2	1104	340	327
31510	2	1308	280	268
31511	2	841	233	220
31512	2	1155	376	363
31513	2	243	56	38
31514	2	96	27	14
31515	2	123	50	37
31516	2	162	44	35
31517	2	157	55	41
31518	2	494	114	87
31519	2	138	42	25
31520	2	785	175	167
31521	2	244	67	57
31522	2	1434	393	380
31523	2	1138	365	351
31524	2	980	273	262
31525	2	1381	299	285
31526	2	117	27	5
31527	2	480	109	90
31528	2	1191	312	303
31529	2	185	73	56
31530	2	1146	360	347
31531	2	996	213	205
31532	2	887	199	187
31533	2	896	182	170
31534	2	991	296	275
31535	2	204	58	43
31536	2	287	101	73
31537	2	117	37	6
31538	2	150	40	15
31539	2	208	84	67
31540	2	154	41	15
31541	2	225	57	33
31542	2	325	92	52
31543	2	1157	239	221
31544	2	938	217	203
31545	2	859	235	224
31546	2	1159	339	327
31547	2	1199	229	214
31548	2	1044	264	249
31549	2	155	46	32
31550	2	246	50	37
31551	2	252	68	57
31552	2	112	25	9
31553	2	477	97	86
31554	2	688	163	147
31555	2	329	103	85
31556	2	446	163	145
31557	2	216	65	54
31558	2	685	192	173
31559	2	407	115	81
31560	2	427	126	113
31561	2	532	157	147
31562	2	964	177	169
31563	2	463	127	114
31564	2	261	88	65
31565	2	415	106	79
31566	2	1488	316	296
31567	2	1150	331	315
31568	2	1255	254	238
31569	2	1238	269	254
31570	2	1189	255	243
31571	2	827	174	159
31572	2	1210	273	260
31573	2	1471	278	262
31574	2	190	54	9
31575	2	1245	327	312
31576	2	87	36	11
31577	2	1373	451	428
31578	2	911	248	234
31579	2	644	175	162
31580	2	931	195	177
31581	2	1283	292	274
31582	2	289	110	86
31583	2	762	172	165
31584	2	1032	271	259
31585	2	797	187	176
31586	2	1482	332	317
31587	2	1217	316	304
31588	2	516	119	103
31589	2	788	193	181
31590	2	837	210	197
31591	2	684	174	164
31592	2	776	161	148
31593	2	125	53	17
31594	2	1373	295	278
31595	2	1009	263	250
31596	2	998	300	286
31597	2	44	23	12
31598	2	1306	278	266
31599	2	147	44	20
31600	2	1195	215	202
31601	2	1585	381	358
31602	2	772	270	214
31603	2	192	73	30
31604	2	1035	250	239
31605	2	225	45	34
31606	2	661	237	224
31607	2	684	148	129
31608	2	1134	330	318
31609	2	1022	247	233
31610	2	1013	276	254
31611	2	593	128	115
31612	2	1196	272	260
31613	2	955	302	289
31614	2	225	47	42
31615	2	1341	375	344
31616	2	183	51	33
31617	2	809	196	176
31618	2	1132	255	243
31619	2	247	92	74
31620	2	244	96	77
31621	2	111	34	16
31622	2	920	225	211
31623	2	831	156	138
31624	2	129	41	30
31625	2	1221	239	228
31626	2	1013	174	161
31627	2	134	38	14
31628	2	427	127	113
31629	2	296	89	75
31630	2	1426	276	259
31631	2	540	121	106
31632	2	282	72	54
31633	2	1359	291	279
31634	2	156	38	28
31635	2	1324	332	316
31636	2	107	41	24
31637	2	252	68	51
31638	2	358	85	72
31639	2	658	187	168
31640	2	402	256	248
31641	2	113	27	16
31642	2	201	73	56
31643	2	432	125	109
31644	2	668	143	128
31645	2	232	61	15
31646	2	47	23	8
31647	2	1069	260	249
31648	2	165	51	27
31649	2	545	138	124
31650	2	529	157	145
31651	2	222	52	39
31652	2	484	142	120
31653	2	552	106	91
31654	2	621	148	121
31655	2	1402	275	264
31656	2	542	125	109
31657	2	234	56	44
31658	2	1285	355	346
31659	2	175	56	45
31660	2	1183	249	238
31661	2	1797	396	378
31662	2	799	192	178
31663	2	1076	306	281
31664	2	1035	580	569
31665	2	805	213	198
31666	2	541	251	217
31667	2	743	220	210
31668	2	96	36	19
31669	2	133	69	56
31670	2	1087	357	344
31671	2	339	83	62
31672	2	196	55	39
31673	2	1016	225	213
31674	2	1351	299	285
31675	2	848	277	250
31676	2	298	75	50
31677	2	115	49	30
31678	2	162	43	24
31679	2	576	127	107
31680	2	202	62	17
31681	2	902	204	180
31682	2	1345	357	337
31683	2	95	37	21
31684	2	1209	307	291
31685	2	1052	287	272
31686	2	160	62	49
31687	2	152	48	27
31688	2	649	164	151
31689	2	693	185	167
31690	2	800	170	159
31691	2	744	212	197
31692	2	1168	350	327
31693	2	446	151	134
31694	2	977	217	208
31695	2	535	162	117
31696	2	1165	336	320
31697	2	1424	308	292
31698	2	738	180	163
31699	2	175	63	32
31700	2	285	53	46
31701	2	1098	264	247
31702	2	222	41	29
31703	2	1218	380	370
31704	2	1303	290	271
31705	2	64	33	20
31706	2	1164	399	386
31707	2	579	161	132
31708	2	1153	238	226
31709	2	173	55	30
31710	2	718	213	204
31711	2	1174	265	255
31712	2	672	145	137
31713	2	250	54	38
31714	2	1176	262	250
31715	2	223	55	27
31716	2	340	105	76
31717	2	1455	327	313
31718	2	1196	354	343
31719	2	1515	353	341
31720	2	999	210	200
31721	2	120	34	15
31722	2	187	51	21
31723	2	1076	231	219
31724	2	1164	410	394
31725	2	317	110	93
31726	2	845	223	210
31727	2	955	248	235
31728	2	1198	259	248
31729	2	1141	218	208
31730	2	108	37	21
31731	2	1122	345	329
31732	2	974	217	204
31733	2	408	121	99
31734	2	459	149	129
31735	2	233	78	62
31736	2	1197	255	243
31737	2	915	259	244
31738	2	684	156	141
31739	2	932	305	287
31740	2	540	170	158
31741	2	505	133	93
31742	2	984	236	224
31743	2	1091	320	306
31744	2	839	227	212
31745	2	102	26	18
31746	2	518	226	215
31747	2	53	25	9
31748	2	87	42	29
31749	2	464	124	112
31750	2	117	59	48
31751	2	84	23	8
31752	2	152	34	16
31753	2	950	178	150
31754	2	193	45	22
31755	2	152	36	10
31756	2	184	39	27
31757	2	960	204	178
31758	2	135	38	21
31759	2	480	99	82
31760	2	164	39	22
31761	2	290	61	12
31762	2	422	82	24
31763	2	762	206	109
31764	2	372	95	81
31765	2	282	73	64
31766	2	288	71	59
31767	2	569	125	117
31768	2	408	102	87
31769	2	1418	303	282
31770	2	969	265	250
31771	2	737	158	145
31772	2	534	156	137
31773	2	114	26	16
31774	2	189	47	33
31775	2	445	99	85
31776	2	685	193	178
31777	2	507	139	124
31778	2	208	58	42
31779	2	1463	335	323
31780	2	940	272	254
31781	2	1525	329	297
31782	2	1347	322	294
31783	2	917	243	218
31784	2	887	215	201
31785	2	379	167	108
31786	2	614	133	112
31787	2	772	154	143
31788	2	146	56	41
31789	2	1098	255	242
31790	2	1119	236	222
31791	2	690	153	140
31792	2	1352	287	275
31793	2	1061	255	244
31794	2	719	197	179
31795	2	1184	324	309
31796	2	1129	277	265
31797	2	1097	338	325
31798	2	135	40	17
31799	2	309	133	114
31800	2	569	128	110
31801	2	848	219	209
31802	2	786	297	286
31803	2	1042	291	280
31804	2	72	22	11
31805	2	180	46	20
31806	2	116	38	17
31807	2	1067	291	280
31808	2	201	68	53
31809	2	88	30	17
31810	2	71	27	8
31811	2	941	278	243
31812	2	785	238	219
31813	2	171	43	18
31814	2	1110	205	195
31815	2	393	83	71
31816	2	687	144	128
31817	2	1265	405	368
31818	2	1261	269	248
31819	2	1183	319	291
31820	2	99	47	33
31821	2	726	206	193
31822	2	1136	244	234
31823	2	591	181	164
31824	2	206	61	48
31825	2	92	25	13
31826	2	494	148	135
31827	2	102	31	13
31828	2	129	34	23
31829	2	128	34	7
31830	2	1302	208	197
31831	2	765	178	167
31832	2	328	84	71
31833	2	193	48	37
31834	2	868	231	219
31835	2	901	223	206
31836	2	457	118	101
31837	2	447	131	113
31838	2	1198	326	309
31839	2	165	55	40
31840	2	459	153	146
31841	2	174	44	30
31842	2	170	59	49
31843	2	617	185	173
31844	2	895	201	191
31845	2	302	78	49
31846	2	490	140	127
31847	2	212	61	35
31848	2	1326	262	246
31849	2	929	201	181
31850	2	185	69	22
31851	2	1424	279	262
31852	2	903	271	251
31853	2	1236	247	232
31854	2	1291	288	268
31855	2	1115	247	233
31856	2	799	207	193
31857	2	336	112	84
31858	2	1197	295	283
31859	2	1183	224	217
31860	2	267	114	100
31861	2	863	225	212
31862	2	1117	267	247
31863	2	85	29	9
31864	2	1237	294	279
31865	2	666	185	171
31866	2	360	129	93
31867	2	186	41	28
31868	2	187	43	23
31869	2	78	23	10
31870	2	985	205	192
31871	2	141	30	17
31872	2	1329	231	216
31873	2	213	57	46
31874	2	650	178	148
31875	2	456	102	90
31876	2	1154	362	343
31877	2	631	179	161
31878	2	418	135	43
31879	2	166	40	12
31880	2	644	171	122
31881	2	105	27	10
31882	2	1027	201	186
31883	2	293	88	26
31884	2	906	192	157
31885	2	804	165	152
31886	2	1216	223	210
31887	2	586	123	115
31888	2	943	218	203
31889	2	297	79	52
31890	2	185	53	39
31891	2	108	29	16
31892	2	192	64	47
31893	2	557	126	116
31894	2	870	354	315
31895	2	128	28	19
31896	2	922	237	223
31897	2	177	58	35
31898	2	157	53	30
31899	2	986	303	283
31900	2	63	29	16
31901	2	1062	289	269
31902	2	692	177	164
31903	2	261	68	55
31904	2	443	107	97
31905	2	1265	306	293
31906	2	236	79	53
31907	2	362	113	43
31908	2	86	32	14
31909	2	167	45	26
31910	2	489	118	97
31911	2	754	145	128
31912	2	795	169	152
31913	2	150	41	31
31914	2	113	32	17
31915	2	235	57	38
31916	2	980	217	178
31917	2	1341	287	262
31918	2	253	55	39
31919	2	830	180	155
31920	2	154	43	13
31921	2	366	83	59
31922	2	1541	507	495
31923	2	232	52	35
31924	2	866	183	169
31925	2	657	163	146
31926	2	576	142	128
31927	2	981	212	191
31928	2	383	78	64
31929	2	591	125	113
31930	2	179	50	37
31931	2	180	51	31
31932	2	609	192	181
31933	2	957	177	167
31934	2	1188	303	283
31935	2	1249	295	280
31936	2	1028	275	258
31937	2	689	275	253
31938	2	1309	332	253
31939	2	833	278	226
31940	2	164	40	19
31941	2	1380	267	258
31942	2	155	56	41
31943	2	137	35	22
31944	2	144	37	21
31945	2	973	201	188
31946	2	806	174	152
31947	2	1445	294	278
31948	2	243	48	33
31949	2	522	120	104
31950	2	355	93	81
31951	2	552	228	208
31952	2	1014	230	218
31953	2	428	107	61
31954	2	1081	274	258
31955	2	959	212	186
31956	2	1009	258	240
31957	2	497	139	116
31958	2	1113	292	276
31959	2	797	188	172
31960	2	290	67	56
31961	2	459	155	141
31962	2	1346	298	283
31963	2	765	205	195
31964	2	635	149	131
31965	2	287	79	62
31966	2	112	36	11
31967	2	86	30	18
31968	2	122	38	23
31969	2	115	42	26
31970	2	1140	371	353
31971	2	1001	218	207
31972	2	1252	299	289
31973	2	1104	204	193
31974	2	1127	267	235
31975	2	1217	239	227
31976	2	802	181	166
31977	2	1220	276	263
31978	2	843	187	177
31979	2	506	114	99
31980	2	190	45	32
31981	2	1131	279	268
31982	2	907	193	180
31983	2	317	80	69
31984	2	570	191	170
31985	2	1105	302	290
31986	2	197	85	72
31987	2	654	194	184
31988	2	118	42	25
31989	2	932	236	221
31990	2	228	84	65
31991	2	774	202	194
31992	2	264	55	24
31993	2	386	91	74
31994	2	194	54	28
31995	2	142	34	10
31996	2	133	38	15
31997	2	117	33	20
31998	2	432	97	84
31999	2	373	103	87
32000	2	719	135	117
32001	2	1646	377	361
32002	2	816	187	174
32003	2	1091	236	224
32004	2	1232	285	273
32005	2	1067	209	195
32006	2	191	89	72
32007	2	882	304	286
32008	2	1556	385	372
32009	2	306	89	79
32010	2	1432	282	270
32011	2	93	21	8
32012	2	641	183	171
32013	2	376	86	71
32014	2	208	68	54
32015	2	204	41	29
32016	2	148	30	12
32017	2	112	49	40
32018	2	872	222	208
32019	2	106	24	12
32020	2	1360	291	281
32021	2	170	42	12
32022	2	421	149	134
32023	2	617	138	121
32024	2	1271	325	312
32025	2	94	35	14
32026	2	336	80	52
32027	2	513	133	115
32028	2	1259	288	276
32029	2	1044	306	299
32030	2	101	34	16
32031	2	809	190	173
32032	2	444	129	103
32033	2	911	231	208
32034	2	1147	341	303
32035	2	1240	332	311
32036	2	877	204	181
32037	2	1223	350	331
32038	2	827	211	197
32039	2	1573	358	346
32040	2	1258	311	302
32041	2	1005	240	226
32042	2	831	233	222
32043	2	275	71	53
32044	2	777	152	141
32045	2	302	84	70
32046	2	797	212	198
32047	2	136	54	39
32048	2	317	112	94
32049	2	350	107	90
32050	2	201	51	17
32051	2	891	265	253
32052	2	430	114	97
32053	2	1335	356	326
32054	2	632	155	144
32055	2	628	157	144
32056	2	1174	244	233
32057	2	165	40	31
32058	2	272	91	77
32059	2	93	25	12
32060	2	872	266	246
32061	2	90	36	18
32062	2	342	84	71
32063	2	1248	335	312
32064	2	472	106	89
32065	2	493	128	80
32066	2	475	130	113
32067	2	821	199	190
32068	2	1146	364	343
32069	2	1254	251	239
32070	2	959	294	273
32071	2	399	79	61
32072	2	1325	309	294
32073	2	313	82	59
32074	2	1015	332	302
32075	2	1431	302	287
32076	2	714	165	151
32077	2	187	65	50
32078	2	66	22	11
32079	2	537	150	135
32080	2	96	25	14
32081	2	539	167	155
32082	2	903	232	216
32083	2	1111	263	254
32084	2	1244	288	278
32085	2	340	103	86
32086	2	914	292	277
32087	2	257	68	50
32088	2	1299	228	216
32089	2	189	64	53
32090	2	923	227	213
32091	2	918	242	223
32092	2	120	39	24
32093	2	1272	255	242
32094	2	660	121	101
32095	2	1170	380	359
32096	2	297	79	68
32097	2	141	44	24
32098	2	176	42	18
32099	2	1179	267	249
32100	2	1273	359	344
32101	2	546	196	181
32102	2	930	246	233
32103	2	1209	288	275
32104	2	187	71	27
32105	2	212	64	36
32106	2	174	47	30
32107	2	253	82	70
32108	2	218	59	38
32109	2	867	213	199
32110	2	1095	223	211
32111	2	392	135	123
32112	2	150	42	5
32113	2	1001	200	189
32114	2	1224	247	238
32115	2	346	97	84
32116	2	718	213	199
32117	2	1027	239	225
32118	2	1338	328	314
32119	2	105	31	14
32120	2	622	136	124
32121	2	1179	241	230
32122	2	408	167	152
32123	2	247	58	44
32124	2	516	121	101
32125	2	336	88	79
32126	2	348	90	69
32127	2	984	291	278
32128	2	306	106	80
32129	2	1274	359	338
32130	2	1394	296	279
32131	2	1192	232	218
32132	2	220	42	26
32133	2	1426	259	245
32134	2	901	162	149
32135	2	100	28	4
32136	2	585	134	119
32137	2	845	232	221
32138	2	996	234	218
32139	2	1202	255	239
32140	2	1039	231	221
32141	2	745	173	160
32142	2	675	156	145
32143	2	1212	234	223
32144	2	1263	291	278
32145	2	1227	256	240
32146	2	492	142	126
32147	2	146	40	15
32148	2	792	211	200
32149	2	224	49	31
32150	2	1173	268	256
32151	2	1324	254	240
32152	2	564	175	137
32153	2	372	111	98
32154	2	876	271	247
32155	2	781	176	156
32156	2	736	260	193
32157	2	1033	255	241
32158	2	153	36	26
32159	2	424	169	144
32160	2	1187	259	240
32161	2	51	21	8
32162	2	597	137	128
32163	2	595	136	125
32164	2	1121	314	283
32165	2	234	49	37
32166	2	429	121	101
32167	2	175	69	56
32168	2	333	120	101
32169	2	521	174	161
32170	2	795	178	161
32171	2	215	68	54
32172	2	207	59	45
32173	2	93	36	13
32174	2	1209	293	277
32175	2	249	90	74
32176	2	381	112	97
32177	2	591	149	138
32178	2	1158	244	234
32179	2	1058	233	223
32180	2	1138	237	215
32181	2	1280	258	246
32182	2	1294	311	297
32183	2	1205	242	232
32184	2	329	83	69
32185	2	1123	252	239
32186	2	95	29	14
32187	2	633	162	151
32188	2	922	179	169
32189	2	408	98	76
32190	2	190	59	38
32191	2	511	109	79
32192	2	114	53	44
32193	2	91	30	17
32194	2	617	141	132
32195	2	148	36	16
32196	2	1390	320	300
32197	2	1175	242	226
32198	2	690	142	126
32199	2	968	281	272
32200	2	1398	274	261
32201	2	758	190	177
32202	2	515	185	121
32203	2	1079	309	297
32204	2	505	195	176
32205	2	685	336	325
32206	2	192	86	70
32207	2	789	213	203
32208	2	144	39	24
32209	2	1183	344	334
32210	2	47	19	7
32211	2	1206	251	242
32212	2	198	76	63
32213	2	328	69	55
32214	2	1139	326	302
32215	2	563	182	162
32216	2	543	132	123
32217	2	270	81	67
32218	2	983	196	187
32219	2	1332	301	288
32220	2	201	50	23
32221	2	372	89	57
32222	2	1402	381	320
32223	2	1617	418	301
32224	2	171	40	26
32225	2	329	91	54
32226	2	217	43	23
32227	2	291	54	40
32228	2	107	26	14
32229	2	178	47	33
32230	2	1240	358	340
32231	2	1186	303	291
32232	2	213	69	61
32233	2	360	98	85
32234	2	951	229	210
32235	2	417	90	80
32236	2	1804	437	416
32237	2	880	271	123
32238	2	390	96	82
32239	2	372	113	99
32240	2	968	198	186
32241	2	452	116	98
32242	2	569	167	92
32243	2	149	38	26
32244	2	141	36	25
32245	2	166	39	16
32246	2	958	215	191
32247	2	147	36	21
32248	2	893	324	298
32249	2	318	67	56
32250	2	1058	261	239
32251	2	965	276	257
32252	2	318	89	76
32253	2	1296	303	283
32254	2	382	113	100
32255	2	294	70	59
32256	2	1075	353	331
32257	2	730	188	174
32258	2	1206	221	207
32259	2	166	60	47
32260	2	1279	287	277
32261	2	1197	282	265
32262	2	973	367	351
32263	2	178	42	13
32264	2	1394	309	295
32265	2	201	47	27
32266	2	1134	283	264
32267	2	1065	297	286
32268	2	462	122	102
32269	2	153	51	31
32270	2	237	45	33
32271	2	569	146	78
32272	2	372	125	98
32273	2	527	141	130
32274	2	279	60	49
32275	2	1434	382	367
32276	2	195	83	69
32277	2	1232	284	272
32278	2	104	43	17
32279	2	320	93	69
32280	2	183	43	33
32281	2	68	26	6
32282	2	228	63	49
32283	2	1040	207	194
32284	2	1119	315	298
32285	2	855	207	162
32286	2	869	187	174
32287	2	465	99	84
32288	2	997	199	187
32289	2	349	138	128
32290	2	547	189	171
32291	2	1030	216	203
32292	2	290	115	56
32293	2	178	44	14
32294	2	95	22	11
32295	2	278	68	57
32296	2	659	131	104
32297	2	509	155	143
32298	2	145	47	28
32299	2	1023	212	202
32300	2	360	104	88
32301	2	198	64	51
32302	2	801	179	167
32303	2	278	86	68
32304	2	902	280	269
32305	2	84	23	10
32306	2	383	122	102
32307	2	163	49	25
32308	2	117	28	10
32309	2	112	34	12
32310	2	126	39	28
32311	2	176	41	31
32312	2	384	88	72
32313	2	118	39	15
32314	2	532	113	97
32315	2	105	28	8
32316	2	237	50	29
32317	2	1029	246	229
32318	2	1177	361	332
32319	2	952	306	279
32320	2	333	88	75
32321	2	108	35	20
32322	2	1206	365	340
32323	2	1375	323	312
32324	2	783	154	142
32325	2	1282	293	281
32326	2	405	89	79
32327	2	851	211	189
32328	2	477	161	143
32329	2	334	139	125
32330	2	1480	270	249
32331	2	78	26	10
32332	2	309	122	64
32333	2	1238	366	354
32334	2	1264	328	309
32335	2	798	212	198
32336	2	1279	328	312
32337	2	871	157	148
32338	2	460	128	106
32339	2	1162	376	362
32340	2	491	133	114
32341	2	1319	407	392
32342	2	581	166	148
32343	2	127	42	18
32344	2	142	29	8
32345	2	1072	322	310
32346	2	608	223	199
32347	2	1333	331	316
32348	2	668	193	177
32349	2	840	189	170
32350	2	200	74	65
32351	2	1334	287	274
32352	2	431	149	133
32353	2	120	37	25
32354	2	585	158	147
32355	2	217	38	14
32356	2	423	149	139
32357	2	1000	256	225
32358	2	1105	223	193
32359	2	1325	290	278
32360	2	888	279	251
32361	2	408	102	91
32362	2	228	66	59
32363	2	504	102	85
32364	2	324	82	62
32365	2	818	157	147
32366	2	82	34	12
32367	2	51	20	5
32368	2	573	115	102
32369	2	513	115	100
32370	2	78	23	6
32371	2	1294	289	274
32372	2	1260	276	257
32373	2	840	223	204
32374	2	1270	305	289
32375	2	740	151	131
32376	2	203	81	33
32377	2	443	148	133
32378	2	992	229	218
32379	2	319	64	49
32380	2	159	52	26
32381	2	889	152	136
32382	2	822	229	212
32383	2	442	103	90
32384	2	206	75	61
32385	2	589	153	134
32386	2	1405	314	298
32387	2	432	90	79
32388	2	986	245	238
32389	2	360	87	68
32390	2	291	61	44
32391	2	942	221	198
32392	2	180	39	29
32393	2	156	35	25
32394	2	306	105	94
32395	2	985	192	172
32396	2	1207	273	248
32397	2	968	307	293
32398	2	583	154	138
32399	2	851	184	161
32400	2	650	137	128
32401	2	1045	234	205
32402	2	1403	339	315
32403	2	533	112	101
32404	2	697	197	147
32405	2	183	44	30
32406	2	849	399	387
32407	2	804	174	163
32408	2	107	34	16
32409	2	397	103	92
32410	2	701	177	161
32411	2	767	231	217
32412	2	222	52	41
32413	2	91	36	22
32414	2	155	62	32
32415	2	893	193	182
32416	2	560	188	173
32417	2	707	233	217
32418	2	532	189	163
32419	2	1181	330	295
32420	2	348	107	94
32421	2	587	147	102
32422	2	657	150	113
32423	2	360	109	83
32424	2	141	33	13
32425	2	498	110	97
32426	2	438	114	96
32427	2	1395	314	303
32428	2	807	229	213
32429	2	179	53	42
32430	2	459	101	86
32431	2	765	183	173
32432	2	736	188	179
32433	2	1480	273	261
32434	2	552	117	106
32435	2	810	362	347
32436	2	566	250	238
32437	2	879	220	208
32438	2	169	65	47
32439	2	903	215	183
32440	2	42	34	21
32441	2	102	30	12
32442	2	650	245	230
32443	2	476	130	117
32444	2	1187	238	224
32445	2	180	50	23
32446	2	1313	313	299
32447	2	258	53	21
32448	2	189	58	44
32449	2	188	74	52
32450	2	198	48	32
32451	2	450	118	91
32452	2	356	89	57
32453	2	321	85	72
32454	2	291	59	49
32455	2	132	54	22
32456	2	69	26	9
32457	2	87	25	10
32458	2	827	208	196
32459	2	168	43	34
32460	2	582	144	124
32461	2	253	109	82
32462	2	115	29	9
32463	2	150	66	37
32464	2	315	89	72
32465	2	187	80	36
32466	2	156	47	31
32467	2	248	54	29
32468	2	224	63	53
32469	2	1172	287	274
32470	2	318	82	46
32471	2	204	54	27
32472	2	581	162	120
32473	2	1124	277	262
32474	2	938	264	242
32475	2	174	41	8
32476	2	306	104	90
32477	2	1200	318	306
32478	2	911	322	311
32479	2	1219	257	240
32480	2	569	150	134
32481	2	969	242	221
32482	2	1012	267	255
32483	2	568	185	170
32484	2	817	209	197
32485	2	315	93	83
32486	2	228	70	48
32487	2	183	44	18
32488	2	129	43	26
32489	2	64	23	11
32490	2	454	114	93
32491	2	88	34	23
32492	2	507	118	105
32493	2	979	211	192
32494	2	1406	304	290
32495	2	277	86	74
32496	2	857	187	168
32497	2	95	30	9
32498	2	369	103	90
32499	2	159	33	20
32500	2	1114	311	285
32501	2	973	250	235
32502	2	117	33	12
32503	2	216	50	29
32504	2	1162	302	283
32505	2	848	178	168
32506	2	339	78	61
32507	2	304	67	52
32508	2	131	46	21
32509	2	141	36	25
32510	2	781	190	181
32511	2	456	125	110
32512	2	839	176	162
32513	2	280	71	57
32514	2	198	54	28
32515	2	117	43	18
32516	2	932	264	248
32517	2	72	24	15
32518	2	602	195	181
32519	2	747	223	208
32520	2	923	254	242
32521	2	123	50	31
32522	2	453	144	126
32523	2	125	44	23
32524	2	1345	247	227
32525	2	1374	274	260
32526	2	1030	258	246
32527	2	1239	265	248
32528	2	821	152	143
32529	2	141	36	15
32530	2	687	291	277
32531	2	548	138	123
32532	2	616	135	122
32533	2	1045	306	297
32534	2	1164	256	241
32535	2	162	50	25
32536	2	495	114	98
32537	2	342	117	79
32538	2	370	72	61
32539	2	1092	318	303
32540	2	127	31	10
32541	2	125	36	19
32542	2	1383	287	274
32543	2	95	30	5
32544	2	196	69	53
32545	2	765	165	149
32546	2	1118	267	252
32547	2	850	228	219
32548	2	1004	313	299
32549	2	1203	228	220
32550	2	90	31	7
32551	2	1250	304	291
32552	2	830	174	162
32553	2	201	51	38
32554	2	544	156	124
32555	2	650	174	155
32556	2	1245	304	287
32557	2	893	181	166
32558	2	1281	254	240
32559	2	1258	338	311
32560	2	373	145	126
32561	2	558	182	165
32562	2	1177	277	267
32563	2	1083	356	340
32564	2	318	62	46
32565	2	960	230	219
32566	2	437	110	97
32567	2	805	244	229
32568	2	1376	331	319
32569	2	313	97	73
32570	2	390	85	71
32571	2	110	39	24
32572	2	1436	325	314
32573	2	501	148	139
32574	2	797	162	151
32575	2	385	84	58
32576	2	923	209	194
32577	2	1230	402	384
32578	2	228	60	49
32579	2	438	132	116
32580	2	1067	340	321
32581	2	1350	251	242
32582	2	981	475	455
32583	2	483	94	83
32584	2	1142	477	465
32585	2	180	90	73
32586	2	209	70	45
32587	2	1337	313	300
32588	2	1068	203	188
32589	2	334	140	124
32590	2	861	267	249
32591	2	1341	291	277
32592	2	1015	249	240
32593	2	434	126	114
32594	2	1184	315	300
32595	2	1099	288	266
32596	2	396	108	92
32597	2	1301	247	234
32598	2	1242	318	310
32599	2	459	99	85
32600	2	253	52	38
32601	2	474	116	101
32602	2	996	197	186
32603	2	722	158	147
32604	2	939	237	227
32605	2	186	52	25
32606	2	270	77	64
32607	2	605	154	139
32608	2	653	137	123
32609	2	156	50	32
32610	2	557	224	202
32611	2	635	185	169
32612	2	1301	296	287
32613	2	732	253	229
32614	2	469	140	116
32615	2	418	93	78
32616	2	309	68	50
32617	2	45	18	11
32618	2	193	61	51
32619	2	117	28	15
32620	2	176	54	33
32621	2	92	34	24
32622	2	123	34	10
32623	2	149	49	25
32624	2	330	101	92
32625	2	1113	361	345
32626	2	1273	453	438
32627	2	1130	230	214
32628	2	543	143	129
32629	2	1243	312	299
32630	2	1166	337	311
32631	2	141	43	24
32632	2	1063	331	308
32633	2	1168	309	295
32634	2	342	99	78
32635	2	153	34	21
32636	2	917	240	223
32637	2	467	111	86
32638	2	638	165	151
32639	2	1253	350	332
32640	2	901	204	188
32641	2	576	179	161
32642	2	180	45	33
32643	2	758	184	172
32644	2	701	165	152
32645	2	300	84	77
32646	2	103	32	10
32647	2	488	95	36
32648	2	1016	195	181
32649	2	102	39	22
32650	2	649	191	147
32651	2	843	209	191
32652	2	1502	471	456
32653	2	73	25	13
32654	2	67	26	12
32655	2	384	122	107
32656	2	1156	327	309
32657	2	1332	272	252
32658	2	126	41	23
32659	2	339	72	58
32660	2	701	175	151
32661	2	125	30	14
32662	2	217	106	39
32663	2	1120	384	361
32664	2	177	48	9
32665	2	173	49	31
32666	2	105	30	3
32667	2	190	38	20
32668	2	104	39	24
32669	2	348	90	74
32670	2	114	28	6
32671	2	1089	269	255
32672	2	1020	295	270
32673	2	156	42	28
32674	2	443	132	117
32675	2	935	210	199
32676	2	1164	264	248
32677	2	404	137	124
32678	2	656	157	141
32679	2	184	53	38
32680	2	360	82	56
32681	2	254	69	45
32682	2	706	189	173
32683	2	291	63	47
32684	2	160	43	20
32685	2	162	33	25
32686	2	1060	250	231
32687	2	256	72	53
32688	2	965	281	269
32689	2	1042	250	233
32690	2	1210	366	346
32691	2	119	40	21
32692	2	1304	306	291
32693	2	1284	286	272
32694	2	696	170	156
32695	2	356	125	100
32696	2	441	142	125
32697	2	327	109	92
32698	2	746	178	166
32699	2	342	103	88
32700	2	1421	335	320
32701	2	119	32	11
32702	2	789	161	144
32703	2	96	36	17
32704	2	764	188	170
32705	2	210	44	29
32706	2	337	78	61
32707	2	1165	259	248
32708	2	550	130	90
32709	2	796	206	191
32710	2	1101	225	212
32711	2	814	177	163
32712	2	633	162	152
32713	2	1005	371	358
32714	2	90	32	18
32715	2	943	208	196
32716	2	414	88	71
32717	2	339	87	54
32718	2	977	191	180
32719	2	882	174	157
32720	2	567	116	107
32721	2	1208	287	271
32722	2	342	80	69
32723	2	504	103	91
32724	2	1212	310	292
32725	2	1257	294	282
32726	2	110	35	13
32727	2	983	227	210
32728	2	482	143	88
32729	2	950	190	171
32730	2	563	139	126
32731	2	672	208	187
32732	2	869	231	206
32733	2	659	177	158
32734	2	931	188	176
32735	2	216	63	31
32736	2	349	90	49
32737	2	842	205	188
32738	2	495	120	19
32739	2	118	38	15
32740	2	559	186	174
32741	2	587	159	150
32742	2	717	234	207
32743	2	938	247	237
32744	2	291	58	42
32745	2	232	103	87
32746	2	137	34	9
32747	2	195	42	31
32748	2	721	156	127
32749	2	212	49	20
32750	2	126	26	13
32751	2	845	203	183
32752	2	214	48	16
32753	2	251	67	44
32754	2	222	68	34
32755	2	110	42	30
32756	2	334	86	72
32757	2	531	172	144
32758	2	98	51	40
32759	2	172	77	65
32760	2	123	54	30
32761	2	50	25	14
32762	2	165	39	21
32763	2	1238	316	298
32764	2	662	185	169
32765	2	156	39	25
32766	2	273	54	40
32767	2	537	171	155
32768	2	395	120	99
32769	2	1346	310	295
32770	2	189	42	28
32771	2	766	195	180
32772	2	1212	256	242
32773	2	860	196	180
32774	2	1431	327	313
32775	2	1328	307	292
32776	2	1406	270	258
32777	2	742	174	164
32778	2	137	49	26
32779	2	1233	230	219
32780	2	1656	347	331
32781	2	865	290	276
32782	2	148	47	19
32783	2	77	22	10
32784	2	857	199	161
32785	2	180	44	28
32786	2	1319	320	305
32787	2	959	239	226
32788	2	588	159	145
32789	2	903	202	187
32790	2	249	70	51
32791	2	337	62	47
32792	2	465	114	92
32793	2	791	164	134
32794	2	1016	220	207
32795	2	461	117	107
32796	2	456	115	107
32797	2	1289	246	232
32798	2	1377	292	275
32799	2	1162	339	311
32800	2	130	33	8
32801	2	123	42	29
32802	2	295	63	49
32803	2	38	20	10
32804	2	1122	251	237
32805	2	1291	255	243
32806	2	864	195	185
32807	2	834	249	226
32808	2	688	245	223
32809	2	413	88	77
32810	2	663	152	139
32811	2	1317	329	319
32812	2	1311	279	268
32813	2	1209	224	207
32814	2	1016	238	228
32815	2	618	170	142
32816	2	126	33	13
32817	2	454	124	97
32818	2	290	55	43
32819	2	109	38	9
32820	2	1033	238	226
32821	2	520	130	122
32822	2	161	37	26
32823	2	706	141	131
32824	2	1158	313	298
32825	2	189	62	46
32826	2	341	77	61
32827	2	267	67	50
32828	2	837	209	196
32829	2	1324	358	333
32830	2	910	255	243
32831	2	991	207	193
32832	2	1403	347	329
32833	2	1286	319	307
32834	2	129	32	19
32835	2	1417	447	413
32836	2	86	26	7
32837	2	1229	275	265
32838	2	879	183	172
32839	2	1123	318	307
32840	2	1170	260	248
32841	2	592	140	126
32842	2	168	33	24
32843	2	1275	291	279
32844	2	192	55	41
32845	2	685	182	154
32846	2	950	235	209
32847	2	136	41	10
32848	2	150	33	25
32849	2	678	192	182
32850	2	501	120	107
32851	2	167	46	24
32852	2	1473	320	308
32853	2	993	216	198
32854	2	963	274	261
32855	2	95	38	23
32856	2	105	38	22
32857	2	1080	313	302
32858	2	1033	221	204
32859	2	1182	346	332
32860	2	467	154	131
32861	2	1043	283	272
32862	2	1130	264	255
32863	2	284	99	86
32864	2	168	44	32
32865	2	90	40	22
32866	2	990	245	221
32867	2	82	47	31
32868	2	582	140	120
32869	2	117	36	24
32870	2	1458	347	320
32871	2	989	196	176
32872	2	1096	309	287
32873	2	528	107	93
32874	2	494	112	89
32875	2	944	180	171
32876	2	1022	284	225
32877	2	358	100	82
32878	2	1128	246	233
32879	2	1203	256	245
32880	2	155	51	28
32881	2	1164	313	271
32882	2	501	99	73
32883	2	1119	216	204
32884	2	1345	320	301
32885	2	1473	463	448
32886	2	292	80	68
32887	2	336	106	85
32888	2	399	115	101
32889	2	834	277	261
32890	2	592	118	107
32891	2	538	120	100
32892	2	210	43	33
32893	2	446	122	113
32894	2	393	107	93
32895	2	1497	329	284
32896	2	189	40	26
32897	2	870	154	142
32898	2	1083	215	205
32899	2	1040	209	195
32900	2	538	144	120
32901	2	1346	239	227
32902	2	1170	297	274
32903	2	815	173	162
32904	2	852	197	182
32905	2	779	156	147
32906	2	1229	332	316
32907	2	1317	252	237
32908	2	790	190	180
32909	2	628	128	89
32910	2	574	104	92
32911	2	459	142	127
32912	2	539	144	131
32913	2	403	91	59
32914	2	670	123	111
32915	2	130	34	5
32916	2	201	47	35
32917	2	161	65	47
32918	2	464	151	133
32919	2	122	34	18
32920	2	1205	362	344
32921	2	1204	272	265
32922	2	630	125	112
32923	2	1377	259	248
32924	2	1236	371	346
32925	2	231	58	48
32926	2	463	103	80
32927	2	1426	311	299
32928	2	228	51	29
32929	2	159	56	23
32930	2	1347	260	245
32931	2	157	40	26
32932	2	1233	328	312
32933	2	1321	301	266
32934	2	288	90	74
32935	2	363	103	87
32936	2	505	136	124
32937	2	965	204	192
32938	2	86	31	17
32939	2	221	61	43
32940	2	1189	318	307
32941	2	416	120	90
32942	2	1156	329	316
32943	2	889	223	209
32944	2	474	125	109
32945	2	159	55	26
32946	2	108	52	32
32947	2	136	42	30
32948	2	277	101	89
32949	2	279	80	56
32950	2	219	63	26
32951	2	508	116	99
32952	2	144	39	16
32953	2	97	28	9
32954	2	134	43	17
32955	2	1182	232	212
32956	2	1118	305	288
32957	2	108	31	8
32958	2	559	141	123
32959	2	209	55	36
32960	2	675	175	156
32961	2	258	59	39
32962	2	1228	262	245
32963	2	326	76	62
32964	2	108	27	19
32965	2	537	126	106
32966	2	252	59	41
32967	2	1138	264	250
32968	2	193	58	29
32969	2	199	54	44
32970	2	88	40	27
32971	2	454	122	99
32972	2	319	80	62
32973	2	119	50	29
32974	2	295	115	97
32975	2	425	80	71
32976	2	1325	277	263
32977	2	1232	246	233
32978	2	277	97	76
32979	2	1469	276	263
32980	2	245	73	47
32981	2	270	107	90
32982	2	494	165	143
32983	2	980	217	207
32984	2	99	35	17
32985	2	1056	232	208
32986	2	1182	229	214
32987	2	632	154	138
32988	2	1605	408	392
32989	2	1549	494	457
32990	2	1356	265	252
32991	2	682	177	154
32992	2	246	56	47
32993	2	193	51	31
32994	2	192	101	84
32995	2	1398	283	271
32996	2	869	222	210
32997	2	1063	253	238
32998	2	598	202	174
32999	2	1200	306	288
33000	2	1437	334	313
33001	2	1190	303	284
33002	2	1043	248	208
33003	2	1080	220	169
33004	2	610	134	102
33005	2	921	252	236
33006	2	1376	295	282
33007	2	144	43	21
33008	2	431	198	181
33009	2	257	56	37
33010	2	1208	259	244
33011	2	797	205	191
33012	2	601	184	169
33013	2	1140	224	211
33014	2	1116	277	261
33015	2	439	117	100
33016	2	658	145	122
33017	2	1530	304	281
33018	2	1541	317	303
33019	2	396	108	94
33020	2	418	87	55
33021	2	111	34	18
33022	2	1098	217	205
33023	2	345	96	81
33024	2	513	113	102
33025	2	697	165	152
33026	2	1167	254	230
33027	2	137	51	29
33028	2	933	187	174
33029	2	499	150	139
33030	2	900	219	200
33031	2	309	107	92
33032	2	1269	309	290
33033	2	44	20	6
33034	2	381	96	78
33035	2	105	42	29
33036	2	500	143	122
33037	2	1366	294	284
33038	2	1338	245	236
33039	2	907	228	216
33040	2	956	225	217
33041	2	1059	184	177
33042	2	1254	243	233
33043	2	743	154	142
33044	2	858	196	185
33045	2	166	53	24
33046	2	63	15	3
33047	2	929	223	211
33048	2	442	127	102
33049	2	154	44	13
33050	2	872	211	201
33051	2	1181	258	244
33052	2	888	223	207
33053	2	624	141	129
33054	2	628	218	209
33055	2	1034	244	229
33056	2	847	184	173
33057	2	82	41	31
33058	2	131	43	29
33059	2	498	125	111
33060	2	132	34	22
33061	2	519	114	96
33062	2	951	216	202
33063	2	303	61	43
33064	2	1128	237	218
33065	2	1424	279	264
33066	2	500	184	168
33067	2	861	201	187
33068	2	1245	328	316
33069	2	1156	405	387
33070	2	792	159	107
33071	2	776	245	230
33072	2	1127	299	287
33073	2	537	180	164
33074	2	973	325	309
33075	2	593	182	163
33076	2	100	37	24
33077	2	119	33	19
33078	2	1019	256	240
33079	2	1279	276	265
33080	2	93	39	19
33081	2	539	157	125
33082	2	455	107	87
33083	2	1217	339	323
33084	2	99	28	14
33085	2	110	37	17
33086	2	346	80	69
33087	2	387	74	60
33088	2	869	214	201
33089	2	1449	287	274
33090	2	670	144	130
33091	2	579	134	117
33092	2	130	31	9
33093	2	184	50	30
33094	2	672	166	155
33095	2	143	53	42
33096	2	1307	385	373
33097	2	345	88	68
33098	2	1027	225	212
33099	2	1251	294	282
33100	2	437	137	117
33101	2	1314	288	270
33102	2	917	310	281
33103	2	180	49	42
33104	2	179	57	30
33105	2	89	37	20
33106	2	90	28	9
33107	2	324	77	56
33108	2	99	31	11
33109	2	200	48	37
33110	2	731	192	169
33111	2	1216	245	231
33112	2	693	214	194
33113	2	1400	308	298
33114	2	746	206	195
33115	2	890	218	210
33116	2	916	205	192
33117	2	447	123	109
33118	2	1006	245	88
33119	2	408	200	140
33120	2	622	131	118
33121	2	443	140	120
33122	2	159	31	22
33123	2	322	91	52
33124	2	757	317	291
33125	2	415	138	110
33126	2	336	102	89
33127	2	637	144	132
33128	2	1236	382	297
33129	2	110	34	20
33130	2	1013	236	220
33131	2	546	114	102
33132	2	442	114	102
33133	2	804	183	171
33134	2	225	62	47
33135	2	1373	279	266
33136	2	1367	256	243
33137	2	1049	206	194
33138	2	851	175	161
33139	2	743	161	148
33140	2	231	63	47
33141	2	186	47	33
33142	2	657	157	138
33143	2	90	23	17
33144	2	234	51	38
33145	2	354	91	66
33146	2	1286	348	334
33147	2	821	177	162
33148	2	1058	249	233
33149	2	333	75	39
33150	2	1200	337	315
33151	2	219	79	64
33152	2	288	76	65
33153	2	595	171	154
33154	2	474	107	89
33155	2	387	99	83
33156	2	707	150	135
33157	2	1197	278	251
33158	2	1372	275	255
33159	2	518	159	148
33160	2	56	32	18
33161	2	876	245	227
33162	2	1234	297	286
33163	2	428	104	91
33164	2	124	42	12
33165	2	104	30	17
33166	2	356	79	67
33167	2	554	122	107
33168	2	1119	234	225
33169	2	1305	286	277
33170	2	1173	304	291
33171	2	1052	249	234
33172	2	262	57	37
33173	2	854	262	250
33174	2	563	161	144
33175	2	1262	330	292
33176	2	435	91	80
33177	2	1360	308	277
33178	2	124	54	33
33179	2	1350	349	331
33180	2	1540	356	328
33181	2	96	24	6
33182	2	183	41	32
33183	2	205	50	31
33184	2	286	71	58
33185	2	138	37	17
33186	2	85	23	7
33187	2	74	39	24
33188	2	186	41	30
33189	2	412	92	80
33190	2	840	266	249
33191	2	1149	267	256
33192	2	359	82	70
33193	2	1305	297	286
33194	2	81	30	10
33195	2	49	30	19
33196	2	78	32	13
33197	2	478	117	104
33198	2	60	34	16
33199	2	495	93	74
33200	2	251	63	49
33201	2	532	128	118
33202	2	165	44	28
33203	2	1128	275	251
33204	2	135	44	16
33205	2	938	190	171
33206	2	537	149	131
33207	2	258	66	53
33208	2	160	35	18
33209	2	406	166	148
33210	2	327	74	63
33211	2	99	33	15
33212	2	783	234	222
33213	2	140	54	26
33214	2	126	37	22
33215	2	109	33	16
33216	2	487	123	109
33217	2	309	88	76
33218	2	537	155	120
33219	2	81	29	9
33220	2	488	141	128
33221	2	503	131	120
33222	2	1223	322	307
33223	2	950	244	230
33224	2	102	45	23
33225	2	165	63	34
33226	2	851	148	136
33227	2	1268	310	298
33228	2	963	235	220
33229	2	525	133	119
33230	2	263	55	44
33231	2	1176	284	270
33232	2	243	71	49
33233	2	1131	361	345
33234	2	177	52	32
33235	2	90	24	6
33236	2	528	138	121
33237	2	656	162	115
33238	2	316	87	33
33239	2	1167	303	286
33240	2	186	47	29
33241	2	511	155	129
33242	2	1011	294	263
33243	2	75	21	6
33244	2	105	30	15
33245	2	588	144	119
33246	2	1356	302	289
33247	2	720	190	170
33248	2	413	90	51
33249	2	736	135	124
33250	2	856	210	196
33251	2	1392	255	242
33252	2	1197	276	264
33253	2	1170	264	235
33254	2	723	225	200
33255	2	201	65	48
33256	2	375	75	64
33257	2	903	241	229
33258	2	1170	337	315
33259	2	137	35	22
33260	2	356	108	93
33261	2	357	99	74
33262	2	177	70	53
33263	2	914	251	239
33264	2	1116	301	289
33265	2	663	212	196
33266	2	915	206	191
33267	2	902	188	166
33268	2	940	171	155
33269	2	542	141	123
33270	2	931	232	192
33271	2	127	43	17
33272	2	175	45	11
33273	2	1229	297	283
33274	2	377	145	127
33275	2	252	67	47
33276	2	134	55	39
33277	2	546	106	95
33278	2	1199	369	355
33279	2	109	32	3
33280	2	1006	293	242
33281	2	501	142	116
33282	2	683	163	151
33283	2	490	146	118
33284	2	285	55	45
33285	2	1353	306	284
33286	2	397	107	84
33287	2	106	35	19
33288	2	1059	304	290
33289	2	292	116	100
33290	2	100	45	32
33291	2	274	105	78
33292	2	753	189	154
33293	2	585	161	146
33294	2	1213	326	314
33295	2	1260	376	354
33296	2	525	182	167
33297	2	1005	267	251
33298	2	852	259	244
33299	2	90	31	18
33300	2	977	296	269
33301	2	188	52	28
33302	2	525	149	112
33303	2	490	176	120
33304	2	1350	285	271
33305	2	840	201	188
33306	2	456	94	84
33307	2	1052	265	254
33308	2	664	214	180
33309	2	557	204	180
33310	2	270	66	39
33311	2	86	34	15
33312	2	1012	316	305
33313	2	1278	279	263
33314	2	166	56	39
33315	2	80	28	15
33316	2	272	81	66
33317	2	673	184	164
33318	2	844	185	169
33319	2	78	27	8
33320	2	101	42	15
33321	2	143	41	23
33322	2	769	228	210
33323	2	124	39	13
33324	2	1017	235	223
33325	2	505	110	88
33326	2	93	28	10
33327	2	1114	250	224
33328	2	276	58	39
33329	2	902	185	171
33330	2	120	25	12
33331	2	138	40	15
33332	2	1097	361	342
33333	2	135	44	19
33334	2	234	76	66
33335	2	361	138	118
33336	2	69	41	21
33337	2	1321	305	291
33338	2	366	89	67
33339	2	384	118	99
33340	2	126	41	20
33341	2	511	140	130
33342	2	281	91	76
33343	2	414	138	95
33344	2	696	161	148
33345	2	1018	311	294
33346	2	93	31	13
33347	2	387	98	78
33348	2	153	75	67
33349	2	271	76	64
33350	2	78	23	9
33351	2	1112	335	325
33352	2	234	67	52
33353	2	108	31	17
33354	2	510	123	98
33355	2	160	45	21
33356	2	182	63	38
33357	2	305	105	86
33358	2	407	127	113
33359	2	1468	367	356
33360	2	584	123	106
33361	2	540	215	201
33362	2	1206	322	299
33363	2	148	34	19
33364	2	284	79	40
33365	2	151	61	52
33366	2	81	23	16
33367	2	296	79	59
33368	2	245	52	31
33369	2	704	195	177
33370	2	965	275	256
33371	2	859	202	188
33372	2	1065	333	313
33373	2	245	50	40
33374	2	1467	265	251
33375	2	1035	222	211
33376	2	1100	290	282
33377	2	124	39	21
33378	2	93	29	17
33379	2	226	81	57
33380	2	312	114	105
33381	2	890	204	185
33382	2	290	74	59
33383	2	1185	238	224
33384	2	323	86	68
33385	2	807	241	184
33386	2	960	266	240
33387	2	1072	511	432
33388	2	104	29	15
33389	2	352	105	86
33390	2	119	58	29
33391	2	1168	260	249
33392	2	369	73	61
33393	2	777	183	170
33394	2	1710	389	376
33395	2	329	67	45
33396	2	126	27	16
33397	2	1097	258	244
33398	2	540	104	95
33399	2	843	214	196
33400	2	1461	336	313
33401	2	228	43	33
33402	2	1189	276	263
33403	2	183	54	32
33404	2	934	251	239
33405	2	653	182	168
33406	2	1032	303	287
33407	2	684	150	136
33408	2	937	233	215
33409	2	59	35	16
33410	2	1167	329	315
33411	2	523	178	167
33412	2	545	181	140
33413	2	1214	312	286
33414	2	513	103	91
33415	2	1011	241	229
33416	2	353	103	86
33417	2	75	24	8
33418	2	529	157	144
33419	2	1163	309	294
33420	2	1161	333	317
33421	2	462	90	82
33422	2	135	44	27
33423	2	124	34	13
33424	2	1055	196	181
33425	2	580	136	119
33426	2	1131	239	225
33427	2	1398	290	278
33428	2	240	58	39
33429	2	1482	311	299
33430	2	1122	235	221
33431	2	1293	282	266
33432	2	1115	224	208
33433	2	1252	357	339
33434	2	979	194	185
33435	2	1271	271	260
33436	2	1184	249	240
33437	2	1160	257	245
33438	2	1094	261	242
33439	2	1111	237	226
33440	2	748	233	222
33441	2	949	192	183
33442	2	265	63	53
33443	2	103	30	10
33444	2	639	195	180
33445	2	200	60	27
33446	2	375	96	69
33447	2	806	202	187
33448	2	169	49	22
33449	2	476	109	91
33450	2	113	41	15
33451	2	747	149	137
33452	2	820	193	181
33453	2	1181	261	239
33454	2	381	149	136
33455	2	156	39	20
33456	2	1085	278	264
33457	2	463	137	51
33458	2	367	92	48
33459	2	588	124	69
33460	2	361	92	59
33461	2	1191	314	299
33462	2	673	150	141
33463	2	515	120	105
33464	2	802	171	159
33465	2	423	100	84
33466	2	595	102	82
33467	2	204	50	38
33468	2	582	158	140
33469	2	195	57	43
33470	2	576	125	75
33471	2	794	169	157
33472	2	513	121	82
33473	2	639	137	123
33474	2	417	98	81
33475	2	631	178	161
33476	2	562	144	129
33477	2	826	248	236
33478	2	626	205	181
33479	2	760	207	171
33480	2	762	194	182
33481	2	1255	337	320
33482	2	679	248	236
33483	2	601	168	141
33484	2	442	129	114
33485	2	76	27	10
33486	2	721	231	216
33487	2	532	125	113
33488	2	915	276	262
33489	2	216	39	30
33490	2	518	123	109
33491	2	411	134	117
33492	2	1214	317	299
33493	2	138	45	17
33494	2	557	145	129
33495	2	1120	313	299
33496	2	1124	301	288
33497	2	978	210	191
33498	2	727	163	153
33499	2	117	56	41
33500	2	1222	277	266
33501	2	511	177	143
33502	2	84	33	18
33503	2	169	69	51
33504	2	689	200	183
33505	2	402	121	98
33506	2	969	215	198
33507	2	1253	260	247
33508	2	408	90	74
33509	2	866	185	170
33510	2	137	50	24
33511	2	138	68	39
33512	2	1300	388	342
33513	2	1384	335	324
33514	2	1105	344	319
33515	2	1261	363	349
33516	2	1383	402	357
33517	2	831	232	215
33518	2	494	100	75
33519	2	1222	406	392
33520	2	1373	406	332
33521	2	945	293	282
33522	2	1230	343	304
33523	2	1116	299	285
33524	2	985	218	204
33525	2	1300	275	259
33526	2	349	119	78
33527	2	1049	242	233
33528	2	1168	288	272
33529	2	740	163	153
33530	2	1117	351	319
33531	2	807	200	187
33532	2	1397	271	241
33533	2	1174	235	221
33534	2	223	66	45
33535	2	824	174	155
33536	2	178	44	19
33537	2	1031	235	219
33538	2	1337	417	390
33539	2	89	39	16
33540	2	1330	374	359
33541	2	484	125	105
33542	2	198	42	29
33543	2	1292	291	278
33544	2	297	79	66
33545	2	1352	278	266
33546	2	510	102	77
33547	2	255	59	40
33548	2	574	171	159
33549	2	648	148	128
33550	2	509	106	90
33551	2	396	116	103
33552	2	168	41	29
33553	2	777	162	147
33554	2	216	50	40
33555	2	602	185	172
33556	2	188	58	40
33557	2	97	37	22
33558	2	1094	331	317
33559	2	835	252	239
33560	2	1184	272	251
33561	2	558	128	117
33562	2	554	124	114
33563	2	1326	311	301
33564	2	839	259	241
33565	2	712	210	194
33566	2	291	113	84
33567	2	437	93	81
33568	2	122	32	14
33569	2	985	246	231
33570	2	1343	264	252
33571	2	563	125	112
33572	2	1033	221	209
33573	2	261	76	50
33574	2	1197	304	293
33575	2	219	71	55
33576	2	161	47	21
33577	2	513	176	158
33578	2	252	87	48
33579	2	497	143	135
33580	2	424	108	93
33581	2	693	188	167
33582	2	168	56	36
33583	2	906	202	191
33584	2	204	46	33
33585	2	649	194	144
33586	2	181	55	18
33587	2	564	124	105
33588	2	637	175	163
33589	2	1223	301	281
33590	2	222	63	50
33591	2	740	186	173
33592	2	727	161	147
33593	2	1314	300	277
33594	2	114	34	17
33595	2	476	145	121
33596	2	1393	287	276
33597	2	1208	344	325
33598	2	753	213	199
33599	2	264	70	52
33600	2	1205	391	375
33601	2	960	219	203
33602	2	264	69	56
33603	2	177	45	36
33604	2	86	26	12
33605	2	190	59	5
33606	2	128	33	11
33607	2	166	42	19
33608	2	176	52	25
33609	2	228	53	43
33610	2	384	84	54
33611	2	484	167	129
33612	2	261	86	70
33613	2	192	42	15
33614	2	1098	323	306
33615	2	1159	395	382
33616	2	603	118	107
33617	2	1127	309	291
33618	2	697	190	179
33619	2	1342	233	218
33620	2	1164	258	245
33621	2	324	77	63
33622	2	1035	271	257
33623	2	1273	269	253
33624	2	1248	265	252
33625	2	1301	296	286
33626	2	1182	240	224
33627	2	1203	261	248
33628	2	805	218	204
33629	2	1024	237	226
33630	2	1241	274	263
33631	2	839	238	220
33632	2	1021	287	271
33633	2	467	155	142
33634	2	528	144	119
33635	2	756	206	188
33636	2	261	58	12
33637	2	192	51	35
33638	2	750	179	162
33639	2	1105	286	275
33640	2	104	27	15
33641	2	1231	255	237
33642	2	1086	230	219
33643	2	117	34	12
33644	2	715	159	139
33645	2	1329	359	311
33646	2	753	175	156
33647	2	123	46	24
33648	2	635	168	153
33649	2	203	59	41
33650	2	1243	221	210
33651	2	1188	229	218
33652	2	1465	315	290
33653	2	1151	241	228
33654	2	969	259	235
33655	2	876	202	189
33656	2	188	53	34
33657	2	127	50	25
33658	2	91	28	4
33659	2	497	110	95
33660	2	1066	249	207
33661	2	1172	294	279
33662	2	810	241	226
33663	2	1198	272	263
33664	2	1092	315	292
33665	2	346	97	83
33666	2	422	146	123
33667	2	1000	251	236
33668	2	266	97	86
33669	2	762	216	203
33670	2	1227	353	334
33671	2	744	266	248
33672	2	359	93	78
33673	2	1183	319	307
33674	2	190	61	43
33675	2	810	253	234
33676	2	1100	251	237
33677	2	387	113	96
33678	2	537	131	118
33679	2	1196	347	336
33680	2	421	102	90
33681	2	709	210	192
33682	2	1100	235	213
33683	2	445	127	106
33684	2	399	94	76
33685	2	833	165	149
33686	2	1193	329	308
33687	2	569	148	134
33688	2	979	193	185
33689	2	1271	361	336
33690	2	165	60	46
33691	2	164	46	25
33692	2	108	45	25
33693	2	1214	374	356
33694	2	439	92	81
33695	2	763	162	146
33696	2	1315	256	245
33697	2	798	201	191
33698	2	1176	296	281
33699	2	1104	211	190
33700	2	137	39	16
33701	2	462	125	63
33702	2	420	100	37
33703	2	613	124	102
33704	2	1251	244	234
33705	2	477	117	97
33706	2	198	56	36
33707	2	135	40	20
33708	2	117	32	15
33709	2	624	155	140
33710	2	751	187	169
33711	2	1248	283	268
33712	2	942	204	188
33713	2	1457	274	258
33714	2	866	254	236
33715	2	638	174	159
33716	2	1328	250	236
33717	2	469	86	52
33718	2	1030	214	201
33719	2	1187	318	302
33720	2	1148	279	267
33721	2	1209	271	256
33722	2	433	173	157
33723	2	1274	247	231
33724	2	1275	292	280
33725	2	783	182	154
33726	2	222	62	47
33727	2	81	29	8
33728	2	1373	300	286
33729	2	1131	347	325
33730	2	288	113	96
33731	2	57	20	9
33732	2	1018	212	196
33733	2	1030	244	228
33734	2	1158	313	304
33735	2	954	312	301
33736	2	806	161	150
33737	2	999	285	271
33738	2	987	215	201
33739	2	189	50	37
33740	2	1220	317	296
33741	2	1107	374	355
33742	2	105	41	25
33743	2	1373	290	279
33744	2	1120	220	208
33745	2	157	41	15
33746	2	246	54	41
33747	2	189	47	34
33748	2	1213	301	278
33749	2	1219	300	289
33750	2	710	195	179
33751	2	183	54	21
33752	2	118	53	36
33753	2	519	113	94
33754	2	255	89	77
33755	2	1671	527	500
33756	2	466	120	101
33757	2	824	219	190
33758	2	1364	270	256
33759	2	434	169	155
33760	2	1063	240	226
33761	2	264	66	56
33762	2	367	97	79
33763	2	210	49	35
33764	2	738	173	157
33765	2	171	36	22
33766	2	239	64	49
33767	2	228	46	33
33768	2	1229	312	289
33769	2	106	34	13
33770	2	844	214	200
33771	2	1496	369	333
33772	2	582	154	137
33773	2	227	73	56
33774	2	190	79	62
33775	2	258	75	61
33776	2	94	33	16
33777	2	327	86	53
33778	2	1047	248	217
33779	2	462	127	114
33780	2	196	76	41
33781	2	467	149	123
33782	2	891	234	220
33783	2	881	214	201
33784	2	813	175	157
33785	2	96	32	11
33786	2	227	62	48
33787	2	240	55	38
33788	2	1330	256	244
33789	2	1203	217	206
33790	2	1398	313	301
33791	2	423	142	124
33792	2	431	140	125
33793	2	379	161	148
33794	2	132	37	12
33795	2	153	37	25
33796	2	216	62	39
33797	2	106	29	7
33798	2	351	116	68
33799	2	504	147	128
33800	2	162	37	26
33801	2	1004	295	287
33802	2	321	81	70
33803	2	187	41	21
33804	2	1277	367	356
33805	2	1240	318	306
33806	2	1393	349	334
33807	2	591	116	101
33808	2	1214	265	250
33809	2	72	23	8
33810	2	648	242	229
33811	2	884	168	157
33812	2	1317	253	243
33813	2	436	117	105
33814	2	578	131	120
33815	2	1069	220	209
33816	2	1432	279	260
33817	2	382	76	67
33818	2	932	177	164
33819	2	151	36	17
33820	2	1126	271	253
33821	2	234	53	30
33822	2	464	98	87
33823	2	657	128	111
33824	2	169	54	32
33825	2	1170	340	327
33826	2	902	243	218
33827	2	1547	301	289
33828	2	1063	240	228
33829	2	1369	282	270
33830	2	641	163	148
33831	2	204	60	39
33832	2	132	35	22
33833	2	345	96	72
33834	2	422	125	106
33835	2	395	116	81
33836	2	586	186	176
33837	2	330	85	68
33838	2	263	59	43
33839	2	144	49	11
33840	2	82	38	28
33841	2	1173	340	312
33842	2	99	38	22
33843	2	238	50	22
33844	2	133	54	27
33845	2	138	34	22
33846	2	169	50	18
33847	2	163	39	10
33848	2	105	34	13
33849	2	324	74	63
33850	2	1301	267	253
33851	2	1232	296	278
33852	2	614	129	122
33853	2	1416	298	287
33854	2	623	126	117
33855	2	1125	309	297
33856	2	657	164	139
33857	2	230	71	58
33858	2	89	34	15
33859	2	62	24	12
33860	2	549	225	155
33861	2	1154	310	297
33862	2	894	192	176
33863	2	135	39	20
33864	2	246	56	39
33865	2	637	197	178
33866	2	1004	185	164
33867	2	1224	291	278
33868	2	222	55	41
33869	2	342	74	64
33870	2	361	74	59
33871	2	1204	350	333
33872	2	409	132	111
33873	2	493	136	113
33874	2	576	142	96
33875	2	905	253	241
33876	2	114	26	12
33877	2	359	77	58
33878	2	413	103	92
33879	2	893	205	192
33880	2	41	20	9
33881	2	983	255	240
33882	2	74	27	10
33883	2	1448	361	350
33884	2	586	147	136
33885	2	1027	206	197
33886	2	1103	246	232
33887	2	626	178	160
33888	2	1636	346	334
33889	2	280	75	60
33890	2	1259	251	243
33891	2	1428	250	238
33892	2	1472	291	278
33893	2	984	178	163
33894	2	1014	283	275
33895	2	1061	346	332
33896	2	1490	309	272
33897	2	933	256	245
33898	2	771	175	162
33899	2	182	56	42
33900	2	519	101	88
33901	2	1084	337	305
33902	2	935	205	187
33903	2	130	40	22
33904	2	657	123	108
33905	2	1013	269	252
33906	2	371	97	84
33907	2	586	122	105
33908	2	1265	295	278
33909	2	1323	248	239
33910	2	622	151	138
33911	2	1221	274	261
33912	2	306	79	65
33913	2	1048	248	235
33914	2	1437	321	305
33915	2	917	207	196
33916	2	189	41	31
33917	2	422	108	95
33918	2	223	87	52
33919	2	1113	238	224
33920	2	120	26	16
33921	2	1122	521	505
33922	2	575	180	163
33923	2	303	67	58
33924	2	339	79	47
33925	2	1143	276	265
33926	2	552	131	114
33927	2	369	74	52
33928	2	875	158	146
33929	2	379	81	58
33930	2	806	164	145
33931	2	427	115	96
33932	2	771	177	150
33933	2	1350	288	267
33934	2	971	228	218
33935	2	1079	220	206
33936	2	986	246	232
33937	2	61	22	13
33938	2	576	155	138
33939	2	555	155	118
33940	2	1165	569	549
33941	2	242	58	46
33942	2	43	16	7
33943	2	259	83	62
33944	2	1218	252	238
33945	2	1195	252	233
33946	2	596	160	149
33947	2	557	125	109
33948	2	1282	296	282
33949	2	108	29	19
33950	2	346	88	73
33951	2	838	297	262
33952	2	806	176	167
33953	2	683	136	122
33954	2	1020	257	243
33955	2	905	204	192
33956	2	63	22	7
33957	2	150	38	24
33958	2	1425	362	339
33959	2	100	36	12
33960	2	209	71	61
33961	2	221	53	37
33962	2	195	63	48
33963	2	227	54	40
33964	2	556	130	121
33965	2	526	133	118
33966	2	207	46	31
33967	2	175	37	24
33968	2	157	56	41
33969	2	84	23	11
33970	2	183	55	35
33971	2	881	251	233
33972	2	122	49	28
33973	2	120	43	19
33974	2	625	128	110
33975	2	162	37	24
33976	2	99	37	23
33977	2	104	39	24
33978	2	644	177	164
33979	2	525	155	148
33980	2	216	48	26
33981	2	80	29	13
33982	2	609	129	112
33983	2	1063	315	304
33984	2	511	143	126
33985	2	1198	322	307
33986	2	92	33	19
33987	2	1371	287	276
33988	2	204	54	40
33989	2	264	63	48
33990	2	806	176	159
33991	2	971	463	441
33992	2	284	91	73
33993	2	941	266	252
33994	2	1020	333	320
33995	2	224	75	63
33996	2	743	264	253
33997	2	959	212	196
33998	2	891	269	257
33999	2	359	106	90
34000	2	1218	250	241
34001	2	1286	267	255
34002	2	1360	291	276
34003	2	411	114	82
34004	2	1386	266	255
34005	2	228	48	17
34006	2	799	163	149
34007	2	1274	297	286
34008	2	1053	212	203
34009	2	1197	317	286
34010	2	91	28	6
34011	2	1235	324	315
34012	2	668	237	197
34013	2	128	31	6
34014	2	227	61	25
34015	2	848	235	224
34016	2	169	52	24
34017	2	1001	230	219
34018	2	782	167	156
34019	2	1415	310	297
34020	2	1367	282	260
34021	2	849	300	270
34022	2	735	239	221
34023	2	565	133	115
34024	2	1197	233	225
34025	2	212	54	43
34026	2	724	164	152
34027	2	540	133	105
34028	2	299	96	85
34029	2	1058	213	201
34030	2	183	41	13
34031	2	305	98	83
34032	2	715	270	253
34033	2	1332	256	242
34034	2	705	149	133
34035	2	53	23	12
34036	2	764	178	166
34037	2	1329	211	199
34038	2	102	27	19
34039	2	187	51	23
34040	2	130	32	22
34041	2	1365	233	219
34042	2	477	228	209
34043	2	1038	294	277
34044	2	1150	362	342
34045	2	121	33	10
34046	2	370	104	84
34047	2	1155	251	237
34048	2	116	33	21
34049	2	1272	252	239
34050	2	597	130	119
34051	2	423	107	82
34052	2	979	268	258
34053	2	338	80	64
34054	2	210	70	38
34055	2	426	177	162
34056	2	770	294	259
34057	2	1004	208	199
34058	2	795	221	210
34059	2	961	202	192
34060	2	1134	228	213
34061	2	962	268	252
34062	2	1007	219	204
34063	2	474	140	126
34064	2	1234	259	247
34065	2	1244	259	249
34066	2	952	230	212
34067	2	931	185	174
34068	2	174	37	21
34069	2	859	246	228
34070	2	682	264	251
34071	2	293	69	62
34072	2	1213	283	269
34073	2	1338	267	255
34074	2	1151	246	235
34075	2	455	167	149
34076	2	1690	345	323
34077	2	1215	448	437
34078	2	201	58	38
34079	2	487	108	54
34080	2	220	56	24
34081	2	173	41	14
34082	2	204	59	43
34083	2	153	53	20
34084	2	591	112	48
34085	2	468	112	101
34086	2	78	24	6
34087	2	291	80	67
34088	2	121	31	10
34089	2	1005	331	320
34090	2	213	50	30
34091	2	483	96	78
34092	2	191	62	33
34093	2	995	263	239
34094	2	426	87	71
34095	2	210	49	30
34096	2	84	31	17
34097	2	356	82	60
34098	2	905	206	193
34099	2	372	110	92
34100	2	1453	281	267
34101	2	712	130	120
34102	2	717	190	173
34103	2	869	215	198
34104	2	888	186	173
34105	2	702	196	180
34106	2	1392	301	289
34107	2	153	52	32
34108	2	105	44	23
34109	2	96	29	18
34110	2	950	228	211
34111	2	1288	310	286
34112	2	732	271	257
34113	2	1170	320	300
34114	2	253	74	18
34115	2	1012	234	217
34116	2	792	233	212
34117	2	234	52	39
34118	2	1004	215	194
34119	2	1212	315	304
34120	2	109	28	7
34121	2	120	26	14
34122	2	138	45	14
34123	2	108	24	14
34124	2	203	44	25
34125	2	1310	302	286
34126	2	637	200	186
34127	2	465	150	130
34128	2	828	233	173
34129	2	291	84	57
34130	2	993	349	340
34131	2	116	40	17
34132	2	268	95	81
34133	2	49	24	12
34134	2	95	35	17
34135	2	141	38	19
34136	2	231	54	43
34137	2	647	167	154
34138	2	87	29	12
34139	2	428	99	85
34140	2	943	245	233
34141	2	690	181	168
34142	2	471	109	97
34143	2	646	137	82
34144	2	161	39	19
34145	2	1207	324	309
34146	2	180	46	12
34147	2	761	235	223
34148	2	215	67	49
34149	2	889	190	179
34150	2	237	67	40
34151	2	103	43	18
34152	2	388	98	81
34153	2	852	205	183
34154	2	734	263	244
34155	2	422	129	119
34156	2	588	158	136
34157	2	353	127	100
34158	2	324	76	62
34159	2	150	33	22
34160	2	546	164	138
34161	2	111	35	19
34162	2	954	312	294
34163	2	672	139	124
34164	2	826	179	166
34165	2	608	206	187
34166	2	1056	209	193
34167	2	1303	241	232
34168	2	1242	279	265
34169	2	288	58	47
34170	2	716	142	130
34171	2	1141	219	209
34172	2	1188	326	311
34173	2	1363	323	308
34174	2	1285	289	276
34175	2	722	172	163
34176	2	908	185	171
34177	2	1293	276	259
34178	2	773	169	159
34179	2	1233	298	288
34180	2	87	31	12
34181	2	84	22	11
34182	2	99	27	13
34183	2	842	206	190
34184	2	342	67	59
34185	2	893	249	239
34186	2	214	49	30
34187	2	138	35	18
34188	2	562	143	55
34189	2	286	80	52
34190	2	1068	215	207
34191	2	156	39	24
34192	2	462	117	13
34193	2	1294	338	324
34194	2	989	182	169
34195	2	120	38	20
34196	2	918	216	197
34197	2	1199	271	254
34198	2	835	188	174
34199	2	1131	339	324
34200	2	1141	252	239
34201	2	800	170	156
34202	2	503	136	124
34203	2	1008	294	276
34204	2	1050	268	256
34205	2	1078	362	341
34206	2	149	41	17
34207	2	514	113	85
34208	2	272	65	51
34209	2	54	22	11
34210	2	692	228	209
34211	2	352	131	67
34212	2	1187	340	324
34213	2	844	172	152
34214	2	997	202	193
34215	2	390	98	62
34216	2	201	56	39
34217	2	270	60	46
34218	2	180	39	26
34219	2	150	31	17
34220	2	879	287	269
34221	2	117	32	7
34222	2	221	93	79
34223	2	264	59	49
34224	2	195	43	24
34225	2	232	67	55
34226	2	1227	278	258
34227	2	776	198	181
34228	2	135	54	31
34229	2	387	115	99
34230	2	955	191	179
34231	2	78	26	13
34232	2	168	75	63
34233	2	696	169	152
34234	2	985	277	263
34235	2	1105	278	266
34236	2	398	95	62
34237	2	944	230	193
34238	2	353	101	87
34239	2	165	39	22
34240	2	258	60	45
34241	2	372	83	67
34242	2	437	96	87
34243	2	126	33	21
34244	2	240	56	44
34245	2	422	97	82
34246	2	909	224	202
34247	2	187	44	24
34248	2	1256	277	256
34249	2	1027	321	309
34250	2	68	24	13
34251	2	956	273	254
34252	2	122	39	26
34253	2	195	50	19
34254	2	192	50	37
34255	2	459	112	99
34256	2	814	214	202
34257	2	274	67	51
34258	2	846	190	173
34259	2	1371	326	311
34260	2	777	249	229
34261	2	342	122	109
34262	2	353	124	105
34263	2	156	50	31
34264	2	107	38	12
34265	2	276	101	80
34266	2	1295	250	235
34267	2	229	96	82
34268	2	255	58	39
34269	2	459	78	69
34270	2	157	35	9
34271	2	510	129	108
34272	2	168	39	26
34273	2	114	43	19
34274	2	227	65	54
34275	2	83	32	18
34276	2	492	122	108
34277	2	644	175	157
34278	2	585	107	83
34279	2	162	58	29
34280	2	739	321	307
34281	2	136	40	21
34282	2	97	39	13
34283	2	879	159	148
34284	2	304	80	68
34285	2	90	31	22
34286	2	107	31	17
34287	2	91	24	7
34288	2	204	46	33
34289	2	264	67	52
34290	2	640	203	189
34291	2	1038	276	264
34292	2	586	169	147
34293	2	866	304	291
34294	2	359	146	130
34295	2	973	213	194
34296	2	995	252	238
34297	2	701	182	160
34298	2	385	97	61
34299	2	573	157	136
34300	2	939	230	205
34301	2	1475	378	357
34302	2	1268	270	254
34303	2	861	169	157
34304	2	106	26	11
34305	2	126	38	25
34306	2	1002	248	236
34307	2	272	88	40
34308	2	1204	236	223
34309	2	469	117	102
34310	2	138	38	18
34311	2	319	95	70
34312	2	327	102	81
34313	2	783	165	151
34314	2	912	190	180
34315	2	1292	318	301
34316	2	199	55	34
34317	2	616	198	178
34318	2	1257	309	295
34319	2	1319	333	288
34320	2	950	261	247
34321	2	1295	356	313
34322	2	1164	296	261
34323	2	562	217	204
34324	2	950	281	264
34325	2	339	89	47
34326	2	929	247	225
34327	2	1619	318	303
34328	2	131	40	30
34329	2	160	53	29
34330	2	1104	294	281
34331	2	619	161	145
34332	2	1345	261	249
34333	2	610	149	139
34334	2	66	38	26
34335	2	411	86	69
34336	2	537	250	218
34337	2	815	189	171
34338	2	768	272	256
34339	2	1093	208	191
34340	2	163	44	29
34341	2	1057	263	252
34342	2	854	215	197
34343	2	132	47	29
34344	2	102	28	17
34345	2	135	36	24
34346	2	103	34	10
34347	2	186	60	38
34348	2	110	29	8
34349	2	1229	238	219
34350	2	449	130	108
34351	2	1124	290	276
34352	2	912	256	211
34353	2	1328	282	268
34354	2	485	98	85
34355	2	137	31	17
34356	2	139	34	22
34357	2	1271	296	286
34358	2	191	44	28
34359	2	228	56	22
34360	2	1157	217	198
34361	2	261	53	40
34362	2	369	84	66
34363	2	209	51	26
34364	2	159	45	29
34365	2	194	57	40
34366	2	1309	278	268
34367	2	1255	341	330
34368	2	498	144	134
34369	2	119	51	21
34370	2	1407	250	240
34371	2	204	69	56
34372	2	1059	259	249
34373	2	120	34	25
34374	2	1030	298	286
34375	2	168	38	28
34376	2	451	99	91
34377	2	989	203	198
34378	2	492	106	86
34379	2	551	160	145
34380	2	1218	233	221
34381	2	1172	236	212
34382	2	89	33	16
34383	2	888	197	179
34384	2	101	29	19
34385	2	276	81	64
34386	2	1317	297	275
34387	2	1206	353	325
34388	2	1336	277	258
34389	2	153	40	15
34390	2	1488	280	268
34391	2	1260	261	240
34392	2	177	46	28
34393	2	232	80	64
34394	2	284	73	56
34395	2	99	33	16
34396	2	1140	300	290
34397	2	1210	269	254
34398	2	102	27	14
34399	2	243	67	58
34400	2	1071	291	278
34401	2	968	206	180
34402	2	279	94	81
34403	2	1302	278	264
34404	2	331	124	91
34405	2	714	225	209
34406	2	131	31	13
34407	2	483	224	213
34408	2	220	44	27
34409	2	109	28	6
34410	2	243	54	43
34411	2	130	44	31
34412	2	1077	267	255
34413	2	1155	246	236
34414	2	1063	199	187
34415	2	165	50	30
34416	2	192	54	44
34417	2	495	116	84
34418	2	88	21	12
34419	2	535	181	155
34420	2	279	64	56
34421	2	150	50	36
34422	2	576	174	162
34423	2	102	35	14
34424	2	107	31	13
34425	2	211	62	23
34426	2	321	68	46
34427	2	639	177	161
34428	2	759	227	214
34429	2	462	120	108
34430	2	501	114	91
34431	2	123	33	21
34432	2	117	29	14
34433	2	768	161	143
34434	2	567	153	132
34435	2	430	103	84
34436	2	901	198	186
34437	2	1177	375	364
34438	2	212	53	39
34439	2	661	139	126
34440	2	1252	254	242
34441	2	1208	269	252
34442	2	1179	253	239
34443	2	1190	302	286
34444	2	1071	218	205
34445	2	352	146	126
34446	2	51	25	12
34447	2	1131	267	249
34448	2	204	85	73
34449	2	154	47	22
34450	2	522	150	129
34451	2	1227	289	274
34452	2	381	106	89
34453	2	179	44	29
34454	2	164	40	24
34455	2	105	31	8
34456	2	540	152	138
34457	2	181	67	43
34458	2	952	221	202
34459	2	336	93	78
34460	2	1069	314	297
34461	2	177	46	32
34462	2	1182	275	261
34463	2	389	91	76
34464	2	922	205	193
34465	2	998	230	218
34466	2	1205	313	300
34467	2	617	199	184
34468	2	1323	287	275
34469	2	715	144	130
34470	2	1290	290	278
34471	2	904	196	186
34472	2	1149	273	260
34473	2	157	37	20
34474	2	1000	190	169
34475	2	128	31	14
34476	2	965	226	213
34477	2	1221	323	304
34478	2	934	228	215
34479	2	1363	321	303
34480	2	879	319	306
34481	2	161	40	18
34482	2	806	189	164
34483	2	363	132	118
34484	2	969	288	272
34485	2	369	84	65
34486	2	1313	302	290
34487	2	143	56	40
34488	2	255	79	64
34489	2	753	174	166
34490	2	491	106	93
34491	2	968	181	168
34492	2	298	105	83
34493	2	1222	236	221
34494	2	632	200	171
34495	2	190	85	69
34496	2	1384	304	291
34497	2	1175	325	314
34498	2	508	153	138
34499	2	275	72	65
34500	2	183	66	34
34501	2	765	189	167
34502	2	286	103	88
34503	2	256	78	65
34504	2	153	45	21
34505	2	659	247	231
34506	2	1249	289	279
34507	2	1076	256	242
34508	2	719	170	155
34509	2	315	79	69
34510	2	842	150	140
34511	2	1168	277	263
34512	2	1188	317	306
34513	2	788	165	151
34514	2	366	77	64
34515	2	441	86	76
34516	2	240	59	22
34517	2	1186	293	279
34518	2	99	32	8
34519	2	39	17	5
34520	2	72	25	9
34521	2	160	40	23
34522	2	402	88	67
34523	2	440	102	79
34524	2	221	68	49
34525	2	378	106	67
34526	2	786	177	161
34527	2	549	123	108
34528	2	1235	244	232
34529	2	1085	209	187
34530	2	102	27	7
34531	2	168	56	14
34532	2	318	126	100
34533	2	187	57	39
34534	2	785	177	161
34535	2	285	89	75
34536	2	105	25	6
34537	2	91	32	18
34538	2	162	55	23
34539	2	278	120	107
34540	2	445	107	89
34541	2	192	41	29
34542	2	768	341	303
34543	2	384	106	100
34544	2	139	39	15
34545	2	351	97	81
34546	2	141	30	11
34547	2	299	59	40
34548	2	610	190	159
34549	2	237	61	55
34550	2	572	147	56
34551	2	260	68	42
34552	2	778	189	175
34553	2	469	196	168
34554	2	823	235	221
34555	2	256	76	67
34556	2	291	111	98
34557	2	190	66	44
34558	2	316	105	95
34559	2	201	68	46
34560	2	789	203	193
34561	2	61	32	14
34562	2	1202	241	230
34563	2	544	132	115
34564	2	1231	273	261
34565	2	1127	240	230
34566	2	1422	267	248
34567	2	1052	208	193
34568	2	1154	244	230
34569	2	1170	245	233
34570	2	1025	278	266
34571	2	1078	286	271
34572	2	1176	239	228
34573	2	1176	321	305
34574	2	180	48	22
34575	2	281	89	74
34576	2	168	46	27
34577	2	607	153	131
34578	2	668	152	132
34579	2	78	28	9
34580	2	97	33	14
34581	2	101	38	23
34582	2	171	46	35
34583	2	1243	296	277
34584	2	156	44	28
34585	2	51	17	8
34586	2	109	30	15
34587	2	1154	243	230
34588	2	868	210	184
34589	2	62	32	22
34590	2	493	96	83
34591	2	133	35	3
34592	2	374	79	70
34593	2	587	117	106
34594	2	192	39	25
34595	2	165	37	26
34596	2	555	125	112
34597	2	41	18	8
34598	2	1113	277	267
34599	2	629	202	188
34600	2	596	142	125
34601	2	120	27	16
34602	2	810	201	180
34603	2	1221	325	312
34604	2	350	96	84
34605	2	1223	297	286
34606	2	660	171	159
34607	2	822	165	149
34608	2	950	345	318
34609	2	84	30	9
34610	2	1055	279	260
34611	2	1024	316	304
34612	2	328	107	84
34613	2	1123	289	258
34614	2	177	41	18
34615	2	327	71	61
34616	2	1037	243	230
34617	2	1196	312	294
34618	2	890	165	153
34619	2	905	187	171
34620	2	243	50	37
34621	2	1148	239	222
34622	2	399	124	109
34623	2	1222	331	318
34624	2	435	106	87
34625	2	1370	277	263
34626	2	1044	290	266
34627	2	414	163	149
34628	2	807	202	192
34629	2	1458	388	369
34630	2	694	217	203
34631	2	371	131	108
34632	2	438	103	92
34633	2	110	43	17
34634	2	165	36	26
34635	2	81	27	10
34636	2	170	46	20
34637	2	145	59	50
34638	2	609	126	115
34639	2	155	50	34
34640	2	66	34	15
34641	2	378	77	66
34642	2	991	227	216
34643	2	1133	236	220
34644	2	348	124	105
34645	2	1573	440	427
34646	2	1072	223	205
34647	2	441	89	78
34648	2	1594	304	277
34649	2	574	164	152
34650	2	972	229	216
34651	2	1353	271	260
34652	2	815	166	151
34653	2	1291	367	356
34654	2	954	243	220
34655	2	333	92	67
34656	2	717	181	162
34657	2	130	44	27
34658	2	78	22	12
34659	2	1380	329	311
34660	2	303	81	70
34661	2	342	97	80
34662	2	585	169	156
34663	2	1355	273	260
34664	2	169	43	24
34665	2	1103	384	370
34666	2	1101	342	327
34667	2	1110	281	268
34668	2	1061	248	231
34669	2	872	221	202
34670	2	818	186	175
34671	2	1174	360	340
34672	2	318	68	57
34673	2	86	23	11
34674	2	54	21	5
34675	2	1361	300	292
34676	2	779	264	254
34677	2	824	251	236
34678	2	361	120	106
34679	2	226	55	18
34680	2	182	42	23
34681	2	151	46	34
34682	2	593	138	120
34683	2	343	177	152
34684	2	1423	564	552
34685	2	117	26	17
34686	2	546	159	146
34687	2	1252	343	327
34688	2	84	29	18
34689	2	881	199	190
34690	2	169	55	45
34691	2	1249	322	309
34692	2	1066	274	256
34693	2	685	198	181
34694	2	300	65	52
34695	2	933	253	237
34696	2	339	102	74
34697	2	1213	273	257
34698	2	1214	293	273
34699	2	1267	258	244
34700	2	976	209	196
34701	2	447	95	80
34702	2	1237	311	301
34703	2	458	213	176
34704	2	532	167	147
34705	2	1133	270	257
34706	2	685	194	182
34707	2	920	272	252
34708	2	1205	347	331
34709	2	1076	263	253
34710	2	180	39	29
34711	2	1027	202	193
34712	2	1335	301	287
34713	2	310	118	78
34714	2	792	194	176
34715	2	1068	252	238
34716	2	776	200	188
34717	2	980	281	252
34718	2	691	283	260
34719	2	1213	297	281
34720	2	796	184	166
34721	2	1270	278	262
34722	2	1485	299	286
34723	2	683	172	143
34724	2	638	259	243
34725	2	522	106	92
34726	2	121	41	17
34727	2	824	176	166
34728	2	1538	296	278
34729	2	508	128	112
34730	2	441	135	119
34731	2	317	84	76
34732	2	480	129	111
34733	2	279	75	60
34734	2	426	153	132
34735	2	1096	338	325
34736	2	1261	308	292
34737	2	1179	306	290
34738	2	651	164	142
34739	2	1305	322	311
34740	2	794	176	164
34741	2	1396	301	287
34742	2	172	37	4
34743	2	117	28	19
34744	2	239	73	53
34745	2	572	151	125
34746	2	178	55	16
34747	2	159	40	23
34748	2	1178	231	221
34749	2	696	179	168
34750	2	1364	259	245
34751	2	547	339	322
34752	2	673	202	192
34753	2	105	43	18
34754	2	426	78	68
34755	2	1230	341	319
34756	2	80	23	10
34757	2	140	51	30
34758	2	142	48	36
34759	2	766	198	184
34760	2	1448	311	287
34761	2	918	169	155
34762	2	1330	278	264
34763	2	614	122	106
34764	2	1305	264	238
34765	2	94	30	5
34766	2	545	154	128
34767	2	1119	239	216
34768	2	637	168	152
34769	2	1277	256	239
34770	2	448	209	162
34771	2	324	120	107
34772	2	898	207	197
34773	2	192	59	41
34774	2	284	82	71
34775	2	1085	285	272
34776	2	789	233	217
34777	2	128	60	47
34778	2	1097	241	229
34779	2	173	55	38
34780	2	183	86	68
34781	2	225	55	29
34782	2	153	36	16
34783	2	220	73	28
34784	2	132	35	21
34785	2	198	46	20
34786	2	825	274	260
34787	2	1046	222	208
34788	2	333	97	75
34789	2	72	33	21
34790	2	351	101	59
34791	2	132	25	17
34792	2	1325	347	263
34793	2	268	93	78
34794	2	1370	359	348
34795	2	557	144	131
34796	2	1100	232	221
34797	2	735	179	165
34798	2	766	252	234
34799	2	156	49	29
34800	2	1410	389	309
34801	2	130	41	16
34802	2	451	119	92
34803	2	1142	254	238
34804	2	866	205	195
34805	2	1455	412	396
34806	2	196	61	43
34807	2	1237	346	331
34808	2	45	20	9
34809	2	189	56	43
34810	2	102	37	20
34811	2	160	59	48
34812	2	167	55	39
34813	2	429	131	117
34814	2	688	160	148
34815	2	1133	306	296
34816	2	350	66	52
34817	2	1133	297	284
34818	2	108	28	18
34819	2	105	28	13
34820	2	1078	305	287
34821	2	247	78	52
34822	2	900	207	192
34823	2	638	133	112
34824	2	183	43	25
34825	2	1010	237	225
34826	2	1166	264	250
34827	2	269	67	46
34828	2	145	35	13
34829	2	1120	324	311
34830	2	1424	359	345
34831	2	63	18	8
34832	2	821	168	150
34833	2	1221	254	240
34834	2	1312	258	245
34835	2	156	43	30
34836	2	353	85	73
34837	2	1241	241	230
34838	2	1199	337	326
34839	2	554	178	161
34840	2	147	35	29
34841	2	481	134	117
34842	2	1168	320	303
34843	2	974	264	253
34844	2	229	86	65
34845	2	46	29	12
34846	2	1389	281	272
34847	2	681	142	131
34848	2	137	39	24
34849	2	936	249	225
34850	2	339	86	71
34851	2	1239	374	349
34852	2	244	86	72
34853	2	375	112	91
34854	2	93	28	16
34855	2	70	39	27
34856	2	159	54	37
34857	2	550	174	161
34858	2	422	134	110
34859	2	419	124	74
34860	2	396	80	69
34861	2	1027	227	209
34862	2	1075	215	204
34863	2	363	76	67
34864	2	1188	313	301
34865	2	355	98	67
34866	2	255	64	18
34867	2	116	32	16
34868	2	166	38	6
34869	2	530	130	109
34870	2	576	133	111
34871	2	300	78	63
34872	2	97	35	17
34873	2	122	40	23
34874	2	739	196	178
34875	2	201	36	26
34876	2	226	52	31
34877	2	736	167	147
34878	2	356	121	100
34879	2	1267	261	249
34880	2	1300	239	229
34881	2	139	45	7
34882	2	162	52	26
34883	2	964	265	252
34884	2	916	304	287
34885	2	1100	220	205
34886	2	90	31	17
34887	2	75	38	14
34888	2	289	88	74
34889	2	987	312	290
34890	2	1015	232	223
34891	2	1054	288	275
34892	2	426	96	81
34893	2	1207	353	335
34894	2	45	18	7
34895	2	568	136	126
34896	2	201	61	47
34897	2	195	53	21
34898	2	746	184	173
34899	2	1120	321	303
34900	2	1138	264	249
34901	2	438	144	130
34902	2	1245	342	329
34903	2	288	54	43
34904	2	722	140	125
34905	2	402	83	74
34906	2	201	44	28
34907	2	256	84	72
34908	2	298	88	75
34909	2	372	130	117
34910	2	257	80	63
34911	2	1013	295	282
34912	2	120	54	36
34913	2	383	121	100
34914	2	114	33	21
34915	2	93	40	19
34916	2	395	115	77
34917	2	544	120	115
34918	2	512	187	133
34919	2	1112	268	249
34920	2	1123	249	237
34921	2	1273	295	282
34922	2	819	252	239
34923	2	1226	232	213
34924	2	962	178	164
34925	2	1257	258	247
34926	2	939	197	180
34927	2	264	51	37
34928	2	1215	235	222
34929	2	698	164	155
34930	2	229	46	22
34931	2	405	89	36
34932	2	114	37	21
34933	2	159	36	23
34934	2	419	90	77
34935	2	837	178	168
34936	2	929	233	216
34937	2	118	26	9
34938	2	367	98	74
34939	2	658	190	178
34940	2	1144	246	237
34941	2	734	221	207
34942	2	174	49	29
34943	2	193	49	34
34944	2	841	201	186
34945	2	148	35	21
34946	2	240	110	91
34947	2	1150	341	322
34948	2	1088	322	311
34949	2	148	36	21
34950	2	426	144	119
34951	2	270	77	28
34952	2	1311	260	208
34953	2	253	69	27
34954	2	239	54	35
34955	2	222	52	43
34956	2	628	159	142
34957	2	285	97	82
34958	2	137	62	43
34959	2	1396	296	280
34960	2	1107	235	220
34961	2	699	162	152
34962	2	414	138	128
34963	2	742	230	201
34964	2	321	87	78
34965	2	1146	333	314
34966	2	62	19	8
34967	2	180	45	6
34968	2	865	181	170
34969	2	417	79	64
34970	2	918	199	188
34971	2	242	54	38
34972	2	188	60	41
34973	2	95	32	14
34974	2	256	73	43
34975	2	725	157	137
34976	2	1264	377	346
34977	2	417	104	89
34978	2	624	164	91
34979	2	240	59	48
34980	2	165	48	35
34981	2	84	25	12
34982	2	78	33	22
34983	2	976	229	214
34984	2	1217	225	215
34985	2	680	224	210
34986	2	861	186	174
34987	2	1371	257	239
34988	2	718	182	171
34989	2	1201	268	258
34990	2	675	123	107
34991	2	467	132	120
34992	2	689	197	181
34993	2	128	42	20
34994	2	944	217	206
34995	2	978	211	201
34996	2	805	222	205
34997	2	829	274	253
34998	2	1265	298	278
34999	2	946	208	178
35000	2	730	135	97
35001	2	543	89	79
35002	2	1092	233	214
35003	2	1001	237	223
35004	2	1300	288	260
35005	2	99	58	39
35006	2	1251	232	217
35007	2	330	77	64
35008	2	946	210	193
35009	2	1141	298	282
35010	2	144	38	22
35011	2	543	186	128
35012	2	915	272	253
35013	2	254	58	34
35014	2	1094	352	317
35015	2	682	207	183
35016	2	1000	211	193
35017	2	1231	290	269
35018	2	1359	248	232
35019	2	618	112	97
35020	2	1298	235	220
35021	2	269	62	40
35022	2	875	167	150
35023	2	1259	259	245
35024	2	441	141	118
35025	2	269	59	38
35026	2	941	251	236
35027	2	158	55	29
35028	2	512	178	166
35029	2	706	299	228
35030	2	633	231	214
35031	2	604	120	63
35032	2	258	59	45
35033	2	433	114	76
35034	2	495	107	94
35035	2	785	196	177
35036	2	195	42	28
35037	2	210	46	29
35038	2	553	134	126
35039	2	477	108	101
35040	2	930	234	225
35041	2	387	116	40
35042	2	48	15	6
35043	2	75	25	15
35044	2	126	36	13
35045	2	623	142	132
35046	2	1095	266	256
35047	2	1262	254	246
35048	2	1121	258	249
35049	2	858	170	155
35050	2	1000	214	205
35051	2	798	163	153
35052	2	1093	224	215
35053	2	965	231	218
35054	2	849	221	204
35055	2	151	49	19
35056	2	121	39	12
35057	2	1393	335	324
35058	2	540	104	38
35059	2	115	34	12
35060	2	1356	322	292
35061	2	180	52	16
35062	2	131	40	17
35063	2	1068	226	191
35064	2	238	57	19
35065	2	915	199	188
35066	2	369	124	101
35067	2	1000	284	266
35068	2	472	129	116
35069	2	665	177	159
35070	2	577	137	124
35071	2	638	220	206
35072	2	1191	272	216
35073	2	245	114	100
35074	2	713	153	144
35075	2	1332	292	275
35076	2	219	56	41
35077	2	600	143	115
35078	2	184	62	38
35079	2	997	219	208
35080	2	483	110	99
35081	2	1331	283	274
35082	2	468	116	82
35083	2	738	172	150
35084	2	256	100	86
35085	2	601	180	111
35086	2	329	85	61
35087	2	485	131	114
35088	2	265	65	41
35089	2	151	38	30
35090	2	1315	284	271
35091	2	1275	248	237
35092	2	1274	375	360
35093	2	394	85	29
35094	2	1277	256	245
35095	2	519	114	103
35096	2	1103	250	238
35097	2	446	129	115
35098	2	1011	255	235
35099	2	445	291	274
35100	2	1128	314	290
35101	2	69	25	10
35102	2	760	208	191
35103	2	526	226	200
35104	2	303	91	65
35105	2	785	212	200
35106	2	787	233	215
35107	2	192	49	34
35108	2	435	111	97
35109	2	126	34	23
35110	2	1042	300	287
35111	2	633	146	132
35112	2	146	45	25
35113	2	595	172	157
35114	2	253	78	34
35115	2	1078	242	227
35116	2	184	46	30
35117	2	1405	297	282
35118	2	1161	251	237
35119	2	548	216	205
35120	2	807	182	172
35121	2	855	266	253
35122	2	922	222	208
35123	2	1284	259	245
35124	2	281	70	56
35125	2	1202	255	241
35126	2	356	93	75
35127	2	349	69	57
35128	2	117	35	10
35129	2	1110	285	267
35130	2	746	160	150
35131	2	1294	272	256
35132	2	1383	286	275
35133	2	160	64	31
35134	2	1287	235	221
35135	2	231	62	46
35136	2	971	210	198
35137	2	1340	266	255
35138	2	583	168	159
35139	2	470	111	99
35140	2	134	36	19
35141	2	494	180	157
35142	2	145	54	25
35143	2	1297	300	278
35144	2	644	140	128
35145	2	147	40	25
35146	2	141	33	18
35147	2	144	33	22
35148	2	1259	346	330
35149	2	1105	273	216
35150	2	120	29	16
35151	2	762	187	133
35152	2	249	73	54
35153	2	738	162	144
35154	2	1491	310	293
35155	2	930	245	218
35156	2	1650	315	297
35157	2	159	39	20
35158	2	1270	298	285
35159	2	800	147	135
35160	2	1358	318	299
35161	2	1381	260	250
35162	2	383	139	106
35163	2	1455	306	291
35164	2	911	172	160
35165	2	623	276	262
35166	2	99	40	23
35167	2	295	92	78
35168	2	457	143	129
35169	2	593	150	140
35170	2	297	125	110
35171	2	1238	265	247
35172	2	1339	287	275
35173	2	685	129	117
35174	2	154	38	21
35175	2	1135	215	202
35176	2	739	204	188
35177	2	1330	245	233
35178	2	1264	318	305
35179	2	297	68	50
35180	2	390	106	94
35181	2	306	85	75
35182	2	913	240	226
35183	2	304	81	71
35184	2	435	114	100
35185	2	570	153	145
35186	2	751	194	183
35187	2	956	400	386
35188	2	1096	290	278
35189	2	1335	273	260
35190	2	1074	284	271
35191	2	780	164	145
35192	2	1251	266	258
35193	2	1521	358	339
35194	2	325	101	76
35195	2	1395	290	276
35196	2	761	169	157
35197	2	271	90	81
35198	2	767	184	166
35199	2	366	82	50
35200	2	831	172	161
35201	2	1051	302	290
35202	2	1155	231	223
35203	2	620	166	153
35204	2	84	43	23
35205	2	503	118	100
35206	2	1098	234	224
35207	2	948	230	217
35208	2	1037	269	256
35209	2	296	73	60
35210	2	256	58	45
35211	2	965	240	231
35212	2	1130	291	280
35213	2	223	77	48
35214	2	1222	317	299
35215	2	897	254	230
35216	2	69	23	9
35217	2	292	114	91
35218	2	412	78	57
35219	2	313	87	59
35220	2	156	44	32
35221	2	256	97	74
35222	2	213	54	42
35223	2	65	19	4
35224	2	191	49	21
35225	2	207	54	25
35226	2	60	27	11
35227	2	112	35	18
35228	2	421	92	77
35229	2	1393	267	257
35230	2	336	65	57
35231	2	281	104	92
35232	2	1199	245	224
35233	2	1307	279	263
35234	2	392	77	59
35235	2	1258	348	328
35236	2	184	45	25
35237	2	447	126	111
35238	2	99	33	10
35239	2	538	137	117
35240	2	438	76	60
35241	2	199	42	31
35242	2	204	50	30
35243	2	181	51	36
35244	2	547	122	109
35245	2	523	111	54
35246	2	364	100	90
35247	2	558	109	85
35248	2	125	49	37
35249	2	1176	307	291
35250	2	87	24	6
35251	2	1222	308	294
35252	2	185	62	51
35253	2	95	48	37
35254	2	103	36	12
35255	2	800	240	228
35256	2	835	191	178
35257	2	1116	202	191
35258	2	566	176	142
35259	2	919	213	199
35260	2	1304	289	271
35261	2	793	166	143
35262	2	507	127	104
35263	2	153	48	36
35264	2	610	142	124
35265	2	390	110	96
35266	2	1147	298	278
35267	2	135	50	35
35268	2	488	124	110
35269	2	318	69	48
35270	2	1221	390	369
35271	2	132	49	22
35272	2	761	173	150
35273	2	324	84	68
35274	2	968	238	224
35275	2	970	218	207
35276	2	956	244	229
35277	2	268	59	43
35278	2	436	130	111
35279	2	419	122	94
35280	2	1260	260	239
35281	2	150	42	31
35282	2	133	39	14
35283	2	211	54	29
35284	2	960	203	191
35285	2	356	114	101
35286	2	138	60	34
35287	2	1319	247	232
35288	2	166	46	28
35289	2	914	208	199
35290	2	129	59	48
35291	2	321	64	56
35292	2	327	77	59
35293	2	654	119	105
35294	2	183	42	30
35295	2	994	239	228
35296	2	1349	356	318
35297	2	1191	273	262
35298	2	584	151	119
35299	2	719	180	167
35300	2	214	59	49
35301	2	534	153	136
35302	2	198	44	30
35303	2	559	153	141
35304	2	120	27	16
35305	2	1065	223	209
35306	2	213	42	36
35307	2	618	179	158
35308	2	1204	296	272
35309	2	147	38	13
35310	2	1332	326	312
35311	2	811	226	209
35312	2	1201	302	276
35313	2	444	154	133
35314	2	615	159	119
35315	2	1182	301	280
35316	2	1131	268	240
35317	2	917	189	174
35318	2	1158	254	245
35319	2	129	29	11
35320	2	545	211	196
35321	2	863	198	184
35322	2	1165	241	226
35323	2	437	137	119
35324	2	429	108	93
35325	2	1306	302	287
35326	2	100	33	17
35327	2	519	147	135
35328	2	84	29	14
35329	2	600	176	155
35330	2	126	63	54
35331	2	534	112	100
35332	2	95	28	13
35333	2	119	36	16
35334	2	510	121	109
35335	2	420	111	81
35336	2	1155	248	237
35337	2	894	222	211
35338	2	767	167	158
35339	2	1199	384	369
35340	2	495	120	104
35341	2	1198	316	299
35342	2	354	100	66
35343	2	434	135	115
35344	2	147	42	21
35345	2	634	190	149
35346	2	136	38	25
35347	2	93	30	9
35348	2	953	236	220
35349	2	1249	332	319
35350	2	1355	281	268
35351	2	196	47	11
35352	2	1337	253	235
35353	2	391	88	73
35354	2	1120	229	216
35355	2	1062	343	314
35356	2	579	156	125
35357	2	109	32	16
35358	2	1238	312	293
35359	2	357	92	86
35360	2	174	42	30
35361	2	105	35	12
35362	2	843	162	152
35363	2	260	67	38
35364	2	57	20	5
35365	2	319	86	59
35366	2	210	49	38
35367	2	84	38	14
35368	2	956	243	216
35369	2	302	76	61
35370	2	249	107	87
35371	2	1180	231	221
35372	2	499	132	121
35373	2	780	219	208
35374	2	1221	277	257
35375	2	1005	290	276
35376	2	572	147	132
35377	2	941	209	197
35378	2	1018	316	285
35379	2	1178	245	234
35380	2	849	188	179
35381	2	1385	303	293
35382	2	226	64	48
35383	2	781	248	229
35384	2	392	100	72
35385	2	499	168	155
35386	2	818	232	211
35387	2	921	247	236
35388	2	213	55	43
35389	2	195	42	30
35390	2	159	66	52
35391	2	512	149	117
35392	2	257	73	61
35393	2	569	235	214
35394	2	278	63	51
35395	2	592	128	118
35396	2	1228	277	266
35397	2	291	72	61
35398	2	932	220	194
35399	2	872	215	205
35400	2	886	189	178
35401	2	72	30	19
35402	2	1065	244	235
35403	2	90	36	13
35404	2	66	31	12
35405	2	1192	347	335
35406	2	1482	471	456
35407	2	321	76	59
35408	2	441	137	116
35409	2	774	208	185
35410	2	1378	353	340
35411	2	1152	308	292
35412	2	529	145	131
35413	2	121	34	21
35414	2	453	98	85
35415	2	958	332	314
35416	2	219	62	26
35417	2	510	123	106
35418	2	362	107	95
35419	2	148	43	28
35420	2	1084	246	219
35421	2	1125	323	305
35422	2	939	178	166
35423	2	827	227	213
35424	2	876	232	221
35425	2	905	191	180
35426	2	1223	283	274
35427	2	1071	360	344
35428	2	354	111	94
35429	2	555	164	154
35430	2	1157	321	307
35431	2	498	149	124
35432	2	384	91	71
35433	2	669	236	222
35434	2	836	228	213
35435	2	971	205	190
35436	2	109	30	9
35437	2	1048	263	250
35438	2	372	94	85
35439	2	165	50	29
35440	2	830	178	164
35441	2	418	111	91
35442	2	1142	293	277
35443	2	1364	299	281
35444	2	918	171	148
35445	2	1001	228	213
35446	2	1375	297	285
35447	2	876	250	221
35448	2	420	100	87
35449	2	1324	316	304
35450	2	1175	257	245
35451	2	1290	339	321
35452	2	1039	257	239
35453	2	663	126	108
35454	2	1366	271	246
35455	2	138	43	21
35456	2	544	163	148
35457	2	883	222	199
35458	2	1110	347	329
35459	2	297	92	65
35460	2	342	95	76
35461	2	239	81	63
35462	2	419	137	120
35463	2	984	222	208
35464	2	499	115	94
35465	2	1000	249	227
35466	2	796	160	135
35467	2	912	189	173
35468	2	674	174	161
35469	2	1099	245	227
35470	2	788	187	172
35471	2	866	174	163
35472	2	1273	383	369
35473	2	316	151	141
35474	2	1100	220	210
35475	2	1127	288	278
35476	2	282	72	58
35477	2	327	87	72
35478	2	345	101	90
35479	2	797	233	205
35480	2	511	120	99
35481	2	260	72	40
35482	2	782	209	180
35483	2	265	61	28
35484	2	1013	235	228
35485	2	1242	290	278
35486	2	324	85	62
35487	2	148	70	49
35488	2	1003	310	292
35489	2	397	86	57
35490	2	891	241	223
35491	2	1038	281	268
35492	2	1329	296	283
35493	2	861	208	195
35494	2	162	34	26
35495	2	246	51	42
35496	2	544	165	138
35497	2	1203	265	255
35498	2	356	95	75
35499	2	1208	208	199
35500	2	1138	278	267
35501	2	312	85	67
35502	2	106	31	10
35503	2	848	234	218
35504	2	525	141	124
35505	2	99	29	12
35506	2	1128	280	266
35507	2	844	184	170
35508	2	574	133	122
35509	2	525	116	103
35510	2	671	132	119
35511	2	786	161	145
35512	2	99	45	34
35513	2	1046	218	206
35514	2	385	101	43
35515	2	989	212	199
35516	2	213	41	32
35517	2	1052	189	177
35518	2	311	79	70
35519	2	115	43	30
35520	2	261	87	72
35521	2	728	172	154
35522	2	68	27	12
35523	2	462	120	102
35524	2	904	226	212
35525	2	244	61	47
35526	2	898	200	177
35527	2	413	103	87
35528	2	1172	253	238
35529	2	218	70	51
35530	2	1165	194	183
35531	2	701	196	181
35532	2	1395	277	263
35533	2	387	87	71
35534	2	1206	252	240
35535	2	486	109	98
35536	2	344	109	80
35537	2	1413	305	289
35538	2	1130	230	218
35539	2	1129	267	253
35540	2	646	198	180
35541	2	996	275	259
35542	2	640	175	160
35543	2	606	142	129
35544	2	901	199	187
35545	2	454	102	87
35546	2	121	34	10
35547	2	96	29	13
35548	2	1247	311	299
35549	2	1161	363	350
35550	2	1244	337	327
35551	2	1019	232	221
35552	2	466	93	84
35553	2	966	183	169
35554	2	107	31	18
35555	2	821	205	194
35556	2	900	209	199
35557	2	58	19	9
35558	2	117	42	23
35559	2	439	112	89
35560	2	859	195	170
35561	2	64	26	13
35562	2	261	74	60
35563	2	516	111	97
35564	2	835	265	255
35565	2	165	40	17
35566	2	1148	277	266
35567	2	423	113	96
35568	2	235	55	40
35569	2	832	286	270
35570	2	789	173	166
35571	2	1433	276	265
35572	2	418	147	134
35573	2	741	234	220
35574	2	1025	238	226
35575	2	1200	251	239
35576	2	101	27	12
35577	2	634	195	177
35578	2	66	27	11
35579	2	1177	350	331
35580	2	88	30	15
35581	2	1011	266	233
35582	2	179	43	25
35583	2	78	22	9
35584	2	545	147	127
35585	2	498	125	96
35586	2	75	21	13
35587	2	1307	336	321
35588	2	581	140	130
35589	2	853	205	184
35590	2	409	121	49
35591	2	594	177	160
35592	2	1262	365	334
35593	2	143	37	19
35594	2	173	61	25
35595	2	214	57	41
35596	2	84	23	9
35597	2	231	64	52
35598	2	705	188	175
35599	2	220	51	40
35600	2	184	45	32
35601	2	1229	370	347
35602	2	414	73	63
35603	2	994	205	194
35604	2	144	53	38
35605	2	743	195	174
35606	2	210	68	51
35607	2	443	90	82
35608	2	530	162	145
35609	2	1253	504	485
35610	2	1205	265	255
35611	2	1139	245	232
35612	2	884	208	194
35613	2	692	239	219
35614	2	1146	271	257
35615	2	903	216	204
35616	2	1362	292	281
35617	2	925	217	205
35618	2	360	92	74
35619	2	69	28	13
35620	2	1419	394	377
35621	2	338	90	74
35622	2	922	205	194
35623	2	907	247	231
35624	2	387	98	76
35625	2	199	44	23
35626	2	809	319	300
35627	2	428	81	68
35628	2	868	267	252
35629	2	1002	244	232
35630	2	91	26	5
35631	2	180	63	46
35632	2	366	118	97
35633	2	33	17	5
35634	2	544	150	134
35635	2	832	197	123
35636	2	1068	189	176
35637	2	788	222	77
35638	2	279	80	56
35639	2	753	155	126
35640	2	376	129	79
35641	2	636	162	144
35642	2	1120	253	241
35643	2	159	54	25
35644	2	827	224	202
35645	2	201	47	35
35646	2	232	55	43
35647	2	69	35	21
35648	2	1146	275	254
35649	2	137	39	17
35650	2	594	151	134
35651	2	818	223	213
35652	2	213	51	31
35653	2	157	37	26
35654	2	120	30	16
35655	2	150	40	14
35656	2	52	25	12
35657	2	368	123	90
35658	2	135	65	53
35659	2	85	27	15
35660	2	198	80	66
35661	2	318	83	68
35662	2	883	211	200
35663	2	1147	264	253
35664	2	336	85	74
35665	2	93	39	4
35666	2	1434	415	394
35667	2	534	149	141
35668	2	122	32	12
35669	2	200	75	43
35670	2	165	51	21
35671	2	481	122	103
35672	2	330	67	45
35673	2	246	67	49
35674	2	79	26	12
35675	2	1245	337	315
35676	2	298	86	40
35677	2	1567	371	331
35678	2	1228	277	251
35679	2	717	137	127
35680	2	138	38	16
35681	2	1232	324	313
35682	2	852	258	249
35683	2	1260	279	263
35684	2	342	84	70
35685	2	872	184	175
35686	2	397	109	100
35687	2	1270	317	301
35688	2	991	352	335
35689	2	1386	270	252
35690	2	1124	292	274
35691	2	1315	269	252
35692	2	771	197	173
35693	2	974	223	211
35694	2	1507	358	342
35695	2	427	236	220
35696	2	525	154	140
35697	2	1043	316	297
35698	2	210	71	53
35699	2	91	32	10
35700	2	996	201	189
35701	2	1212	246	236
35702	2	157	40	14
35703	2	614	144	107
35704	2	378	116	102
35705	2	365	110	91
35706	2	1171	252	240
35707	2	1315	286	274
35708	2	180	44	27
35709	2	303	114	99
35710	2	137	35	11
35711	2	153	59	48
35712	2	457	130	105
35713	2	1794	372	360
35714	2	886	192	175
35715	2	1193	260	245
35716	2	93	33	13
35717	2	591	121	94
35718	2	1057	297	253
35719	2	418	91	65
35720	2	273	80	56
35721	2	310	92	66
35722	2	385	125	90
35723	2	217	57	16
35724	2	900	328	300
35725	2	174	57	45
35726	2	290	61	38
35727	2	659	132	121
35728	2	1408	479	459
35729	2	622	186	82
35730	2	270	49	39
35731	2	683	218	206
35732	2	1121	324	312
35733	2	1008	313	303
35734	2	918	268	260
35735	2	180	58	46
35736	2	382	96	83
35737	2	318	61	48
35738	2	45	17	4
35739	2	1012	327	319
35740	2	1023	351	336
35741	2	374	111	93
35742	2	436	104	85
35743	2	1212	274	263
35744	2	969	261	248
35745	2	928	209	179
35746	2	827	191	173
35747	2	801	234	204
35748	2	622	164	119
35749	2	428	117	91
35750	2	567	112	78
35751	2	48	21	9
35752	2	969	287	277
35753	2	243	48	38
35754	2	519	100	85
35755	2	112	30	15
35756	2	113	39	13
35757	2	183	48	34
35758	2	556	191	172
35759	2	176	43	31
35760	2	90	36	21
35761	2	1069	312	295
35762	2	729	169	158
35763	2	1043	251	235
35764	2	665	191	170
35765	2	102	41	30
35766	2	70	34	13
35767	2	767	183	151
35768	2	768	216	200
35769	2	126	45	24
35770	2	101	33	17
35771	2	1226	257	226
35772	2	1075	255	227
35773	2	146	40	23
35774	2	499	107	71
35775	2	122	29	10
35776	2	186	44	30
35777	2	237	53	36
35778	2	985	300	274
35779	2	130	32	10
35780	2	441	97	92
35781	2	606	178	160
35782	2	1236	276	258
35783	2	1113	242	228
35784	2	1131	335	318
35785	2	877	199	185
35786	2	1151	205	193
35787	2	1363	292	277
35788	2	1061	275	262
35789	2	132	44	30
35790	2	1380	311	299
35791	2	1281	293	282
35792	2	1230	272	261
35793	2	1160	233	220
35794	2	252	52	37
35795	2	634	103	89
35796	2	1469	309	296
35797	2	1044	211	199
35798	2	1210	225	215
35799	2	558	121	109
35800	2	761	141	128
35801	2	1422	249	240
35802	2	222	49	40
35803	2	1191	306	290
35804	2	1159	264	252
35805	2	853	177	166
35806	2	733	242	229
35807	2	1249	257	246
35808	2	1262	347	330
35809	2	132	43	24
35810	2	656	153	140
35811	2	785	158	146
35812	2	1608	299	285
35813	2	144	54	19
35814	2	306	106	49
35815	2	435	82	67
35816	2	150	58	33
35817	2	899	196	180
35818	2	1037	293	279
35819	2	576	132	120
35820	2	255	48	38
35821	2	1270	388	371
35822	2	1127	464	449
35823	2	958	250	236
35824	2	351	77	68
35825	2	157	73	49
35826	2	1122	321	304
35827	2	163	50	34
35828	2	439	120	98
35829	2	186	48	16
35830	2	1024	247	230
35831	2	900	185	172
35832	2	1021	197	186
35833	2	493	141	102
35834	2	184	55	44
35835	2	166	64	49
35836	2	230	56	40
35837	2	118	48	35
35838	2	285	77	54
35839	2	277	74	60
35840	2	91	50	38
35841	2	1116	356	329
35842	2	100	47	36
35843	2	114	35	20
35844	2	479	168	134
35845	2	211	84	65
35846	2	1019	294	266
35847	2	1058	402	384
35848	2	211	56	17
35849	2	163	34	11
35850	2	657	130	113
35851	2	456	100	94
35852	2	77	32	19
35853	2	576	185	172
35854	2	267	75	64
35855	2	1179	274	259
35856	2	251	57	49
35857	2	89	38	20
35858	2	124	41	36
35859	2	540	193	182
35860	2	115	28	13
35861	2	258	64	56
35862	2	422	124	99
35863	2	1507	324	311
35864	2	513	104	88
35865	2	56	25	17
35866	2	891	200	185
35867	2	1142	245	234
35868	2	824	241	230
35869	2	463	145	131
35870	2	107	24	11
35871	2	1288	372	357
35872	2	1240	310	297
35873	2	309	67	42
35874	2	1019	325	311
35875	2	1017	273	256
35876	2	424	117	103
35877	2	1391	399	369
35878	2	849	317	308
35879	2	257	68	47
35880	2	534	116	98
35881	2	800	174	161
35882	2	45	15	4
35883	2	126	31	18
35884	2	979	244	218
35885	2	746	190	167
35886	2	636	156	135
35887	2	178	67	41
35888	2	396	90	76
35889	2	956	229	212
35890	2	375	106	92
35891	2	949	202	182
35892	2	641	176	119
35893	2	1226	244	235
35894	2	1406	293	279
35895	2	969	311	298
35896	2	1446	378	344
35897	2	243	59	45
35898	2	782	183	168
35899	2	1414	289	272
35900	2	670	152	139
35901	2	1331	335	316
35902	2	684	146	129
35903	2	1293	251	229
35904	2	827	353	250
35905	2	1187	251	236
35906	2	1250	284	272
35907	2	1187	246	234
35908	2	146	32	12
35909	2	516	140	125
35910	2	1270	282	265
35911	2	119	47	34
35912	2	705	180	169
35913	2	246	73	50
35914	2	164	53	35
35915	2	1006	239	224
35916	2	432	114	100
35917	2	980	229	210
35918	2	946	198	180
35919	2	551	164	128
35920	2	1170	265	247
35921	2	988	235	224
35922	2	153	44	31
35923	2	328	101	89
35924	2	1025	303	288
35925	2	1016	277	259
35926	2	225	91	76
35927	2	1142	234	217
35928	2	1404	276	265
35929	2	527	113	63
35930	2	490	103	35
35931	2	1125	258	243
35932	2	91	36	13
35933	2	1144	345	330
35934	2	729	151	134
35935	2	324	121	108
35936	2	522	106	81
35937	2	1024	268	254
35938	2	219	104	87
35939	2	1443	264	253
35940	2	617	147	134
35941	2	334	112	91
35942	2	1329	276	262
35943	2	144	43	29
35944	2	1366	258	248
35945	2	1319	328	314
35946	2	1247	243	229
35947	2	1067	259	248
35948	2	606	135	125
35949	2	412	68	53
35950	2	1056	281	264
35951	2	1280	246	231
35952	2	426	108	82
35953	2	801	168	155
35954	2	902	249	238
35955	2	1439	327	311
35956	2	953	202	186
35957	2	207	67	47
35958	2	339	73	64
35959	2	1123	364	346
35960	2	727	151	136
35961	2	1193	250	230
35962	2	81	31	16
35963	2	95	27	13
35964	2	727	209	195
35965	2	422	95	83
35966	2	120	27	13
35967	2	933	208	194
35968	2	1334	354	334
35969	2	321	70	61
35970	2	1236	322	303
35971	2	934	247	235
35972	2	352	121	94
35973	2	208	76	53
35974	2	614	188	174
35975	2	1094	227	211
35976	2	627	133	120
35977	2	529	127	115
35978	2	174	37	16
35979	2	1314	216	205
35980	2	549	110	93
35981	2	182	41	15
35982	2	94	27	3
35983	2	166	40	23
35984	2	533	102	81
35985	2	1213	209	198
35986	2	473	89	77
35987	2	1026	187	172
35988	2	355	160	134
35989	2	925	184	168
35990	2	331	75	48
35991	2	695	156	143
35992	2	873	196	178
35993	2	101	37	20
35994	2	420	121	103
35995	2	790	229	215
35996	2	532	135	104
35997	2	609	110	90
35998	2	402	79	67
35999	2	1082	279	256
36000	2	199	67	43
36001	2	1280	306	276
36002	2	1044	237	214
36003	2	241	79	40
36004	2	1084	292	278
36005	2	1481	301	289
36006	2	110	31	12
36007	2	874	198	136
36008	2	215	62	40
36009	2	112	31	10
36010	2	1255	245	229
36011	2	629	137	122
36012	2	181	44	30
36013	2	319	77	52
36014	2	332	90	78
36015	2	555	141	121
36016	2	292	122	112
36017	2	66	20	8
36018	2	485	153	141
36019	2	949	248	235
36020	2	795	185	158
36021	2	355	80	60
36022	2	1227	447	423
36023	2	1282	395	378
36024	2	177	62	39
36025	2	1278	308	293
36026	2	111	34	12
36027	2	709	224	212
36028	2	444	103	89
36029	2	1097	325	311
36030	2	147	47	22
36031	2	120	43	12
36032	2	1262	278	268
36033	2	81	33	18
36034	2	1013	217	202
36035	2	807	169	157
36036	2	779	145	133
36037	2	444	100	87
36038	2	250	91	55
36039	2	309	99	72
36040	2	237	105	72
36041	2	265	89	72
36042	2	385	109	90
36043	2	497	116	93
36044	2	405	147	138
36045	2	143	54	33
36046	2	1372	311	294
36047	2	985	281	268
36048	2	779	186	174
36049	2	444	125	115
36050	2	450	101	81
36051	2	1218	304	295
36052	2	643	160	148
36053	2	178	49	28
36054	2	294	69	59
36055	2	96	25	12
36056	2	640	130	119
36057	2	194	70	58
36058	2	1237	295	282
36059	2	120	42	19
36060	2	1226	293	279
36061	2	1161	309	298
36062	2	96	28	11
36063	2	561	162	150
36064	2	316	87	75
36065	2	236	55	35
36066	2	237	58	40
36067	2	271	69	50
36068	2	830	195	184
36069	2	142	43	8
36070	2	235	57	30
36071	2	297	82	2
36072	2	244	73	30
36073	2	882	215	197
36074	2	792	198	181
36075	2	253	79	61
36076	2	1049	210	195
36077	2	1007	228	218
36078	2	936	226	217
36079	2	607	151	141
36080	2	521	128	109
36081	2	523	154	120
36082	2	214	62	47
36083	2	412	83	72
36084	2	456	154	144
36085	2	234	57	42
36086	2	693	149	139
36087	2	850	159	149
36088	2	1205	278	247
36089	2	647	159	144
36090	2	1131	339	318
36091	2	263	61	46
36092	2	1158	229	218
36093	2	838	187	171
36094	2	893	292	273
36095	2	774	240	222
36096	2	800	205	194
36097	2	820	218	204
36098	2	1038	268	253
36099	2	1292	303	273
36100	2	199	53	34
36101	2	1265	383	367
36102	2	638	155	141
36103	2	311	113	100
36104	2	345	85	76
36105	2	1053	316	299
36106	2	174	43	23
36107	2	192	35	21
36108	2	111	37	13
36109	2	605	188	174
36110	2	1369	276	264
36111	2	800	167	158
36112	2	852	176	161
36113	2	1256	271	250
36114	2	1401	294	275
36115	2	741	158	143
36116	2	68	28	15
36117	2	555	132	119
36118	2	1338	324	313
36119	2	73	40	22
36120	2	1014	244	231
36121	2	144	40	17
36122	2	145	51	39
36123	2	305	78	63
36124	2	1270	370	341
36125	2	569	145	131
36126	2	140	46	31
36127	2	993	234	219
36128	2	150	64	55
36129	2	405	123	108
36130	2	136	41	28
36131	2	68	22	10
36132	2	231	69	52
36133	2	475	125	111
36134	2	546	180	169
36135	2	432	110	92
36136	2	893	300	283
36137	2	1131	226	212
36138	2	587	152	124
36139	2	648	218	204
36140	2	1231	347	329
36141	2	446	190	167
36142	2	1330	265	252
36143	2	546	121	108
36144	2	962	204	185
36145	2	780	189	173
36146	2	108	27	17
36147	2	180	45	23
36148	2	537	119	106
36149	2	831	183	172
36150	2	492	103	93
36151	2	725	149	76
36152	2	748	182	168
36153	2	945	214	191
36154	2	1037	233	209
36155	2	839	181	169
36156	2	892	197	174
36157	2	782	174	160
36158	2	168	38	30
36159	2	1313	252	230
36160	2	1395	269	257
36161	2	104	47	25
36162	2	131	40	25
36163	2	483	164	135
36164	2	362	99	86
36165	2	345	75	65
36166	2	97	37	20
36167	2	328	88	51
36168	2	1098	269	256
36169	2	474	101	84
36170	2	1164	344	328
36171	2	261	56	43
36172	2	473	154	137
36173	2	397	118	91
36174	2	950	293	278
36175	2	409	146	132
36176	2	170	87	75
36177	2	331	117	101
36178	2	880	205	173
36179	2	184	71	59
36180	2	461	132	119
36181	2	411	98	86
36182	2	899	222	212
36183	2	1056	364	351
36184	2	972	342	332
36185	2	151	46	36
36186	2	427	112	95
36187	2	1045	370	359
36188	2	1304	339	316
36189	2	822	239	218
36190	2	666	178	162
36191	2	803	167	152
36192	2	209	55	29
36193	2	380	82	68
36194	2	295	76	68
36195	2	772	168	154
36196	2	472	99	87
36197	2	757	158	143
36198	2	1111	265	252
36199	2	85	22	8
36200	2	1317	345	319
36201	2	315	74	56
36202	2	373	112	96
36203	2	1357	400	389
36204	2	381	89	77
36205	2	1009	236	222
36206	2	321	99	81
36207	2	1300	304	282
36208	2	1319	418	395
36209	2	1284	302	289
36210	2	723	192	176
36211	2	411	100	85
36212	2	506	179	162
36213	2	444	109	80
36214	2	182	56	35
36215	2	215	50	24
36216	2	161	52	5
36217	2	1275	308	280
36218	2	1254	310	294
36219	2	213	46	31
36220	2	1323	240	222
36221	2	187	62	42
36222	2	1053	263	246
36223	2	602	146	133
36224	2	546	120	105
36225	2	316	65	51
36226	2	298	84	71
36227	2	1269	341	326
36228	2	275	88	73
36229	2	1435	292	277
36230	2	860	204	190
36231	2	874	212	200
36232	2	1282	277	265
36233	2	670	189	178
36234	2	800	171	155
36235	2	425	136	95
36236	2	444	116	95
36237	2	775	254	232
36238	2	597	170	143
36239	2	315	66	28
36240	2	1254	274	259
36241	2	222	41	27
36242	2	1008	261	235
36243	2	426	114	100
36244	2	906	271	245
36245	2	222	44	29
36246	2	873	192	169
36247	2	835	159	146
36248	2	760	217	191
36249	2	812	257	234
36250	2	703	170	137
36251	2	967	279	266
36252	2	140	43	21
36253	2	883	239	206
36254	2	172	62	47
36255	2	158	37	11
36256	2	978	324	302
36257	2	987	270	257
36258	2	633	276	255
36259	2	245	70	46
36260	2	1454	313	298
36261	2	302	62	43
36262	2	981	201	186
36263	2	114	40	26
36264	2	345	98	82
36265	2	935	276	263
36266	2	218	108	97
36267	2	1082	250	241
36268	2	119	38	21
36269	2	354	94	82
36270	2	985	205	196
36271	2	122	53	40
36272	2	976	214	201
36273	2	1066	244	231
36274	2	264	69	52
36275	2	270	59	50
36276	2	159	59	35
36277	2	1063	269	247
36278	2	830	174	163
36279	2	1428	272	258
36280	2	51	26	12
36281	2	255	91	71
36282	2	143	43	12
36283	2	1040	251	230
36284	2	92	30	11
36285	2	1296	306	286
36286	2	395	98	61
36287	2	1396	299	283
36288	2	424	90	78
36289	2	96	32	17
36290	2	838	194	183
36291	2	395	216	197
36292	2	955	250	236
36293	2	1029	307	294
36294	2	230	57	46
36295	2	621	136	124
36296	2	168	38	29
36297	2	275	93	74
36298	2	155	41	20
36299	2	574	205	143
36300	2	1229	292	279
36301	2	555	113	101
36302	2	187	42	27
36303	2	149	52	38
36304	2	1230	379	365
36305	2	762	157	143
36306	2	671	137	123
36307	2	1109	317	297
36308	2	1418	294	275
36309	2	844	200	179
36310	2	469	94	81
36311	2	1399	294	279
36312	2	1083	259	247
36313	2	973	221	204
36314	2	1468	286	269
36315	2	108	31	16
36316	2	467	128	119
36317	2	271	69	58
36318	2	819	215	199
36319	2	226	68	51
36320	2	1413	272	258
36321	2	260	72	64
36322	2	414	87	41
36323	2	1164	350	329
36324	2	818	222	208
36325	2	1456	264	234
36326	2	1198	210	198
36327	2	147	58	34
36328	2	1046	234	219
36329	2	1079	277	260
36330	2	1185	246	231
36331	2	131	36	17
36332	2	599	193	178
36333	2	815	194	179
36334	2	1349	299	286
36335	2	308	87	54
36336	2	732	239	219
36337	2	303	71	62
36338	2	427	118	84
36339	2	1096	310	292
36340	2	1313	280	265
36341	2	1348	299	287
36342	2	1223	304	288
36343	2	921	276	264
36344	2	464	132	116
36345	2	1059	257	235
36346	2	1344	346	325
36347	2	934	211	202
36348	2	1043	284	271
36349	2	453	100	89
36350	2	49	21	9
36351	2	375	93	80
36352	2	706	193	181
36353	2	1309	230	212
36354	2	1253	331	317
36355	2	1094	358	337
36356	2	1137	209	196
36357	2	459	87	75
36358	2	1484	304	291
36359	2	994	276	264
36360	2	489	189	163
36361	2	246	51	38
36362	2	722	276	257
36363	2	1274	308	286
36364	2	85	21	5
36365	2	219	51	37
36366	2	494	115	94
36367	2	986	264	247
36368	2	1270	306	293
36369	2	440	151	124
36370	2	102	38	27
36371	2	596	125	85
36372	2	336	121	103
36373	2	150	46	32
36374	2	551	126	112
36375	2	92	31	15
36376	2	774	167	155
36377	2	1087	326	316
36378	2	243	67	43
36379	2	330	135	119
36380	2	1204	321	307
36381	2	1033	300	280
36382	2	482	125	114
36383	2	398	114	101
36384	2	938	198	182
36385	2	282	71	53
36386	2	1234	340	325
36387	2	171	53	37
36388	2	842	229	207
36389	2	926	290	277
36390	2	214	48	36
36391	2	877	210	195
36392	2	182	61	24
36393	2	71	31	15
36394	2	1383	306	292
36395	2	162	45	30
36396	2	931	188	175
36397	2	1171	355	335
36398	2	1174	288	262
36399	2	550	135	120
36400	2	1271	393	359
36401	2	162	49	30
36402	2	756	199	187
36403	2	563	176	134
36404	2	171	54	36
36405	2	336	70	58
36406	2	1003	262	252
36407	2	1140	316	304
36408	2	570	130	110
36409	2	1116	308	296
36410	2	81	29	12
36411	2	291	62	49
36412	2	183	40	17
36413	2	495	111	98
36414	2	1047	234	225
36415	2	1025	281	268
36416	2	1203	290	278
36417	2	178	47	28
36418	2	598	227	202
36419	2	226	67	54
36420	2	111	28	12
36421	2	153	47	33
36422	2	366	113	96
36423	2	420	102	88
36424	2	627	198	182
36425	2	1123	358	338
36426	2	1259	370	338
36427	2	845	351	326
36428	2	192	52	34
36429	2	910	248	237
36430	2	1087	215	204
36431	2	990	248	234
36432	2	757	170	157
36433	2	225	39	29
36434	2	1158	304	285
36435	2	59	26	14
36436	2	177	55	26
36437	2	64	27	16
36438	2	481	108	96
36439	2	225	48	35
36440	2	463	124	56
36441	2	1049	309	267
36442	2	1355	290	274
36443	2	399	130	99
36444	2	595	150	140
36445	2	1006	226	210
36446	2	177	44	30
36447	2	324	88	73
36448	2	131	37	25
36449	2	111	33	12
36450	2	1101	216	201
36451	2	155	41	21
36452	2	387	99	86
36453	2	416	97	77
36454	2	180	40	30
36455	2	184	38	27
36456	2	313	64	54
36457	2	386	85	60
36458	2	232	65	46
36459	2	1145	267	252
36460	2	1212	256	245
36461	2	93	35	11
36462	2	419	104	87
36463	2	107	44	16
36464	2	105	32	13
36465	2	263	106	85
36466	2	453	102	84
36467	2	448	128	106
36468	2	117	36	21
36469	2	418	182	162
36470	2	114	38	13
36471	2	267	78	49
36472	2	1423	275	263
36473	2	839	190	179
36474	2	577	169	155
36475	2	425	116	50
36476	2	1284	321	307
36477	2	602	154	131
36478	2	1045	215	208
36479	2	1206	279	256
36480	2	1142	283	273
36481	2	179	53	36
36482	2	689	175	165
36483	2	275	80	57
36484	2	169	42	19
36485	2	829	178	152
36486	2	969	297	284
36487	2	550	183	155
36488	2	121	39	18
36489	2	734	210	191
36490	2	108	38	14
36491	2	1133	281	263
36492	2	284	79	65
36493	2	233	68	36
36494	2	356	114	91
36495	2	268	64	40
36496	2	168	35	24
36497	2	781	159	147
36498	2	1010	262	249
36499	2	357	92	47
36500	2	757	139	129
36501	2	877	320	308
36502	2	904	186	175
36503	2	1255	256	243
36504	2	99	28	18
36505	2	1388	296	277
36506	2	138	42	16
36507	2	1033	220	202
36508	2	325	65	50
36509	2	867	183	167
36510	2	944	182	167
36511	2	367	74	20
36512	2	992	304	281
36513	2	1026	235	221
36514	2	1185	237	224
36515	2	193	70	52
36516	2	449	145	65
36517	2	1204	237	227
36518	2	1201	337	321
36519	2	944	196	179
36520	2	1549	370	352
36521	2	632	118	105
36522	2	875	190	176
36523	2	1190	304	288
36524	2	1060	261	242
36525	2	1282	326	305
36526	2	1250	308	287
36527	2	1021	314	300
36528	2	255	74	37
36529	2	88	22	4
36530	2	704	137	123
36531	2	749	156	141
36532	2	1333	288	271
36533	2	178	48	34
36534	2	693	126	103
36535	2	1294	278	264
36536	2	869	187	169
36537	2	615	155	140
36538	2	1120	275	258
36539	2	265	53	38
36540	2	850	196	182
36541	2	813	209	198
36542	2	170	44	17
36543	2	1070	319	303
36544	2	679	154	141
36545	2	1008	210	199
36546	2	360	102	74
36547	2	1397	291	278
36548	2	970	313	291
36549	2	456	162	148
36550	2	937	268	248
36551	2	144	37	24
36552	2	306	60	48
36553	2	1099	224	212
36554	2	1129	276	255
36555	2	78	33	19
36556	2	699	216	203
36557	2	1166	360	348
36558	2	201	47	26
36559	2	603	123	113
36560	2	848	180	168
36561	2	954	293	219
36562	2	885	270	244
36563	2	1203	317	302
36564	2	791	207	134
36565	2	163	40	31
36566	2	160	36	26
36567	2	1056	212	203
36568	2	60	27	12
36569	2	120	31	6
36570	2	132	56	32
36571	2	1104	336	319
36572	2	545	241	227
36573	2	107	32	13
36574	2	949	204	191
36575	2	309	65	47
36576	2	99	39	18
36577	2	185	51	13
36578	2	124	51	37
36579	2	964	201	191
36580	2	226	70	29
36581	2	156	49	41
36582	2	445	136	120
36583	2	123	29	9
36584	2	365	93	81
36585	2	253	91	68
36586	2	77	30	15
36587	2	1199	357	341
36588	2	77	24	11
36589	2	1311	314	290
36590	2	378	74	63
36591	2	1152	296	272
36592	2	1425	269	255
36593	2	976	268	249
36594	2	1191	258	245
36595	2	595	145	130
36596	2	635	118	108
36597	2	144	50	30
36598	2	192	61	53
36599	2	1005	245	236
36600	2	478	153	133
36601	2	152	38	21
36602	2	192	55	11
36603	2	88	24	6
36604	2	1070	239	224
36605	2	1040	221	208
36606	2	863	219	203
36607	2	909	198	182
36608	2	736	168	157
36609	2	997	227	214
36610	2	878	213	196
36611	2	570	170	155
36612	2	655	190	174
36613	2	1034	284	267
36614	2	440	149	135
36615	2	160	38	9
36616	2	196	49	6
36617	2	498	151	138
36618	2	949	189	174
36619	2	1295	256	244
36620	2	195	39	27
36621	2	235	54	34
36622	2	408	173	159
36623	2	123	34	13
36624	2	98	35	21
36625	2	29	14	6
36626	2	1208	334	318
36627	2	652	153	137
36628	2	513	124	105
36629	2	80	25	8
36630	2	378	92	80
36631	2	161	64	49
36632	2	108	29	12
36633	2	223	51	39
36634	2	833	214	204
36635	2	218	49	34
36636	2	777	186	171
36637	2	332	74	58
36638	2	581	121	105
36639	2	614	199	121
36640	2	561	112	101
36641	2	150	55	45
36642	2	259	70	59
36643	2	76	23	6
36644	2	168	61	33
36645	2	253	67	51
36646	2	459	111	94
36647	2	692	171	153
36648	2	96	28	17
36649	2	718	229	215
36650	2	1096	235	223
36651	2	403	117	52
36652	2	169	54	43
36653	2	108	33	11
36654	2	174	57	44
36655	2	81	31	21
36656	2	345	84	73
36657	2	342	90	73
36658	2	871	225	212
36659	2	1012	257	247
36660	2	876	251	220
36661	2	357	66	49
36662	2	1097	245	233
36663	2	803	192	181
36664	2	1177	315	303
36665	2	66	26	12
36666	2	916	198	184
36667	2	546	113	99
36668	2	120	28	7
36669	2	141	57	32
36670	2	636	152	137
36671	2	428	103	87
36672	2	771	198	178
36673	2	597	174	160
36674	2	534	117	100
36675	2	1084	256	238
36676	2	183	70	48
36677	2	144	43	17
36678	2	198	47	36
36679	2	99	28	20
36680	2	824	184	171
36681	2	824	194	161
36682	2	201	44	32
36683	2	1292	380	352
36684	2	897	276	260
36685	2	606	196	182
36686	2	114	42	32
36687	2	540	121	102
36688	2	233	85	57
36689	2	1280	252	239
36690	2	1110	252	239
36691	2	946	258	246
36692	2	952	213	201
36693	2	721	204	189
36694	2	701	149	136
36695	2	920	184	176
36696	2	1297	255	242
36697	2	801	187	178
36698	2	1429	257	244
36699	2	864	268	241
36700	2	1110	341	313
36701	2	1028	224	204
36702	2	627	150	130
36703	2	1283	307	292
36704	2	836	194	179
36705	2	602	128	111
36706	2	1403	296	282
36707	2	232	54	27
36708	2	375	67	55
36709	2	207	44	28
36710	2	268	53	40
36711	2	192	39	15
36712	2	394	86	62
36713	2	192	42	31
36714	2	1085	228	206
36715	2	841	194	182
36716	2	1127	203	192
36717	2	902	158	147
36718	2	333	72	59
36719	2	856	236	219
36720	2	1146	254	244
36721	2	901	198	172
36722	2	1196	232	223
36723	2	629	131	119
36724	2	701	138	125
36725	2	1177	313	299
36726	2	490	128	119
36727	2	1144	311	294
36728	2	1045	265	247
36729	2	1250	360	343
36730	2	676	203	189
36731	2	1519	411	392
36732	2	767	222	189
36733	2	651	177	156
36734	2	480	98	89
36735	2	435	133	119
36736	2	511	181	163
36737	2	681	168	149
36738	2	177	55	28
36739	2	477	144	117
36740	2	237	53	35
36741	2	1237	296	281
36742	2	1068	230	211
36743	2	1241	396	343
36744	2	897	191	171
36745	2	1323	308	292
36746	2	837	221	211
36747	2	1005	269	255
36748	2	984	180	168
36749	2	104	36	18
36750	2	78	20	6
36751	2	1188	268	243
36752	2	1209	249	234
36753	2	152	74	63
36754	2	1192	231	221
36755	2	527	131	117
36756	2	198	51	31
36757	2	416	118	95
36758	2	152	56	41
36759	2	1054	208	196
36760	2	536	97	87
36761	2	137	36	25
36762	2	345	74	44
36763	2	617	173	162
36764	2	87	26	10
36765	2	549	104	88
36766	2	1639	329	316
36767	2	1312	264	229
36768	2	889	175	164
36769	2	1233	245	230
36770	2	728	155	140
36771	2	370	77	65
36772	2	245	91	44
36773	2	126	38	15
36774	2	168	35	26
36775	2	118	32	5
36776	2	135	46	8
36777	2	262	76	53
36778	2	150	43	20
36779	2	279	75	59
36780	2	143	48	32
36781	2	148	43	12
36782	2	354	92	75
36783	2	126	28	10
36784	2	142	58	46
36785	2	774	165	152
36786	2	907	229	220
36787	2	62	24	14
36788	2	1196	297	282
36789	2	1294	400	388
36790	2	528	112	95
36791	2	600	184	148
36792	2	1080	239	227
36793	2	1248	268	255
36794	2	1289	282	264
36795	2	1283	285	264
36796	2	134	46	33
36797	2	1025	195	180
36798	2	129	36	8
36799	2	664	186	170
36800	2	591	139	131
36801	2	613	200	183
36802	2	200	67	52
36803	2	309	61	50
36804	2	960	183	171
36805	2	270	61	47
36806	2	241	73	55
36807	2	485	102	86
36808	2	171	56	29
36809	2	168	42	27
36810	2	271	64	27
36811	2	617	204	186
36812	2	418	125	108
36813	2	1051	263	251
36814	2	1257	336	323
36815	2	896	279	261
36816	2	738	209	194
36817	2	556	149	135
36818	2	917	210	192
36819	2	1140	240	222
36820	2	678	194	177
36821	2	306	76	66
36822	2	1007	236	223
36823	2	115	35	25
36824	2	431	84	70
36825	2	417	111	99
36826	2	111	39	21
36827	2	360	78	67
36828	2	183	58	45
36829	2	157	71	54
36830	2	1311	367	357
36831	2	354	75	64
36832	2	237	48	41
36833	2	1137	353	341
36834	2	103	39	14
36835	2	611	176	144
36836	2	1148	330	311
36837	2	854	267	252
36838	2	224	53	27
36839	2	823	185	165
36840	2	204	49	35
36841	2	127	49	31
36842	2	987	298	283
36843	2	1047	279	263
36844	2	148	87	76
36845	2	920	260	246
36846	2	126	38	17
36847	2	978	235	220
36848	2	1158	285	270
36849	2	272	85	53
36850	2	1223	298	281
36851	2	355	120	104
36852	2	845	186	161
36853	2	619	174	160
36854	2	1324	265	256
36855	2	325	71	52
36856	2	532	110	92
36857	2	459	101	89
36858	2	401	74	65
36859	2	1228	320	303
36860	2	764	270	254
36861	2	510	142	113
36862	2	702	145	122
36863	2	709	168	156
36864	2	1303	233	218
36865	2	611	143	127
36866	2	210	57	41
36867	2	87	22	6
36868	2	70	24	5
36869	2	509	137	122
36870	2	78	23	10
36871	2	208	53	42
36872	2	1021	350	196
36873	2	492	118	104
36874	2	331	124	103
36875	2	152	37	11
36876	2	225	60	46
36877	2	299	113	77
36878	2	170	61	17
36879	2	291	82	54
36880	2	1357	252	240
36881	2	1104	231	218
36882	2	633	136	109
36883	2	931	212	185
36884	2	573	154	132
36885	2	255	61	43
36886	2	1194	333	315
36887	2	560	135	116
36888	2	1143	292	275
36889	2	840	341	323
36890	2	1273	385	364
36891	2	1193	266	251
36892	2	391	78	67
36893	2	771	202	135
36894	2	44	17	6
36895	2	1138	247	218
36896	2	132	32	11
36897	2	165	45	27
36898	2	386	113	97
36899	2	465	97	73
36900	2	854	223	211
36901	2	497	220	191
36902	2	602	131	121
36903	2	1525	468	449
36904	2	105	41	20
36905	2	1039	292	275
36906	2	684	169	154
36907	2	714	174	163
36908	2	600	155	140
36909	2	90	25	6
36910	2	363	93	77
36911	2	1240	408	384
36912	2	467	155	130
36913	2	457	176	153
36914	2	602	153	112
36915	2	152	57	43
36916	2	330	100	87
36917	2	552	193	154
36918	2	256	68	48
36919	2	91	35	20
36920	2	258	85	60
36921	2	168	59	43
36922	2	252	68	49
36923	2	244	55	34
36924	2	162	45	26
36925	2	376	151	76
36926	2	354	82	73
36927	2	135	44	20
36928	2	354	99	72
36929	2	415	85	57
36930	2	319	67	58
36931	2	342	94	74
36932	2	1143	288	265
36933	2	1012	292	281
36934	2	1028	214	204
36935	2	266	86	78
36936	2	1159	290	272
36937	2	509	162	147
36938	2	786	165	145
36939	2	120	26	12
36940	2	147	39	16
36941	2	101	24	6
36942	2	148	42	17
36943	2	174	70	51
36944	2	968	262	242
36945	2	309	60	46
36946	2	343	81	65
36947	2	1231	354	338
36948	2	1179	365	349
36949	2	201	54	36
36950	2	56	32	22
36951	2	89	38	18
36952	2	369	80	67
36953	2	51	23	12
36954	2	882	190	176
36955	2	252	69	32
36956	2	1091	216	204
36957	2	1252	264	246
36958	2	1530	431	407
36959	2	1430	386	366
36960	2	740	240	229
36961	2	532	167	101
36962	2	1123	222	207
36963	2	1803	447	427
36964	2	150	39	23
36965	2	304	72	34
36966	2	611	159	134
36967	2	114	32	15
36968	2	125	58	45
36969	2	79	25	9
36970	2	677	197	176
36971	2	643	131	117
36972	2	823	203	194
36973	2	179	59	43
36974	2	309	63	47
36975	2	1074	260	248
36976	2	89	29	15
36977	2	1163	353	336
36978	2	1419	291	277
36979	2	859	182	170
36980	2	456	102	85
36981	2	1135	283	268
36982	2	76	29	18
36983	2	1017	226	216
36984	2	645	194	181
36985	2	651	136	121
36986	2	116	35	12
36987	2	360	71	59
36988	2	225	72	64
36989	2	220	47	35
36990	2	171	36	26
36991	2	644	149	132
36992	2	1076	257	241
36993	2	489	127	118
36994	2	758	160	149
36995	2	1473	268	255
36996	2	1228	285	268
36997	2	77	22	8
36998	2	307	88	59
36999	2	238	73	61
37000	2	906	270	252
37001	2	624	117	105
37002	2	1326	263	242
37003	2	116	33	18
37004	2	1157	273	262
37005	2	1090	239	227
37006	2	425	134	113
37007	2	402	144	126
37008	2	523	155	142
37009	2	725	215	199
37010	2	174	47	19
37011	2	185	69	31
37012	2	837	293	259
37013	2	1320	303	283
37014	2	715	161	144
37015	2	600	151	136
37016	2	451	160	131
37017	2	300	70	60
37018	2	889	208	193
37019	2	956	207	192
37020	2	306	67	50
37021	2	325	90	72
37022	2	1489	353	339
37023	2	236	59	44
37024	2	1134	328	317
37025	2	219	60	47
37026	2	1467	397	386
37027	2	1376	271	261
37028	2	1393	277	267
37029	2	666	130	114
37030	2	838	157	147
37031	2	1169	260	244
37032	2	1006	208	199
37033	2	1013	223	211
37034	2	357	97	88
37035	2	627	207	194
37036	2	523	145	129
37037	2	967	273	263
37038	2	1364	294	273
37039	2	875	191	180
37040	2	142	41	19
37041	2	523	156	142
37042	2	1463	357	344
37043	2	184	65	52
37044	2	405	167	56
37045	2	1293	360	313
37046	2	197	70	60
37047	2	421	131	83
37048	2	1025	246	232
37049	2	68	23	12
37050	2	302	77	66
37051	2	827	242	229
37052	2	207	47	33
37053	2	1201	296	284
37054	2	1308	337	319
37055	2	723	228	204
37056	2	911	232	214
37057	2	1048	240	231
37058	2	1179	345	334
37059	2	337	76	43
37060	2	129	39	30
37061	2	750	208	192
37062	2	197	40	19
37063	2	258	51	35
37064	2	1300	288	272
37065	2	669	132	116
37066	2	968	178	157
37067	2	365	118	83
37068	2	145	51	23
37069	2	945	215	206
37070	2	126	32	12
37071	2	611	162	98
37072	2	236	67	18
37073	2	108	36	17
37074	2	287	80	74
37075	2	238	57	32
37076	2	674	144	128
37077	2	235	60	44
37078	2	630	126	111
37079	2	358	101	90
37080	2	505	154	135
37081	2	525	101	88
37082	2	1003	198	187
37083	2	1207	296	283
37084	2	1410	292	279
37085	2	1345	286	273
37086	2	997	236	217
37087	2	1058	300	287
37088	2	1162	340	314
37089	2	931	252	243
37090	2	732	214	201
37091	2	239	81	36
37092	2	1397	246	233
37093	2	1534	311	300
37094	2	1014	235	219
37095	2	999	213	203
37096	2	354	117	98
37097	2	120	35	12
37098	2	606	132	120
37099	2	1069	227	214
37100	2	1304	262	251
37101	2	773	194	174
37102	2	941	181	166
37103	2	891	175	161
37104	2	934	307	286
37105	2	875	277	261
37106	2	636	117	103
37107	2	365	130	114
37108	2	222	77	55
37109	2	1282	258	247
37110	2	248	56	41
37111	2	772	172	162
37112	2	318	67	55
37113	2	1224	384	360
37114	2	906	199	180
37115	2	144	36	17
37116	2	1205	371	356
37117	2	635	168	158
37118	2	84	32	10
37119	2	151	44	33
37120	2	1043	256	235
37121	2	878	209	195
37122	2	334	113	89
37123	2	1144	317	304
37124	2	113	46	31
37125	2	981	206	192
37126	2	1103	357	340
37127	2	718	178	162
37128	2	1232	266	248
37129	2	436	98	75
37130	2	129	38	12
37131	2	62	30	17
37132	2	273	64	44
37133	2	1136	209	196
37134	2	613	132	114
37135	2	1147	227	201
37136	2	810	191	177
37137	2	759	161	148
37138	2	252	80	46
37139	2	1250	280	261
37140	2	1394	310	295
37141	2	264	47	34
37142	2	377	99	79
37143	2	1123	302	287
37144	2	628	164	151
37145	2	726	153	142
37146	2	195	39	23
37147	2	911	240	228
37148	2	528	145	134
37149	2	84	30	22
37150	2	150	37	24
37151	2	297	87	50
37152	2	99	36	17
37153	2	648	141	113
37154	2	315	85	57
37155	2	282	62	54
37156	2	399	94	83
37157	2	1426	326	315
37158	2	184	57	22
37159	2	1071	210	195
37160	2	735	126	114
37161	2	1174	246	226
37162	2	563	242	224
37163	2	926	270	251
37164	2	512	163	138
37165	2	164	60	46
37166	2	265	93	82
37167	2	1043	197	192
37168	2	1130	395	384
37169	2	142	35	19
37170	2	156	34	23
37171	2	686	147	135
37172	2	123	46	18
37173	2	163	63	47
37174	2	72	27	10
37175	2	425	118	111
37176	2	314	95	57
37177	2	704	151	137
37178	2	207	79	40
37179	2	784	195	184
37180	2	913	235	220
37181	2	783	233	200
37182	2	791	183	168
37183	2	1211	333	316
37184	2	1311	286	275
37185	2	1279	334	320
37186	2	580	150	136
37187	2	956	263	246
37188	2	1033	270	252
37189	2	114	28	10
37190	2	1279	229	218
37191	2	144	33	21
37192	2	1115	290	274
37193	2	1237	360	338
37194	2	1129	301	284
37195	2	1176	381	364
37196	2	1378	281	268
37197	2	578	166	141
37198	2	1313	288	271
37199	2	962	206	190
37200	2	412	107	77
37201	2	300	58	46
37202	2	249	52	39
37203	2	216	65	33
37204	2	198	51	37
37205	2	804	243	225
37206	2	1419	282	271
37207	2	1180	226	215
37208	2	464	145	122
37209	2	234	55	44
37210	2	198	38	23
37211	2	221	41	25
37212	2	69	20	9
37213	2	204	56	33
37214	2	319	135	122
37215	2	434	144	124
37216	2	612	138	129
37217	2	1180	352	327
37218	2	1381	270	260
37219	2	1214	365	347
37220	2	782	238	221
37221	2	1483	276	263
37222	2	798	155	144
37223	2	460	106	96
37224	2	504	108	96
37225	2	670	146	131
37226	2	219	60	43
37227	2	261	67	53
37228	2	747	176	165
37229	2	560	133	117
37230	2	1166	257	246
37231	2	732	136	120
37232	2	1239	317	300
37233	2	228	68	42
37234	2	169	36	26
37235	2	1335	292	276
37236	2	665	167	155
37237	2	734	181	163
37238	2	180	43	17
37239	2	529	129	108
37240	2	1071	216	206
37241	2	1438	322	312
37242	2	279	70	48
37243	2	256	56	39
37244	2	835	198	166
37245	2	181	87	77
37246	2	550	144	132
37247	2	546	107	94
37248	2	163	51	35
37249	2	1307	429	416
37250	2	431	110	102
37251	2	1022	323	310
37252	2	279	88	49
37253	2	819	168	157
37254	2	1443	297	283
37255	2	278	89	73
37256	2	137	42	20
37257	2	165	44	30
37258	2	265	74	57
37259	2	328	86	75
37260	2	207	50	28
37261	2	685	162	112
37262	2	381	121	105
37263	2	1421	297	284
37264	2	734	197	183
37265	2	1207	355	341
37266	2	198	69	55
37267	2	157	64	25
37268	2	516	162	144
37269	2	262	70	56
37270	2	137	41	21
37271	2	1548	312	300
37272	2	1178	436	403
37273	2	142	37	19
37274	2	140	55	25
37275	2	235	87	69
37276	2	369	75	63
37277	2	726	169	154
37278	2	1101	245	233
37279	2	483	103	83
37280	2	1255	254	233
37281	2	361	84	62
37282	2	254	81	67
37283	2	1242	335	322
37284	2	972	285	268
37285	2	680	168	152
37286	2	530	160	146
37287	2	721	166	153
37288	2	1196	301	289
37289	2	110	43	17
37290	2	1307	346	313
37291	2	833	280	270
37292	2	726	265	246
37293	2	933	218	207
37294	2	1201	251	241
37295	2	830	210	194
37296	2	999	203	193
37297	2	108	30	7
37298	2	249	49	34
37299	2	879	235	221
37300	2	1132	341	324
37301	2	539	196	179
37302	2	145	35	13
37303	2	396	103	92
37304	2	66	20	8
37305	2	1094	193	178
37306	2	316	96	79
37307	2	445	92	80
37308	2	244	75	9
37309	2	492	101	94
37310	2	238	63	45
37311	2	111	25	14
37312	2	1259	284	272
37313	2	187	56	10
37314	2	141	35	15
37315	2	261	86	63
37316	2	766	213	196
37317	2	263	85	42
37318	2	406	109	49
37319	2	151	42	27
37320	2	240	55	45
37321	2	1236	280	262
37322	2	1011	219	205
37323	2	264	54	40
37324	2	838	178	163
37325	2	852	196	180
37326	2	1145	350	329
37327	2	435	156	140
37328	2	392	125	112
37329	2	1135	318	302
37330	2	567	130	114
37331	2	769	230	214
37332	2	821	363	355
37333	2	70	26	13
37334	2	678	198	182
37335	2	481	104	94
37336	2	1159	333	319
37337	2	1049	244	232
37338	2	268	67	38
37339	2	726	147	136
37340	2	1164	231	220
37341	2	1177	273	261
37342	2	1156	350	333
37343	2	861	372	350
37344	2	1027	277	250
37345	2	939	205	191
37346	2	1215	404	373
37347	2	1277	293	276
37348	2	889	248	236
37349	2	717	171	157
37350	2	785	168	155
37351	2	973	311	285
37352	2	903	199	186
37353	2	245	56	30
37354	2	491	126	110
37355	2	1388	365	352
37356	2	191	45	35
37357	2	297	76	61
37358	2	528	124	113
37359	2	68	45	25
37360	2	1265	313	298
37361	2	184	69	47
37362	2	426	121	106
37363	2	1201	372	357
37364	2	158	64	37
37365	2	1169	261	252
37366	2	1054	463	447
37367	2	130	36	5
37368	2	1181	228	212
37369	2	1382	282	217
37370	2	159	53	29
37371	2	1126	327	270
37372	2	1419	279	263
37373	2	136	40	20
37374	2	137	43	19
37375	2	83	29	14
37376	2	1254	310	287
37377	2	1518	287	270
37378	2	644	156	146
37379	2	460	109	58
37380	2	1200	404	345
37381	2	515	120	105
37382	2	654	231	212
37383	2	1401	265	251
37384	2	1244	295	276
37385	2	660	142	130
37386	2	183	51	36
37387	2	629	171	142
37388	2	289	69	27
37389	2	92	29	15
37390	2	242	70	19
37391	2	119	43	23
37392	2	765	209	197
37393	2	125	42	25
37394	2	887	177	164
37395	2	480	99	78
37396	2	209	78	65
37397	2	165	54	40
37398	2	506	124	109
37399	2	472	228	211
37400	2	279	93	73
37401	2	1214	232	220
37402	2	628	152	130
37403	2	891	233	217
37404	2	1404	307	295
37405	2	201	39	29
37406	2	450	118	103
37407	2	920	193	180
37408	2	1116	321	311
37409	2	210	51	41
37410	2	325	88	26
37411	2	226	69	37
37412	2	50	14	4
37413	2	139	36	11
37414	2	114	48	23
37415	2	737	162	151
37416	2	563	180	154
37417	2	412	177	161
37418	2	1109	244	234
37419	2	875	270	256
37420	2	795	222	209
37421	2	1282	335	299
37422	2	1282	292	278
37423	2	776	212	202
37424	2	1072	264	237
37425	2	636	182	152
37426	2	1207	374	362
37427	2	205	67	36
37428	2	874	284	268
37429	2	319	90	70
37430	2	447	144	127
37431	2	860	180	173
37432	2	673	193	180
37433	2	111	41	20
37434	2	317	101	80
37435	2	978	301	287
37436	2	579	159	145
37437	2	1252	311	298
37438	2	151	35	16
37439	2	1129	344	321
37440	2	1357	252	238
37441	2	542	111	100
37442	2	476	145	133
37443	2	1213	254	243
37444	2	451	158	137
37445	2	214	63	47
37446	2	278	63	39
37447	2	159	64	33
37448	2	240	75	60
37449	2	1068	228	213
37450	2	91	25	4
37451	2	1091	251	231
37452	2	1014	334	298
37453	2	767	172	142
37454	2	1123	278	266
37455	2	118	35	6
37456	2	422	103	47
37457	2	339	74	65
37458	2	178	48	25
37459	2	487	111	71
37460	2	735	170	157
37461	2	534	168	141
37462	2	564	181	165
37463	2	904	240	223
37464	2	135	33	13
37465	2	145	41	23
37466	2	722	243	222
37467	2	607	199	183
37468	2	1093	232	221
37469	2	531	124	113
37470	2	420	125	93
37471	2	605	159	149
37472	2	1043	242	225
37473	2	717	138	127
37474	2	675	177	163
37475	2	963	239	230
37476	2	794	170	154
37477	2	274	90	53
37478	2	422	124	105
37479	2	122	46	15
37480	2	537	125	115
37481	2	498	128	114
37482	2	168	68	50
37483	2	681	145	132
37484	2	434	127	109
37485	2	758	209	194
37486	2	387	79	63
37487	2	1301	284	266
37488	2	310	92	79
37489	2	1284	315	294
37490	2	1295	318	304
37491	2	1782	559	548
37492	2	1336	270	259
37493	2	552	162	146
37494	2	202	62	48
37495	2	905	226	197
37496	2	700	166	132
37497	2	1292	298	286
37498	2	339	83	73
37499	2	126	40	20
37500	2	734	204	181
37501	2	497	146	118
37502	2	115	53	35
37503	2	147	39	19
37504	2	190	47	38
37505	2	579	166	148
37506	2	1185	273	260
37507	2	595	137	124
37508	2	883	190	183
37509	2	145	36	26
37510	2	246	51	37
37511	2	90	24	11
37512	2	1157	227	214
37513	2	279	89	44
37514	2	244	85	60
37515	2	228	94	69
37516	2	370	103	79
37517	2	411	121	100
37518	2	721	198	178
37519	2	935	236	219
37520	2	243	65	46
37521	2	86	27	14
37522	2	660	119	106
37523	2	809	193	181
37524	2	821	199	190
37525	2	93	32	16
37526	2	153	36	16
37527	2	1194	301	291
37528	2	1000	211	198
37529	2	305	58	37
37530	2	894	242	227
37531	2	309	115	98
37532	2	773	154	142
37533	2	285	98	73
37534	2	297	83	53
37535	2	377	101	92
37536	2	482	163	139
37537	2	662	156	142
37538	2	116	31	14
37539	2	517	149	137
37540	2	941	254	240
37541	2	810	165	154
37542	2	666	134	113
37543	2	386	113	86
37544	2	145	45	15
37545	2	581	165	141
37546	2	1629	332	318
37547	2	1069	237	226
37548	2	237	61	38
37549	2	486	107	93
37550	2	768	144	132
37551	2	918	300	279
37552	2	696	140	130
37553	2	179	52	30
37554	2	89	35	16
37555	2	106	36	15
37556	2	851	185	153
37557	2	1426	290	271
37558	2	1352	302	293
37559	2	142	61	40
37560	2	429	113	102
37561	2	1383	299	288
37562	2	1205	233	174
37563	2	740	193	185
37564	2	1090	290	272
37565	2	1066	216	201
37566	2	1260	382	361
37567	2	1084	245	231
37568	2	1236	302	285
37569	2	1085	312	304
37570	2	1120	272	259
37571	2	1375	295	284
37572	2	442	109	96
37573	2	1100	286	271
37574	2	1313	397	371
37575	2	692	181	150
37576	2	115	33	10
37577	2	1173	257	246
37578	2	994	222	207
37579	2	115	33	17
37580	2	488	149	128
37581	2	126	37	24
37582	2	276	59	44
37583	2	178	39	25
37584	2	77	29	14
37585	2	957	229	219
37586	2	875	216	206
37587	2	843	213	202
37588	2	95	31	9
37589	2	600	141	105
37590	2	863	213	193
37591	2	299	74	58
37592	2	903	171	161
37593	2	1152	268	245
37594	2	430	112	98
37595	2	1243	338	324
37596	2	1177	268	251
37597	2	270	75	60
37598	2	1182	320	302
37599	2	333	78	69
37600	2	739	191	106
37601	2	419	89	75
37602	2	133	35	8
37603	2	253	94	77
37604	2	546	177	150
37605	2	578	144	132
37606	2	925	272	258
37607	2	258	74	58
37608	2	848	167	156
37609	2	1231	296	286
37610	2	551	170	129
37611	2	1171	218	205
37612	2	1083	227	208
37613	2	654	120	96
37614	2	1316	328	311
37615	2	242	72	29
37616	2	1259	277	262
37617	2	1369	267	255
37618	2	512	149	134
37619	2	1247	270	254
37620	2	984	246	229
37621	2	295	93	76
37622	2	234	78	62
37623	2	423	130	118
37624	2	1341	281	260
37625	2	129	43	13
37626	2	220	76	52
37627	2	1001	231	216
37628	2	141	39	19
37629	2	1025	246	234
37630	2	1134	310	292
37631	2	429	78	68
37632	2	145	44	17
37633	2	1210	311	297
37634	2	953	209	198
37635	2	1515	310	300
37636	2	624	228	210
37637	2	969	211	197
37638	2	1471	362	331
37639	2	1264	264	253
37640	2	181	42	23
37641	2	428	115	72
37642	2	1464	347	333
37643	2	304	62	47
37644	2	81	24	7
37645	2	225	57	41
37646	2	122	50	25
37647	2	326	73	55
37648	2	224	62	50
37649	2	163	75	62
37650	2	557	130	117
37651	2	1140	249	234
37652	2	1192	252	237
37653	2	89	25	14
37654	2	1265	231	220
37655	2	741	181	163
37656	2	1146	339	317
37657	2	1060	261	245
37658	2	712	208	183
37659	2	1130	228	214
37660	2	415	106	93
37661	2	219	50	29
37662	2	116	47	15
37663	2	985	270	251
37664	2	754	206	196
37665	2	1026	231	220
37666	2	202	90	43
37667	2	612	148	138
37668	2	939	292	279
37669	2	1390	358	346
37670	2	250	60	45
37671	2	983	220	209
37672	2	196	57	45
37673	2	645	179	162
37674	2	144	45	26
37675	2	374	91	77
37676	2	160	35	25
37677	2	81	26	9
37678	2	232	55	37
37679	2	706	172	146
37680	2	987	194	177
37681	2	210	51	32
37682	2	307	74	35
37683	2	1230	255	243
37684	2	1093	225	211
37685	2	112	31	13
37686	2	117	31	21
37687	2	889	217	205
37688	2	112	34	21
37689	2	231	59	45
37690	2	160	62	47
37691	2	83	28	12
37692	2	209	47	18
37693	2	411	106	94
37694	2	1125	330	301
37695	2	1171	234	220
37696	2	780	173	164
37697	2	609	162	147
37698	2	1162	265	250
37699	2	510	104	88
37700	2	189	43	28
37701	2	1264	345	323
37702	2	460	113	68
37703	2	603	224	207
37704	2	529	145	134
37705	2	1337	379	369
37706	2	213	66	39
37707	2	769	230	201
37708	2	451	122	116
37709	2	1275	367	346
37710	2	168	44	34
37711	2	284	106	95
37712	2	239	72	57
37713	2	133	37	15
37714	2	142	51	29
37715	2	96	31	19
37716	2	516	129	106
37717	2	480	115	103
37718	2	958	246	236
37719	2	375	94	81
37720	2	276	83	62
37721	2	869	242	224
37722	2	674	204	157
37723	2	117	34	25
37724	2	754	207	197
37725	2	162	37	24
37726	2	206	46	32
37727	2	1337	300	286
37728	2	1157	259	246
37729	2	1277	305	289
37730	2	1220	316	294
37731	2	1043	266	256
37732	2	632	129	114
37733	2	839	197	175
37734	2	432	119	86
37735	2	982	211	202
37736	2	190	48	21
37737	2	917	213	201
37738	2	1199	219	199
37739	2	478	94	77
37740	2	823	157	146
37741	2	688	212	194
37742	2	231	97	80
37743	2	373	106	89
37744	2	1195	315	298
37745	2	599	214	198
37746	2	845	220	195
37747	2	1092	402	389
37748	2	54	17	4
37749	2	164	45	29
37750	2	132	58	40
37751	2	144	37	20
37752	2	70	28	12
37753	2	135	40	20
37754	2	132	37	16
37755	2	362	83	14
37756	2	144	58	47
37757	2	226	63	24
37758	2	111	28	13
37759	2	310	88	74
37760	2	869	177	152
37761	2	1251	331	319
37762	2	1189	372	354
37763	2	72	23	2
37764	2	60	24	10
37765	2	1208	305	290
37766	2	588	116	102
37767	2	244	68	38
37768	2	502	122	102
37769	2	499	128	88
37770	2	1012	198	183
37771	2	558	163	144
37772	2	242	96	80
37773	2	1070	260	239
37774	2	1192	345	319
37775	2	946	179	170
37776	2	434	158	120
37777	2	272	75	58
37778	2	565	184	164
37779	2	1362	343	333
37780	2	427	140	125
37781	2	1231	335	316
37782	2	100	25	4
37783	2	444	112	99
37784	2	83	25	7
37785	2	143	53	23
37786	2	903	252	225
37787	2	976	268	257
37788	2	279	57	33
37789	2	50	18	8
37790	2	150	36	19
37791	2	512	117	94
37792	2	129	28	17
37793	2	1248	305	289
37794	2	1198	389	342
37795	2	687	146	128
37796	2	678	214	183
37797	2	1195	270	256
37798	2	188	44	11
37799	2	1037	320	301
37800	2	1742	720	699
37801	2	196	54	40
37802	2	1021	328	313
37803	2	331	73	46
37804	2	233	97	57
37805	2	1180	261	247
37806	2	455	153	125
37807	2	1212	336	323
37808	2	1193	252	237
37809	2	1276	343	313
37810	2	339	97	83
37811	2	1005	285	261
37812	2	202	72	41
37813	2	158	51	17
37814	2	1280	337	314
37815	2	1034	245	230
37816	2	491	140	117
37817	2	857	227	196
37818	2	409	105	59
37819	2	215	55	29
37820	2	1355	246	223
37821	2	670	144	115
37822	2	135	51	40
37823	2	1407	259	249
37824	2	1054	238	226
37825	2	729	166	155
37826	2	974	317	303
37827	2	605	197	163
37828	2	505	116	106
37829	2	1102	315	303
37830	2	200	41	25
37831	2	1289	239	231
37832	2	480	120	102
37833	2	266	77	46
37834	2	801	220	207
37835	2	520	231	218
37836	2	704	153	137
37837	2	673	175	147
37838	2	454	126	108
37839	2	1253	247	230
37840	2	555	130	107
37841	2	98	35	12
37842	2	102	31	10
37843	2	604	145	130
37844	2	442	143	127
37845	2	122	29	17
37846	2	1303	277	261
37847	2	2090	595	561
37848	2	683	151	135
37849	2	1473	366	351
37850	2	426	118	95
37851	2	501	130	111
37852	2	1277	310	299
37853	2	918	256	233
37854	2	66	21	6
37855	2	156	50	20
37856	2	967	226	215
37857	2	128	28	13
37858	2	1298	349	307
37859	2	294	78	56
37860	2	309	64	54
37861	2	289	63	46
37862	2	522	173	162
37863	2	1162	229	212
37864	2	314	101	81
37865	2	1095	260	249
37866	2	1292	337	322
37867	2	1002	253	238
37868	2	782	230	214
37869	2	1125	285	258
37870	2	497	86	75
37871	2	964	256	246
37872	2	936	285	272
37873	2	787	168	156
37874	2	1218	269	254
37875	2	1116	242	228
37876	2	1085	330	319
37877	2	123	47	22
37878	2	663	148	135
37879	2	168	36	23
37880	2	702	176	137
37881	2	1382	320	298
37882	2	1308	223	200
37883	2	993	206	194
37884	2	1173	222	199
37885	2	1247	317	306
37886	2	138	30	19
37887	2	1705	374	362
37888	2	1328	290	270
37889	2	310	63	37
37890	2	871	273	257
37891	2	1155	237	222
37892	2	816	160	144
37893	2	1288	237	222
37894	2	970	213	192
37895	2	888	213	189
37896	2	260	69	49
37897	2	1229	246	227
37898	2	327	62	43
37899	2	292	97	74
37900	2	805	152	139
37901	2	277	61	47
37902	2	294	84	68
37903	2	1192	281	272
37904	2	558	119	106
37905	2	679	156	144
37906	2	234	76	67
37907	2	837	176	84
37908	2	1364	314	246
37909	2	335	82	37
37910	2	1138	326	305
37911	2	1084	263	250
37912	2	695	227	193
37913	2	464	139	122
37914	2	880	212	189
37915	2	866	278	260
37916	2	380	210	198
37917	2	1160	361	343
37918	2	196	74	49
37919	2	445	213	188
37920	2	913	213	203
37921	2	83	31	17
37922	2	823	184	157
37923	2	118	35	18
37924	2	171	37	24
37925	2	1467	524	502
37926	2	1425	344	323
37927	2	823	180	170
37928	2	210	70	58
37929	2	84	29	14
37930	2	1033	282	269
37931	2	132	36	22
37932	2	246	59	52
37933	2	49	26	14
37934	2	481	85	77
37935	2	906	193	185
37936	2	529	154	126
37937	2	831	150	141
37938	2	194	50	15
37939	2	1259	269	254
37940	2	1210	293	275
37941	2	332	75	44
37942	2	798	177	161
37943	2	809	242	187
37944	2	1219	262	253
37945	2	1291	379	363
37946	2	514	125	105
37947	2	1294	270	248
37948	2	962	329	309
37949	2	361	105	40
37950	2	378	76	50
37951	2	257	62	44
37952	2	198	39	28
37953	2	71	30	19
37954	2	1188	376	362
37955	2	178	52	39
37956	2	188	59	37
37957	2	1259	304	295
37958	2	184	53	41
37959	2	619	137	121
37960	2	1200	244	234
37961	2	228	77	58
37962	2	218	81	49
37963	2	238	64	29
37964	2	115	41	20
37965	2	932	249	233
37966	2	264	64	48
37967	2	316	104	70
37968	2	779	148	136
37969	2	51	22	12
37970	2	270	59	46
37971	2	770	164	149
37972	2	1420	267	257
37973	2	558	180	170
37974	2	731	208	197
37975	2	487	137	117
37976	2	329	69	52
37977	2	557	134	91
37978	2	545	128	105
37979	2	1359	260	249
37980	2	401	92	75
37981	2	1408	302	285
37982	2	283	63	48
37983	2	504	93	83
37984	2	1359	287	272
37985	2	1243	345	320
37986	2	414	110	98
37987	2	540	150	135
37988	2	120	33	14
37989	2	1105	241	225
37990	2	1074	353	294
37991	2	125	38	14
37992	2	96	29	3
37993	2	157	57	30
37994	2	434	112	97
37995	2	135	36	12
37996	2	141	44	27
37997	2	120	29	9
37998	2	129	27	6
37999	2	105	30	14
38000	2	129	31	11
38001	2	141	40	20
38002	2	1076	218	203
38003	2	498	122	70
38004	2	623	161	149
38005	2	393	94	79
38006	2	1518	308	296
38007	2	1218	253	242
38008	2	222	47	36
38009	2	567	205	176
38010	2	1168	284	265
38011	2	530	150	134
38012	2	450	104	92
38013	2	1062	339	323
38014	2	123	62	36
38015	2	93	34	25
38016	2	131	36	17
38017	2	216	63	50
38018	2	174	51	28
38019	2	127	41	29
38020	2	536	150	132
38021	2	467	118	110
38022	2	150	32	20
38023	2	86	35	25
38024	2	87	24	18
38025	2	466	123	108
38026	2	1433	253	241
38027	2	351	107	88
38028	2	844	203	179
38029	2	754	240	217
38030	2	1431	287	275
38031	2	1198	246	230
38032	2	941	229	207
38033	2	585	125	119
38034	2	567	169	139
38035	2	1337	374	358
38036	2	714	182	155
38037	2	1237	313	300
38038	2	304	99	64
38039	2	1430	375	358
38040	2	553	121	105
38041	2	663	139	124
38042	2	1348	250	235
38043	2	1114	336	323
38044	2	159	38	29
38045	2	343	115	96
38046	2	217	66	45
38047	2	621	138	125
38048	2	874	228	216
38049	2	462	114	98
38050	2	243	68	50
38051	2	252	57	35
38052	2	526	130	113
38053	2	150	61	38
38054	2	641	183	158
38055	2	1184	268	250
38056	2	393	146	127
38057	2	386	111	97
38058	2	876	235	220
38059	2	1232	280	269
38060	2	376	122	106
38061	2	607	180	169
38062	2	977	294	281
38063	2	366	122	111
38064	2	378	125	83
38065	2	87	32	20
38066	2	755	155	138
38067	2	557	129	116
38068	2	859	187	172
38069	2	354	84	74
38070	2	858	195	182
38071	2	756	154	141
38072	2	211	52	39
38073	2	670	156	138
38074	2	282	60	42
38075	2	720	158	145
38076	2	243	68	50
38077	2	783	158	147
38078	2	121	43	26
38079	2	359	131	110
38080	2	1403	336	317
38081	2	90	48	32
38082	2	107	27	15
38083	2	521	111	99
38084	2	219	47	33
38085	2	1259	266	254
38086	2	1381	277	267
38087	2	96	31	19
38088	2	234	51	39
38089	2	117	37	18
38090	2	108	30	15
38091	2	352	71	58
38092	2	124	35	16
38093	2	1082	276	266
38094	2	486	120	95
38095	2	144	42	25
38096	2	219	56	29
38097	2	370	139	123
38098	2	570	207	194
38099	2	1235	289	271
38100	2	721	237	223
38101	2	140	74	62
38102	2	242	51	38
38103	2	628	155	136
38104	2	595	145	131
38105	2	897	211	193
38106	2	624	207	190
38107	2	1111	243	233
38108	2	157	54	20
38109	2	308	85	64
38110	2	714	186	172
38111	2	1347	354	320
38112	2	243	85	61
38113	2	606	148	101
38114	2	388	138	116
38115	2	1431	459	447
38116	2	1190	286	274
38117	2	1120	212	191
38118	2	352	101	71
38119	2	858	220	210
38120	2	308	84	71
38121	2	483	139	126
38122	2	484	128	86
38123	2	436	89	81
38124	2	1247	265	238
38125	2	267	52	37
38126	2	327	58	49
38127	2	1123	328	314
38128	2	66	21	9
38129	2	1256	264	251
38130	2	1281	344	326
38131	2	971	285	268
38132	2	111	31	18
38133	2	516	112	96
38134	2	636	126	113
38135	2	827	179	162
38136	2	1431	312	300
38137	2	682	173	155
38138	2	1128	343	328
38139	2	560	199	147
38140	2	1009	222	210
38141	2	731	253	227
38142	2	666	194	168
38143	2	1111	322	272
38144	2	469	124	112
38145	2	1167	345	331
38146	2	442	145	130
38147	2	1157	371	359
38148	2	670	180	166
38149	2	1142	269	258
38150	2	67	20	2
38151	2	323	80	43
38152	2	932	194	172
38153	2	557	136	121
38154	2	94	32	18
38155	2	288	97	81
38156	2	378	125	93
38157	2	573	165	126
38158	2	384	122	105
38159	2	86	23	10
38160	2	637	149	135
38161	2	1137	243	221
38162	2	366	99	58
38163	2	867	220	198
38164	2	707	176	144
38165	2	524	272	253
38166	2	72	25	12
38167	2	1034	262	244
38168	2	147	45	27
38169	2	1283	302	286
38170	2	686	135	120
38171	2	218	89	73
38172	2	515	122	107
38173	2	1076	207	196
38174	2	172	52	30
38175	2	730	155	142
38176	2	789	193	178
38177	2	332	80	68
38178	2	561	123	101
38179	2	1319	292	281
38180	2	1048	236	225
38181	2	1404	280	264
38182	2	108	25	14
38183	2	194	44	35
38184	2	1122	236	224
38185	2	983	196	180
38186	2	780	147	137
38187	2	1012	220	207
38188	2	1059	205	194
38189	2	663	124	114
38190	2	264	111	94
38191	2	77	23	11
38192	2	126	35	23
38193	2	264	66	57
38194	2	426	90	81
38195	2	246	54	41
38196	2	103	30	14
38197	2	567	159	144
38198	2	95	30	14
38199	2	208	55	32
38200	2	465	151	141
38201	2	679	199	186
38202	2	159	40	14
38203	2	1095	217	204
38204	2	1136	267	257
38205	2	623	146	128
38206	2	435	112	99
38207	2	358	116	77
38208	2	414	98	78
38209	2	368	131	64
38210	2	172	73	54
38211	2	87	32	19
38212	2	1204	338	320
38213	2	1029	280	264
38214	2	983	348	334
38215	2	1062	202	193
38216	2	276	80	70
38217	2	942	263	251
38218	2	366	98	86
38219	2	1084	324	309
38220	2	1303	257	247
38221	2	509	132	108
38222	2	624	157	144
38223	2	823	235	220
38224	2	759	190	174
38225	2	1317	384	369
38226	2	879	200	186
38227	2	438	98	87
38228	2	66	19	8
38229	2	1190	275	264
38230	2	364	114	97
38231	2	770	229	217
38232	2	1262	234	223
38233	2	1233	352	323
38234	2	110	33	13
38235	2	156	56	39
38236	2	102	28	17
38237	2	742	176	160
38238	2	1255	445	423
38239	2	782	223	206
38240	2	154	39	19
38241	2	894	209	195
38242	2	610	202	188
38243	2	935	266	256
38244	2	1257	243	232
38245	2	815	154	141
38246	2	1201	313	290
38247	2	154	45	34
38248	2	320	69	26
38249	2	1388	318	306
38250	2	903	172	162
38251	2	858	174	159
38252	2	143	40	23
38253	2	144	31	18
38254	2	491	110	100
38255	2	335	111	98
38256	2	1098	292	276
38257	2	263	70	59
38258	2	195	47	36
38259	2	1071	288	263
38260	2	493	105	89
38261	2	174	42	22
38262	2	1055	242	229
38263	2	546	166	155
38264	2	167	44	18
38265	2	979	234	223
38266	2	299	78	52
38267	2	1309	277	264
38268	2	289	89	60
38269	2	1083	267	252
38270	2	1179	241	227
38271	2	242	93	74
38272	2	1029	216	192
38273	2	1196	251	242
38274	2	850	202	185
38275	2	1123	247	235
38276	2	1308	312	301
38277	2	318	66	55
38278	2	1265	251	227
38279	2	517	140	128
38280	2	1338	313	300
38281	2	439	80	57
38282	2	1048	331	318
38283	2	358	81	70
38284	2	699	166	143
38285	2	622	186	153
38286	2	389	129	101
38287	2	208	76	28
38288	2	1250	315	301
38289	2	159	32	20
38290	2	1227	267	259
38291	2	762	146	116
38292	2	184	55	41
38293	2	616	200	181
38294	2	1398	313	297
38295	2	120	42	20
38296	2	159	56	41
38297	2	372	87	74
38298	2	855	165	153
38299	2	149	29	23
38300	2	274	55	46
38301	2	658	174	164
38302	2	150	34	26
38303	2	189	44	29
38304	2	1330	247	229
38305	2	646	169	139
38306	2	1130	283	267
38307	2	1225	300	293
38308	2	588	149	139
38309	2	468	88	72
38310	2	100	25	9
38311	2	637	158	144
38312	2	89	23	12
38313	2	862	263	245
38314	2	151	40	14
38315	2	259	62	33
38316	2	233	52	40
38317	2	228	55	26
38318	2	624	154	103
38319	2	238	53	9
38320	2	738	140	118
38321	2	556	125	107
38322	2	156	48	28
38323	2	1255	336	308
38324	2	1203	319	306
38325	2	610	152	140
38326	2	532	119	103
38327	2	623	166	154
38328	2	136	37	23
38329	2	673	193	175
38330	2	536	144	134
38331	2	68	30	12
38332	2	555	114	78
38333	2	1187	244	215
38334	2	1135	316	302
38335	2	971	271	241
38336	2	285	78	39
38337	2	1144	380	347
38338	2	942	234	223
38339	2	122	41	9
38340	2	1257	293	270
38341	2	274	86	72
38342	2	944	209	194
38343	2	50	33	15
38344	2	91	39	10
38345	2	711	213	199
38346	2	375	93	81
38347	2	268	68	46
38348	2	841	206	197
38349	2	1271	327	307
38350	2	331	114	96
38351	2	150	38	24
38352	2	169	71	57
38353	2	160	52	40
38354	2	880	201	169
38355	2	106	44	29
38356	2	805	167	146
38357	2	355	101	46
38358	2	469	126	106
38359	2	459	116	102
38360	2	153	55	36
38361	2	399	82	71
38362	2	96	41	20
38363	2	1185	284	274
38364	2	534	122	93
38365	2	611	204	132
38366	2	619	195	181
38367	2	1147	322	292
38368	2	333	88	76
38369	2	620	165	144
38370	2	165	44	26
38371	2	389	135	119
38372	2	103	35	19
38373	2	171	39	29
38374	2	89	35	23
38375	2	979	290	275
38376	2	134	44	28
38377	2	371	157	142
38378	2	1251	288	271
38379	2	845	175	165
38380	2	1195	271	259
38381	2	801	150	140
38382	2	1178	207	198
38383	2	99	38	17
38384	2	1320	250	240
38385	2	1236	315	300
38386	2	854	152	145
38387	2	1244	265	255
38388	2	255	81	62
38389	2	266	74	6
38390	2	292	79	67
38391	2	307	105	14
38392	2	291	78	64
38393	2	221	55	31
38394	2	1022	251	235
38395	2	517	115	99
38396	2	762	189	175
38397	2	1207	344	329
38398	2	205	55	39
38399	2	62	23	9
38400	2	1210	308	298
38401	2	54	29	13
38402	2	484	163	147
38403	2	1173	320	304
38404	2	159	57	32
38405	2	430	138	112
38406	2	255	87	73
38407	2	241	81	64
38408	2	83	36	20
38409	2	134	43	22
38410	2	515	170	159
38411	2	625	166	153
38412	2	1135	247	238
38413	2	504	203	190
38414	2	1111	260	249
38415	2	848	210	198
38416	2	947	280	270
38417	2	1118	285	268
38418	2	841	262	245
38419	2	1056	286	272
38420	2	1150	254	239
38421	2	439	104	90
38422	2	516	102	90
38423	2	174	46	26
38424	2	296	80	58
38425	2	884	293	280
38426	2	373	108	97
38427	2	117	37	24
38428	2	122	45	29
38429	2	1180	361	350
38430	2	207	58	48
38431	2	522	103	92
38432	2	1207	299	286
38433	2	1296	271	259
38434	2	1352	268	256
38435	2	478	156	146
38436	2	928	217	205
38437	2	1156	310	300
38438	2	1194	246	231
38439	2	204	42	27
38440	2	243	47	35
38441	2	68	23	11
38442	2	465	129	115
38443	2	1211	270	253
38444	2	1187	255	241
38445	2	1388	308	291
38446	2	338	113	96
38447	2	854	221	204
38448	2	179	41	32
38449	2	1267	292	272
38450	2	519	122	109
38451	2	164	43	17
38452	2	1292	234	221
38453	2	69	23	7
38454	2	726	153	142
38455	2	282	68	54
38456	2	87	28	16
38457	2	687	150	135
38458	2	878	171	152
38459	2	132	34	15
38460	2	480	113	99
38461	2	234	56	38
38462	2	573	159	148
38463	2	777	180	171
38464	2	60	17	4
38465	2	147	39	26
38466	2	715	178	166
38467	2	1070	242	230
38468	2	80	31	11
38469	2	1203	333	322
38470	2	1146	386	370
38471	2	979	257	242
38472	2	1447	327	303
38473	2	725	182	168
38474	2	299	78	64
38475	2	1011	191	177
38476	2	201	65	48
38477	2	986	324	291
38478	2	489	172	147
38479	2	1456	298	273
38480	2	974	177	156
38481	2	865	173	150
38482	2	197	55	17
38483	2	1004	264	230
38484	2	108	29	15
38485	2	100	27	9
38486	2	736	198	161
38487	2	468	85	34
38488	2	803	247	235
38489	2	217	64	50
38490	2	225	113	102
38491	2	99	35	22
38492	2	173	61	34
38493	2	258	82	62
38494	2	1561	332	261
38495	2	1400	319	307
38496	2	688	189	175
38497	2	112	33	7
38498	2	548	96	82
38499	2	435	107	95
38500	2	1303	726	694
38501	2	284	91	69
38502	2	427	118	100
38503	2	593	159	144
38504	2	1058	319	306
38505	2	421	106	90
38506	2	1007	224	215
38507	2	484	120	106
38508	2	615	126	113
38509	2	804	218	208
38510	2	174	54	13
38511	2	147	44	10
38512	2	87	28	8
38513	2	435	96	84
38514	2	177	59	27
38515	2	354	150	136
38516	2	90	36	16
38517	2	114	35	20
38518	2	1095	294	276
38519	2	735	199	186
38520	2	390	116	105
38521	2	405	91	78
38522	2	1049	254	246
38523	2	908	242	228
38524	2	744	248	237
38525	2	784	213	192
38526	2	79	28	7
38527	2	189	71	38
38528	2	273	60	49
38529	2	122	44	29
38530	2	1092	213	197
38531	2	1400	277	259
38532	2	955	214	196
38533	2	219	46	31
38534	2	198	45	30
38535	2	1197	270	252
38536	2	1214	249	237
38537	2	1106	224	203
38538	2	1184	257	243
38539	2	455	101	84
38540	2	1581	358	338
38541	2	1200	244	227
38542	2	466	115	88
38543	2	348	95	69
38544	2	1456	358	329
38545	2	254	72	56
38546	2	225	48	25
38547	2	146	42	25
38548	2	703	146	123
38549	2	129	43	28
38550	2	977	310	297
38551	2	222	65	42
38552	2	207	47	32
38553	2	1052	249	236
38554	2	242	53	31
38555	2	1077	391	374
38556	2	872	246	229
38557	2	1144	274	260
38558	2	293	66	52
38559	2	179	40	21
38560	2	1347	283	267
38561	2	426	90	77
38562	2	915	234	216
38563	2	1276	289	272
38564	2	733	133	122
38565	2	1270	305	288
38566	2	426	184	172
38567	2	765	148	137
38568	2	1184	278	266
38569	2	882	213	199
38570	2	1503	350	339
38571	2	1077	305	293
38572	2	468	87	72
38573	2	820	222	207
38574	2	234	58	27
38575	2	1100	309	293
38576	2	664	240	222
38577	2	638	162	141
38578	2	563	165	148
38579	2	724	156	139
38580	2	459	157	142
38581	2	831	189	165
38582	2	163	44	7
38583	2	607	155	143
38584	2	420	144	128
38585	2	724	169	149
38586	2	302	81	66
38587	2	92	31	16
38588	2	780	198	187
38589	2	351	98	84
38590	2	491	109	95
38591	2	370	120	102
38592	2	606	192	181
38593	2	1312	256	241
38594	2	1099	372	361
38595	2	1381	275	266
38596	2	679	128	116
38597	2	1170	360	340
38598	2	1201	373	352
38599	2	1243	360	346
38600	2	1127	334	322
38601	2	1189	359	338
38602	2	1278	354	341
38603	2	471	124	108
38604	2	478	230	218
38605	2	371	91	80
38606	2	705	166	152
38607	2	177	73	59
38608	2	1063	320	303
38609	2	333	91	58
38610	2	126	35	22
38611	2	1784	441	425
38612	2	860	180	154
38613	2	382	102	68
38614	2	238	71	44
38615	2	143	37	25
38616	2	1107	350	336
38617	2	439	145	123
38618	2	85	27	8
38619	2	479	175	164
38620	2	58	25	9
38621	2	1151	333	320
38622	2	360	97	74
38623	2	219	55	40
38624	2	1210	290	279
38625	2	563	148	130
38626	2	406	114	100
38627	2	932	186	161
38628	2	411	100	75
38629	2	240	75	54
38630	2	1495	379	363
38631	2	653	211	180
38632	2	503	119	104
38633	2	380	103	91
38634	2	99	26	10
38635	2	466	120	109
38636	2	49	31	17
38637	2	459	118	99
38638	2	148	32	19
38639	2	1495	366	297
38640	2	127	75	63
38641	2	1188	327	313
38642	2	401	99	85
38643	2	125	29	18
38644	2	276	56	44
38645	2	940	305	293
38646	2	1368	448	417
38647	2	61	23	8
38648	2	857	200	190
38649	2	1173	309	293
38650	2	147	39	30
38651	2	1164	295	280
38652	2	629	211	192
38653	2	128	56	41
38654	2	1305	339	322
38655	2	303	72	57
38656	2	263	92	81
38657	2	357	104	91
38658	2	479	142	131
38659	2	723	193	182
38660	2	160	56	37
38661	2	153	33	22
38662	2	375	110	97
38663	2	144	37	28
38664	2	362	95	82
38665	2	63	23	11
38666	2	1316	453	428
38667	2	69	26	12
38668	2	464	100	85
38669	2	143	39	15
38670	2	469	110	86
38671	2	79	44	29
38672	2	262	97	78
38673	2	471	132	112
38674	2	410	128	110
38675	2	123	33	12
38676	2	124	36	23
38677	2	257	70	26
38678	2	246	64	48
38679	2	739	153	142
38680	2	186	59	45
38681	2	1085	213	203
38682	2	1329	351	337
38683	2	480	99	83
38684	2	800	200	183
38685	2	292	61	41
38686	2	261	74	67
38687	2	241	70	54
38688	2	155	52	19
38689	2	1051	236	219
38690	2	1050	236	220
38691	2	153	30	13
38692	2	707	131	119
38693	2	1306	228	214
38694	2	1219	290	270
38695	2	1068	270	240
38696	2	778	151	134
38697	2	1177	291	280
38698	2	571	129	116
38699	2	542	134	113
38700	2	313	90	77
38701	2	171	54	19
38702	2	695	171	151
38703	2	534	147	135
38704	2	381	95	85
38705	2	869	207	196
38706	2	1051	215	203
38707	2	285	61	43
38708	2	1205	369	353
38709	2	994	243	224
38710	2	561	203	186
38711	2	1168	369	355
38712	2	135	44	25
38713	2	205	71	37
38714	2	312	72	51
38715	2	1248	331	318
38716	2	936	261	235
38717	2	708	179	169
38718	2	518	155	139
38719	2	835	217	203
38720	2	1202	238	228
38721	2	408	105	89
38722	2	376	76	45
38723	2	1023	241	228
38724	2	136	60	46
38725	2	1102	279	269
38726	2	1022	193	167
38727	2	1449	315	298
38728	2	1143	348	317
38729	2	330	107	85
38730	2	1155	359	345
38731	2	433	105	73
38732	2	92	40	22
38733	2	431	145	122
38734	2	465	154	104
38735	2	206	57	7
38736	2	710	196	174
38737	2	1178	268	252
38738	2	85	32	10
38739	2	210	63	47
38740	2	120	44	23
38741	2	1216	383	369
38742	2	709	199	146
38743	2	195	39	34
38744	2	387	88	75
38745	2	381	102	74
38746	2	1210	254	241
38747	2	1435	285	274
38748	2	345	79	66
38749	2	1237	273	262
38750	2	761	166	153
38751	2	1443	284	267
38752	2	1064	199	182
38753	2	1268	252	237
38754	2	566	130	118
38755	2	873	208	196
38756	2	1382	290	279
38757	2	806	166	153
38758	2	756	138	128
38759	2	1157	264	244
38760	2	151	55	38
38761	2	789	222	212
38762	2	352	93	70
38763	2	336	86	69
38764	2	949	298	277
38765	2	153	41	19
38766	2	1174	287	269
38767	2	611	180	165
38768	2	966	191	177
38769	2	650	166	154
38770	2	1193	258	249
38771	2	219	87	76
38772	2	1466	305	296
38773	2	138	47	16
38774	2	1122	343	328
38775	2	616	169	154
38776	2	230	79	57
38777	2	1176	282	259
38778	2	548	141	131
38779	2	1155	236	226
38780	2	903	679	667
38781	2	552	145	131
38782	2	381	86	66
38783	2	983	320	301
38784	2	1246	301	282
38785	2	205	58	34
38786	2	94	33	16
38787	2	514	141	122
38788	2	506	150	120
38789	2	360	107	69
38790	2	91	35	19
38791	2	466	101	83
38792	2	216	70	51
38793	2	157	50	32
38794	2	258	61	48
38795	2	1418	301	283
38796	2	1400	406	393
38797	2	1315	279	116
38798	2	393	129	97
38799	2	913	248	233
38800	2	485	163	140
38801	2	820	332	302
38802	2	434	103	79
38803	2	777	236	206
38804	2	183	40	21
38805	2	372	99	75
38806	2	397	115	104
38807	2	957	220	208
38808	2	1123	258	241
38809	2	1235	300	285
38810	2	1234	286	270
38811	2	1166	256	246
38812	2	1066	222	211
38813	2	1067	223	212
38814	2	1208	257	244
38815	2	1611	336	320
38816	2	120	26	12
38817	2	818	173	161
38818	2	1226	286	265
38819	2	777	168	128
38820	2	953	299	281
38821	2	243	47	27
38822	2	647	160	149
38823	2	75	33	21
38824	2	277	68	27
38825	2	100	28	10
38826	2	114	48	36
38827	2	152	86	73
38828	2	188	60	47
38829	2	205	83	69
38830	2	555	141	127
38831	2	1257	320	308
38832	2	1063	326	308
38833	2	902	250	238
38834	2	1050	250	237
38835	2	826	274	220
38836	2	143	69	48
38837	2	708	194	179
38838	2	320	76	65
38839	2	269	69	53
38840	2	629	203	191
38841	2	135	38	11
38842	2	894	209	165
38843	2	594	182	162
38844	2	1017	246	231
38845	2	481	183	136
38846	2	1138	311	298
38847	2	560	137	125
38848	2	288	77	60
38849	2	240	46	32
38850	2	293	84	21
38851	2	428	131	58
38852	2	236	82	35
38853	2	246	72	60
38854	2	242	70	30
38855	2	996	205	194
38856	2	1197	225	211
38857	2	1073	205	192
38858	2	1433	349	331
38859	2	1223	291	277
38860	2	1268	266	250
38861	2	226	74	33
38862	2	596	158	139
38863	2	137	46	22
38864	2	1013	210	190
38865	2	1348	291	280
38866	2	1146	361	346
38867	2	1481	315	304
38868	2	623	164	147
38869	2	1263	274	257
38870	2	1149	337	323
38871	2	876	256	237
38872	2	1227	456	428
38873	2	711	164	146
38874	2	588	123	108
38875	2	570	93	82
38876	2	128	35	9
38877	2	137	52	28
38878	2	757	150	136
38879	2	996	216	202
38880	2	164	51	28
38881	2	1061	214	204
38882	2	1370	284	268
38883	2	1080	220	209
38884	2	1252	349	333
38885	2	330	82	72
38886	2	144	34	19
38887	2	1094	259	247
38888	2	984	226	212
38889	2	179	79	68
38890	2	246	67	51
38891	2	426	123	109
38892	2	143	36	15
38893	2	795	230	220
38894	2	310	103	91
38895	2	649	176	164
38896	2	761	207	193
38897	2	1135	219	207
38898	2	148	53	41
38899	2	149	64	46
38900	2	959	313	298
38901	2	559	162	147
38902	2	1227	336	323
38903	2	1124	227	213
38904	2	533	141	112
38905	2	1061	318	299
38906	2	1009	220	209
38907	2	435	102	92
38908	2	645	180	171
38909	2	818	201	189
38910	2	1059	216	206
38911	2	924	253	240
38912	2	386	130	111
38913	2	592	222	197
38914	2	548	203	187
38915	2	330	96	79
38916	2	1020	302	278
38917	2	661	210	182
38918	2	414	144	130
38919	2	363	73	62
38920	2	1030	263	250
38921	2	417	121	107
38922	2	803	247	233
38923	2	1229	366	329
38924	2	741	180	171
38925	2	571	162	146
38926	2	804	263	226
38927	2	95	24	10
38928	2	819	255	243
38929	2	72	26	12
38930	2	444	88	82
38931	2	1177	282	269
38932	2	1207	247	233
38933	2	1115	291	277
38934	2	341	106	88
38935	2	324	96	89
38936	2	81	24	5
38937	2	254	78	62
38938	2	164	55	19
38939	2	1057	293	273
38940	2	434	127	109
38941	2	1049	342	317
38942	2	615	157	136
38943	2	94	36	13
38944	2	396	88	78
38945	2	702	193	178
38946	2	309	68	63
38947	2	193	43	16
38948	2	184	43	17
38949	2	1205	342	311
38950	2	805	203	189
38951	2	699	181	157
38952	2	780	172	161
38953	2	592	163	125
38954	2	474	124	86
38955	2	247	73	47
38956	2	620	146	109
38957	2	255	50	33
38958	2	118	32	8
38959	2	123	46	25
38960	2	219	51	38
38961	2	465	174	149
38962	2	327	97	81
38963	2	130	44	21
38964	2	681	191	168
38965	2	245	70	56
38966	2	589	152	142
38967	2	321	72	65
38968	2	981	217	203
38969	2	189	50	33
38970	2	253	64	38
38971	2	393	79	68
38972	2	296	70	52
38973	2	656	186	172
38974	2	501	133	121
38975	2	162	52	30
38976	2	602	150	133
38977	2	1122	266	252
38978	2	156	39	25
38979	2	159	43	26
38980	2	369	91	79
38981	2	226	50	26
38982	2	94	22	5
38983	2	138	42	28
38984	2	776	266	232
38985	2	360	112	93
38986	2	1256	343	322
38987	2	1211	265	254
38988	2	340	126	104
38989	2	464	122	103
38990	2	1164	344	328
38991	2	1035	216	198
38992	2	351	78	62
38993	2	1188	358	344
38994	2	738	165	144
38995	2	332	165	148
38996	2	96	24	19
38997	2	707	163	153
38998	2	170	43	29
38999	2	389	86	71
39000	2	1116	246	232
39001	2	294	69	55
39002	2	599	138	114
39003	2	1046	196	179
39004	2	270	67	32
39005	2	186	44	23
39006	2	562	153	115
39007	2	355	89	72
39008	2	1041	223	178
39009	2	1147	238	229
39010	2	1132	316	302
39011	2	1454	312	294
39012	2	266	111	67
39013	2	1140	360	333
39014	2	93	23	7
39015	2	171	37	14
39016	2	252	55	36
39017	2	441	113	94
39018	2	171	45	30
39019	2	126	36	23
39020	2	358	81	48
39021	2	534	137	122
39022	2	415	118	77
39023	2	665	194	182
39024	2	321	61	47
39025	2	532	124	113
39026	2	1464	329	318
39027	2	458	123	108
39028	2	740	227	211
39029	2	868	200	184
39030	2	1096	228	215
39031	2	960	256	243
39032	2	1179	278	263
39033	2	971	299	286
39034	2	636	124	115
39035	2	1290	322	305
39036	2	211	48	30
39037	2	1124	186	174
39038	2	623	136	127
39039	2	288	67	50
39040	2	749	210	194
39041	2	190	55	25
39042	2	432	117	102
39043	2	357	121	103
39044	2	1163	314	300
39045	2	1067	225	210
39046	2	663	178	134
39047	2	873	272	257
39048	2	943	266	247
39049	2	1063	357	343
39050	2	533	141	125
39051	2	90	26	16
39052	2	253	76	49
39053	2	594	138	119
39054	2	72	30	16
39055	2	528	173	158
39056	2	1263	249	237
39057	2	972	244	232
39058	2	214	66	36
39059	2	565	100	89
39060	2	84	23	6
39061	2	1410	303	292
39062	2	1407	273	259
39063	2	201	42	32
39064	2	1258	298	288
39065	2	1406	310	301
39066	2	1583	342	330
39067	2	958	279	262
39068	2	1071	219	206
39069	2	1177	335	323
39070	2	1065	322	311
39071	2	1194	305	294
39072	2	1204	317	304
39073	2	1303	272	260
39074	2	825	205	194
39075	2	106	31	14
39076	2	765	156	140
39077	2	151	38	10
39078	2	94	29	2
39079	2	1089	299	283
39080	2	105	30	19
39081	2	306	54	37
39082	2	186	40	33
39083	2	313	85	71
39084	2	123	46	18
39085	2	899	226	115
39086	2	399	99	84
39087	2	507	115	102
39088	2	938	204	190
39089	2	1308	260	246
39090	2	1217	255	238
39091	2	427	89	73
39092	2	181	84	57
39093	2	442	120	103
39094	2	905	207	192
39095	2	662	195	98
39096	2	751	145	131
39097	2	740	167	153
39098	2	980	222	210
39099	2	238	100	85
39100	2	756	230	204
39101	2	1257	350	333
39102	2	564	105	91
39103	2	613	153	138
39104	2	872	275	249
39105	2	1202	328	309
39106	2	387	127	106
39107	2	121	40	13
39108	2	936	232	223
39109	2	522	118	109
39110	2	71	25	10
39111	2	950	219	206
39112	2	332	71	56
39113	2	127	38	9
39114	2	413	140	103
39115	2	153	76	56
39116	2	114	34	19
39117	2	153	57	38
39118	2	1380	284	269
39119	2	774	158	142
39120	2	1115	217	208
39121	2	1346	277	257
39122	2	742	246	225
39123	2	1144	213	199
39124	2	1432	253	242
39125	2	1043	307	290
39126	2	721	158	149
39127	2	879	231	189
39128	2	251	59	42
39129	2	274	84	67
39130	2	70	33	19
39131	2	1402	290	262
39132	2	321	120	93
39133	2	1454	387	338
39134	2	502	121	88
39135	2	210	51	11
39136	2	1274	270	243
39137	2	687	124	96
39138	2	1144	223	213
39139	2	929	323	311
39140	2	1320	334	320
39141	2	239	73	57
39142	2	144	52	40
39143	2	716	189	171
39144	2	413	125	100
39145	2	900	193	172
39146	2	188	62	40
39147	2	135	35	25
39148	2	758	232	215
39149	2	174	63	38
39150	2	61	20	6
39151	2	1078	296	284
39152	2	903	224	213
39153	2	232	63	40
39154	2	1251	285	272
39155	2	1296	305	290
39156	2	561	147	130
39157	2	749	182	164
39158	2	1128	300	271
39159	2	105	41	21
39160	2	1199	393	377
39161	2	228	73	48
39162	2	1122	251	237
39163	2	1436	300	288
39164	2	1484	336	299
39165	2	637	140	129
39166	2	1237	274	262
39167	2	1002	213	196
39168	2	642	175	158
39169	2	498	104	86
39170	2	246	64	48
39171	2	1230	355	334
39172	2	596	140	96
39173	2	367	87	77
39174	2	183	45	31
39175	2	313	65	35
39176	2	351	151	66
39177	2	154	38	18
39178	2	72	27	11
39179	2	252	87	66
39180	2	1129	251	237
39181	2	1296	294	272
39182	2	258	61	41
39183	2	72	23	15
39184	2	266	58	37
39185	2	196	57	41
39186	2	152	40	26
39187	2	249	79	69
39188	2	935	207	194
39189	2	473	155	143
39190	2	630	170	156
39191	2	186	42	35
39192	2	678	163	152
39193	2	131	29	14
39194	2	1146	335	324
39195	2	273	71	57
39196	2	377	120	100
39197	2	918	208	187
39198	2	196	57	32
39199	2	117	26	14
39200	2	166	33	25
39201	2	233	64	53
39202	2	893	268	242
39203	2	174	43	32
39204	2	1087	333	316
39205	2	1395	296	279
39206	2	1031	205	192
39207	2	1427	298	277
39208	2	635	153	140
39209	2	489	114	98
39210	2	930	309	297
39211	2	1448	253	232
39212	2	1050	245	233
39213	2	841	181	165
39214	2	1232	287	277
39215	2	222	51	35
39216	2	245	65	45
39217	2	105	40	28
39218	2	388	117	99
39219	2	1050	214	202
39220	2	717	153	140
39221	2	740	169	156
39222	2	487	129	113
39223	2	398	107	59
39224	2	219	72	52
39225	2	480	167	147
39226	2	146	47	17
39227	2	229	66	33
39228	2	261	58	42
39229	2	1374	267	255
39230	2	132	27	14
39231	2	213	41	29
39232	2	221	59	45
39233	2	1491	300	266
39234	2	577	130	119
39235	2	873	231	223
39236	2	203	87	60
39237	2	513	143	128
39238	2	990	216	199
39239	2	873	158	149
39240	2	195	80	61
39241	2	1140	347	329
39242	2	209	66	42
39243	2	786	177	155
39244	2	180	72	53
39245	2	250	62	40
39246	2	232	58	41
39247	2	821	247	230
39248	2	96	23	8
39249	2	1158	254	241
39250	2	1418	248	235
39251	2	981	238	224
39252	2	1159	247	232
39253	2	438	84	67
39254	2	1335	283	268
39255	2	124	42	21
39256	2	164	46	23
39257	2	294	74	54
39258	2	159	49	18
39259	2	764	173	159
39260	2	674	171	149
39261	2	414	106	93
39262	2	112	37	9
39263	2	755	137	124
39264	2	1105	256	244
39265	2	1416	298	281
39266	2	1279	226	212
39267	2	1165	321	308
39268	2	158	44	25
39269	2	363	102	79
39270	2	1298	275	257
39271	2	114	36	19
39272	2	105	29	15
39273	2	120	32	25
39274	2	165	39	29
39275	2	235	90	81
39276	2	93	34	19
39277	2	204	65	44
39278	2	1097	315	296
39279	2	319	111	83
39280	2	1123	335	324
39281	2	1418	235	221
39282	2	1175	274	261
39283	2	839	196	180
39284	2	1425	281	269
39285	2	1164	315	296
39286	2	871	191	174
39287	2	549	183	171
39288	2	120	31	10
39289	2	188	52	33
39290	2	215	90	77
39291	2	973	214	204
39292	2	402	99	85
39293	2	123	36	20
39294	2	378	74	66
39295	2	115	31	11
39296	2	888	303	286
39297	2	649	217	185
39298	2	488	183	168
39299	2	631	163	149
39300	2	677	163	144
39301	2	1056	219	199
39302	2	115	42	21
39303	2	463	115	30
39304	2	131	49	21
39305	2	249	47	32
39306	2	809	185	171
39307	2	855	228	216
39308	2	1261	325	311
39309	2	677	194	171
39310	2	246	70	54
39311	2	1222	305	290
39312	2	152	40	27
39313	2	131	50	32
39314	2	796	169	152
39315	2	137	49	24
39316	2	752	174	164
39317	2	299	93	71
39318	2	209	66	41
39319	2	1225	249	236
39320	2	1304	269	255
39321	2	373	88	71
39322	2	142	86	70
39323	2	116	28	8
39324	2	813	171	158
39325	2	129	55	38
39326	2	147	32	13
39327	2	1161	392	373
39328	2	198	40	28
39329	2	764	183	172
39330	2	61	20	9
39331	2	66	25	7
39332	2	1225	280	266
39333	2	860	239	217
39334	2	546	140	126
39335	2	508	146	132
39336	2	1128	287	254
39337	2	333	67	55
39338	2	515	130	116
39339	2	968	278	266
39340	2	442	218	200
39341	2	1318	242	233
39342	2	755	163	151
39343	2	1003	295	280
39344	2	590	150	138
39345	2	346	142	129
39346	2	983	234	222
39347	2	153	39	19
39348	2	447	113	102
39349	2	1278	226	211
39350	2	781	232	214
39351	2	780	239	221
39352	2	296	61	47
39353	2	1261	391	378
39354	2	470	106	86
39355	2	1161	335	314
39356	2	1122	344	322
39357	2	1324	250	238
39358	2	1602	338	322
39359	2	394	103	55
39360	2	274	85	5
39361	2	112	41	29
39362	2	376	85	51
39363	2	46	22	13
39364	2	106	38	21
39365	2	635	172	156
39366	2	213	50	11
39367	2	1153	215	196
39368	2	1215	312	294
39369	2	186	43	32
39370	2	472	140	119
39371	2	310	94	80
39372	2	1074	191	178
39373	2	291	88	63
39374	2	216	57	42
39375	2	1184	343	328
39376	2	263	97	76
39377	2	594	173	142
39378	2	1196	331	319
39379	2	1316	248	239
39380	2	166	48	31
39381	2	857	205	194
39382	2	862	170	161
39383	2	140	51	33
39384	2	934	304	288
39385	2	1369	252	242
39386	2	240	66	37
39387	2	857	247	235
39388	2	830	205	190
39389	2	833	208	193
39390	2	603	138	124
39391	2	1444	313	297
39392	2	222	72	56
39393	2	1206	229	218
39394	2	1122	198	186
39395	2	635	131	120
39396	2	1051	196	185
39397	2	721	248	189
39398	2	1275	276	259
39399	2	285	87	41
39400	2	40	17	8
39401	2	772	242	232
39402	2	217	56	38
39403	2	1477	310	298
39404	2	543	139	126
39405	2	1415	340	317
39406	2	1282	369	349
39407	2	1131	336	316
39408	2	666	136	125
39409	2	973	322	305
39410	2	140	32	18
39411	2	964	213	197
39412	2	117	31	20
39413	2	1364	338	326
39414	2	744	205	189
39415	2	888	239	221
39416	2	1287	299	271
39417	2	1106	241	218
39418	2	140	40	24
39419	2	1049	234	216
39420	2	331	78	61
39421	2	1303	243	217
39422	2	797	282	242
39423	2	583	145	115
39424	2	358	136	109
39425	2	590	140	116
39426	2	336	72	63
39427	2	242	56	43
39428	2	292	74	55
39429	2	434	118	81
39430	2	69	24	7
39431	2	417	97	86
39432	2	953	306	296
39433	2	910	173	161
39434	2	1225	330	314
39435	2	820	212	198
39436	2	373	142	105
39437	2	117	36	23
39438	2	464	144	132
39439	2	200	105	89
39440	2	186	80	59
39441	2	692	117	106
39442	2	87	22	12
39443	2	962	259	250
39444	2	1193	242	230
39445	2	188	49	31
39446	2	616	192	169
39447	2	724	182	164
39448	2	189	47	33
39449	2	1285	290	278
39450	2	251	107	95
39451	2	1015	301	276
39452	2	1035	219	205
39453	2	128	36	17
39454	2	1039	229	218
39455	2	798	290	250
39456	2	508	136	87
39457	2	906	242	230
39458	2	430	139	129
39459	2	273	75	59
39460	2	1217	258	244
39461	2	1415	311	296
39462	2	1219	276	264
39463	2	282	67	58
39464	2	1398	281	272
39465	2	225	54	30
39466	2	1000	227	216
39467	2	584	129	117
39468	2	221	49	33
39469	2	342	79	61
39470	2	739	145	133
39471	2	677	132	116
39472	2	1192	255	243
39473	2	758	151	139
39474	2	473	162	145
39475	2	1101	271	250
39476	2	179	63	44
39477	2	489	136	119
39478	2	1154	271	258
39479	2	911	209	198
39480	2	84	27	4
39481	2	189	44	25
39482	2	827	276	260
39483	2	785	222	209
39484	2	1136	286	274
39485	2	74	26	7
39486	2	234	64	53
39487	2	1482	289	279
39488	2	1307	344	323
39489	2	925	150	137
39490	2	377	149	133
39491	2	1369	261	246
39492	2	381	105	75
39493	2	1050	202	189
39494	2	467	128	105
39495	2	656	193	182
39496	2	114	37	20
39497	2	285	67	49
39498	2	269	90	72
39499	2	938	198	187
39500	2	429	97	86
39501	2	617	140	118
39502	2	565	133	111
39503	2	609	128	113
39504	2	1311	252	234
39505	2	796	176	162
39506	2	1088	232	223
39507	2	363	116	100
39508	2	850	223	214
39509	2	1092	281	264
39510	2	124	35	8
39511	2	1185	270	244
39512	2	1193	264	251
39513	2	150	49	25
39514	2	1135	234	224
39515	2	1291	251	241
39516	2	402	98	90
39517	2	147	64	47
39518	2	162	45	33
39519	2	426	121	99
39520	2	153	35	21
39521	2	552	95	87
39522	2	293	90	81
39523	2	995	262	242
39524	2	698	227	218
39525	2	1203	287	275
39526	2	642	162	135
39527	2	850	216	209
39528	2	68	26	16
39529	2	102	28	3
39530	2	894	173	161
39531	2	1117	322	304
39532	2	227	75	56
39533	2	1011	211	195
39534	2	1137	256	243
39535	2	769	173	163
39536	2	1567	316	305
39537	2	533	114	94
39538	2	1455	273	261
39539	2	114	26	16
39540	2	939	188	177
39541	2	1412	249	235
39542	2	1048	229	218
39543	2	1041	271	259
39544	2	1362	278	264
39545	2	1006	209	198
39546	2	1123	237	225
39547	2	1205	308	297
39548	2	1148	248	230
39549	2	981	256	245
39550	2	1161	215	205
39551	2	1229	252	240
39552	2	158	46	26
39553	2	569	168	154
39554	2	1376	276	266
39555	2	1084	264	244
39556	2	150	37	20
39557	2	295	95	79
39558	2	453	97	89
39559	2	702	203	187
39560	2	911	293	284
39561	2	219	52	43
39562	2	331	105	84
39563	2	143	37	7
39564	2	1099	245	220
39565	2	705	151	135
39566	2	118	43	25
39567	2	1504	338	323
39568	2	913	180	170
39569	2	1182	212	202
39570	2	1294	259	245
39571	2	813	165	153
39572	2	847	207	191
39573	2	847	209	191
39574	2	131	26	11
39575	2	289	76	40
39576	2	186	42	32
39577	2	299	83	69
39578	2	1068	328	308
39579	2	1234	281	266
39580	2	202	70	56
39581	2	108	30	14
39582	2	152	60	38
39583	2	116	36	21
39584	2	674	147	138
39585	2	1126	333	318
39586	2	1023	372	361
39587	2	1412	260	249
39588	2	152	33	10
39589	2	605	263	253
39590	2	1060	289	273
39591	2	761	188	177
39592	2	440	123	95
39593	2	1266	325	306
39594	2	863	223	211
39595	2	1077	357	339
39596	2	1121	310	299
39597	2	545	162	139
39598	2	600	163	140
39599	2	504	168	152
39600	2	813	153	144
39601	2	1033	201	194
39602	2	286	92	32
39603	2	197	43	30
39604	2	845	219	199
39605	2	1049	255	228
39606	2	199	65	40
39607	2	250	58	27
39608	2	1290	368	340
39609	2	210	56	31
39610	2	1333	254	239
39611	2	1240	303	282
39612	2	341	107	88
39613	2	351	98	64
39614	2	1265	349	323
39615	2	1335	363	352
39616	2	649	195	145
39617	2	124	38	16
39618	2	550	188	175
39619	2	805	414	398
39620	2	309	64	52
39621	2	717	159	144
39622	2	1177	278	268
39623	2	1360	295	277
39624	2	65	29	14
39625	2	798	170	159
39626	2	682	286	265
39627	2	396	79	68
39628	2	1242	284	271
39629	2	1415	289	278
39630	2	248	58	41
39631	2	424	108	81
39632	2	245	56	28
39633	2	1203	247	223
39634	2	503	125	82
39635	2	579	122	88
39636	2	262	62	26
39637	2	178	37	25
39638	2	1477	336	322
39639	2	326	97	72
39640	2	69	24	6
39641	2	256	52	44
39642	2	214	68	52
39643	2	1273	277	267
39644	2	1521	333	317
39645	2	1458	291	278
39646	2	554	206	180
39647	2	989	287	272
39648	2	1182	272	260
39649	2	333	123	107
39650	2	1437	302	289
39651	2	1326	245	235
39652	2	1307	304	286
39653	2	977	215	203
39654	2	254	58	32
39655	2	95	30	19
39656	2	250	68	41
39657	2	444	154	139
39658	2	324	73	63
39659	2	1204	242	229
39660	2	825	256	246
39661	2	280	99	86
39662	2	324	142	122
39663	2	545	161	150
39664	2	114	32	15
39665	2	300	93	28
39666	2	445	121	100
39667	2	149	43	27
39668	2	1203	340	325
39669	2	1285	376	351
39670	2	139	30	22
39671	2	169	42	27
39672	2	426	113	94
39673	2	114	31	20
39674	2	759	214	188
39675	2	684	177	164
39676	2	977	284	247
39677	2	1285	215	203
39678	2	1052	226	216
39679	2	818	243	213
39680	2	1446	309	298
39681	2	979	238	223
39682	2	730	211	189
39683	2	1095	304	289
39684	2	1324	336	325
39685	2	1025	288	277
39686	2	201	63	42
39687	2	960	258	207
39688	2	1320	280	260
39689	2	561	167	155
39690	2	856	212	204
39691	2	1135	251	237
39692	2	648	120	102
39693	2	450	86	60
39694	2	198	54	35
39695	2	1137	262	251
39696	2	1312	307	287
39697	2	1008	253	237
39698	2	114	29	20
39699	2	1060	288	277
39700	2	130	44	21
39701	2	140	43	16
39702	2	156	60	37
39703	2	164	65	35
39704	2	849	166	155
39705	2	685	186	168
39706	2	1036	271	260
39707	2	310	91	71
39708	2	459	129	110
39709	2	981	226	214
39710	2	399	94	84
39711	2	98	60	50
39712	2	1281	328	307
39713	2	633	140	125
39714	2	617	153	113
39715	2	110	35	19
39716	2	1046	227	217
39717	2	336	87	63
39718	2	216	44	33
39719	2	1344	320	307
39720	2	601	145	131
39721	2	1059	289	267
39722	2	351	74	62
39723	2	664	200	186
39724	2	1297	268	257
39725	2	1259	259	248
39726	2	1039	286	272
39727	2	828	194	184
39728	2	186	42	18
39729	2	160	60	47
39730	2	1090	250	233
39731	2	102	32	11
39732	2	493	152	140
39733	2	93	33	6
39734	2	943	255	239
39735	2	615	160	150
39736	2	675	191	149
39737	2	190	98	82
39738	2	1115	368	347
39739	2	886	207	190
39740	2	175	52	16
39741	2	1097	276	257
39742	2	1307	390	378
39743	2	1170	340	324
39744	2	264	98	84
39745	2	294	63	50
39746	2	521	144	135
39747	2	861	218	208
39748	2	590	161	152
39749	2	699	162	145
39750	2	375	79	70
39751	2	453	94	81
39752	2	1236	337	326
39753	2	540	107	91
39754	2	624	151	136
39755	2	873	266	254
39756	2	1137	223	214
39757	2	1315	291	276
39758	2	1350	323	303
39759	2	747	220	201
39760	2	102	22	13
39761	2	345	92	66
39762	2	264	61	21
39763	2	204	47	30
39764	2	226	88	66
39765	2	198	48	33
39766	2	157	45	35
39767	2	614	213	202
39768	2	121	47	23
39769	2	123	36	25
39770	2	328	71	57
39771	2	531	163	136
39772	2	1461	321	309
39773	2	1080	316	301
39774	2	399	108	98
39775	2	882	308	296
39776	2	1408	285	268
39777	2	348	120	108
39778	2	1049	247	236
39779	2	327	145	135
39780	2	114	36	9
39781	2	726	164	153
39782	2	159	45	30
39783	2	118	46	27
39784	2	1224	272	253
39785	2	874	158	146
39786	2	192	50	16
39787	2	739	156	142
39788	2	1394	319	297
39789	2	1347	243	228
39790	2	877	246	233
39791	2	1238	221	210
39792	2	1176	265	216
39793	2	246	57	50
39794	2	1408	260	248
39795	2	880	302	290
39796	2	637	137	127
39797	2	885	199	189
39798	2	116	39	4
39799	2	397	89	42
39800	2	102	28	13
39801	2	183	42	31
39802	2	314	69	44
39803	2	184	71	21
39804	2	156	48	31
39805	2	528	118	69
39806	2	960	226	209
39807	2	337	82	58
39808	2	464	103	89
39809	2	96	36	16
39810	2	984	213	193
39811	2	1153	315	281
39812	2	1257	357	344
39813	2	534	127	116
39814	2	524	133	108
39815	2	314	83	67
39816	2	150	43	22
39817	2	177	40	31
39818	2	951	245	225
39819	2	1454	322	305
39820	2	397	110	81
39821	2	477	106	87
39822	2	110	44	29
39823	2	418	125	88
39824	2	107	43	30
39825	2	847	225	212
39826	2	1240	265	246
39827	2	678	135	123
39828	2	1207	380	368
39829	2	1521	346	334
39830	2	112	24	7
39831	2	137	32	4
39832	2	237	94	68
39833	2	801	156	136
39834	2	256	62	45
39835	2	1131	331	320
39836	2	367	137	110
39837	2	813	230	214
39838	2	798	178	165
39839	2	175	54	39
39840	2	737	193	179
39841	2	204	62	48
39842	2	605	161	139
39843	2	632	186	169
39844	2	690	157	124
39845	2	210	58	41
39846	2	207	39	25
39847	2	522	126	110
39848	2	245	83	72
39849	2	379	114	64
39850	2	864	241	209
39851	2	232	65	39
39852	2	288	77	58
39853	2	1302	245	229
39854	2	334	99	61
39855	2	674	177	162
39856	2	303	66	52
39857	2	177	52	38
39858	2	265	64	51
39859	2	338	85	70
39860	2	1262	325	306
39861	2	1168	316	298
39862	2	1216	307	295
39863	2	76	23	9
39864	2	1097	279	267
39865	2	969	202	190
39866	2	534	114	99
39867	2	547	214	197
39868	2	189	43	25
39869	2	282	69	54
39870	2	123	36	26
39871	2	973	271	253
39872	2	1228	357	346
39873	2	874	302	290
39874	2	195	46	40
39875	2	110	37	22
39876	2	841	224	199
39877	2	1226	326	306
39878	2	510	263	239
39879	2	228	52	31
39880	2	1356	303	287
39881	2	858	218	190
39882	2	1128	263	248
39883	2	1340	266	249
39884	2	543	114	100
39885	2	1259	270	257
39886	2	326	102	90
39887	2	201	50	35
39888	2	837	238	224
39889	2	1257	245	234
39890	2	363	103	86
39891	2	390	111	86
39892	2	550	154	136
39893	2	949	233	216
39894	2	1354	287	269
39895	2	669	201	185
39896	2	532	143	91
39897	2	1027	226	214
39898	2	1062	229	219
39899	2	174	41	25
39900	2	231	91	76
39901	2	1125	308	298
39902	2	1244	267	248
39903	2	200	56	41
39904	2	258	55	44
39905	2	1168	281	263
39906	2	103	26	11
39907	2	988	221	212
39908	2	1119	231	213
39909	2	283	69	52
39910	2	836	209	200
39911	2	1396	327	311
39912	2	1166	228	215
39913	2	375	111	94
39914	2	996	228	187
39915	2	126	38	27
39916	2	209	76	59
39917	2	312	70	55
39918	2	171	58	36
39919	2	526	161	122
39920	2	148	37	12
39921	2	1233	228	216
39922	2	113	31	23
39923	2	1060	278	268
39924	2	1270	308	296
39925	2	833	249	239
39926	2	683	171	157
39927	2	1011	269	259
39928	2	619	159	118
39929	2	958	223	209
39930	2	321	76	64
39931	2	89	41	22
39932	2	228	62	35
39933	2	1052	206	197
39934	2	1004	283	250
39935	2	813	173	159
39936	2	180	60	29
39937	2	517	144	71
39938	2	822	201	186
39939	2	104	44	27
39940	2	405	78	72
39941	2	100	41	27
39942	2	108	24	14
39943	2	99	28	11
39944	2	465	97	68
39945	2	408	87	73
39946	2	1168	198	183
39947	2	1210	308	294
39948	2	363	69	58
39949	2	1580	267	249
39950	2	660	205	183
39951	2	773	250	206
39952	2	989	305	268
39953	2	502	97	87
39954	2	171	44	32
39955	2	155	44	21
39956	2	944	252	235
39957	2	219	45	30
39958	2	547	154	140
39959	2	232	67	51
39960	2	1195	244	229
39961	2	642	152	107
39962	2	1149	281	269
39963	2	145	42	12
39964	2	84	24	6
39965	2	545	168	139
39966	2	411	102	73
39967	2	99	30	14
39968	2	104	30	18
39969	2	377	97	89
39970	2	220	79	61
39971	2	411	100	92
39972	2	316	90	63
39973	2	359	89	73
39974	2	178	36	20
39975	2	1369	447	425
39976	2	1324	298	284
39977	2	534	118	98
39978	2	688	164	147
39979	2	933	180	160
39980	2	133	44	18
39981	2	770	183	169
39982	2	111	34	11
39983	2	162	52	39
39984	2	844	182	163
39985	2	384	101	30
39986	2	156	40	25
39987	2	561	131	110
39988	2	1228	331	305
39989	2	271	60	48
39990	2	93	23	11
39991	2	135	39	17
39992	2	154	55	36
39993	2	234	73	49
39994	2	147	33	21
39995	2	863	254	215
39996	2	1258	282	269
39997	2	455	140	128
39998	2	59	27	15
39999	2	458	110	94
40000	2	1323	328	314
40001	2	434	133	118
40002	2	1183	342	326
40003	2	1245	330	314
40004	2	575	147	118
40005	2	993	201	187
40006	2	615	165	113
40007	2	901	216	204
40008	2	595	182	172
40009	2	1122	248	234
40010	2	1109	197	187
40011	2	632	146	132
40012	2	397	106	47
40013	2	304	58	36
40014	2	582	111	98
40015	2	243	84	60
40016	2	275	67	47
40017	2	322	58	23
40018	2	916	185	162
40019	2	573	122	94
40020	2	183	42	29
40021	2	231	48	39
40022	2	424	160	135
40023	2	1101	238	220
40024	2	131	39	26
40025	2	676	151	136
40026	2	861	170	156
40027	2	1181	331	313
40028	2	237	59	40
40029	2	675	177	163
40030	2	108	41	28
40031	2	1216	351	337
40032	2	399	88	77
40033	2	1312	272	255
40034	2	681	181	168
40035	2	1138	259	247
40036	2	1017	254	243
40037	2	153	45	22
40038	2	551	133	115
40039	2	1258	255	238
40040	2	871	160	148
40041	2	1452	495	456
40042	2	238	69	24
40043	2	412	134	95
40044	2	384	98	82
40045	2	247	90	63
40046	2	261	94	73
40047	2	108	41	25
40048	2	922	267	251
40049	2	306	144	122
40050	2	126	45	30
40051	2	488	127	54
40052	2	900	231	163
40053	2	385	163	149
40054	2	137	48	28
40055	2	332	88	80
40056	2	67	25	9
40057	2	786	259	238
40058	2	1028	297	282
40059	2	566	157	144
40060	2	1104	343	326
40061	2	998	216	205
40062	2	558	119	108
40063	2	1164	283	266
40064	2	1319	325	308
40065	2	1099	263	253
40066	2	1259	305	291
40067	2	608	191	178
40068	2	167	47	30
40069	2	386	129	100
40070	2	331	105	85
40071	2	843	186	173
40072	2	1108	299	288
40073	2	71	25	4
40074	2	1270	265	251
40075	2	832	205	190
40076	2	1057	261	248
40077	2	1355	334	320
40078	2	1050	271	261
40079	2	54	18	8
40080	2	1112	226	215
40081	2	59	29	16
40082	2	710	158	146
40083	2	1270	251	238
40084	2	75	35	8
40085	2	463	161	150
40086	2	1178	241	224
40087	2	762	187	174
40088	2	723	253	238
40089	2	1419	250	239
40090	2	775	177	152
40091	2	1425	273	263
40092	2	1250	278	268
40093	2	1288	303	286
40094	2	1225	251	242
40095	2	1129	260	242
40096	2	246	48	38
40097	2	1009	266	251
40098	2	1180	223	211
40099	2	629	119	109
40100	2	746	166	155
40101	2	644	191	179
40102	2	91	34	13
40103	2	278	98	81
40104	2	120	44	33
40105	2	1529	301	292
40106	2	1337	271	262
40107	2	1203	393	377
40108	2	1322	367	352
40109	2	150	36	26
40110	2	679	194	183
40111	2	1321	261	247
40112	2	855	268	231
40113	2	959	199	185
40114	2	655	194	177
40115	2	129	35	22
40116	2	1021	233	221
40117	2	1150	295	285
40118	2	492	115	102
40119	2	1233	279	264
40120	2	373	125	99
40121	2	357	90	60
40122	2	299	61	51
40123	2	1107	264	249
40124	2	603	219	209
40125	2	1117	248	237
40126	2	1182	340	328
40127	2	515	159	145
40128	2	1034	258	241
40129	2	1165	259	237
40130	2	133	41	22
40131	2	437	137	112
40132	2	1198	433	416
40133	2	1067	202	183
40134	2	1261	260	243
40135	2	459	81	68
40136	2	1153	226	213
40137	2	1185	303	287
40138	2	484	140	124
40139	2	966	308	291
40140	2	730	146	134
40141	2	179	49	27
40142	2	538	153	140
40143	2	348	83	73
40144	2	1328	327	306
40145	2	680	142	129
40146	2	851	174	153
40147	2	1199	250	231
40148	2	996	284	268
40149	2	914	192	166
40150	2	1414	310	297
40151	2	713	167	151
40152	2	975	214	199
40153	2	618	175	139
40154	2	1243	227	214
40155	2	291	87	75
40156	2	127	53	29
40157	2	946	179	162
40158	2	491	109	94
40159	2	1145	292	269
40160	2	1074	268	259
40161	2	927	324	305
40162	2	1192	292	277
40163	2	757	212	196
40164	2	370	97	59
40165	2	157	47	25
40166	2	303	118	82
40167	2	1052	237	130
40168	2	156	46	32
40169	2	1662	368	346
40170	2	1060	226	205
40171	2	1196	318	300
40172	2	1045	373	359
40173	2	411	141	121
40174	2	576	207	189
40175	2	242	75	64
40176	2	171	59	40
40177	2	376	161	135
40178	2	1134	276	251
40179	2	1367	292	278
40180	2	371	97	80
40181	2	1026	210	199
40182	2	877	228	213
40183	2	1047	237	222
40184	2	386	145	129
40185	2	176	47	17
40186	2	240	55	44
40187	2	141	35	26
40188	2	261	77	65
40189	2	264	55	46
40190	2	132	31	22
40191	2	156	32	22
40192	2	423	125	111
40193	2	1292	304	292
40194	2	1183	287	268
40195	2	243	46	33
40196	2	1396	255	243
40197	2	177	45	32
40198	2	1179	293	258
40199	2	1157	347	323
40200	2	433	120	81
40201	2	1185	300	280
40202	2	775	204	189
40203	2	132	41	18
40204	2	763	193	177
40205	2	144	41	19
40206	2	552	175	159
40207	2	214	55	21
40208	2	1149	233	221
40209	2	138	39	16
40210	2	588	124	112
40211	2	122	35	10
40212	2	1351	274	256
40213	2	73	31	10
40214	2	498	125	86
40215	2	858	148	136
40216	2	1132	309	294
40217	2	219	42	31
40218	2	1177	287	274
40219	2	246	54	41
40220	2	598	131	115
40221	2	773	168	155
40222	2	306	101	79
40223	2	1420	431	405
40224	2	1602	422	408
40225	2	974	227	201
40226	2	618	170	154
40227	2	1145	287	267
40228	2	734	195	179
40229	2	703	219	188
40230	2	1268	317	299
40231	2	1405	321	308
40232	2	1543	342	319
40233	2	1042	217	201
40234	2	108	31	9
40235	2	355	83	70
40236	2	153	44	26
40237	2	90	29	9
40238	2	754	186	166
40239	2	560	119	66
40240	2	316	80	54
40241	2	1334	371	347
40242	2	215	67	51
40243	2	593	146	131
40244	2	143	59	26
40245	2	197	60	24
40246	2	678	188	176
40247	2	120	32	11
40248	2	909	299	286
40249	2	267	79	52
40250	2	1042	276	262
40251	2	564	120	99
40252	2	1118	321	305
40253	2	326	96	55
40254	2	394	116	61
40255	2	1015	196	179
40256	2	354	84	52
40257	2	174	46	28
40258	2	1321	308	293
40259	2	143	40	19
40260	2	1020	185	174
40261	2	181	45	35
40262	2	366	115	102
40263	2	891	192	179
40264	2	1213	243	228
40265	2	153	60	40
40266	2	1220	328	314
40267	2	390	184	173
40268	2	622	155	141
40269	2	179	57	21
40270	2	1599	416	381
40271	2	120	36	20
40272	2	201	82	67
40273	2	375	77	62
40274	2	282	56	29
40275	2	717	158	145
40276	2	302	56	37
40277	2	1270	320	303
40278	2	181	41	15
40279	2	130	35	15
40280	2	591	123	103
40281	2	191	58	30
40282	2	1087	209	196
40283	2	108	30	10
40284	2	670	210	162
40285	2	1389	256	241
40286	2	1470	293	280
40287	2	1080	199	187
40288	2	617	114	102
40289	2	1424	261	239
40290	2	1171	245	235
40291	2	73	34	23
40292	2	168	39	30
40293	2	377	108	95
40294	2	684	145	123
40295	2	288	72	56
40296	2	1172	278	266
40297	2	255	64	55
40298	2	420	145	127
40299	2	426	102	83
40300	2	540	141	119
40301	2	111	36	16
40302	2	1009	271	255
40303	2	388	87	40
40304	2	151	40	11
40305	2	139	55	38
40306	2	677	150	97
40307	2	860	277	204
40308	2	108	28	16
40309	2	404	90	70
40310	2	566	151	132
40311	2	480	154	137
40312	2	1266	264	249
40313	2	791	194	179
40314	2	1212	253	241
40315	2	1038	328	313
40316	2	133	43	18
40317	2	327	80	66
40318	2	184	50	36
40319	2	1101	265	253
40320	2	127	36	26
40321	2	992	179	170
40322	2	1310	250	242
40323	2	1170	263	253
40324	2	769	209	190
40325	2	107	31	13
40326	2	1458	313	306
40327	2	99	29	11
40328	2	1224	307	281
40329	2	289	80	70
40330	2	1406	293	281
40331	2	101	30	15
40332	2	805	301	289
40333	2	1087	327	310
40334	2	499	154	126
40335	2	41	17	4
40336	2	390	113	98
40337	2	1126	281	268
40338	2	1112	284	273
40339	2	227	51	39
40340	2	1116	337	316
40341	2	1307	316	298
40342	2	865	225	214
40343	2	74	27	15
40344	2	1173	336	240
40345	2	202	108	93
40346	2	602	134	120
40347	2	1237	353	334
40348	2	254	80	34
40349	2	202	51	8
40350	2	748	222	207
40351	2	278	90	72
40352	2	1096	247	218
40353	2	151	43	31
40354	2	361	83	45
40355	2	517	121	79
40356	2	1388	255	243
40357	2	1343	265	253
40358	2	1111	221	211
40359	2	120	33	21
40360	2	564	113	102
40361	2	1300	276	262
40362	2	414	143	132
40363	2	211	48	33
40364	2	264	66	49
40365	2	959	261	235
40366	2	634	155	146
40367	2	1121	287	275
40368	2	975	257	245
40369	2	450	109	97
40370	2	759	180	164
40371	2	361	90	57
40372	2	448	107	88
40373	2	1209	240	212
40374	2	1365	265	251
40375	2	1004	210	194
40376	2	1152	250	237
40377	2	1045	202	188
40378	2	1136	269	257
40379	2	1105	290	273
40380	2	598	116	104
40381	2	1198	364	342
40382	2	1361	289	273
40383	2	1304	290	277
40384	2	782	177	162
40385	2	1307	304	287
40386	2	256	72	28
40387	2	270	63	48
40388	2	1035	251	234
40389	2	779	239	214
40390	2	789	189	172
40391	2	1260	270	253
40392	2	1069	228	219
40393	2	689	136	125
40394	2	602	178	157
40395	2	884	233	220
40396	2	629	144	134
40397	2	952	288	278
40398	2	222	44	28
40399	2	773	177	161
40400	2	87	34	13
40401	2	981	212	187
40402	2	1509	349	334
40403	2	623	137	124
40404	2	1302	278	264
40405	2	1299	283	251
40406	2	563	146	131
40407	2	834	182	166
40408	2	1217	330	311
40409	2	216	44	31
40410	2	832	193	181
40411	2	339	79	57
40412	2	533	168	146
40413	2	54	27	15
40414	2	336	89	73
40415	2	1341	269	255
40416	2	525	171	148
40417	2	891	224	204
40418	2	1067	251	237
40419	2	483	176	162
40420	2	1403	276	264
40421	2	1077	323	310
40422	2	66	21	12
40423	2	978	251	238
40424	2	461	209	190
40425	2	1160	233	223
40426	2	96	26	8
40427	2	1255	328	318
40428	2	135	40	23
40429	2	61	34	17
40430	2	567	128	114
40431	2	878	206	192
40432	2	1048	247	234
40433	2	1396	302	292
40434	2	858	197	180
40435	2	1034	207	195
40436	2	95	32	18
40437	2	534	141	122
40438	2	183	55	41
40439	2	531	115	100
40440	2	811	248	221
40441	2	747	205	190
40442	2	345	76	67
40443	2	204	53	43
40444	2	178	48	36
40445	2	161	60	30
40446	2	190	52	22
40447	2	206	50	9
40448	2	1112	255	240
40449	2	384	88	69
40450	2	82	30	16
40451	2	72	25	8
40452	2	679	208	173
40453	2	166	57	38
40454	2	459	109	90
40455	2	436	139	128
40456	2	614	165	153
40457	2	558	205	191
40458	2	589	127	118
40459	2	203	40	29
40460	2	1116	242	224
40461	2	99	30	14
40462	2	351	90	79
40463	2	199	75	57
40464	2	1483	290	278
40465	2	143	47	21
40466	2	523	144	127
40467	2	127	44	28
40468	2	741	147	136
40469	2	688	167	135
40470	2	526	128	115
40471	2	1172	379	365
40472	2	606	139	129
40473	2	486	117	105
40474	2	951	203	192
40475	2	333	85	71
40476	2	1088	351	339
40477	2	554	110	98
40478	2	1517	349	334
40479	2	469	125	108
40480	2	1103	222	203
40481	2	423	132	107
40482	2	563	130	120
40483	2	732	165	139
40484	2	192	45	25
40485	2	318	69	52
40486	2	251	76	64
40487	2	98	41	17
40488	2	783	198	185
40489	2	1430	313	288
40490	2	251	89	65
40491	2	574	261	247
40492	2	1299	254	236
40493	2	382	83	69
40494	2	174	43	32
40495	2	750	203	187
40496	2	242	80	58
40497	2	793	175	157
40498	2	1227	303	291
40499	2	978	303	288
40500	2	770	210	196
40501	2	664	193	182
40502	2	93	37	15
40503	2	469	125	118
40504	2	511	112	101
40505	2	1173	277	264
40506	2	1017	213	198
40507	2	1267	259	236
40508	2	755	158	146
40509	2	1378	265	252
40510	2	1303	265	254
40511	2	691	156	144
40512	2	120	35	24
40513	2	69	22	6
40514	2	284	92	80
40515	2	797	244	233
40516	2	1237	296	282
40517	2	1329	308	291
40518	2	1293	335	315
40519	2	1448	336	329
40520	2	114	25	11
40521	2	830	230	210
40522	2	951	283	247
40523	2	322	151	130
40524	2	92	26	11
40525	2	1296	236	224
40526	2	591	179	161
40527	2	1473	290	273
40528	2	775	212	203
40529	2	955	208	197
40530	2	1277	292	276
40531	2	1371	287	276
40532	2	1483	315	302
40533	2	1138	279	265
40534	2	1052	297	280
40535	2	729	229	219
40536	2	1179	273	261
40537	2	789	164	152
40538	2	487	95	83
40539	2	635	136	127
40540	2	430	110	74
40541	2	1016	244	228
40542	2	1172	321	311
40543	2	149	41	19
40544	2	1070	262	250
40545	2	223	48	36
40546	2	908	197	166
40547	2	394	88	68
40548	2	396	144	131
40549	2	1063	305	291
40550	2	656	196	166
40551	2	115	40	17
40552	2	413	111	94
40553	2	117	31	19
40554	2	393	113	94
40555	2	618	145	120
40556	2	317	106	88
40557	2	457	107	89
40558	2	46	19	7
40559	2	621	130	117
40560	2	1016	231	219
40561	2	1155	363	347
40562	2	108	45	31
40563	2	1071	283	267
40564	2	826	247	230
40565	2	1324	301	282
40566	2	988	303	280
40567	2	1044	269	253
40568	2	1118	294	284
40569	2	1073	324	301
40570	2	1016	391	381
40571	2	107	31	15
40572	2	879	287	270
40573	2	810	249	228
40574	2	1197	360	343
40575	2	417	97	85
40576	2	64	19	3
40577	2	373	131	80
40578	2	1304	350	333
40579	2	140	42	14
40580	2	150	40	32
40581	2	1138	189	175
40582	2	922	175	162
40583	2	1429	341	330
40584	2	282	91	68
40585	2	1495	314	302
40586	2	789	157	141
40587	2	888	165	156
40588	2	1133	232	219
40589	2	1369	260	247
40590	2	1488	307	293
40591	2	939	228	216
40592	2	269	103	89
40593	2	755	160	147
40594	2	1256	234	217
40595	2	576	129	110
40596	2	594	108	94
40597	2	459	115	99
40598	2	236	66	39
40599	2	308	78	57
40600	2	152	41	18
40601	2	936	185	173
40602	2	535	141	131
40603	2	821	154	142
40604	2	157	48	22
40605	2	958	304	289
40606	2	1131	293	276
40607	2	844	305	293
40608	2	619	142	121
40609	2	575	152	136
40610	2	1359	293	279
40611	2	1391	337	318
40612	2	948	268	253
40613	2	1282	280	270
40614	2	1378	316	298
40615	2	1254	282	270
40616	2	1300	416	398
40617	2	489	192	176
40618	2	1176	335	319
40619	2	1419	288	268
40620	2	281	85	60
40621	2	1376	398	384
40622	2	1004	268	248
40623	2	1034	255	243
40624	2	603	163	147
40625	2	209	55	44
40626	2	546	247	236
40627	2	796	192	182
40628	2	69	23	11
40629	2	773	230	195
40630	2	904	231	215
40631	2	265	76	59
40632	2	38	20	8
40633	2	122	42	31
40634	2	1136	327	316
40635	2	1246	286	273
40636	2	926	278	268
40637	2	92	30	9
40638	2	725	199	185
40639	2	779	229	206
40640	2	308	72	60
40641	2	511	161	129
40642	2	455	163	146
40643	2	114	36	22
40644	2	166	43	28
40645	2	119	34	22
40646	2	174	52	22
40647	2	889	204	194
40648	2	962	250	236
40649	2	1159	301	287
40650	2	1451	368	327
40651	2	934	212	201
40652	2	315	93	61
40653	2	687	136	128
40654	2	1110	249	232
40655	2	1135	241	231
40656	2	952	205	190
40657	2	902	216	201
40658	2	985	290	271
40659	2	1212	330	302
40660	2	1266	233	221
40661	2	692	143	130
40662	2	936	218	204
40663	2	1299	240	226
40664	2	984	192	172
40665	2	165	44	12
40666	2	1006	232	220
40667	2	1396	274	265
40668	2	1122	300	285
40669	2	621	121	107
40670	2	989	204	191
40671	2	195	50	30
40672	2	1132	399	370
40673	2	883	191	182
40674	2	214	48	26
40675	2	664	148	115
40676	2	111	35	13
40677	2	1207	236	226
40678	2	570	156	126
40679	2	321	114	83
40680	2	1246	283	273
40681	2	1138	303	287
40682	2	336	62	48
40683	2	150	60	43
40684	2	598	181	163
40685	2	331	80	47
40686	2	1402	308	288
40687	2	868	200	135
40688	2	452	136	121
40689	2	1594	334	317
40690	2	651	177	146
40691	2	399	100	73
40692	2	1295	255	238
40693	2	1116	325	311
40694	2	201	45	30
40695	2	1054	225	213
40696	2	162	51	20
40697	2	1230	246	231
40698	2	632	134	118
40699	2	1383	308	294
40700	2	416	80	68
40701	2	803	175	161
40702	2	1008	228	215
40703	2	129	39	22
40704	2	489	190	177
40705	2	1075	321	308
40706	2	231	57	44
40707	2	71	26	8
40708	2	119	40	19
40709	2	1221	271	256
40710	2	481	114	92
40711	2	931	203	181
40712	2	977	217	209
40713	2	1456	286	272
40714	2	1354	292	280
40715	2	405	83	67
40716	2	725	131	119
40717	2	83	29	14
40718	2	150	33	23
40719	2	345	100	85
40720	2	134	39	26
40721	2	495	113	97
40722	2	255	78	61
40723	2	90	23	8
40724	2	56	29	15
40725	2	189	44	31
40726	2	1240	273	264
40727	2	228	73	50
40728	2	572	134	118
40729	2	1278	270	255
40730	2	321	67	57
40731	2	914	231	216
40732	2	451	170	158
40733	2	221	62	27
40734	2	160	48	39
40735	2	303	89	65
40736	2	151	36	9
40737	2	154	60	50
40738	2	1190	262	250
40739	2	489	99	87
40740	2	745	172	160
40741	2	1130	294	276
40742	2	1266	276	267
40743	2	991	274	261
40744	2	101	43	26
40745	2	427	126	96
40746	2	130	30	14
40747	2	1566	302	279
40748	2	261	62	30
40749	2	616	138	124
40750	2	1216	318	297
40751	2	1035	197	185
40752	2	1193	237	222
40753	2	889	210	183
40754	2	504	174	156
40755	2	165	39	23
40756	2	204	92	69
40757	2	1063	413	398
40758	2	161	52	21
40759	2	610	163	147
40760	2	156	36	25
40761	2	802	207	189
40762	2	122	38	14
40763	2	109	40	20
40764	2	204	52	33
40765	2	1272	242	229
40766	2	98	35	20
40767	2	1172	260	241
40768	2	107	38	19
40769	2	1116	212	197
40770	2	1226	314	302
40771	2	1425	294	278
40772	2	248	64	46
40773	2	1683	626	607
40774	2	1271	273	258
40775	2	110	38	16
40776	2	593	210	198
40777	2	1217	333	321
40778	2	1101	222	212
40779	2	1177	388	373
40780	2	1032	258	244
40781	2	744	175	146
40782	2	669	235	226
40783	2	621	182	163
40784	2	836	227	215
40785	2	820	283	260
40786	2	1039	408	394
40787	2	73	33	16
40788	2	471	131	121
40789	2	1013	230	204
40790	2	486	155	137
40791	2	588	152	125
40792	2	975	244	232
40793	2	509	153	15
40794	2	398	120	107
40795	2	630	147	137
40796	2	258	80	64
40797	2	297	60	49
40798	2	237	51	42
40799	2	304	90	57
40800	2	156	39	15
40801	2	337	85	64
40802	2	1322	279	266
40803	2	651	110	96
40804	2	449	96	81
40805	2	185	59	47
40806	2	201	67	50
40807	2	342	84	68
40808	2	863	181	168
40809	2	336	68	29
40810	2	175	53	13
40811	2	299	91	47
40812	2	999	258	229
40813	2	123	33	15
40814	2	836	168	154
40815	2	200	51	30
40816	2	1013	313	279
40817	2	576	127	104
40818	2	1513	451	445
40819	2	835	182	166
40820	2	107	57	48
40821	2	1089	317	307
40822	2	1515	307	291
40823	2	316	103	87
40824	2	1025	304	283
40825	2	704	185	140
40826	2	942	284	264
40827	2	550	167	126
40828	2	327	111	85
40829	2	512	129	112
40830	2	1306	295	260
40831	2	973	263	234
40832	2	1335	388	337
40833	2	184	46	19
40834	2	103	27	7
40835	2	605	184	163
40836	2	1672	401	393
40837	2	1226	276	257
40838	2	1130	296	277
40839	2	1242	252	238
40840	2	1405	275	265
40841	2	1096	230	216
40842	2	1531	301	294
40843	2	729	152	137
40844	2	281	62	50
40845	2	702	196	185
40846	2	119	35	19
40847	2	166	41	17
40848	2	156	46	15
40849	2	1183	305	289
40850	2	1072	247	233
40851	2	773	187	177
40852	2	1444	384	371
40853	2	1367	366	352
40854	2	688	157	145
40855	2	535	136	115
40856	2	474	103	78
40857	2	1025	228	211
40858	2	789	182	121
40859	2	1191	368	351
40860	2	157	65	39
40861	2	152	50	19
40862	2	722	196	178
40863	2	174	60	33
40864	2	705	192	179
40865	2	282	108	93
40866	2	168	38	20
40867	2	136	39	13
40868	2	103	28	7
40869	2	985	269	258
40870	2	1015	227	212
40871	2	1041	258	243
40872	2	914	206	196
40873	2	1083	218	206
40874	2	1193	259	243
40875	2	120	42	20
40876	2	81	27	9
40877	2	150	34	15
40878	2	522	145	130
40879	2	174	59	24
40880	2	157	30	5
40881	2	880	291	274
40882	2	1136	285	272
40883	2	696	204	168
40884	2	779	152	140
40885	2	106	50	38
40886	2	744	199	177
40887	2	130	55	30
40888	2	166	34	22
40889	2	182	75	65
40890	2	1033	265	247
40891	2	1138	237	226
40892	2	788	189	170
40893	2	361	101	40
40894	2	728	153	141
40895	2	198	70	51
40896	2	182	54	40
40897	2	258	83	61
40898	2	151	43	16
40899	2	715	199	175
40900	2	762	205	192
40901	2	105	25	8
40902	2	100	31	10
40903	2	50	20	6
40904	2	429	78	70
40905	2	1277	296	287
40906	2	80	34	20
40907	2	1329	259	250
40908	2	826	177	161
40909	2	762	183	171
40910	2	202	84	61
40911	2	1218	373	350
40912	2	914	279	263
40913	2	1271	251	239
40914	2	1311	273	262
40915	2	1241	290	280
40916	2	1235	264	253
40917	2	1309	334	322
40918	2	1299	335	319
40919	2	1082	318	306
40920	2	279	81	70
40921	2	599	153	136
40922	2	396	149	132
40923	2	858	249	236
40924	2	582	128	118
40925	2	213	47	33
40926	2	534	142	118
40927	2	1299	299	278
40928	2	1048	323	313
40929	2	989	340	322
40930	2	829	255	243
40931	2	645	180	165
40932	2	238	68	40
40933	2	539	117	99
40934	2	1171	249	241
40935	2	216	47	32
40936	2	700	160	126
40937	2	615	118	107
40938	2	270	78	64
40939	2	1221	508	494
40940	2	900	217	207
40941	2	838	248	233
40942	2	567	127	110
40943	2	613	162	139
40944	2	154	78	63
40945	2	303	94	66
40946	2	1347	340	326
40947	2	267	78	61
40948	2	819	301	288
40949	2	526	169	153
40950	2	1319	278	268
40951	2	153	37	24
40952	2	1038	227	217
40953	2	995	321	311
40954	2	156	32	11
40955	2	130	45	12
40956	2	618	179	150
40957	2	464	108	92
40958	2	1301	249	235
40959	2	956	178	164
40960	2	162	40	18
40961	2	165	39	24
40962	2	615	175	165
40963	2	695	225	203
40964	2	190	62	47
40965	2	365	131	116
40966	2	944	197	183
40967	2	836	162	143
40968	2	310	120	108
40969	2	318	71	57
40970	2	904	177	163
40971	2	130	27	12
40972	2	465	128	114
40973	2	450	159	139
40974	2	1185	428	403
40975	2	349	89	69
40976	2	900	230	198
40977	2	608	158	143
40978	2	489	112	96
40979	2	692	181	170
40980	2	184	59	48
40981	2	615	170	159
40982	2	275	75	59
40983	2	736	177	161
40984	2	159	46	33
40985	2	173	43	32
40986	2	1509	385	371
40987	2	1324	249	240
40988	2	130	33	3
40989	2	1424	277	264
40990	2	1037	272	260
40991	2	1007	224	208
40992	2	585	133	123
40993	2	1528	372	360
40994	2	1342	314	298
40995	2	84	24	8
40996	2	185	54	30
40997	2	226	48	34
40998	2	399	134	120
40999	2	1441	286	275
41000	2	253	76	49
41001	2	147	69	57
41002	2	995	189	177
41003	2	468	113	93
41004	2	137	34	22
41005	2	423	102	93
41006	2	1259	294	279
41007	2	506	143	115
41008	2	861	173	159
41009	2	639	138	128
41010	2	825	172	161
41011	2	637	205	189
41012	2	231	71	51
41013	2	312	86	70
41014	2	897	361	342
41015	2	89	23	5
41016	2	207	83	39
41017	2	435	231	214
41018	2	1120	380	361
41019	2	493	177	149
41020	2	153	32	17
41021	2	195	51	39
41022	2	1474	405	376
41023	2	356	97	76
41024	2	1054	196	186
41025	2	1164	240	226
41026	2	780	173	156
41027	2	1236	292	278
41028	2	336	102	87
41029	2	963	262	245
41030	2	520	140	46
41031	2	198	51	35
41032	2	1164	238	226
41033	2	521	104	92
41034	2	165	55	30
41035	2	221	80	65
41036	2	278	72	63
41037	2	1245	279	264
41038	2	191	60	19
41039	2	865	366	334
41040	2	527	151	141
41041	2	226	64	51
41042	2	729	165	144
41043	2	962	353	318
41044	2	57	25	13
41045	2	91	38	14
41046	2	814	239	226
41047	2	1327	358	339
41048	2	554	129	116
41049	2	779	163	127
41050	2	71	30	12
41051	2	57	19	9
41052	2	522	152	140
41053	2	54	21	7
41054	2	1182	214	199
41055	2	783	191	176
41056	2	633	123	111
41057	2	1116	216	196
41058	2	173	59	42
41059	2	789	211	198
41060	2	477	100	89
41061	2	1231	251	236
41062	2	153	45	32
41063	2	892	255	243
41064	2	351	65	58
41065	2	273	76	57
41066	2	80	29	12
41067	2	74	29	17
41068	2	535	127	106
41069	2	117	31	13
41070	2	662	197	181
41071	2	860	264	246
41072	2	68	26	7
41073	2	945	256	239
41074	2	897	258	232
41075	2	1151	292	276
41076	2	121	46	19
41077	2	138	50	35
41078	2	1069	255	243
41079	2	122	35	11
41080	2	798	236	222
41081	2	1184	349	332
41082	2	1243	242	229
41083	2	1154	329	307
41084	2	1182	231	219
41085	2	727	194	173
41086	2	1524	350	339
41087	2	334	102	79
41088	2	352	124	92
41089	2	510	88	70
41090	2	500	152	139
41091	2	126	29	18
41092	2	583	144	130
41093	2	876	312	297
41094	2	282	97	63
41095	2	170	66	50
41096	2	183	51	29
41097	2	162	38	23
41098	2	849	193	183
41099	2	1056	257	246
41100	2	1430	313	300
41101	2	207	58	41
41102	2	260	76	66
41103	2	885	198	169
41104	2	1025	192	174
41105	2	1154	273	254
41106	2	654	169	161
41107	2	597	143	119
41108	2	344	88	64
41109	2	617	209	189
41110	2	975	271	258
41111	2	66	24	8
41112	2	741	189	172
41113	2	66	23	7
41114	2	1225	281	271
41115	2	109	33	12
41116	2	141	44	29
41117	2	804	135	124
41118	2	98	26	13
41119	2	1334	261	252
41120	2	273	59	44
41121	2	156	59	44
41122	2	798	235	158
41123	2	163	34	22
41124	2	491	97	92
41125	2	80	22	12
41126	2	1057	265	255
41127	2	63	25	12
41128	2	1071	338	310
41129	2	381	98	92
41130	2	387	97	81
41131	2	851	205	192
41132	2	966	214	202
41133	2	570	131	117
41134	2	966	203	192
41135	2	1187	241	217
41136	2	1462	324	307
41137	2	1106	238	217
41138	2	366	91	74
41139	2	735	151	133
41140	2	345	89	77
41141	2	484	134	117
41142	2	1147	242	233
41143	2	1060	233	224
41144	2	947	202	187
41145	2	97	31	16
41146	2	102	36	19
41147	2	217	63	45
41148	2	186	40	25
41149	2	184	42	26
41150	2	113	37	18
41151	2	997	186	176
41152	2	1084	347	331
41153	2	410	97	77
41154	2	106	42	24
41155	2	198	58	43
41156	2	504	119	104
41157	2	1281	280	267
41158	2	149	52	35
41159	2	968	225	212
41160	2	317	93	76
41161	2	837	175	155
41162	2	550	153	142
41163	2	199	47	37
41164	2	254	82	62
41165	2	737	216	192
41166	2	829	190	176
41167	2	450	104	87
41168	2	319	100	56
41169	2	213	68	45
41170	2	408	113	95
41171	2	1123	239	222
41172	2	278	78	57
41173	2	360	96	84
41174	2	225	73	59
41175	2	153	47	23
41176	2	426	124	95
41177	2	1031	202	186
41178	2	283	114	74
41179	2	240	80	62
41180	2	1126	281	270
41181	2	822	190	176
41182	2	525	151	139
41183	2	84	30	10
41184	2	612	274	245
41185	2	258	70	50
41186	2	355	101	45
41187	2	489	179	164
41188	2	282	59	46
41189	2	573	138	121
41190	2	1218	430	417
41191	2	854	182	170
41192	2	952	193	181
41193	2	655	142	123
41194	2	1474	309	291
41195	2	210	63	49
41196	2	1349	241	226
41197	2	1183	265	256
41198	2	284	92	68
41199	2	108	31	10
41200	2	540	167	128
41201	2	1259	333	322
41202	2	1323	291	280
41203	2	137	48	27
41204	2	1166	356	340
41205	2	690	208	194
41206	2	498	187	173
41207	2	66	23	10
41208	2	882	286	275
41209	2	126	43	36
41210	2	185	67	46
41211	2	570	144	130
41212	2	539	126	114
41213	2	993	243	231
41214	2	1207	242	231
41215	2	576	123	107
41216	2	534	92	84
41217	2	579	153	129
41218	2	1230	269	253
41219	2	925	211	202
41220	2	375	80	69
41221	2	1098	310	300
41222	2	96	27	9
41223	2	1046	280	268
41224	2	179	51	37
41225	2	764	173	157
41226	2	540	129	111
41227	2	790	224	206
41228	2	1299	350	339
41229	2	276	57	52
41230	2	1322	325	307
41231	2	1051	217	197
41232	2	468	150	125
41233	2	277	62	51
41234	2	83	26	12
41235	2	1225	330	304
41236	2	95	31	14
41237	2	404	119	83
41238	2	170	57	45
41239	2	99	41	21
41240	2	621	176	156
41241	2	862	242	229
41242	2	542	187	174
41243	2	704	220	210
41244	2	271	76	49
41245	2	1308	326	312
41246	2	1316	292	279
41247	2	1272	260	240
41248	2	546	146	127
41249	2	714	209	198
41250	2	1079	235	203
41251	2	1155	352	341
41252	2	303	56	40
41253	2	1092	212	195
41254	2	1338	402	382
41255	2	341	106	80
41256	2	462	73	62
41257	2	369	88	79
41258	2	875	352	315
41259	2	494	131	119
41260	2	433	89	80
41261	2	956	259	241
41262	2	163	44	17
41263	2	936	255	215
41264	2	787	225	215
41265	2	34	24	10
41266	2	144	39	18
41267	2	1150	341	315
41268	2	535	219	204
41269	2	411	86	73
41270	2	165	38	27
41271	2	113	36	18
41272	2	141	40	15
41273	2	180	41	19
41274	2	785	240	221
41275	2	303	70	28
41276	2	122	38	22
41277	2	394	90	76
41278	2	1242	431	402
41279	2	405	150	138
41280	2	766	217	199
41281	2	1058	229	212
41282	2	695	231	217
41283	2	223	73	36
41284	2	493	110	91
41285	2	1133	309	295
41286	2	823	210	181
41287	2	977	222	203
41288	2	700	203	189
41289	2	416	176	126
41290	2	1476	326	312
41291	2	116	44	21
41292	2	1153	338	315
41293	2	222	45	37
41294	2	224	61	46
41295	2	1280	350	339
41296	2	283	62	34
41297	2	1145	304	290
41298	2	333	116	105
41299	2	280	84	67
41300	2	116	39	19
41301	2	733	271	254
41302	2	245	58	35
41303	2	505	148	34
41304	2	118	38	21
41305	2	1302	349	335
41306	2	268	64	45
41307	2	423	128	111
41308	2	188	66	54
41309	2	1189	350	333
41310	2	652	204	195
41311	2	1201	378	353
41312	2	654	168	152
41313	2	242	51	35
41314	2	969	259	245
41315	2	294	61	49
41316	2	915	324	311
41317	2	1202	296	284
41318	2	111	29	9
41319	2	267	79	65
41320	2	652	125	111
41321	2	627	172	151
41322	2	694	148	131
41323	2	727	206	190
41324	2	1237	340	308
41325	2	1025	277	253
41326	2	1028	271	263
41327	2	107	32	15
41328	2	645	116	101
41329	2	888	205	195
41330	2	1017	214	198
41331	2	489	119	102
41332	2	152	39	3
41333	2	522	142	113
41334	2	640	214	193
41335	2	411	73	61
41336	2	756	236	224
41337	2	802	183	171
41338	2	323	90	79
41339	2	513	111	83
41340	2	1117	217	205
41341	2	1016	268	246
41342	2	1117	255	247
41343	2	182	70	52
41344	2	1257	332	304
41345	2	316	81	68
41346	2	417	89	74
41347	2	399	93	79
41348	2	665	227	214
41349	2	1011	208	198
41350	2	447	132	115
41351	2	465	150	135
41352	2	164	43	15
41353	2	350	82	52
41354	2	572	124	106
41355	2	1118	263	249
41356	2	689	126	116
41357	2	954	222	205
41358	2	649	131	106
41359	2	1416	350	324
41360	2	672	179	165
41361	2	1431	298	275
41362	2	1182	229	211
41363	2	1277	280	262
41364	2	334	112	104
41365	2	563	189	178
41366	2	582	148	122
41367	2	197	57	47
41368	2	1322	311	293
41369	2	267	76	45
41370	2	1351	399	357
41371	2	487	105	96
41372	2	1170	244	227
41373	2	804	187	172
41374	2	141	44	30
41375	2	266	56	38
41376	2	294	64	49
41377	2	496	143	132
41378	2	1485	299	283
41379	2	1175	240	225
41380	2	490	124	107
41381	2	1101	221	205
41382	2	1134	396	379
41383	2	162	70	54
41384	2	966	207	194
41385	2	416	184	162
41386	2	1191	266	257
41387	2	308	111	98
41388	2	787	203	186
41389	2	366	95	73
41390	2	857	195	175
41391	2	1032	253	241
41392	2	1181	383	370
41393	2	1188	337	320
41394	2	1550	348	319
41395	2	834	227	211
41396	2	1355	385	375
41397	2	130	62	38
41398	2	1339	307	292
41399	2	597	130	120
41400	2	123	34	19
41401	2	945	220	194
41402	2	429	103	66
41403	2	530	150	117
41404	2	920	320	306
41405	2	1219	231	213
41406	2	308	103	67
41407	2	453	94	71
41408	2	167	43	16
41409	2	204	52	34
41410	2	996	341	321
41411	2	254	62	52
41412	2	918	217	200
41413	2	751	178	167
41414	2	107	34	19
41415	2	191	61	48
41416	2	346	94	67
41417	2	157	58	27
41418	2	245	59	51
41419	2	210	50	26
41420	2	969	343	312
41421	2	1315	322	305
41422	2	247	49	38
41423	2	202	56	27
41424	2	895	227	193
41425	2	82	26	6
41426	2	1352	291	275
41427	2	428	152	141
41428	2	201	60	42
41429	2	793	232	220
41430	2	1088	359	332
41431	2	331	95	74
41432	2	1106	236	225
41433	2	147	49	16
41434	2	159	68	52
41435	2	277	66	39
41436	2	546	127	109
41437	2	1136	238	227
41438	2	929	204	191
41439	2	999	236	226
41440	2	340	98	79
41441	2	727	165	154
41442	2	264	52	38
41443	2	597	179	156
41444	2	780	195	148
41445	2	528	134	73
41446	2	1114	337	312
41447	2	295	92	70
41448	2	1372	263	245
41449	2	492	124	110
41450	2	883	291	276
41451	2	1336	294	279
41452	2	909	308	294
41453	2	1366	277	264
41454	2	399	78	68
41455	2	54	31	15
41456	2	1129	268	254
41457	2	448	87	72
41458	2	588	136	118
41459	2	1340	330	309
41460	2	453	118	103
41461	2	360	104	92
41462	2	174	37	25
41463	2	837	246	224
41464	2	199	51	8
41465	2	28	16	5
41466	2	408	107	95
41467	2	1065	280	266
41468	2	1242	472	453
41469	2	758	224	207
41470	2	1075	316	306
41471	2	1448	342	328
41472	2	976	259	241
41473	2	341	71	54
41474	2	593	189	172
41475	2	116	56	45
41476	2	995	312	296
41477	2	328	75	58
41478	2	1397	282	267
41479	2	490	104	89
41480	2	466	111	97
41481	2	1268	331	317
41482	2	1059	239	223
41483	2	1403	297	285
41484	2	896	179	168
41485	2	1018	228	216
41486	2	1488	333	324
41487	2	1090	212	198
41488	2	1309	288	275
41489	2	463	109	86
41490	2	129	42	21
41491	2	881	180	163
41492	2	96	23	10
41493	2	151	35	22
41494	2	582	136	120
41495	2	563	172	160
41496	2	1072	270	261
41497	2	327	85	72
41498	2	752	155	141
41499	2	1229	304	285
41500	2	1283	291	278
41501	2	189	52	20
41502	2	453	158	145
41503	2	125	37	19
41504	2	365	98	89
41505	2	1470	289	278
41506	2	1195	292	277
41507	2	278	94	79
41508	2	109	34	19
41509	2	156	44	29
41510	2	752	175	158
41511	2	81	31	12
41512	2	837	197	177
41513	2	161	34	12
41514	2	1245	257	245
41515	2	93	28	4
41516	2	638	185	170
41517	2	106	29	9
41518	2	282	61	45
41519	2	1191	230	220
41520	2	715	133	122
41521	2	385	88	55
41522	2	779	183	171
41523	2	1191	245	232
41524	2	181	47	31
41525	2	1293	288	275
41526	2	903	233	218
41527	2	606	153	138
41528	2	1025	246	231
41529	2	1130	314	297
41530	2	714	198	188
41531	2	77	30	10
41532	2	192	44	11
41533	2	572	149	130
41534	2	121	38	24
41535	2	760	261	233
41536	2	518	133	119
41537	2	225	68	40
41538	2	123	35	19
41539	2	693	151	130
41540	2	454	115	98
41541	2	974	269	241
41542	2	157	60	26
41543	2	830	152	139
41544	2	500	193	179
41545	2	618	128	118
41546	2	861	196	185
41547	2	624	120	103
41548	2	269	89	66
41549	2	212	65	50
41550	2	126	54	31
41551	2	149	60	43
41552	2	1165	276	259
41553	2	477	116	107
41554	2	300	69	57
41555	2	435	110	92
41556	2	269	60	47
41557	2	971	305	284
41558	2	1301	308	287
41559	2	1049	211	198
41560	2	952	288	277
41561	2	1063	340	323
41562	2	1053	289	275
41563	2	417	84	71
41564	2	1232	346	320
41565	2	999	279	261
41566	2	114	27	18
41567	2	181	58	34
41568	2	375	127	115
41569	2	428	86	73
41570	2	109	34	19
41571	2	483	152	138
41572	2	201	56	28
41573	2	469	114	91
41574	2	69	19	6
41575	2	1217	332	317
41576	2	792	235	219
41577	2	83	27	6
41578	2	996	200	190
41579	2	168	65	45
41580	2	758	207	154
41581	2	1030	225	210
41582	2	777	204	189
41583	2	320	64	51
41584	2	252	69	53
41585	2	142	61	43
41586	2	934	225	212
41587	2	174	53	35
41588	2	94	25	7
41589	2	879	318	306
41590	2	221	85	64
41591	2	1359	260	251
41592	2	752	256	239
41593	2	112	46	26
41594	2	1239	239	230
41595	2	416	112	87
41596	2	737	249	238
41597	2	469	128	118
41598	2	255	65	50
41599	2	171	57	38
41600	2	980	237	225
41601	2	607	157	143
41602	2	180	41	24
41603	2	120	32	12
41604	2	1280	267	255
41605	2	66	26	15
41606	2	625	150	134
41607	2	1058	332	317
41608	2	1062	257	247
41609	2	160	40	9
41610	2	1158	283	267
41611	2	1224	314	303
41612	2	920	269	255
41613	2	964	252	241
41614	2	94	22	5
41615	2	356	98	40
41616	2	1074	217	207
41617	2	1101	333	319
41618	2	181	39	30
41619	2	1217	387	360
41620	2	225	61	45
41621	2	1605	304	244
41622	2	141	38	17
41623	2	1732	390	375
41624	2	1014	303	287
41625	2	137	35	8
41626	2	311	56	38
41627	2	141	33	18
41628	2	1216	253	242
41629	2	270	110	93
41630	2	660	173	127
41631	2	951	220	192
41632	2	669	166	79
41633	2	1852	505	485
41634	2	338	101	65
41635	2	216	50	42
41636	2	1008	295	282
41637	2	861	175	166
41638	2	1200	246	232
41639	2	1160	298	286
41640	2	914	202	195
41641	2	914	208	193
41642	2	550	131	121
41643	2	1316	283	276
41644	2	1023	241	220
41645	2	403	79	68
41646	2	756	228	214
41647	2	1134	316	295
41648	2	427	111	81
41649	2	1167	251	242
41650	2	1206	344	330
41651	2	1212	354	329
41652	2	1011	231	212
41653	2	387	102	90
41654	2	883	223	208
41655	2	1381	305	290
41656	2	835	166	152
41657	2	211	106	93
41658	2	1204	267	258
41659	2	349	131	120
41660	2	1085	351	335
41661	2	1340	287	275
41662	2	1004	257	246
41663	2	815	241	211
41664	2	1383	268	248
41665	2	1031	184	168
41666	2	882	273	259
41667	2	170	54	40
41668	2	307	121	106
41669	2	432	113	103
41670	2	94	42	22
41671	2	329	87	69
41672	2	74	26	10
41673	2	864	163	146
41674	2	162	37	22
41675	2	1064	195	172
41676	2	1064	216	202
41677	2	1452	302	287
41678	2	562	132	110
41679	2	255	103	61
41680	2	204	65	44
41681	2	390	104	80
41682	2	626	153	135
41683	2	300	65	44
41684	2	1066	243	231
41685	2	192	58	40
41686	2	1100	233	225
41687	2	604	182	149
41688	2	952	176	160
41689	2	431	125	89
41690	2	511	175	143
41691	2	183	64	52
41692	2	157	42	31
41693	2	1310	311	300
41694	2	1355	309	298
41695	2	1184	246	236
41696	2	294	67	43
41697	2	135	29	20
41698	2	738	229	211
41699	2	658	193	174
41700	2	996	240	225
41701	2	532	162	151
41702	2	1114	232	218
41703	2	1255	266	252
41704	2	1328	255	244
41705	2	1107	272	263
41706	2	1195	244	235
41707	2	186	48	31
41708	2	366	93	69
41709	2	109	31	9
41710	2	458	115	103
41711	2	206	67	52
41712	2	710	201	179
41713	2	1155	321	305
41714	2	519	143	131
41715	2	417	107	96
41716	2	97	37	12
41717	2	273	67	50
41718	2	277	94	72
41719	2	152	48	17
41720	2	108	33	19
41721	2	366	75	61
41722	2	264	70	58
41723	2	779	192	157
41724	2	153	38	26
41725	2	1369	317	255
41726	2	1109	261	241
41727	2	488	123	105
41728	2	712	140	127
41729	2	162	49	36
41730	2	103	44	17
41731	2	93	30	16
41732	2	83	29	12
41733	2	198	64	8
41734	2	107	38	17
41735	2	444	106	84
41736	2	86	35	23
41737	2	1253	294	282
41738	2	1077	357	333
41739	2	203	81	68
41740	2	906	300	286
41741	2	1173	402	384
41742	2	772	176	162
41743	2	385	152	112
41744	2	1473	501	489
41745	2	1210	261	250
41746	2	1159	277	262
41747	2	245	96	82
41748	2	1292	282	264
41749	2	811	203	176
41750	2	1194	277	262
41751	2	684	185	153
41752	2	447	173	162
41753	2	483	112	96
41754	2	1458	286	270
41755	2	291	65	42
41756	2	147	42	16
41757	2	77	27	14
41758	2	221	85	72
41759	2	891	218	207
41760	2	162	30	16
41761	2	1164	216	202
41762	2	191	70	27
41763	2	165	47	38
41764	2	1360	309	293
41765	2	836	177	165
41766	2	1174	321	299
41767	2	105	37	12
41768	2	1224	248	239
41769	2	412	111	78
41770	2	749	168	156
41771	2	370	124	114
41772	2	233	87	55
41773	2	1042	269	260
41774	2	179	58	43
41775	2	104	29	16
41776	2	161	50	35
41777	2	253	61	44
41778	2	171	65	25
41779	2	88	31	13
41780	2	974	202	194
41781	2	79	26	10
41782	2	102	38	17
41783	2	67	25	5
41784	2	168	35	20
41785	2	88	32	18
41786	2	498	107	91
41787	2	552	116	106
41788	2	176	93	77
41789	2	254	78	56
41790	2	1514	299	286
41791	2	1202	243	228
41792	2	461	104	88
41793	2	102	40	18
41794	2	1222	220	208
41795	2	1377	338	326
41796	2	181	42	20
41797	2	1447	292	279
41798	2	1183	334	319
41799	2	84	28	11
41800	2	1243	293	279
41801	2	1194	334	316
41802	2	1093	317	301
41803	2	1287	246	232
41804	2	763	218	205
41805	2	140	41	23
41806	2	609	141	127
41807	2	451	205	179
41808	2	255	111	95
41809	2	254	83	43
41810	2	154	46	13
41811	2	83	25	6
41812	2	871	171	158
41813	2	468	102	87
41814	2	217	54	30
41815	2	282	77	47
41816	2	254	71	38
41817	2	252	116	89
41818	2	1343	291	257
41819	2	219	45	27
41820	2	1251	343	330
41821	2	1304	238	225
41822	2	1071	245	226
41823	2	495	137	96
41824	2	178	47	18
41825	2	553	163	129
41826	2	246	48	35
41827	2	333	90	76
41828	2	135	36	27
41829	2	1213	294	282
41830	2	186	43	26
41831	2	435	120	108
41832	2	561	130	114
41833	2	512	145	114
41834	2	219	53	36
41835	2	447	100	74
41836	2	1231	371	354
41837	2	170	64	48
41838	2	776	176	163
41839	2	403	132	119
41840	2	432	94	83
41841	2	91	36	16
41842	2	644	191	179
41843	2	1133	237	221
41844	2	1104	240	229
41845	2	122	31	15
41846	2	780	223	213
41847	2	1094	390	375
41848	2	351	79	21
41849	2	758	184	173
41850	2	156	51	21
41851	2	1297	295	280
41852	2	1050	252	241
41853	2	1047	336	310
41854	2	1315	296	282
41855	2	117	40	18
41856	2	631	135	100
41857	2	834	172	162
41858	2	1306	346	335
41859	2	310	83	65
41860	2	1241	373	352
41861	2	1339	275	265
41862	2	209	67	56
41863	2	519	108	98
41864	2	263	80	49
41865	2	294	68	54
41866	2	549	173	156
41867	2	387	111	95
41868	2	1279	280	265
41869	2	679	185	143
41870	2	1022	296	234
41871	2	456	87	74
41872	2	1209	349	334
41873	2	205	65	36
41874	2	1124	242	228
41875	2	1322	360	342
41876	2	354	149	132
41877	2	870	295	281
41878	2	700	203	191
41879	2	554	144	131
41880	2	563	165	145
41881	2	177	63	45
41882	2	876	254	237
41883	2	337	101	69
41884	2	755	150	135
41885	2	1063	254	238
41886	2	102	36	19
41887	2	687	136	121
41888	2	1081	256	230
41889	2	188	56	21
41890	2	1205	378	365
41891	2	192	54	33
41892	2	306	96	60
41893	2	126	38	24
41894	2	444	98	80
41895	2	427	126	115
41896	2	298	66	49
41897	2	558	142	131
41898	2	415	126	115
41899	2	465	132	106
41900	2	1171	294	280
41901	2	1271	343	329
41902	2	1196	253	240
41903	2	902	238	216
41904	2	209	41	28
41905	2	246	121	99
41906	2	178	85	72
41907	2	419	125	112
41908	2	89	22	10
41909	2	1219	285	269
41910	2	1208	385	376
41911	2	376	79	66
41912	2	618	143	123
41913	2	371	102	89
41914	2	578	163	146
41915	2	1366	326	306
41916	2	1168	246	234
41917	2	815	247	233
41918	2	734	150	141
41919	2	1254	247	239
41920	2	525	161	146
41921	2	122	40	21
41922	2	1228	426	418
41923	2	109	33	14
41924	2	73	21	9
41925	2	66	20	10
41926	2	848	203	187
41927	2	1012	243	222
41928	2	860	168	160
41929	2	1073	322	307
41930	2	646	128	91
41931	2	664	133	119
41932	2	1326	292	268
41933	2	1313	327	312
41934	2	1401	285	272
41935	2	1096	289	276
41936	2	377	150	133
41937	2	363	68	55
41938	2	1240	250	237
41939	2	407	109	81
41940	2	247	58	40
41941	2	993	192	180
41942	2	1259	305	270
41943	2	895	157	145
41944	2	1041	197	183
41945	2	361	106	92
41946	2	566	131	124
41947	2	505	99	64
41948	2	572	127	110
41949	2	545	158	145
41950	2	40	16	5
41951	2	305	87	12
41952	2	1066	297	276
41953	2	878	204	192
41954	2	762	220	207
41955	2	1040	225	211
41956	2	951	213	202
41957	2	1331	306	294
41958	2	174	68	55
41959	2	141	69	50
41960	2	879	238	198
41961	2	344	111	97
41962	2	778	171	159
41963	2	1273	276	266
41964	2	140	52	35
41965	2	88	39	21
41966	2	449	171	144
41967	2	207	56	38
41968	2	892	286	275
41969	2	257	59	41
41970	2	119	44	22
41971	2	489	105	95
41972	2	396	157	135
41973	2	1426	427	416
41974	2	1188	332	312
41975	2	1262	301	283
41976	2	993	244	231
41977	2	329	115	76
41978	2	804	232	208
41979	2	971	307	285
41980	2	1174	317	299
41981	2	1241	375	364
41982	2	270	78	66
41983	2	215	60	50
41984	2	925	263	244
41985	2	609	255	230
41986	2	165	44	32
41987	2	77	23	8
41988	2	438	107	91
41989	2	84	30	8
41990	2	168	43	25
41991	2	72	24	8
41992	2	114	27	13
41993	2	529	139	55
41994	2	156	47	29
41995	2	834	356	342
41996	2	1102	262	246
41997	2	1173	243	231
41998	2	1194	324	314
41999	2	622	135	119
42000	2	1119	263	250
42001	2	1361	339	325
42002	2	1299	368	357
42003	2	970	236	225
42004	2	197	53	18
42005	2	273	71	31
42006	2	1007	345	325
42007	2	77	22	12
42008	2	209	52	27
42009	2	852	217	201
42010	2	460	92	56
42011	2	1188	294	283
42012	2	1307	319	288
42013	2	1518	265	245
42014	2	88	22	3
42015	2	99	26	18
42016	2	496	134	118
42017	2	58	22	4
42018	2	877	176	163
42019	2	612	123	116
42020	2	105	29	16
42021	2	1169	334	319
42022	2	1280	266	256
42023	2	543	117	103
42024	2	1099	294	273
42025	2	614	206	193
42026	2	72	27	9
42027	2	393	90	77
42028	2	126	36	24
42029	2	731	191	179
42030	2	775	239	222
42031	2	804	237	198
42032	2	671	176	163
42033	2	449	131	111
42034	2	141	47	28
42035	2	873	271	254
42036	2	505	197	181
42037	2	1069	310	296
42038	2	48	17	7
42039	2	518	163	151
42040	2	114	35	23
42041	2	108	42	28
42042	2	520	115	102
42043	2	919	393	369
42044	2	875	212	193
42045	2	716	153	142
42046	2	236	69	54
42047	2	953	271	256
42048	2	1375	266	254
42049	2	958	216	205
42050	2	893	229	203
42051	2	357	84	61
42052	2	917	226	210
42053	2	471	153	136
42054	2	1467	309	291
42055	2	464	96	77
42056	2	1113	330	317
42057	2	940	284	271
42058	2	1149	392	373
42059	2	195	67	49
42060	2	1047	254	237
42061	2	1318	270	259
42062	2	1228	294	279
42063	2	1330	321	301
42064	2	1250	365	352
42065	2	294	73	32
42066	2	1114	197	188
42067	2	75	19	8
42068	2	142	51	34
42069	2	107	33	10
42070	2	120	34	7
42071	2	1046	214	198
42072	2	144	35	24
42073	2	164	62	34
42074	2	110	44	14
42075	2	267	57	44
42076	2	364	124	101
42077	2	1222	264	254
42078	2	79	21	4
42079	2	212	73	23
42080	2	106	47	28
42081	2	1274	298	276
42082	2	201	70	60
42083	2	1312	322	308
42084	2	901	257	243
42085	2	1100	304	290
42086	2	113	29	17
42087	2	638	121	107
42088	2	1056	294	282
42089	2	96	32	17
42090	2	60	26	16
42091	2	123	37	18
42092	2	678	170	158
42093	2	763	228	206
42094	2	854	252	234
42095	2	342	78	58
42096	2	1179	273	255
42097	2	1063	210	192
42098	2	1035	264	255
42099	2	94	35	21
42100	2	951	237	224
42101	2	1223	248	237
42102	2	960	203	191
42103	2	375	80	70
42104	2	1058	217	208
42105	2	199	49	31
42106	2	1211	226	213
42107	2	1122	280	258
42108	2	1365	268	252
42109	2	856	260	246
42110	2	1376	279	262
42111	2	1396	303	291
42112	2	847	190	179
42113	2	1405	288	275
42114	2	1251	254	241
42115	2	1002	295	281
42116	2	410	120	106
42117	2	171	41	24
42118	2	1232	397	381
42119	2	947	191	182
42120	2	1087	258	239
42121	2	76	26	11
42122	2	930	235	210
42123	2	540	131	112
42124	2	227	61	18
42125	2	250	66	54
42126	2	933	395	377
42127	2	277	102	73
42128	2	870	248	234
42129	2	363	88	67
42130	2	326	88	74
42131	2	699	183	171
42132	2	412	96	80
42133	2	631	141	126
42134	2	871	205	193
42135	2	152	34	14
42136	2	135	44	34
42137	2	38	18	9
42138	2	1048	238	227
42139	2	1194	282	270
42140	2	540	166	149
42141	2	498	120	103
42142	2	719	166	153
42143	2	1073	274	258
42144	2	966	188	177
42145	2	896	236	225
42146	2	927	249	240
42147	2	1071	235	225
42148	2	708	144	132
42149	2	683	223	208
42150	2	182	69	53
42151	2	159	36	21
42152	2	871	177	165
42153	2	143	42	21
42154	2	1276	306	294
42155	2	672	180	143
42156	2	385	90	72
42157	2	686	234	219
42158	2	1215	237	223
42159	2	171	50	33
42160	2	295	93	77
42161	2	163	54	43
42162	2	159	53	30
42163	2	107	34	19
42164	2	894	214	202
42165	2	595	172	155
42166	2	797	231	218
42167	2	306	89	77
42168	2	1120	226	213
42169	2	1055	191	181
42170	2	883	213	202
42171	2	1065	260	250
42172	2	1152	231	218
42173	2	393	108	96
42174	2	542	129	59
42175	2	1162	241	225
42176	2	128	44	27
42177	2	852	199	182
42178	2	1057	217	201
42179	2	408	101	88
42180	2	191	44	16
42181	2	813	196	184
42182	2	105	38	20
42183	2	495	108	83
42184	2	167	70	51
42185	2	862	228	192
42186	2	499	155	136
42187	2	112	37	13
42188	2	586	153	137
42189	2	390	110	90
42190	2	276	58	38
42191	2	1170	353	338
42192	2	1214	257	246
42193	2	1418	301	289
42194	2	1269	276	262
42195	2	1323	292	281
42196	2	474	95	88
42197	2	116	37	11
42198	2	528	141	117
42199	2	739	221	198
42200	2	262	54	42
42201	2	111	35	23
42202	2	437	98	75
42203	2	547	107	71
42204	2	203	49	15
42205	2	1224	354	336
42206	2	595	228	214
42207	2	754	178	165
42208	2	265	74	42
42209	2	996	238	204
42210	2	483	164	153
42211	2	307	75	50
42212	2	450	98	83
42213	2	641	183	160
42214	2	224	70	37
42215	2	1297	323	312
42216	2	1321	333	316
42217	2	1295	270	261
42218	2	1404	288	272
42219	2	333	98	77
42220	2	1385	259	250
42221	2	1256	248	236
42222	2	108	29	9
42223	2	961	227	217
42224	2	504	107	93
42225	2	446	116	98
42226	2	327	64	56
42227	2	204	64	36
42228	2	608	191	176
42229	2	365	96	72
42230	2	106	34	11
42231	2	712	184	171
42232	2	584	164	151
42233	2	244	72	51
42234	2	507	155	143
42235	2	245	103	88
42236	2	595	198	190
42237	2	442	127	117
42238	2	248	109	97
42239	2	101	29	14
42240	2	1307	289	275
42241	2	1239	363	353
42242	2	701	157	146
42243	2	264	101	73
42244	2	532	108	96
42245	2	1114	315	300
42246	2	864	212	196
42247	2	499	151	101
42248	2	1425	333	322
42249	2	176	53	36
42250	2	552	164	151
42251	2	242	82	67
42252	2	372	118	104
42253	2	976	262	246
42254	2	324	91	75
42255	2	1229	234	217
42256	2	428	115	101
42257	2	1349	285	234
42258	2	783	162	151
42259	2	1202	253	240
42260	2	1108	317	299
42261	2	305	108	97
42262	2	462	167	140
42263	2	156	47	35
42264	2	255	76	39
42265	2	143	38	25
42266	2	192	43	14
42267	2	1418	277	266
42268	2	979	243	232
42269	2	1160	321	307
42270	2	671	164	150
42271	2	477	123	89
42272	2	866	212	199
42273	2	1008	225	193
42274	2	1120	343	325
42275	2	233	81	59
42276	2	117	32	16
42277	2	725	257	164
42278	2	1217	241	226
42279	2	1095	243	231
42280	2	385	87	70
42281	2	106	26	7
42282	2	1278	262	250
42283	2	1057	269	255
42284	2	1152	293	270
42285	2	168	54	18
42286	2	1360	276	263
42287	2	954	235	215
42288	2	146	36	20
42289	2	1087	230	211
42290	2	411	109	89
42291	2	710	165	145
42292	2	830	154	141
42293	2	1173	224	213
42294	2	1187	300	277
42295	2	133	39	20
42296	2	228	69	48
42297	2	1120	308	292
42298	2	82	29	12
42299	2	114	33	10
42300	2	405	90	77
42301	2	193	66	40
42302	2	45	22	12
42303	2	579	122	111
42304	2	1169	213	202
42305	2	185	46	34
42306	2	1213	375	357
42307	2	260	77	62
42308	2	351	86	66
42309	2	152	44	22
42310	2	1403	283	265
42311	2	787	248	228
42312	2	244	54	38
42313	2	1064	242	228
42314	2	1160	231	219
42315	2	1318	337	321
42316	2	505	116	102
42317	2	506	153	136
42318	2	756	186	166
42319	2	1206	218	206
42320	2	83	28	10
42321	2	475	161	143
42322	2	230	58	41
42323	2	205	49	24
42324	2	187	55	30
42325	2	281	58	16
42326	2	139	34	12
42327	2	483	106	91
42328	2	139	35	13
42329	2	531	142	126
42330	2	206	43	27
42331	2	111	26	18
42332	2	442	165	152
42333	2	154	60	39
42334	2	265	121	92
42335	2	307	62	40
42336	2	1185	274	262
42337	2	615	146	132
42338	2	979	296	282
42339	2	201	94	79
42340	2	548	192	178
42341	2	998	238	226
42342	2	435	94	72
42343	2	1379	270	255
42344	2	1170	256	236
42345	2	1401	286	266
42346	2	348	82	63
42347	2	773	157	128
42348	2	130	34	11
42349	2	153	45	27
42350	2	573	157	140
42351	2	588	130	109
42352	2	523	145	120
42353	2	268	64	45
42354	2	1032	216	192
42355	2	1387	253	242
42356	2	1203	319	296
42357	2	1066	232	221
42358	2	668	231	221
42359	2	407	129	103
42360	2	1349	351	340
42361	2	369	79	60
42362	2	951	299	258
42363	2	1340	327	315
42364	2	280	88	18
42365	2	1593	483	466
42366	2	1197	207	196
42367	2	365	120	85
42368	2	1260	346	332
42369	2	134	38	13
42370	2	1131	247	225
42371	2	370	116	88
42372	2	1349	263	251
42373	2	114	43	28
42374	2	479	109	95
42375	2	675	177	160
42376	2	999	317	284
42377	2	168	63	38
42378	2	770	204	194
42379	2	288	105	82
42380	2	488	145	133
42381	2	471	102	89
42382	2	870	268	255
42383	2	570	194	111
42384	2	129	35	17
42385	2	302	81	31
42386	2	939	249	234
42387	2	389	134	112
42388	2	90	38	27
42389	2	387	91	78
42390	2	911	225	213
42391	2	1241	235	226
42392	2	71	30	17
42393	2	1103	221	210
42394	2	1298	247	237
42395	2	1041	250	238
42396	2	668	133	114
42397	2	911	222	211
42398	2	1343	340	323
42399	2	934	206	193
42400	2	1287	319	300
42401	2	1183	246	232
42402	2	638	252	216
42403	2	809	196	185
42404	2	245	66	50
42405	2	439	137	124
42406	2	1038	242	229
42407	2	1184	297	286
42408	2	171	51	33
42409	2	94	31	9
42410	2	79	30	8
42411	2	562	155	138
42412	2	837	209	191
42413	2	721	220	194
42414	2	890	291	262
42415	2	93	26	9
42416	2	315	110	95
42417	2	560	181	163
42418	2	1005	320	300
42419	2	1113	461	446
42420	2	576	150	140
42421	2	336	78	65
42422	2	102	39	14
42423	2	249	51	40
42424	2	1072	199	184
42425	2	96	25	19
42426	2	112	29	9
42427	2	652	223	193
42428	2	151	41	28
42429	2	1096	365	333
42430	2	1172	339	322
42431	2	406	132	107
42432	2	478	121	99
42433	2	736	181	160
42434	2	869	261	232
42435	2	1255	297	284
42436	2	153	37	18
42437	2	120	38	6
42438	2	883	237	217
42439	2	710	150	125
42440	2	357	103	84
42441	2	1141	244	220
42442	2	1271	245	228
42443	2	345	71	17
42444	2	263	62	29
42445	2	244	116	101
42446	2	1420	346	334
42447	2	1174	330	310
42448	2	442	91	74
42449	2	77	35	23
42450	2	773	147	133
42451	2	903	234	220
42452	2	885	264	245
42453	2	89	30	13
42454	2	847	249	236
42455	2	76	28	14
42456	2	577	175	137
42457	2	188	62	44
42458	2	414	103	85
42459	2	836	219	195
42460	2	74	34	11
42461	2	375	83	74
42462	2	1006	204	192
42463	2	701	151	137
42464	2	210	51	35
42465	2	1190	266	251
42466	2	1302	257	243
42467	2	193	63	30
42468	2	1190	246	233
42469	2	481	141	124
42470	2	1036	248	238
42471	2	654	151	139
42472	2	1107	245	236
42473	2	130	41	28
42474	2	903	281	256
42475	2	123	40	24
42476	2	435	111	100
42477	2	133	46	35
42478	2	381	107	94
42479	2	882	224	211
42480	2	206	73	42
42481	2	50	21	6
42482	2	212	65	49
42483	2	224	76	62
42484	2	983	244	230
42485	2	379	73	58
42486	2	296	116	99
42487	2	1423	279	263
42488	2	215	69	13
42489	2	398	80	67
42490	2	917	181	170
42491	2	965	192	180
42492	2	1279	299	286
42493	2	444	92	62
42494	2	1067	243	229
42495	2	1158	253	241
42496	2	565	158	144
42497	2	390	107	95
42498	2	580	114	101
42499	2	1200	346	326
42500	2	1090	208	196
42501	2	646	202	155
42502	2	175	51	30
42503	2	190	46	22
42504	2	651	132	112
42505	2	141	52	27
42506	2	135	42	18
42507	2	109	35	13
42508	2	933	221	211
42509	2	188	68	50
42510	2	593	177	152
42511	2	279	93	73
42512	2	318	76	66
42513	2	1230	216	198
42514	2	1118	205	190
42515	2	1134	259	246
42516	2	1272	289	275
42517	2	1431	308	294
42518	2	1069	259	244
42519	2	1133	236	224
42520	2	1111	315	298
42521	2	368	106	81
42522	2	884	259	242
42523	2	278	108	90
42524	2	275	85	62
42525	2	683	148	133
42526	2	37	19	7
42527	2	295	134	125
42528	2	705	201	111
42529	2	139	40	15
42530	2	123	25	16
42531	2	649	164	150
42532	2	237	77	64
42533	2	980	210	194
42534	2	1275	261	242
42535	2	1218	240	229
42536	2	1203	230	216
42537	2	1310	266	250
42538	2	1390	273	257
42539	2	1505	324	300
42540	2	431	91	77
42541	2	141	37	7
42542	2	426	163	154
42543	2	1253	293	272
42544	2	180	53	41
42545	2	69	35	18
42546	2	303	90	73
42547	2	259	55	36
42548	2	150	41	32
42549	2	397	92	77
42550	2	170	58	35
42551	2	471	156	136
42552	2	356	103	78
42553	2	183	53	40
42554	2	305	93	85
42555	2	219	59	44
42556	2	616	176	137
42557	2	140	42	31
42558	2	367	92	63
42559	2	102	50	35
42560	2	304	83	78
42561	2	38	18	8
42562	2	79	23	9
42563	2	558	123	107
42564	2	487	144	115
42565	2	486	124	97
42566	2	55	22	7
42567	2	318	83	52
42568	2	547	186	176
42569	2	198	59	46
42570	2	83	31	16
42571	2	847	324	302
42572	2	570	188	168
42573	2	402	94	84
42574	2	322	96	85
42575	2	105	32	20
42576	2	191	51	33
42577	2	142	43	18
42578	2	384	96	82
42579	2	78	27	9
42580	2	336	126	102
42581	2	1278	344	308
42582	2	182	73	47
42583	2	681	150	134
42584	2	554	131	113
42585	2	708	179	164
42586	2	1226	263	254
42587	2	1031	258	239
42588	2	1297	295	273
42589	2	1108	252	234
42590	2	109	27	8
42591	2	334	79	66
42592	2	463	97	79
42593	2	170	53	15
42594	2	1014	265	249
42595	2	1168	362	348
42596	2	680	135	126
42597	2	203	57	38
42598	2	973	300	283
42599	2	433	101	68
42600	2	1068	233	222
42601	2	648	219	182
42602	2	604	151	114
42603	2	202	69	48
42604	2	120	40	23
42605	2	758	208	193
42606	2	603	144	127
42607	2	588	151	138
42608	2	214	59	39
42609	2	1195	250	236
42610	2	148	33	25
42611	2	1303	281	252
42612	2	1059	252	238
42613	2	1213	250	240
42614	2	1045	239	225
42615	2	1137	410	380
42616	2	1317	255	243
42617	2	1242	300	289
42618	2	460	112	98
42619	2	1092	415	399
42620	2	438	98	39
42621	2	377	76	38
42622	2	616	122	106
42623	2	1459	306	287
42624	2	1698	348	334
42625	2	803	157	144
42626	2	1015	251	236
42627	2	1151	251	233
42628	2	984	233	217
42629	2	1228	251	241
42630	2	854	172	158
42631	2	1242	245	228
42632	2	874	180	162
42633	2	1525	299	286
42634	2	944	270	254
42635	2	523	149	138
42636	2	159	42	26
42637	2	905	185	171
42638	2	358	81	68
42639	2	918	311	298
42640	2	570	175	161
42641	2	276	59	47
42642	2	534	102	94
42643	2	96	27	17
42644	2	921	225	212
42645	2	363	111	91
42646	2	1023	258	237
42647	2	327	107	85
42648	2	1200	250	240
42649	2	456	110	60
42650	2	237	63	45
42651	2	144	52	36
42652	2	109	37	16
42653	2	201	45	36
42654	2	402	101	76
42655	2	1243	378	366
42656	2	363	111	74
42657	2	795	171	56
42658	2	286	70	63
42659	2	531	123	110
42660	2	1138	336	314
42661	2	156	52	26
42662	2	870	208	198
42663	2	1108	241	230
42664	2	114	38	12
42665	2	783	213	197
42666	2	790	230	207
42667	2	588	150	137
42668	2	165	71	59
42669	2	473	128	118
42670	2	444	107	96
42671	2	298	81	65
42672	2	613	195	177
42673	2	318	69	54
42674	2	259	92	79
42675	2	98	37	21
42676	2	1160	328	316
42677	2	281	68	47
42678	2	543	143	126
42679	2	1337	324	305
42680	2	234	47	33
42681	2	1170	266	260
42682	2	495	141	126
42683	2	171	63	43
42684	2	952	220	203
42685	2	1073	296	280
42686	2	243	52	36
42687	2	516	152	137
42688	2	894	233	202
42689	2	594	166	154
42690	2	623	155	130
42691	2	318	62	53
42692	2	317	90	77
42693	2	132	29	9
42694	2	798	173	161
42695	2	129	37	22
42696	2	504	105	86
42697	2	332	77	56
42698	2	447	97	84
42699	2	54	24	9
42700	2	222	47	28
42701	2	1401	277	263
42702	2	866	181	170
42703	2	1279	293	280
42704	2	357	74	59
42705	2	560	134	120
42706	2	98	34	22
42707	2	1170	254	240
42708	2	1009	226	202
42709	2	1055	208	195
42710	2	247	56	44
42711	2	64	36	13
42712	2	55	26	13
42713	2	163	48	32
42714	2	905	183	159
42715	2	321	73	58
42716	2	99	41	21
42717	2	58	29	13
42718	2	1255	277	252
42719	2	1196	232	217
42720	2	378	82	68
42721	2	234	50	28
42722	2	531	121	101
42723	2	108	39	7
42724	2	1176	301	285
42725	2	1296	319	274
42726	2	228	68	30
42727	2	313	87	60
42728	2	583	123	99
42729	2	108	29	15
42730	2	189	60	34
42731	2	153	53	35
42732	2	1356	307	283
42733	2	548	122	98
42734	2	1366	345	322
42735	2	292	56	37
42736	2	1335	272	263
42737	2	1348	295	279
42738	2	847	203	177
42739	2	767	148	136
42740	2	984	302	289
42741	2	704	207	185
42742	2	699	162	150
42743	2	648	127	116
42744	2	1204	304	288
42745	2	387	74	61
42746	2	113	43	24
42747	2	1048	277	264
42748	2	939	242	224
42749	2	541	128	113
42750	2	96	35	14
42751	2	579	169	157
42752	2	89	33	16
42753	2	681	154	129
42754	2	447	130	116
42755	2	277	76	49
42756	2	874	199	187
42757	2	889	220	207
42758	2	120	31	21
42759	2	850	191	180
42760	2	189	47	23
42761	2	679	137	84
42762	2	936	344	319
42763	2	743	166	155
42764	2	378	101	83
42765	2	960	196	177
42766	2	1357	421	406
42767	2	535	158	142
42768	2	328	84	69
42769	2	164	61	46
42770	2	728	193	180
42771	2	273	92	54
42772	2	639	189	174
42773	2	143	51	28
42774	2	755	207	195
42775	2	1445	341	323
42776	2	411	96	81
42777	2	72	26	14
42778	2	83	33	17
42779	2	300	92	69
42780	2	498	144	130
42781	2	1092	269	257
42782	2	1236	264	250
42783	2	123	27	14
42784	2	177	40	29
42785	2	85	36	17
42786	2	201	63	46
42787	2	424	153	140
42788	2	291	73	58
42789	2	180	74	57
42790	2	325	100	90
42791	2	849	240	227
42792	2	70	24	14
42793	2	186	79	63
42794	2	963	266	244
42795	2	1062	290	270
42796	2	351	98	71
42797	2	200	61	47
42798	2	305	66	27
42799	2	1099	303	291
42800	2	716	153	139
42801	2	582	172	138
42802	2	207	60	38
42803	2	294	74	61
42804	2	129	27	16
42805	2	340	75	65
42806	2	544	141	118
42807	2	480	98	78
42808	2	1188	306	294
42809	2	297	81	52
42810	2	1133	241	224
42811	2	508	154	137
42812	2	640	146	129
42813	2	121	43	16
42814	2	1017	294	285
42815	2	1125	234	221
42816	2	1500	303	290
42817	2	144	29	24
42818	2	1042	268	257
42819	2	973	208	196
42820	2	444	83	73
42821	2	155	67	10
42822	2	279	96	41
42823	2	246	53	45
42824	2	418	178	134
42825	2	1002	292	280
42826	2	1182	338	317
42827	2	637	183	170
42828	2	98	37	22
42829	2	567	166	135
42830	2	159	43	20
42831	2	1112	362	342
42832	2	60	22	5
42833	2	159	52	32
42834	2	554	152	133
42835	2	1006	204	196
42836	2	963	221	213
42837	2	1186	260	246
42838	2	135	45	27
42839	2	529	129	114
42840	2	300	80	69
42841	2	1013	217	191
42842	2	79	37	22
42843	2	225	44	30
42844	2	197	55	42
42845	2	115	28	7
42846	2	177	40	26
42847	2	573	196	180
42848	2	158	44	14
42849	2	583	131	118
42850	2	127	41	28
42851	2	600	216	192
42852	2	258	84	66
42853	2	1638	445	422
42854	2	76	31	16
42855	2	541	168	155
42856	2	117	49	21
42857	2	471	184	159
42858	2	51	18	8
42859	2	1284	441	426
42860	2	52	20	8
42861	2	169	59	43
42862	2	1193	346	330
42863	2	939	275	262
42864	2	801	153	132
42865	2	1329	266	256
42866	2	1339	239	225
42867	2	694	240	225
42868	2	269	91	59
42869	2	1079	228	213
42870	2	520	106	92
42871	2	70	34	25
42872	2	574	185	166
42873	2	1165	309	288
42874	2	875	228	211
42875	2	1262	322	302
42876	2	1205	360	340
42877	2	325	65	48
42878	2	1128	351	319
42879	2	831	251	237
42880	2	473	177	127
42881	2	207	47	36
42882	2	86	34	11
42883	2	208	50	26
42884	2	605	162	146
42885	2	947	286	276
42886	2	388	78	64
42887	2	895	267	256
42888	2	78	31	19
42889	2	879	242	230
42890	2	1259	409	396
42891	2	82	29	10
42892	2	244	51	36
42893	2	175	62	39
42894	2	140	39	21
42895	2	77	33	20
42896	2	607	177	164
42897	2	1113	401	386
42898	2	440	134	119
42899	2	1319	362	326
42900	2	123	37	14
42901	2	164	42	31
42902	2	285	65	22
42903	2	420	96	69
42904	2	597	152	115
42905	2	235	58	20
42906	2	118	38	22
42907	2	1341	266	250
42908	2	592	156	126
42909	2	798	167	139
42910	2	138	32	21
42911	2	1331	264	241
42912	2	1044	228	209
42913	2	83	29	18
42914	2	378	165	154
42915	2	404	106	87
42916	2	347	76	58
42917	2	375	69	57
42918	2	1059	319	304
42919	2	1238	266	254
42920	2	102	27	8
42921	2	450	142	131
42922	2	223	58	45
42923	2	1445	278	265
42924	2	639	137	124
42925	2	1299	295	279
42926	2	238	73	61
42927	2	965	229	216
42928	2	1270	293	280
42929	2	830	142	131
42930	2	675	173	143
42931	2	767	225	205
42932	2	559	212	199
42933	2	91	39	26
42934	2	215	82	73
42935	2	648	209	192
42936	2	164	51	38
42937	2	1164	342	332
42938	2	779	183	170
42939	2	410	105	99
42940	2	664	212	195
42941	2	953	191	174
42942	2	248	61	14
42943	2	1451	334	322
42944	2	1171	264	250
42945	2	979	221	213
42946	2	824	166	159
42947	2	90	22	10
42948	2	397	84	37
42949	2	127	35	21
42950	2	1172	230	211
42951	2	234	61	46
42952	2	507	159	142
42953	2	327	70	56
42954	2	413	103	83
42955	2	431	154	122
42956	2	463	131	90
42957	2	323	76	59
42958	2	142	40	23
42959	2	259	73	56
42960	2	224	56	46
42961	2	541	170	150
42962	2	116	40	19
42963	2	415	163	140
42964	2	132	40	15
42965	2	489	86	75
42966	2	703	128	116
42967	2	802	170	158
42968	2	225	71	57
42969	2	255	55	34
42970	2	894	191	177
42971	2	1209	345	327
42972	2	152	42	23
42973	2	563	164	145
42974	2	556	144	125
42975	2	428	149	132
42976	2	939	346	338
42977	2	182	90	73
42978	2	434	125	94
42979	2	1037	444	427
42980	2	519	218	205
42981	2	1506	358	342
42982	2	876	302	287
42983	2	1056	208	197
42984	2	665	198	180
42985	2	66	22	9
42986	2	1198	312	295
42987	2	135	52	20
42988	2	640	197	186
42989	2	1321	270	260
42990	2	529	141	119
42991	2	290	122	112
42992	2	125	41	25
42993	2	1433	354	340
42994	2	441	102	92
42995	2	907	255	241
42996	2	658	148	134
42997	2	647	187	169
42998	2	1135	259	245
42999	2	1027	263	249
43000	2	1044	220	207
43001	2	644	141	128
43002	2	718	164	150
43003	2	594	199	183
43004	2	113	34	20
43005	2	178	44	22
43006	2	261	69	53
43007	2	282	100	71
43008	2	120	39	24
43009	2	141	49	33
43010	2	374	84	75
43011	2	543	122	106
43012	2	251	57	42
43013	2	352	62	54
43014	2	242	48	34
43015	2	604	130	114
43016	2	473	120	91
43017	2	258	53	40
43018	2	960	313	283
43019	2	231	48	38
43020	2	273	51	39
43021	2	443	144	94
43022	2	111	30	10
43023	2	1624	349	323
43024	2	225	55	18
43025	2	108	31	15
43026	2	264	51	38
43027	2	1159	314	300
43028	2	783	169	155
43029	2	1356	330	315
43030	2	1241	267	252
43031	2	1396	313	290
43032	2	839	165	154
43033	2	1776	390	378
43034	2	1729	355	333
43035	2	1139	247	230
43036	2	1055	220	205
43037	2	1278	292	276
43038	2	1186	234	219
43039	2	42	20	9
43040	2	1037	229	213
43041	2	1274	300	286
43042	2	1069	196	182
43043	2	1406	332	279
43044	2	1317	247	237
43045	2	1565	286	248
43046	2	1549	412	395
43047	2	1119	232	219
43048	2	1202	277	266
43049	2	880	169	154
43050	2	1333	291	249
43051	2	1429	292	257
43052	2	1420	308	290
43053	2	1229	268	257
43054	2	1327	316	294
43055	2	650	134	121
43056	2	1144	261	245
43057	2	782	146	110
43058	2	1318	316	298
43059	2	1577	357	345
43060	2	264	70	45
43061	2	161	42	13
43062	2	165	53	37
43063	2	772	213	201
43064	2	80	30	18
43065	2	171	50	33
43066	2	273	71	41
43067	2	112	32	20
43068	2	168	46	28
43069	2	232	73	41
43070	2	394	95	81
43071	2	756	158	68
43072	2	1056	201	191
43073	2	863	246	231
43074	2	478	110	99
43075	2	243	67	55
43076	2	907	195	182
43077	2	229	85	71
43078	2	965	165	152
43079	2	494	156	141
43080	2	124	38	27
43081	2	884	256	243
43082	2	176	69	50
43083	2	1371	259	246
43084	2	1116	290	278
43085	2	592	166	153
43086	2	1228	288	276
43087	2	183	75	64
43088	2	424	110	87
43089	2	499	147	135
43090	2	1176	220	205
43091	2	888	189	180
43092	2	798	171	159
43093	2	960	210	199
43094	2	1161	221	209
43095	2	1102	244	226
43096	2	353	112	100
43097	2	363	79	67
43098	2	667	174	150
43099	2	866	185	163
43100	2	700	150	135
43101	2	1200	276	264
43102	2	157	61	42
43103	2	207	45	30
43104	2	1257	307	296
43105	2	384	114	73
43106	2	175	51	22
43107	2	563	138	111
43108	2	1058	214	202
43109	2	1385	272	262
43110	2	214	58	35
43111	2	789	196	154
43112	2	1035	250	238
43113	2	1176	280	266
43114	2	179	40	25
43115	2	803	208	201
43116	2	973	198	186
43117	2	314	121	101
43118	2	369	100	84
43119	2	289	102	86
43120	2	1144	233	222
43121	2	213	45	31
43122	2	93	26	8
43123	2	316	98	74
43124	2	94	48	28
43125	2	753	170	155
43126	2	96	22	9
43127	2	594	200	183
43128	2	177	43	15
43129	2	1072	319	305
43130	2	1068	241	224
43131	2	251	60	46
43132	2	668	151	138
43133	2	862	197	176
43134	2	348	108	94
43135	2	1385	278	264
43136	2	1174	344	329
43137	2	803	175	160
43138	2	1254	207	194
43139	2	760	208	198
43140	2	777	168	159
43141	2	1148	236	217
43142	2	554	114	103
43143	2	282	60	46
43144	2	1475	262	249
43145	2	676	176	165
43146	2	1327	267	254
43147	2	683	150	134
43148	2	948	219	204
43149	2	120	44	25
43150	2	710	240	227
43151	2	303	80	58
43152	2	961	282	234
43153	2	471	102	84
43154	2	101	33	18
43155	2	695	206	184
43156	2	956	248	234
43157	2	842	167	152
43158	2	558	131	115
43159	2	1034	207	200
43160	2	41	26	12
43161	2	1439	271	253
43162	2	270	61	47
43163	2	1215	262	247
43164	2	112	36	17
43165	2	620	156	131
43166	2	1377	360	276
43167	2	823	189	173
43168	2	746	171	141
43169	2	435	107	92
43170	2	1260	289	271
43171	2	1293	330	316
43172	2	1143	295	280
43173	2	497	143	131
43174	2	503	152	144
43175	2	1011	258	249
43176	2	1183	349	338
43177	2	1249	300	287
43178	2	152	60	44
43179	2	1437	304	296
43180	2	1039	293	278
43181	2	264	101	89
43182	2	995	239	228
43183	2	66	21	8
43184	2	570	137	124
43185	2	231	75	53
43186	2	384	122	105
43187	2	404	121	103
43188	2	363	90	73
43189	2	415	146	75
43190	2	600	111	97
43191	2	1006	330	314
43192	2	474	93	82
43193	2	1202	312	295
43194	2	153	42	21
43195	2	306	65	52
43196	2	120	36	20
43197	2	614	128	116
43198	2	750	185	171
43199	2	1283	300	285
43200	2	258	98	84
43201	2	146	35	14
43202	2	562	162	143
43203	2	1373	325	311
43204	2	313	101	90
43205	2	247	99	67
43206	2	106	43	20
43207	2	497	139	122
43208	2	433	102	92
43209	2	158	44	32
43210	2	334	71	48
43211	2	1383	292	278
43212	2	945	186	162
43213	2	852	176	161
43214	2	1326	258	243
43215	2	1042	228	215
43216	2	762	158	148
43217	2	1259	243	233
43218	2	1296	240	231
43219	2	935	196	184
43220	2	1084	205	196
43221	2	467	144	133
43222	2	663	206	192
43223	2	666	156	135
43224	2	752	156	119
43225	2	455	127	86
43226	2	222	52	37
43227	2	467	114	88
43228	2	438	114	73
43229	2	457	123	96
43230	2	441	97	80
43231	2	578	112	100
43232	2	181	49	23
43233	2	1161	345	325
43234	2	1168	337	321
43235	2	920	200	185
43236	2	1288	280	263
43237	2	161	41	29
43238	2	425	127	111
43239	2	478	135	123
43240	2	1053	260	249
43241	2	324	73	61
43242	2	330	96	85
43243	2	820	259	245
43244	2	224	62	48
43245	2	184	61	23
43246	2	444	97	86
43247	2	510	145	129
43248	2	420	83	67
43249	2	444	88	77
43250	2	275	59	33
43251	2	291	72	58
43252	2	1335	356	303
43253	2	613	178	166
43254	2	726	236	216
43255	2	252	113	98
43256	2	1178	368	356
43257	2	1535	286	271
43258	2	564	141	122
43259	2	118	52	31
43260	2	782	182	166
43261	2	411	80	64
43262	2	138	32	17
43263	2	1056	357	335
43264	2	1192	254	242
43265	2	582	125	109
43266	2	105	32	8
43267	2	114	33	10
43268	2	108	41	15
43269	2	536	134	118
43270	2	93	27	8
43271	2	995	211	193
43272	2	1023	256	236
43273	2	1346	280	265
43274	2	108	30	8
43275	2	507	116	98
43276	2	1183	283	270
43277	2	586	154	128
43278	2	844	267	225
43279	2	573	139	125
43280	2	464	105	99
43281	2	361	96	78
43282	2	877	262	161
43283	2	1131	218	204
43284	2	1289	329	314
43285	2	1230	309	294
43286	2	732	181	170
43287	2	1155	323	311
43288	2	443	109	93
43289	2	1172	339	322
43290	2	839	260	246
43291	2	1102	276	256
43292	2	88	30	18
43293	2	988	232	221
43294	2	1157	276	265
43295	2	1341	278	267
43296	2	160	38	21
43297	2	273	110	93
43298	2	489	153	140
43299	2	1324	287	275
43300	2	944	284	269
43301	2	40	19	11
43302	2	163	49	33
43303	2	743	161	143
43304	2	522	124	100
43305	2	1022	253	237
43306	2	110	27	15
43307	2	621	150	127
43308	2	273	65	56
43309	2	157	40	22
43310	2	856	203	185
43311	2	594	126	89
43312	2	481	88	73
43313	2	1219	257	243
43314	2	92	38	20
43315	2	933	213	202
43316	2	1118	252	241
43317	2	163	40	30
43318	2	161	38	8
43319	2	397	115	74
43320	2	958	223	212
43321	2	206	67	51
43322	2	294	74	52
43323	2	524	155	138
43324	2	400	117	102
43325	2	66	26	8
43326	2	867	241	225
43327	2	266	86	73
43328	2	270	69	57
43329	2	163	52	11
43330	2	157	53	19
43331	2	489	112	104
43332	2	1078	310	285
43333	2	464	122	89
43334	2	549	132	114
43335	2	1366	328	314
43336	2	1905	557	543
43337	2	506	213	179
43338	2	692	182	164
43339	2	1213	333	305
43340	2	1257	444	429
43341	2	243	81	64
43342	2	1066	310	292
43343	2	746	153	144
43344	2	1056	236	197
43345	2	955	319	306
43346	2	1104	284	267
43347	2	576	183	171
43348	2	1091	251	242
43349	2	671	154	141
43350	2	1453	321	302
43351	2	1069	240	229
43352	2	656	227	207
43353	2	136	44	29
43354	2	656	117	105
43355	2	936	365	353
43356	2	299	101	74
43357	2	1131	254	241
43358	2	1296	335	318
43359	2	1505	335	318
43360	2	769	219	202
43361	2	97	31	11
43362	2	496	121	101
43363	2	415	95	78
43364	2	167	47	13
43365	2	621	213	200
43366	2	1142	408	384
43367	2	1483	303	293
43368	2	1307	262	249
43369	2	482	98	86
43370	2	1337	311	294
43371	2	357	101	76
43372	2	213	78	66
43373	2	442	97	77
43374	2	253	65	20
43375	2	658	198	174
43376	2	1263	343	293
43377	2	120	44	24
43378	2	686	152	108
43379	2	354	115	100
43380	2	77	26	8
43381	2	131	43	32
43382	2	456	97	81
43383	2	546	115	104
43384	2	1420	310	288
43385	2	999	214	200
43386	2	69	30	12
43387	2	86	30	11
43388	2	1297	409	377
43389	2	1155	286	269
43390	2	81	28	4
43391	2	113	38	17
43392	2	136	37	14
43393	2	495	136	112
43394	2	987	283	272
43395	2	1094	305	296
43396	2	369	95	36
43397	2	361	96	82
43398	2	1036	257	235
43399	2	1135	231	205
43400	2	883	282	264
43401	2	678	209	196
43402	2	1160	310	295
43403	2	622	189	169
43404	2	1398	362	351
43405	2	607	170	154
43406	2	1058	298	282
43407	2	581	127	112
43408	2	390	140	130
43409	2	187	77	54
43410	2	362	115	85
43411	2	468	119	106
43412	2	1269	344	316
43413	2	130	64	51
43414	2	318	84	72
43415	2	286	78	57
43416	2	145	53	42
43417	2	69	23	6
43418	2	155	41	13
43419	2	325	105	83
43420	2	1028	294	272
43421	2	817	160	149
43422	2	1108	289	270
43423	2	880	212	199
43424	2	1301	236	224
43425	2	1039	217	206
43426	2	542	121	112
43427	2	1254	381	349
43428	2	1524	270	249
43429	2	299	83	60
43430	2	1168	234	218
43431	2	603	122	106
43432	2	1173	291	280
43433	2	231	48	32
43434	2	176	87	70
43435	2	168	43	35
43436	2	1084	373	360
43437	2	889	227	215
43438	2	653	260	235
43439	2	324	93	79
43440	2	729	199	185
43441	2	860	244	232
43442	2	438	125	107
43443	2	258	60	47
43444	2	915	215	200
43445	2	387	90	77
43446	2	443	98	85
43447	2	397	124	109
43448	2	1282	348	331
43449	2	1015	228	216
43450	2	617	194	182
43451	2	1319	262	248
43452	2	282	64	53
43453	2	1042	267	253
43454	2	622	151	138
43455	2	1096	218	207
43456	2	117	45	28
43457	2	117	30	14
43458	2	105	40	30
43459	2	130	37	19
43460	2	607	158	143
43461	2	1019	354	331
43462	2	524	141	126
43463	2	689	185	165
43464	2	301	97	82
43465	2	1314	314	298
43466	2	342	90	66
43467	2	244	77	49
43468	2	207	48	35
43469	2	824	201	182
43470	2	708	173	156
43471	2	1174	273	259
43472	2	1156	319	309
43473	2	399	120	105
43474	2	937	226	213
43475	2	69	24	13
43476	2	270	102	73
43477	2	126	30	14
43478	2	638	229	213
43479	2	205	50	31
43480	2	572	143	108
43481	2	632	168	148
43482	2	682	151	134
43483	2	486	106	92
43484	2	609	116	104
43485	2	546	133	116
43486	2	977	202	190
43487	2	602	138	122
43488	2	36	13	3
43489	2	690	206	191
43490	2	692	170	141
43491	2	906	240	221
43492	2	1417	315	299
43493	2	963	273	259
43494	2	1146	298	287
43495	2	155	42	32
43496	2	1150	275	262
43497	2	767	146	133
43498	2	601	149	140
43499	2	1044	263	248
43500	2	714	158	145
43501	2	387	83	73
43502	2	348	94	79
43503	2	1279	311	299
43504	2	640	157	143
43505	2	410	125	115
43506	2	383	104	90
43507	2	1261	220	209
43508	2	408	106	86
43509	2	142	74	60
43510	2	409	126	115
43511	2	1250	287	275
43512	2	426	117	107
43513	2	184	74	57
43514	2	586	163	148
43515	2	114	39	15
43516	2	920	197	185
43517	2	163	51	4
43518	2	260	100	85
43519	2	465	99	80
43520	2	111	31	9
43521	2	896	303	290
43522	2	1289	313	300
43523	2	1066	218	202
43524	2	523	171	158
43525	2	1090	276	259
43526	2	98	28	13
43527	2	756	254	237
43528	2	528	129	85
43529	2	448	170	128
43530	2	626	177	152
43531	2	1143	333	322
43532	2	647	204	191
43533	2	281	91	75
43534	2	1032	233	223
43535	2	1299	326	315
43536	2	1013	202	187
43537	2	1019	247	234
43538	2	1029	174	164
43539	2	794	148	139
43540	2	520	263	239
43541	2	120	38	24
43542	2	1128	220	197
43543	2	177	80	46
43544	2	392	113	101
43545	2	188	53	33
43546	2	615	159	143
43547	2	348	69	55
43548	2	541	188	176
43549	2	513	108	99
43550	2	177	50	33
43551	2	169	33	22
43552	2	95	33	14
43553	2	628	144	134
43554	2	1285	311	298
43555	2	1167	333	311
43556	2	273	92	62
43557	2	969	260	245
43558	2	431	134	56
43559	2	196	47	37
43560	2	132	44	21
43561	2	195	57	41
43562	2	918	246	237
43563	2	1141	263	250
43564	2	993	227	209
43565	2	682	203	191
43566	2	1205	241	222
43567	2	1223	316	293
43568	2	1319	273	257
43569	2	90	34	5
43570	2	208	90	76
43571	2	149	46	22
43572	2	369	93	78
43573	2	842	230	201
43574	2	731	159	140
43575	2	270	66	51
43576	2	333	76	60
43577	2	340	95	65
43578	2	589	163	145
43579	2	696	220	201
43580	2	1241	266	249
43581	2	128	43	22
43582	2	323	78	62
43583	2	455	91	71
43584	2	1138	263	248
43585	2	625	141	130
43586	2	228	63	47
43587	2	514	145	129
43588	2	962	236	226
43589	2	1276	312	298
43590	2	234	102	87
43591	2	1294	298	287
43592	2	775	237	214
43593	2	242	74	39
43594	2	522	166	151
43595	2	502	139	124
43596	2	826	263	248
43597	2	284	71	57
43598	2	1173	267	257
43599	2	777	208	190
43600	2	1061	282	267
43601	2	1228	278	265
43602	2	98	39	21
43603	2	164	48	38
43604	2	422	134	120
43605	2	1177	293	265
43606	2	502	107	93
43607	2	712	247	229
43608	2	390	104	77
43609	2	107	34	15
43610	2	600	165	120
43611	2	462	101	90
43612	2	139	41	16
43613	2	187	55	43
43614	2	80	30	15
43615	2	51	19	9
43616	2	96	32	18
43617	2	261	96	66
43618	2	1030	321	300
43619	2	1103	278	267
43620	2	403	85	69
43621	2	116	28	17
43622	2	232	59	35
43623	2	1003	305	290
43624	2	1250	283	247
43625	2	1084	236	219
43626	2	486	118	101
43627	2	364	78	56
43628	2	1442	306	294
43629	2	1115	319	301
43630	2	397	108	80
43631	2	609	144	127
43632	2	459	83	71
43633	2	209	52	47
43634	2	256	82	61
43635	2	231	59	52
43636	2	466	96	85
43637	2	510	100	86
43638	2	1167	386	358
43639	2	836	282	269
43640	2	1224	340	324
43641	2	970	207	192
43642	2	1018	302	287
43643	2	645	150	135
43644	2	503	203	182
43645	2	1030	197	188
43646	2	943	252	241
43647	2	1224	233	223
43648	2	863	196	184
43649	2	1162	285	274
43650	2	86	35	16
43651	2	368	113	102
43652	2	213	47	31
43653	2	752	188	177
43654	2	156	43	35
43655	2	1004	246	231
43656	2	1380	294	283
43657	2	704	281	268
43658	2	84	29	8
43659	2	134	43	23
43660	2	880	181	158
43661	2	1436	344	327
43662	2	1180	235	224
43663	2	403	105	87
43664	2	1143	293	259
43665	2	612	205	186
43666	2	1134	228	215
43667	2	613	160	128
43668	2	1477	322	309
43669	2	922	236	218
43670	2	309	103	78
43671	2	149	42	19
43672	2	182	50	26
43673	2	1423	284	268
43674	2	89	29	16
43675	2	282	122	106
43676	2	402	98	87
43677	2	174	47	28
43678	2	356	70	63
43679	2	1200	221	205
43680	2	131	35	20
43681	2	986	304	275
43682	2	113	32	13
43683	2	141	72	58
43684	2	1098	317	292
43685	2	333	90	69
43686	2	826	173	162
43687	2	435	96	71
43688	2	1094	313	295
43689	2	758	233	219
43690	2	871	197	184
43691	2	87	27	14
43692	2	167	43	28
43693	2	629	149	143
43694	2	290	80	53
43695	2	166	69	47
43696	2	335	64	53
43697	2	174	44	22
43698	2	810	178	160
43699	2	1116	230	219
43700	2	500	143	127
43701	2	256	53	38
43702	2	356	69	54
43703	2	1360	292	274
43704	2	252	51	34
43705	2	437	108	94
43706	2	784	255	228
43707	2	132	30	18
43708	2	880	195	181
43709	2	365	103	73
43710	2	690	141	125
43711	2	159	37	23
43712	2	755	149	135
43713	2	1280	278	265
43714	2	1014	272	251
43715	2	990	242	226
43716	2	925	223	213
43717	2	274	63	51
43718	2	1185	246	219
43719	2	1460	306	287
43720	2	477	143	112
43721	2	394	129	112
43722	2	385	116	87
43723	2	111	31	8
43724	2	1531	293	271
43725	2	575	174	145
43726	2	1032	242	220
43727	2	1179	376	357
43728	2	168	63	42
43729	2	782	237	185
43730	2	180	45	30
43731	2	1347	360	339
43732	2	127	50	28
43733	2	1034	256	243
43734	2	207	61	37
43735	2	133	48	25
43736	2	688	211	199
43737	2	1190	320	310
43738	2	652	170	156
43739	2	741	156	145
43740	2	1430	303	290
43741	2	1194	334	317
43742	2	962	252	228
43743	2	817	186	172
43744	2	322	89	59
43745	2	1298	270	252
43746	2	632	171	158
43747	2	266	84	65
43748	2	1093	372	335
43749	2	1215	263	250
43750	2	883	191	179
43751	2	1141	281	260
43752	2	128	54	31
43753	2	1090	243	230
43754	2	1108	341	325
43755	2	841	263	240
43756	2	64	26	15
43757	2	90	27	16
43758	2	809	199	189
43759	2	115	39	18
43760	2	843	201	185
43761	2	1073	303	293
43762	2	127	34	2
43763	2	371	139	125
43764	2	75	22	8
43765	2	151	37	17
43766	2	257	82	61
43767	2	112	38	15
43768	2	1101	327	310
43769	2	1451	284	273
43770	2	718	220	200
43771	2	1107	264	249
43772	2	962	227	217
43773	2	231	50	36
43774	2	367	84	67
43775	2	64	32	16
43776	2	330	91	68
43777	2	66	24	7
43778	2	252	68	39
43779	2	1190	262	247
43780	2	1312	400	357
43781	2	499	136	119
43782	2	1104	234	225
43783	2	255	73	60
43784	2	1138	291	277
43785	2	981	308	290
43786	2	312	68	51
43787	2	1311	304	288
43788	2	98	31	15
43789	2	911	275	258
43790	2	98	26	4
43791	2	471	96	84
43792	2	108	45	32
43793	2	1362	290	264
43794	2	729	154	128
43795	2	422	121	106
43796	2	1116	270	239
43797	2	1370	313	301
43798	2	632	185	152
43799	2	692	195	188
43800	2	432	93	77
43801	2	390	93	76
43802	2	835	209	196
43803	2	214	109	94
43804	2	159	29	18
43805	2	214	68	55
43806	2	122	35	24
43807	2	369	69	59
43808	2	1029	226	211
43809	2	1156	326	311
43810	2	719	214	202
43811	2	513	110	98
43812	2	1077	232	212
43813	2	549	149	139
43814	2	402	186	170
43815	2	665	206	188
43816	2	805	257	237
43817	2	677	158	144
43818	2	474	127	108
43819	2	905	278	267
43820	2	1236	320	305
43821	2	399	122	100
43822	2	420	99	56
43823	2	487	150	129
43824	2	634	152	130
43825	2	45	15	3
43826	2	787	188	165
43827	2	222	42	28
43828	2	148	58	37
43829	2	120	47	27
43830	2	988	294	281
43831	2	114	33	18
43832	2	660	144	137
43833	2	1173	249	234
43834	2	1054	241	222
43835	2	1191	292	276
43836	2	281	87	73
43837	2	1000	228	218
43838	2	433	122	49
43839	2	136	37	14
43840	2	89	32	16
43841	2	984	201	191
43842	2	289	90	77
43843	2	663	174	158
43844	2	1140	317	292
43845	2	320	72	48
43846	2	961	226	216
43847	2	679	173	156
43848	2	998	197	186
43849	2	1405	313	294
43850	2	750	134	122
43851	2	1065	284	253
43852	2	775	192	179
43853	2	543	136	122
43854	2	508	135	124
43855	2	895	266	246
43856	2	1149	296	273
43857	2	668	142	131
43858	2	322	91	79
43859	2	597	115	104
43860	2	268	68	59
43861	2	191	84	69
43862	2	426	88	75
43863	2	1106	256	243
43864	2	1327	232	219
43865	2	1406	374	353
43866	2	1304	352	334
43867	2	157	34	26
43868	2	771	183	171
43869	2	1008	299	288
43870	2	1280	306	295
43871	2	1000	305	288
43872	2	1242	256	240
43873	2	1321	348	327
43874	2	567	104	89
43875	2	393	83	68
43876	2	1231	268	256
43877	2	1072	244	233
43878	2	153	34	20
43879	2	153	60	45
43880	2	1091	300	287
43881	2	1167	361	346
43882	2	201	51	38
43883	2	555	141	128
43884	2	168	49	39
43885	2	1013	249	234
43886	2	1201	317	303
43887	2	996	212	201
43888	2	1430	336	298
43889	2	436	96	82
43890	2	249	59	41
43891	2	126	51	40
43892	2	260	114	96
43893	2	390	134	123
43894	2	139	38	13
43895	2	660	159	144
43896	2	508	144	119
43897	2	1048	342	325
43898	2	1156	291	275
43899	2	596	152	140
43900	2	1006	269	260
43901	2	1097	336	323
43902	2	295	68	53
43903	2	400	83	58
43904	2	139	41	19
43905	2	1056	307	287
43906	2	873	223	189
43907	2	121	32	5
43908	2	123	47	20
43909	2	108	30	10
43910	2	530	142	127
43911	2	115	38	15
43912	2	906	301	279
43913	2	1206	230	212
43914	2	1250	247	226
43915	2	285	68	49
43916	2	1163	223	211
43917	2	1023	208	198
43918	2	1331	262	249
43919	2	1186	255	243
43920	2	420	82	72
43921	2	486	92	75
43922	2	928	252	241
43923	2	1043	273	261
43924	2	1283	374	352
43925	2	1054	253	239
43926	2	694	183	169
43927	2	1206	349	332
43928	2	142	37	15
43929	2	174	33	25
43930	2	119	37	19
43931	2	91	28	10
43932	2	161	64	33
43933	2	1050	309	256
43934	2	142	61	50
43935	2	179	64	34
43936	2	444	157	146
43937	2	354	91	29
43938	2	856	189	179
43939	2	179	41	22
43940	2	1158	288	274
43941	2	494	121	107
43942	2	968	210	200
43943	2	569	193	159
43944	2	1004	422	392
43945	2	1304	320	309
43946	2	480	104	80
43947	2	829	215	200
43948	2	98	33	11
43949	2	219	44	29
43950	2	269	75	57
43951	2	409	115	104
43952	2	339	66	55
43953	2	1063	229	212
43954	2	446	102	88
43955	2	378	120	95
43956	2	668	171	155
43957	2	276	90	68
43958	2	174	55	28
43959	2	1061	255	244
43960	2	370	86	71
43961	2	198	40	30
43962	2	426	98	87
43963	2	570	162	149
43964	2	567	164	128
43965	2	550	175	151
43966	2	1266	366	323
43967	2	884	172	155
43968	2	582	157	130
43969	2	1333	287	274
43970	2	1367	342	318
43971	2	1496	327	306
43972	2	836	240	228
43973	2	408	84	74
43974	2	1186	299	278
43975	2	392	101	38
43976	2	193	45	26
43977	2	123	41	20
43978	2	1052	298	283
43979	2	136	57	32
43980	2	1313	303	286
43981	2	633	156	135
43982	2	879	193	180
43983	2	354	110	95
43984	2	751	159	145
43985	2	294	114	84
43986	2	952	306	293
43987	2	448	121	107
43988	2	157	54	35
43989	2	429	111	91
43990	2	1570	517	493
43991	2	1089	315	297
43992	2	239	90	69
43993	2	384	115	93
43994	2	491	127	107
43995	2	1178	236	221
43996	2	259	56	36
43997	2	192	45	33
43998	2	576	190	174
43999	2	161	83	43
44000	2	799	196	186
44001	2	83	32	13
44002	2	255	65	53
44003	2	124	58	44
44004	2	1008	257	246
44005	2	954	229	215
44006	2	231	73	49
44007	2	347	75	36
44008	2	102	35	10
44009	2	85	35	14
44010	2	963	231	219
44011	2	104	28	16
44012	2	109	32	17
44013	2	72	24	8
44014	2	966	207	199
44015	2	1361	273	259
44016	2	936	269	256
44017	2	1158	371	356
44018	2	38	21	10
44019	2	910	205	196
44020	2	969	219	206
44021	2	1333	291	276
44022	2	1131	361	344
44023	2	1236	334	308
44024	2	1252	321	308
44025	2	86	29	17
44026	2	1344	292	279
44027	2	898	192	184
44028	2	639	169	155
44029	2	720	153	141
44030	2	907	193	184
44031	2	337	80	68
44032	2	335	87	74
44033	2	315	65	55
44034	2	1235	365	351
44035	2	1324	273	258
44036	2	874	496	467
44037	2	252	101	88
44038	2	1051	349	332
44039	2	1313	335	318
44040	2	972	264	249
44041	2	921	217	204
44042	2	1372	297	282
44043	2	900	239	216
44044	2	212	52	31
44045	2	500	153	137
44046	2	1081	254	241
44047	2	1177	330	311
44048	2	1136	264	249
44049	2	1200	235	217
44050	2	1058	392	374
44051	2	151	35	4
44052	2	300	92	73
44053	2	450	105	95
44054	2	280	93	74
44055	2	763	207	194
44056	2	393	86	64
44057	2	270	88	58
44058	2	81	29	10
44059	2	118	30	8
44060	2	186	67	56
44061	2	423	100	85
44062	2	369	95	82
44063	2	86	32	18
44064	2	375	89	74
44065	2	117	30	16
44066	2	144	35	15
44067	2	212	45	35
44068	2	532	169	147
44069	2	592	172	153
44070	2	211	81	69
44071	2	332	82	71
44072	2	365	92	61
44073	2	846	272	264
44074	2	156	58	46
44075	2	452	109	44
44076	2	187	63	22
44077	2	549	105	95
44078	2	60	22	9
44079	2	139	42	29
44080	2	815	400	386
44081	2	762	176	165
44082	2	996	226	211
44083	2	541	147	127
44084	2	167	49	31
44085	2	603	129	103
44086	2	1076	271	256
44087	2	339	66	43
44088	2	1146	247	235
44089	2	514	132	114
44090	2	171	44	28
44091	2	183	46	33
44092	2	373	117	90
44093	2	171	37	24
44094	2	504	136	106
44095	2	100	41	18
44096	2	369	126	104
44097	2	914	216	206
44098	2	1011	268	256
44099	2	1118	229	218
44100	2	1196	237	226
44101	2	1490	329	312
44102	2	223	76	55
44103	2	1159	354	332
44104	2	900	269	258
44105	2	132	32	12
44106	2	967	240	226
44107	2	212	61	39
44108	2	1062	210	198
44109	2	603	123	36
44110	2	399	97	50
44111	2	424	126	110
44112	2	1075	312	298
44113	2	505	117	100
44114	2	689	181	168
44115	2	511	133	117
44116	2	1104	259	244
44117	2	189	45	30
44118	2	249	71	15
44119	2	303	75	62
44120	2	178	55	21
44121	2	284	71	37
44122	2	334	87	55
44123	2	936	297	284
44124	2	523	137	121
44125	2	1441	303	291
44126	2	1347	285	273
44127	2	706	162	151
44128	2	822	162	151
44129	2	811	179	163
44130	2	657	226	210
44131	2	1005	234	221
44132	2	1348	272	260
44133	2	668	216	184
44134	2	119	32	18
44135	2	594	131	122
44136	2	818	277	239
44137	2	328	97	33
44138	2	120	27	18
44139	2	297	64	51
44140	2	159	38	21
44141	2	319	69	56
44142	2	326	81	64
44143	2	157	44	14
44144	2	82	34	12
44145	2	200	66	48
44146	2	165	40	20
44147	2	61	25	11
44148	2	142	37	12
44149	2	299	93	76
44150	2	166	44	35
44151	2	608	120	106
44152	2	960	278	247
44153	2	682	123	111
44154	2	166	42	26
44155	2	408	104	88
44156	2	1272	318	306
44157	2	161	53	38
44158	2	757	182	167
44159	2	884	257	241
44160	2	516	106	91
44161	2	580	150	51
44162	2	134	47	33
44163	2	68	22	11
44164	2	34	20	9
44165	2	348	112	97
44166	2	618	133	121
44167	2	620	212	183
44168	2	1182	319	302
44169	2	337	105	85
44170	2	521	127	96
44171	2	653	121	112
44172	2	78	32	9
44173	2	864	251	236
44174	2	153	41	23
44175	2	619	122	110
44176	2	120	52	30
44177	2	507	123	111
44178	2	802	250	235
44179	2	1032	223	210
44180	2	792	209	193
44181	2	489	90	77
44182	2	524	184	166
44183	2	453	98	44
44184	2	1340	360	285
44185	2	79	22	11
44186	2	1012	224	200
44187	2	1176	350	333
44188	2	229	70	38
44189	2	1092	288	278
44190	2	833	247	233
44191	2	734	222	205
44192	2	686	135	120
44193	2	184	72	45
44194	2	88	34	21
44195	2	778	239	223
44196	2	1052	216	200
44197	2	653	162	146
44198	2	489	85	73
44199	2	474	141	132
44200	2	341	109	98
44201	2	1075	261	250
44202	2	517	136	125
44203	2	889	257	243
44204	2	226	53	41
44205	2	964	317	307
44206	2	1151	203	192
44207	2	202	67	40
44208	2	263	86	69
44209	2	1321	251	239
44210	2	1195	268	255
44211	2	326	114	100
44212	2	315	80	40
44213	2	141	44	32
44214	2	99	34	15
44215	2	241	55	38
44216	2	141	32	11
44217	2	138	32	11
44218	2	345	111	96
44219	2	175	41	23
44220	2	225	53	39
44221	2	1013	232	207
44222	2	1511	319	300
44223	2	572	172	155
44224	2	271	106	91
44225	2	543	127	120
44226	2	891	187	177
44227	2	820	235	214
44228	2	116	55	45
44229	2	1021	299	287
44230	2	847	219	206
44231	2	513	140	103
44232	2	905	230	217
44233	2	1272	267	253
44234	2	1069	242	233
44235	2	1028	235	221
44236	2	742	145	119
44237	2	151	36	5
44238	2	377	102	41
44239	2	1091	316	300
44240	2	1214	340	313
44241	2	218	63	46
44242	2	461	179	149
44243	2	333	129	111
44244	2	357	134	105
44245	2	1125	299	286
44246	2	824	187	172
44247	2	154	39	18
44248	2	81	37	14
44249	2	66	23	8
44250	2	1333	293	268
44251	2	1023	293	280
44252	2	1226	286	276
44253	2	573	157	147
44254	2	228	64	56
44255	2	120	60	49
44256	2	1319	305	295
44257	2	63	22	9
44258	2	149	51	35
44259	2	197	76	63
44260	2	1478	311	287
44261	2	1052	339	319
44262	2	111	38	21
44263	2	1175	325	309
44264	2	419	126	108
44265	2	854	259	247
44266	2	137	49	33
44267	2	609	136	121
44268	2	157	38	15
44269	2	115	38	21
44270	2	713	204	188
44271	2	521	131	88
44272	2	882	230	217
44273	2	1071	389	371
44274	2	152	55	24
44275	2	259	100	78
44276	2	981	186	173
44277	2	789	258	243
44278	2	1038	230	218
44279	2	636	164	142
44280	2	1092	268	233
44281	2	951	237	212
44282	2	376	105	84
44283	2	430	131	102
44284	2	1169	328	317
44285	2	316	84	55
44286	2	423	140	93
44287	2	816	204	187
44288	2	1231	228	219
44289	2	234	90	68
44290	2	307	79	58
44291	2	944	229	211
44292	2	1274	269	247
44293	2	1367	327	311
44294	2	914	204	159
44295	2	1235	381	349
44296	2	342	110	87
44297	2	1285	273	262
44298	2	186	42	28
44299	2	419	85	70
44300	2	493	122	109
44301	2	1016	238	220
44302	2	845	204	192
44303	2	393	161	146
44304	2	203	62	37
44305	2	131	40	27
44306	2	258	74	51
44307	2	98	39	22
44308	2	966	243	232
44309	2	89	25	7
44310	2	505	189	169
44311	2	547	146	129
44312	2	1350	258	249
44313	2	939	200	192
44314	2	998	234	222
44315	2	103	28	5
44316	2	1149	313	294
44317	2	457	139	123
44318	2	1392	336	320
44319	2	1596	391	368
44320	2	936	181	169
44321	2	886	227	212
44322	2	1182	225	212
44323	2	1191	241	227
44324	2	644	131	121
44325	2	169	49	25
44326	2	852	187	175
44327	2	54	30	16
44328	2	502	126	117
44329	2	66	22	13
44330	2	1345	267	252
44331	2	1008	291	271
44332	2	495	145	125
44333	2	81	25	6
44334	2	1167	350	340
44335	2	1146	337	327
44336	2	940	307	290
44337	2	866	219	178
44338	2	421	88	67
44339	2	288	53	40
44340	2	586	129	118
44341	2	106	38	22
44342	2	722	192	176
44343	2	617	137	120
44344	2	974	274	258
44345	2	1194	318	304
44346	2	994	269	248
44347	2	1421	298	285
44348	2	733	179	170
44349	2	375	76	67
44350	2	360	102	92
44351	2	1046	432	410
44352	2	923	205	192
44353	2	342	90	80
44354	2	490	81	73
44355	2	75	25	13
44356	2	65	28	11
44357	2	409	143	68
44358	2	698	136	122
44359	2	325	113	96
44360	2	959	208	198
44361	2	1103	267	257
44362	2	195	41	35
44363	2	372	81	72
44364	2	148	40	24
44365	2	290	72	60
44366	2	1084	346	327
44367	2	128	41	12
44368	2	287	79	13
44369	2	225	55	44
44370	2	122	29	20
44371	2	119	39	26
44372	2	1283	271	258
44373	2	156	37	29
44374	2	375	92	75
44375	2	396	88	70
44376	2	632	116	104
44377	2	423	132	107
44378	2	769	260	241
44379	2	572	188	168
44380	2	758	231	211
44381	2	820	198	186
44382	2	526	165	149
44383	2	1082	307	294
44384	2	308	116	107
44385	2	93	27	15
44386	2	749	170	158
44387	2	1014	283	271
44388	2	681	158	57
44389	2	334	135	108
44390	2	1132	308	287
44391	2	121	43	25
44392	2	296	101	85
44393	2	111	34	20
44394	2	161	39	16
44395	2	200	64	48
44396	2	686	167	155
44397	2	961	225	215
44398	2	238	63	34
44399	2	365	78	65
44400	2	762	173	155
44401	2	656	146	134
44402	2	945	202	190
44403	2	1157	308	286
44404	2	460	120	102
44405	2	468	147	128
44406	2	87	25	15
44407	2	1389	299	290
44408	2	593	144	135
44409	2	978	209	195
44410	2	833	211	201
44411	2	632	155	137
44412	2	948	316	301
44413	2	1034	308	286
44414	2	550	164	149
44415	2	303	66	27
44416	2	1158	297	285
44417	2	1188	361	347
44418	2	1357	341	318
44419	2	1038	293	280
44420	2	81	24	10
44421	2	1152	260	247
44422	2	733	186	167
44423	2	348	122	99
44424	2	713	283	252
44425	2	478	130	119
44426	2	571	141	126
44427	2	921	193	181
44428	2	446	160	81
44429	2	1309	262	251
44430	2	228	89	53
44431	2	91	51	41
44432	2	150	65	53
44433	2	257	87	62
44434	2	159	57	29
44435	2	1044	228	215
44436	2	918	232	211
44437	2	243	59	37
44438	2	137	36	13
44439	2	152	38	16
44440	2	1151	307	294
44441	2	411	117	95
44442	2	1263	308	290
44443	2	81	27	5
44444	2	261	90	70
44445	2	1117	232	219
44446	2	281	60	46
44447	2	111	31	17
44448	2	397	105	92
44449	2	219	53	37
44450	2	1190	310	297
44451	2	1015	297	281
44452	2	308	67	55
44453	2	156	37	16
44454	2	1412	318	299
44455	2	1308	342	327
44456	2	282	91	35
44457	2	856	189	174
44458	2	847	186	160
44459	2	1098	229	207
44460	2	647	197	183
44461	2	172	52	12
44462	2	131	43	28
44463	2	435	98	85
44464	2	750	181	162
44465	2	1365	284	272
44466	2	1384	337	322
44467	2	98	31	16
44468	2	339	111	85
44469	2	78	36	18
44470	2	62	23	12
44471	2	1136	338	318
44472	2	599	139	125
44473	2	790	155	122
44474	2	1186	347	332
44475	2	213	49	35
44476	2	783	152	140
44477	2	1341	266	255
44478	2	220	52	38
44479	2	117	39	29
44480	2	817	207	190
44481	2	906	215	205
44482	2	841	211	201
44483	2	201	66	36
44484	2	559	146	128
44485	2	437	111	83
44486	2	1051	207	193
44487	2	685	128	113
44488	2	139	46	27
44489	2	978	196	181
44490	2	432	80	67
44491	2	402	83	71
44492	2	815	174	163
44493	2	903	172	162
44494	2	1114	235	219
44495	2	258	104	87
44496	2	338	105	74
44497	2	132	53	29
44498	2	945	280	263
44499	2	931	213	199
44500	2	114	30	10
44501	2	1165	277	265
44502	2	461	135	119
44503	2	246	53	39
44504	2	505	124	112
44505	2	74	34	17
44506	2	282	75	60
44507	2	319	102	45
44508	2	577	202	186
44509	2	459	84	72
44510	2	1253	256	232
44511	2	1164	234	215
44512	2	1407	288	270
44513	2	1029	268	251
44514	2	1329	377	356
44515	2	1303	249	235
44516	2	628	129	117
44517	2	246	69	60
44518	2	1266	348	337
44519	2	1517	444	431
44520	2	1455	508	479
44521	2	1041	263	249
44522	2	786	212	195
44523	2	172	59	46
44524	2	970	194	182
44525	2	737	152	139
44526	2	293	67	52
44527	2	870	251	227
44528	2	570	140	119
44529	2	731	170	158
44530	2	1161	248	232
44531	2	763	217	203
44532	2	693	168	158
44533	2	982	216	207
44534	2	93	52	29
44535	2	993	208	194
44536	2	636	147	127
44537	2	1256	297	285
44538	2	527	108	89
44539	2	435	92	75
44540	2	448	169	86
44541	2	863	244	214
44542	2	112	26	5
44543	2	102	33	18
44544	2	189	39	28
44545	2	84	35	14
44546	2	144	53	28
44547	2	393	122	105
44548	2	991	302	291
44549	2	343	68	53
44550	2	1476	404	389
44551	2	1337	281	266
44552	2	451	119	100
44553	2	925	200	191
44554	2	780	210	196
44555	2	302	86	47
44556	2	1192	263	250
44557	2	1262	250	227
44558	2	447	107	69
44559	2	471	94	82
44560	2	887	163	153
44561	2	884	202	191
44562	2	293	70	50
44563	2	1707	416	395
44564	2	160	51	22
44565	2	499	135	116
44566	2	252	89	67
44567	2	875	188	173
44568	2	1070	269	249
44569	2	201	55	19
44570	2	1047	248	225
44571	2	831	192	157
44572	2	399	100	87
44573	2	1092	222	209
44574	2	324	69	53
44575	2	927	239	223
44576	2	606	132	121
44577	2	741	174	161
44578	2	599	121	106
44579	2	193	67	47
44580	2	156	41	13
44581	2	192	43	30
44582	2	1037	260	246
44583	2	481	175	153
44584	2	489	103	90
44585	2	1060	219	205
44586	2	983	201	188
44587	2	199	73	56
44588	2	1182	229	215
44589	2	1352	236	219
44590	2	184	60	44
44591	2	1191	231	220
44592	2	86	24	8
44593	2	581	166	149
44594	2	94	26	9
44595	2	299	63	21
44596	2	189	47	37
44597	2	75	22	6
44598	2	1036	258	243
44599	2	1375	264	248
44600	2	1140	307	295
44601	2	293	88	37
44602	2	503	123	106
44603	2	675	159	136
44604	2	1078	277	262
44605	2	936	224	207
44606	2	1118	238	225
44607	2	1287	293	282
44608	2	396	104	88
44609	2	1303	253	244
44610	2	418	117	98
44611	2	625	184	167
44612	2	1147	280	269
44613	2	1308	277	264
44614	2	824	183	170
44615	2	345	67	51
44616	2	909	357	346
44617	2	195	91	42
44618	2	724	247	223
44619	2	74	37	20
44620	2	157	46	17
44621	2	584	173	147
44622	2	103	38	25
44623	2	353	81	48
44624	2	225	59	34
44625	2	753	202	191
44626	2	653	146	134
44627	2	216	47	33
44628	2	479	135	120
44629	2	143	39	13
44630	2	170	45	30
44631	2	506	168	151
44632	2	667	174	149
44633	2	200	51	34
44634	2	159	48	37
44635	2	381	98	77
44636	2	79	24	7
44637	2	1114	243	224
44638	2	615	117	99
44639	2	219	66	51
44640	2	1192	240	228
44641	2	665	140	128
44642	2	478	101	89
44643	2	688	239	227
44644	2	806	169	156
44645	2	1287	256	246
44646	2	777	271	256
44647	2	1106	243	232
44648	2	853	206	190
44649	2	1096	269	254
44650	2	620	185	169
44651	2	1369	297	281
44652	2	1057	230	219
44653	2	308	82	60
44654	2	1035	245	227
44655	2	1341	390	358
44656	2	189	74	57
44657	2	1272	374	338
44658	2	601	138	126
44659	2	911	229	214
44660	2	635	176	162
44661	2	575	147	110
44662	2	639	211	197
44663	2	79	19	5
44664	2	110	37	21
44665	2	231	60	36
44666	2	138	40	26
44667	2	932	257	243
44668	2	882	175	162
44669	2	195	56	46
44670	2	279	61	44
44671	2	82	25	6
44672	2	139	36	20
44673	2	384	102	76
44674	2	732	164	149
44675	2	295	65	52
44676	2	186	60	45
44677	2	478	129	106
44678	2	253	50	41
44679	2	117	30	9
44680	2	1271	329	310
44681	2	1280	264	252
44682	2	652	195	150
44683	2	536	109	102
44684	2	128	42	30
44685	2	882	200	191
44686	2	740	153	142
44687	2	126	34	17
44688	2	914	267	252
44689	2	321	70	47
44690	2	1156	331	318
44691	2	290	89	33
44692	2	193	46	26
44693	2	588	118	102
44694	2	401	111	97
44695	2	1134	281	259
44696	2	1177	484	469
44697	2	635	155	135
44698	2	1123	356	340
44699	2	299	85	64
44700	2	723	230	213
44701	2	707	182	170
44702	2	1152	349	327
44703	2	780	199	183
44704	2	285	72	64
44705	2	1313	329	310
44706	2	232	52	38
44707	2	154	99	81
44708	2	555	134	126
44709	2	124	33	4
44710	2	145	39	24
44711	2	369	86	66
44712	2	1065	191	179
44713	2	204	69	51
44714	2	180	60	43
44715	2	980	196	182
44716	2	381	113	83
44717	2	918	209	191
44718	2	1040	246	227
44719	2	1100	238	223
44720	2	919	211	201
44721	2	1349	282	273
44722	2	1052	193	180
44723	2	159	44	21
44724	2	1111	229	217
44725	2	638	126	107
44726	2	178	58	45
44727	2	157	71	55
44728	2	1295	316	303
44729	2	1114	293	276
44730	2	1291	273	263
44731	2	1341	271	260
44732	2	140	48	18
44733	2	1273	266	251
44734	2	144	41	24
44735	2	1064	297	277
44736	2	115	31	12
44737	2	499	129	117
44738	2	391	100	79
44739	2	1230	409	392
44740	2	78	32	22
44741	2	408	156	137
44742	2	164	42	34
44743	2	584	152	133
44744	2	251	53	38
44745	2	672	162	148
44746	2	64	27	12
44747	2	268	81	69
44748	2	1160	341	317
44749	2	720	151	143
44750	2	1212	339	329
44751	2	150	50	27
44752	2	224	58	40
44753	2	1238	349	339
44754	2	470	93	79
44755	2	807	277	254
44756	2	1237	276	248
44757	2	401	89	72
44758	2	963	234	216
44759	2	89	46	33
44760	2	205	83	62
44761	2	110	50	35
44762	2	1100	244	224
44763	2	1044	234	218
44764	2	1103	235	219
44765	2	1165	247	228
44766	2	953	246	230
44767	2	952	215	196
44768	2	1152	256	239
44769	2	1258	277	263
44770	2	870	284	274
44771	2	579	193	180
44772	2	120	30	4
44773	2	146	58	35
44774	2	1251	336	322
44775	2	111	32	24
44776	2	129	31	18
44777	2	970	206	191
44778	2	1127	311	295
44779	2	569	161	150
44780	2	1204	239	218
44781	2	432	83	69
44782	2	568	218	191
44783	2	220	73	59
44784	2	442	148	133
44785	2	395	102	87
44786	2	445	118	102
44787	2	266	87	69
44788	2	1357	323	305
44789	2	1010	244	222
44790	2	1042	274	256
44791	2	1029	344	327
44792	2	861	187	179
44793	2	328	136	128
44794	2	1166	322	300
44795	2	422	113	102
44796	2	1075	302	286
44797	2	1190	282	267
44798	2	1062	230	211
44799	2	857	172	161
44800	2	689	158	143
44801	2	989	274	249
44802	2	1192	309	300
44803	2	722	197	186
44804	2	965	220	204
44805	2	778	250	233
44806	2	340	121	107
44807	2	263	63	47
44808	2	1279	248	234
44809	2	156	45	33
44810	2	446	112	86
44811	2	116	41	18
44812	2	275	90	63
44813	2	731	208	180
44814	2	249	73	60
44815	2	647	153	138
44816	2	715	159	142
44817	2	83	23	9
44818	2	1285	294	278
44819	2	240	56	42
44820	2	1156	287	274
44821	2	54	18	6
44822	2	1020	222	209
44823	2	258	58	43
44824	2	165	70	36
44825	2	189	66	53
44826	2	1113	307	290
44827	2	938	214	200
44828	2	278	58	45
44829	2	207	43	31
44830	2	85	30	16
44831	2	198	47	35
44832	2	252	67	51
44833	2	211	43	22
44834	2	401	108	52
44835	2	194	54	32
44836	2	514	126	95
44837	2	552	165	139
44838	2	308	107	92
44839	2	123	30	14
44840	2	197	75	57
44841	2	905	242	219
44842	2	302	115	96
44843	2	498	139	126
44844	2	68	29	18
44845	2	1110	301	277
44846	2	365	102	90
44847	2	86	43	31
44848	2	1267	262	244
44849	2	911	264	252
44850	2	128	47	20
44851	2	1177	325	312
44852	2	81	37	25
44853	2	574	140	124
44854	2	174	52	26
44855	2	521	110	101
44856	2	1394	337	324
44857	2	1026	238	223
44858	2	1297	279	262
44859	2	328	81	69
44860	2	1229	276	264
44861	2	468	101	90
44862	2	378	112	101
44863	2	216	67	52
44864	2	870	187	174
44865	2	1100	352	329
44866	2	1092	253	246
44867	2	335	116	99
44868	2	51	21	8
44869	2	880	205	192
44870	2	362	90	71
44871	2	34	19	9
44872	2	956	242	228
44873	2	424	136	118
44874	2	757	233	222
44875	2	126	30	19
44876	2	691	165	148
44877	2	266	71	51
44878	2	274	92	77
44879	2	822	195	185
44880	2	271	84	60
44881	2	393	165	135
44882	2	152	52	39
44883	2	1205	292	268
44884	2	59	28	15
44885	2	131	37	22
44886	2	1115	303	290
44887	2	490	154	143
44888	2	1296	339	309
44889	2	1394	352	341
44890	2	757	175	158
44891	2	1235	248	232
44892	2	1125	349	322
44893	2	1312	253	239
44894	2	552	111	100
44895	2	97	31	18
44896	2	986	222	209
44897	2	973	193	182
44898	2	924	189	177
44899	2	1176	219	208
44900	2	1145	347	319
44901	2	540	166	148
44902	2	980	217	203
44903	2	546	145	125
44904	2	681	154	137
44905	2	299	135	119
44906	2	934	234	218
44907	2	1266	319	300
44908	2	675	134	120
44909	2	432	158	140
44910	2	1207	271	259
44911	2	1235	264	250
44912	2	567	173	160
44913	2	1084	247	227
44914	2	1189	307	291
44915	2	978	290	267
44916	2	1193	271	257
44917	2	952	286	263
44918	2	871	211	191
44919	2	561	151	81
44920	2	709	151	138
44921	2	564	148	124
44922	2	350	86	28
44923	2	581	147	135
44924	2	124	35	15
44925	2	213	59	30
44926	2	165	46	18
44927	2	632	206	167
44928	2	516	93	83
44929	2	1302	255	236
44930	2	860	188	169
44931	2	171	42	25
44932	2	1221	279	258
44933	2	733	251	182
44934	2	956	310	298
44935	2	976	261	248
44936	2	1193	235	223
44937	2	1109	281	268
44938	2	620	142	128
44939	2	215	85	62
44940	2	105	36	23
44941	2	1050	242	230
44942	2	1347	306	286
44943	2	1087	273	261
44944	2	744	173	161
44945	2	1299	275	265
44946	2	1301	224	214
44947	2	201	69	33
44948	2	420	123	109
44949	2	360	75	64
44950	2	111	32	6
44951	2	1006	242	224
44952	2	177	53	33
44953	2	591	138	119
44954	2	1210	381	367
44955	2	744	175	158
44956	2	147	36	26
44957	2	623	115	105
44958	2	1020	294	283
44959	2	606	108	96
44960	2	1237	254	242
44961	2	348	81	70
44962	2	1067	267	251
44963	2	845	206	197
44964	2	1329	318	295
44965	2	590	157	142
44966	2	189	72	53
44967	2	118	58	33
44968	2	528	161	146
44969	2	441	180	166
44970	2	786	221	208
44971	2	639	165	133
44972	2	1073	357	338
44973	2	271	71	56
44974	2	208	46	32
44975	2	478	131	114
44976	2	204	74	52
44977	2	599	147	135
44978	2	872	242	230
44979	2	576	104	88
44980	2	232	91	75
44981	2	131	52	30
44982	2	179	70	57
44983	2	96	36	4
44984	2	455	99	63
44985	2	465	107	94
44986	2	1126	290	276
44987	2	904	223	210
44988	2	375	148	124
44989	2	432	146	128
44990	2	221	72	60
44991	2	167	49	20
44992	2	1315	337	322
44993	2	489	99	82
44994	2	161	54	30
44995	2	520	159	146
44996	2	106	49	35
44997	2	531	179	143
44998	2	1389	284	275
44999	2	1083	240	228
45000	2	987	341	313
45001	2	1025	239	226
45002	2	1327	276	265
45003	2	1119	250	237
45004	2	615	153	137
45005	2	552	119	100
45006	2	1222	353	328
45007	2	321	103	66
45008	2	1206	310	269
45009	2	779	218	200
45010	2	924	229	213
45011	2	544	123	108
45012	2	825	176	166
45013	2	259	53	34
45014	2	328	111	98
45015	2	146	46	33
45016	2	55	21	9
45017	2	120	50	37
45018	2	1172	314	300
45019	2	1078	257	235
45020	2	882	202	190
45021	2	119	29	20
45022	2	285	62	53
45023	2	197	66	53
45024	2	134	37	17
45025	2	146	45	31
45026	2	1281	240	224
45027	2	738	228	216
45028	2	151	35	19
45029	2	1187	323	310
45030	2	1208	241	226
45031	2	1283	369	339
45032	2	256	68	56
45033	2	424	103	89
45034	2	129	32	16
45035	2	114	37	14
45036	2	199	63	40
45037	2	315	77	65
45038	2	318	114	102
45039	2	667	147	136
45040	2	156	31	13
45041	2	216	54	41
45042	2	995	335	231
45043	2	869	168	154
45044	2	568	223	206
45045	2	230	75	52
45046	2	280	54	21
45047	2	366	141	115
45048	2	481	129	109
45049	2	420	110	98
45050	2	204	58	45
45051	2	227	73	51
45052	2	909	271	259
45053	2	1295	308	292
45054	2	271	61	39
45055	2	717	167	154
45056	2	800	265	253
45057	2	469	138	100
45058	2	1155	285	266
45059	2	1088	457	427
45060	2	196	58	42
45061	2	965	218	204
45062	2	899	220	206
45063	2	929	175	161
45064	2	345	110	78
45065	2	578	170	158
45066	2	292	138	108
45067	2	1030	212	201
45068	2	967	365	353
45069	2	1215	297	282
45070	2	538	134	121
45071	2	913	190	177
45072	2	1297	308	291
45073	2	614	119	107
45074	2	1483	297	285
45075	2	343	89	72
45076	2	117	49	33
45077	2	123	25	14
45078	2	150	46	31
45079	2	135	41	23
45080	2	72	23	10
45081	2	1231	270	256
45082	2	186	57	46
45083	2	675	212	198
45084	2	250	57	46
45085	2	450	94	82
45086	2	1098	257	243
45087	2	119	27	10
45088	2	97	40	27
45089	2	968	188	176
45090	2	238	70	58
45091	2	320	72	57
45092	2	188	61	35
45093	2	1060	239	219
45094	2	1239	383	371
45095	2	165	52	22
45096	2	136	46	30
45097	2	371	136	124
45098	2	503	117	105
45099	2	300	97	68
45100	2	162	44	24
45101	2	155	51	35
45102	2	329	96	81
45103	2	832	302	287
45104	2	398	83	73
45105	2	361	101	93
45106	2	702	164	80
45107	2	249	50	37
45108	2	277	55	38
45109	2	471	154	131
45110	2	237	75	63
45111	2	603	171	148
45112	2	333	90	72
45113	2	731	159	147
45114	2	1275	291	278
45115	2	117	73	60
45116	2	1031	207	183
45117	2	777	259	243
45118	2	734	211	191
45119	2	274	82	62
45120	2	121	36	12
45121	2	232	47	34
45122	2	983	298	285
45123	2	1027	234	222
45124	2	1028	296	286
45125	2	130	65	41
45126	2	124	42	20
45127	2	164	59	34
45128	2	111	38	28
45129	2	1180	289	276
45130	2	1153	261	247
45131	2	1230	268	259
45132	2	1244	307	292
45133	2	891	168	159
45134	2	207	44	31
45135	2	1328	289	272
45136	2	72	32	20
45137	2	439	101	85
45138	2	114	32	13
45139	2	194	51	26
45140	2	123	23	14
45141	2	365	97	80
45142	2	308	103	90
45143	2	480	135	116
45144	2	1068	285	266
45145	2	961	295	281
45146	2	1156	257	247
45147	2	282	59	46
45148	2	593	172	104
45149	2	922	225	211
45150	2	198	68	56
45151	2	1264	269	252
45152	2	592	173	160
45153	2	619	199	172
45154	2	490	186	167
45155	2	1301	311	296
45156	2	459	159	141
45157	2	860	170	156
45158	2	838	162	150
45159	2	324	65	46
45160	2	933	191	179
45161	2	471	154	139
45162	2	90	43	29
45163	2	1375	291	279
45164	2	731	202	189
45165	2	1377	415	401
45166	2	1124	346	335
45167	2	1311	246	236
45168	2	869	180	167
45169	2	1378	296	286
45170	2	229	54	29
45171	2	144	32	21
45172	2	670	139	127
45173	2	198	41	30
45174	2	354	84	70
45175	2	267	75	59
45176	2	383	86	75
45177	2	1176	255	236
45178	2	468	140	128
45179	2	1068	279	262
45180	2	144	50	26
45181	2	1047	243	228
45182	2	246	61	47
45183	2	1004	234	220
45184	2	1472	274	258
45185	2	699	134	119
45186	2	503	146	119
45187	2	189	39	30
45188	2	1195	252	235
45189	2	502	157	148
45190	2	936	269	249
45191	2	1420	349	334
45192	2	1222	294	282
45193	2	351	102	91
45194	2	423	94	77
45195	2	490	126	107
45196	2	182	58	22
45197	2	1055	231	222
45198	2	811	200	182
45199	2	1162	252	240
45200	2	438	93	71
45201	2	854	163	151
45202	2	752	197	179
45203	2	692	168	159
45204	2	49	31	18
45205	2	1163	518	508
45206	2	1171	297	285
45207	2	121	35	13
45208	2	454	119	103
45209	2	1166	274	262
45210	2	649	125	113
45211	2	1076	211	198
45212	2	489	100	75
45213	2	1361	259	250
45214	2	995	211	196
45215	2	1151	206	194
45216	2	1138	250	236
45217	2	1419	314	303
45218	2	90	27	8
45219	2	206	55	35
45220	2	371	89	74
45221	2	862	216	201
45222	2	687	195	181
45223	2	817	187	170
45224	2	267	53	40
45225	2	805	178	167
45226	2	351	106	82
45227	2	637	183	149
45228	2	89	28	6
45229	2	82	30	21
45230	2	1171	300	278
45231	2	138	31	13
45232	2	181	87	71
45233	2	111	34	21
45234	2	459	111	87
45235	2	426	82	70
45236	2	1000	314	299
45237	2	1152	264	250
45238	2	448	97	73
45239	2	345	69	53
45240	2	141	53	39
45241	2	76	33	24
45242	2	87	32	21
45243	2	188	63	49
45244	2	1222	263	251
45245	2	1363	272	259
45246	2	634	119	109
45247	2	444	115	103
45248	2	1513	536	520
45249	2	358	154	139
45250	2	945	191	174
45251	2	378	114	91
45252	2	1006	316	303
45253	2	474	128	103
45254	2	1085	349	331
45255	2	699	211	195
45256	2	273	75	53
45257	2	197	63	44
45258	2	204	49	32
45259	2	418	129	116
45260	2	1029	251	240
45261	2	87	34	16
45262	2	138	39	27
45263	2	1329	306	293
45264	2	1165	261	250
45265	2	912	201	188
45266	2	221	74	48
45267	2	86	38	25
45268	2	108	32	13
45269	2	673	189	178
45270	2	719	193	175
45271	2	1207	263	249
45272	2	398	130	119
45273	2	192	67	52
45274	2	456	142	127
45275	2	598	200	190
45276	2	355	77	66
45277	2	207	67	44
45278	2	692	237	208
45279	2	1190	287	276
45280	2	593	141	120
45281	2	351	77	68
45282	2	308	72	49
45283	2	1526	338	325
45284	2	949	225	191
45285	2	772	179	167
45286	2	175	61	41
45287	2	277	134	114
45288	2	259	72	60
45289	2	465	133	111
45290	2	474	151	138
45291	2	789	220	204
45292	2	684	153	136
45293	2	1291	426	414
45294	2	615	164	144
45295	2	497	134	121
45296	2	420	135	123
45297	2	903	223	208
45298	2	76	39	27
45299	2	343	133	109
45300	2	123	36	19
45301	2	487	117	75
45302	2	363	79	60
45303	2	240	108	89
45304	2	833	171	151
45305	2	1257	237	220
45306	2	1230	338	297
45307	2	806	263	174
45308	2	1295	273	260
45309	2	84	31	12
45310	2	1148	248	236
45311	2	323	85	46
45312	2	521	117	68
45313	2	1272	346	328
45314	2	588	242	226
45315	2	358	80	66
45316	2	1358	273	259
45317	2	936	242	231
45318	2	449	96	81
45319	2	697	199	184
45320	2	1357	281	267
45321	2	852	297	281
45322	2	1359	281	272
45323	2	1061	206	197
45324	2	734	229	214
45325	2	787	147	132
45326	2	1347	274	263
45327	2	622	160	133
45328	2	801	207	175
45329	2	148	38	13
45330	2	1453	264	240
45331	2	1197	295	283
45332	2	480	143	131
45333	2	134	38	21
45334	2	987	330	316
45335	2	1140	354	334
45336	2	396	81	69
45337	2	817	182	167
45338	2	408	132	120
45339	2	726	171	155
45340	2	1103	289	273
45341	2	1151	338	322
45342	2	1121	236	224
45343	2	1248	257	246
45344	2	1329	296	285
45345	2	671	136	123
45346	2	284	64	49
45347	2	1308	280	262
45348	2	1230	265	253
45349	2	286	55	41
45350	2	1030	239	227
45351	2	781	241	221
45352	2	366	75	54
45353	2	282	84	35
45354	2	194	69	48
45355	2	274	69	28
45356	2	355	97	82
45357	2	381	86	65
45358	2	177	48	27
45359	2	698	231	210
45360	2	113	49	19
45361	2	1141	323	308
45362	2	382	113	91
45363	2	250	91	71
45364	2	497	128	85
45365	2	617	115	105
45366	2	940	218	204
45367	2	1318	289	274
45368	2	1143	292	276
45369	2	729	223	211
45370	2	1168	311	291
45371	2	60	21	11
45372	2	672	152	142
45373	2	99	30	22
45374	2	210	40	27
45375	2	99	29	6
45376	2	1133	243	230
45377	2	714	183	168
45378	2	719	193	177
45379	2	1186	272	256
45380	2	393	119	104
45381	2	1161	300	285
45382	2	1218	259	247
45383	2	104	27	15
45384	2	603	154	143
45385	2	1019	205	192
45386	2	1500	365	345
45387	2	525	244	192
45388	2	915	187	174
45389	2	1328	343	331
45390	2	208	53	32
45391	2	1441	306	293
45392	2	175	62	46
45393	2	109	34	17
45394	2	640	136	125
45395	2	1095	279	264
45396	2	202	70	53
45397	2	264	66	56
45398	2	104	32	19
45399	2	448	142	121
45400	2	836	255	230
45401	2	1190	362	348
45402	2	492	149	131
45403	2	1123	332	317
45404	2	745	150	138
45405	2	592	148	135
45406	2	1035	263	251
45407	2	1174	240	227
45408	2	776	177	161
45409	2	249	51	37
45410	2	486	97	77
45411	2	777	162	148
45412	2	1227	255	242
45413	2	302	90	75
45414	2	1036	258	231
45415	2	337	67	56
45416	2	90	25	9
45417	2	410	122	109
45418	2	140	37	20
45419	2	332	115	100
45420	2	106	33	16
45421	2	895	219	209
45422	2	351	88	77
45423	2	66	19	7
45424	2	137	50	32
45425	2	840	211	195
45426	2	158	54	36
45427	2	304	131	114
45428	2	1240	371	330
45429	2	1126	262	246
45430	2	1112	371	346
45431	2	980	280	263
45432	2	1231	305	286
45433	2	1119	375	357
45434	2	994	289	283
45435	2	247	65	26
45436	2	1391	318	308
45437	2	46	22	10
45438	2	801	197	176
45439	2	559	187	170
45440	2	366	90	72
45441	2	262	73	55
45442	2	570	130	120
45443	2	1145	354	306
45444	2	1233	314	301
45445	2	120	38	19
45446	2	1013	231	219
45447	2	360	79	65
45448	2	132	35	23
45449	2	354	171	159
45450	2	246	58	46
45451	2	1215	268	257
45452	2	1330	478	458
45453	2	833	217	175
45454	2	751	160	147
45455	2	1250	362	344
45456	2	447	93	81
45457	2	581	148	137
45458	2	1525	274	262
45459	2	946	271	253
45460	2	830	183	171
45461	2	1094	231	212
45462	2	177	76	56
45463	2	288	66	55
45464	2	192	57	47
45465	2	790	199	189
45466	2	1175	326	311
45467	2	819	163	147
45468	2	1534	433	415
45469	2	576	141	120
45470	2	249	67	39
45471	2	231	55	38
45472	2	209	62	40
45473	2	248	66	44
45474	2	584	248	229
45475	2	391	110	98
45476	2	1096	329	316
45477	2	199	67	27
45478	2	698	135	121
45479	2	394	98	79
45480	2	485	113	103
45481	2	395	117	98
45482	2	558	133	115
45483	2	162	39	23
45484	2	399	95	75
45485	2	1083	211	197
45486	2	1168	274	252
45487	2	895	199	184
45488	2	893	196	180
45489	2	822	167	149
45490	2	683	175	148
45491	2	409	138	68
45492	2	633	203	171
45493	2	570	114	86
45494	2	180	49	25
45495	2	390	102	85
45496	2	237	47	34
45497	2	129	45	26
45498	2	339	65	52
45499	2	357	65	54
45500	2	204	46	29
45501	2	1188	294	281
45502	2	171	54	36
45503	2	927	194	165
45504	2	144	40	22
45505	2	495	171	140
45506	2	1488	294	275
45507	2	476	176	154
45508	2	1162	405	386
45509	2	1306	272	262
45510	2	1019	216	204
45511	2	859	169	152
45512	2	1333	289	278
45513	2	1279	278	262
45514	2	1154	200	187
45515	2	232	68	51
45516	2	552	162	140
45517	2	1272	285	266
45518	2	142	49	31
45519	2	121	43	19
45520	2	262	70	49
45521	2	1032	279	258
45522	2	358	94	38
45523	2	998	224	210
45524	2	241	55	38
45525	2	109	29	12
45526	2	1227	331	317
45527	2	249	73	52
45528	2	602	118	104
45529	2	79	29	15
45530	2	1012	308	285
45531	2	440	353	337
45532	2	309	91	70
45533	2	540	185	172
45534	2	132	39	26
45535	2	351	91	76
45536	2	1121	246	233
45537	2	1013	199	186
45538	2	437	122	110
45539	2	427	100	82
45540	2	221	56	6
45541	2	924	166	153
45542	2	1180	279	268
45543	2	186	42	31
45544	2	202	52	40
45545	2	288	120	88
45546	2	907	217	180
45547	2	931	220	202
45548	2	737	127	114
45549	2	505	117	97
45550	2	418	79	68
45551	2	1052	273	261
45552	2	113	34	13
45553	2	596	132	117
45554	2	190	46	5
45555	2	822	268	253
45556	2	579	197	170
45557	2	507	158	144
45558	2	294	91	73
45559	2	205	45	24
45560	2	69	26	13
45561	2	474	101	92
45562	2	1123	335	313
45563	2	1228	320	294
45564	2	537	224	209
45565	2	162	43	32
45566	2	100	34	20
45567	2	270	64	56
45568	2	587	165	155
45569	2	696	173	144
45570	2	393	128	110
45571	2	944	197	180
45572	2	180	56	29
45573	2	1166	290	275
45574	2	513	174	150
45575	2	519	113	95
45576	2	142	47	23
45577	2	261	56	42
45578	2	119	37	14
45579	2	870	164	153
45580	2	1117	306	295
45581	2	1351	312	297
45582	2	1430	304	287
45583	2	546	162	124
45584	2	1113	352	334
45585	2	1137	319	294
45586	2	1275	395	377
45587	2	154	43	33
45588	2	1231	286	277
45589	2	319	72	29
45590	2	294	75	43
45591	2	150	30	21
45592	2	507	294	288
45593	2	880	269	249
45594	2	649	192	175
45595	2	546	160	144
45596	2	1299	298	279
45597	2	1348	293	279
45598	2	1284	247	234
45599	2	116	32	18
45600	2	940	216	204
45601	2	529	144	110
45602	2	493	118	92
45603	2	684	135	124
45604	2	459	113	92
45605	2	583	128	119
45606	2	461	120	109
45607	2	797	246	238
45608	2	589	210	165
45609	2	220	92	75
45610	2	1030	232	221
45611	2	525	128	107
45612	2	1231	298	280
45613	2	417	145	131
45614	2	531	122	104
45615	2	610	150	136
45616	2	896	217	202
45617	2	363	97	68
45618	2	63	18	6
45619	2	312	116	96
45620	2	184	40	28
45621	2	725	215	181
45622	2	437	118	98
45623	2	174	50	18
45624	2	587	171	141
45625	2	1126	327	302
45626	2	483	96	83
45627	2	686	292	274
45628	2	612	197	182
45629	2	616	196	179
45630	2	667	195	176
45631	2	1082	191	176
45632	2	441	132	119
45633	2	138	38	29
45634	2	192	42	28
45635	2	522	123	109
45636	2	377	118	106
45637	2	853	166	151
45638	2	1312	234	222
45639	2	841	172	162
45640	2	784	177	155
45641	2	120	34	25
45642	2	261	64	51
45643	2	696	165	146
45644	2	1187	377	361
45645	2	698	138	127
45646	2	513	153	143
45647	2	174	38	29
45648	2	105	27	14
45649	2	232	67	47
45650	2	241	51	29
45651	2	1195	255	244
45652	2	1008	258	243
45653	2	180	64	39
45654	2	324	115	99
45655	2	321	71	66
45656	2	616	151	139
45657	2	411	131	121
45658	2	1416	295	283
45659	2	441	153	140
45660	2	476	136	122
45661	2	789	172	160
45662	2	649	118	107
45663	2	968	302	288
45664	2	894	260	244
45665	2	634	203	190
45666	2	502	173	150
45667	2	385	113	91
45668	2	276	88	74
45669	2	80	39	20
45670	2	742	209	184
45671	2	1039	245	229
45672	2	500	137	113
45673	2	784	205	190
45674	2	1119	249	231
45675	2	123	26	12
45676	2	713	194	177
45677	2	118	30	15
45678	2	248	73	51
45679	2	346	94	79
45680	2	975	299	271
45681	2	1060	271	248
45682	2	1387	288	268
45683	2	108	23	8
45684	2	1215	365	345
45685	2	1085	260	225
45686	2	895	203	164
45687	2	414	114	83
45688	2	431	93	74
45689	2	567	181	170
45690	2	506	124	114
45691	2	139	58	39
45692	2	399	117	92
45693	2	361	84	79
45694	2	167	39	15
45695	2	236	61	43
45696	2	327	98	85
45697	2	645	165	148
45698	2	1202	324	310
45699	2	200	62	38
45700	2	99	28	19
45701	2	113	32	12
45702	2	900	195	181
45703	2	1216	225	212
45704	2	1053	249	235
45705	2	164	44	19
45706	2	234	50	37
45707	2	738	158	130
45708	2	1062	203	190
45709	2	1003	196	182
45710	2	1260	286	274
45711	2	187	57	34
45712	2	204	46	27
45713	2	1023	293	279
45714	2	165	39	29
45715	2	689	201	188
45716	2	177	39	28
45717	2	516	190	177
45718	2	592	162	151
45719	2	860	179	167
45720	2	56	31	19
45721	2	1138	283	267
45722	2	930	255	242
45723	2	850	240	211
45724	2	955	308	285
45725	2	1197	266	252
45726	2	851	183	159
45727	2	269	87	61
45728	2	293	83	66
45729	2	357	87	59
45730	2	1171	333	314
45731	2	1228	263	249
45732	2	53	26	14
45733	2	1115	342	323
45734	2	824	173	159
45735	2	1173	244	234
45736	2	465	104	68
45737	2	1192	230	217
45738	2	165	33	23
45739	2	454	109	89
45740	2	121	49	29
45741	2	124	31	16
45742	2	1119	273	251
45743	2	171	52	32
45744	2	960	234	218
45745	2	168	62	48
45746	2	811	174	158
45747	2	1227	244	233
45748	2	310	68	53
45749	2	1197	382	363
45750	2	813	163	143
45751	2	373	85	64
45752	2	156	43	26
45753	2	294	85	73
45754	2	911	272	252
45755	2	953	264	255
45756	2	1182	259	248
45757	2	109	35	13
45758	2	287	74	55
45759	2	488	127	109
45760	2	1137	273	247
45761	2	849	252	239
45762	2	387	80	69
45763	2	239	85	66
45764	2	457	110	99
45765	2	1135	345	313
45766	2	1185	406	391
45767	2	1036	235	221
45768	2	1110	232	221
45769	2	465	128	89
45770	2	493	137	124
45771	2	358	81	57
45772	2	175	54	40
45773	2	268	101	90
45774	2	106	31	13
45775	2	572	159	140
45776	2	163	43	7
45777	2	1646	456	445
45778	2	155	54	39
45779	2	112	50	35
45780	2	386	134	124
45781	2	644	147	135
45782	2	856	210	195
45783	2	142	34	24
45784	2	567	126	105
45785	2	177	38	24
45786	2	555	125	113
45787	2	90	30	11
45788	2	519	132	111
45789	2	57	17	6
45790	2	1215	553	494
45791	2	279	57	43
45792	2	399	80	70
45793	2	899	248	233
45794	2	676	188	142
45795	2	420	112	92
45796	2	185	77	58
45797	2	113	58	46
45798	2	112	24	9
45799	2	1487	339	325
45800	2	801	140	127
45801	2	302	117	98
45802	2	194	60	42
45803	2	860	203	180
45804	2	743	173	158
45805	2	1284	325	309
45806	2	1088	215	176
45807	2	186	42	24
45808	2	280	61	43
45809	2	366	85	62
45810	2	378	106	97
45811	2	1269	271	254
45812	2	1024	237	222
45813	2	130	45	19
45814	2	141	36	12
45815	2	215	68	55
45816	2	350	100	45
45817	2	224	69	42
45818	2	107	35	13
45819	2	147	51	31
45820	2	321	88	73
45821	2	132	42	15
45822	2	113	30	10
45823	2	785	203	185
45824	2	253	66	46
45825	2	291	78	52
45826	2	563	207	190
45827	2	354	99	84
45828	2	225	68	52
45829	2	561	197	171
45830	2	189	57	28
45831	2	599	155	141
45832	2	483	118	93
45833	2	224	90	52
45834	2	172	53	38
45835	2	940	202	192
45836	2	74	34	12
45837	2	424	86	73
45838	2	352	130	112
45839	2	1219	328	314
45840	2	536	101	85
45841	2	746	195	177
45842	2	442	107	98
45843	2	1519	281	267
45844	2	135	52	27
45845	2	909	199	190
45846	2	1145	293	282
45847	2	310	86	48
45848	2	760	169	160
45849	2	196	54	42
45850	2	99	23	13
45851	2	295	85	66
45852	2	540	139	128
45853	2	951	273	260
45854	2	211	50	26
45855	2	1120	282	257
45856	2	968	193	176
45857	2	1371	320	305
45858	2	1122	297	282
45859	2	884	241	225
45860	2	1441	251	242
45861	2	138	45	33
45862	2	127	41	24
45863	2	225	72	58
45864	2	308	94	75
45865	2	78	25	12
45866	2	123	49	31
45867	2	587	152	140
45868	2	1165	298	284
45869	2	955	234	215
45870	2	1520	409	370
45871	2	545	185	146
45872	2	1432	301	292
45873	2	119	39	23
45874	2	1122	249	239
45875	2	1330	440	412
45876	2	200	42	30
45877	2	1020	232	222
45878	2	370	110	97
45879	2	590	145	118
45880	2	158	59	39
45881	2	1279	254	236
45882	2	1090	242	226
45883	2	214	55	31
45884	2	920	333	315
45885	2	1305	313	294
45886	2	1353	355	337
45887	2	1237	281	265
45888	2	1322	270	258
45889	2	538	160	144
45890	2	725	156	145
45891	2	295	72	52
45892	2	1300	268	257
45893	2	870	173	158
45894	2	923	238	226
45895	2	214	64	42
45896	2	1217	349	334
45897	2	1039	276	261
45898	2	181	48	32
45899	2	115	38	11
45900	2	714	178	163
45901	2	102	26	14
45902	2	120	32	21
45903	2	101	28	15
45904	2	672	184	166
45905	2	177	53	24
45906	2	1138	320	305
45907	2	1207	275	259
45908	2	444	116	100
45909	2	471	131	117
45910	2	455	137	124
45911	2	174	54	41
45912	2	1326	246	232
45913	2	45	18	4
45914	2	57	18	6
45915	2	456	85	61
45916	2	1181	253	238
45917	2	966	286	270
45918	2	256	77	64
45919	2	1226	252	241
45920	2	131	47	25
45921	2	456	152	75
45922	2	1242	331	296
45923	2	797	182	171
45924	2	121	36	9
45925	2	290	79	55
45926	2	1285	328	317
45927	2	366	74	54
45928	2	666	118	82
45929	2	260	66	52
45930	2	294	68	55
45931	2	568	153	141
45932	2	1359	305	292
45933	2	145	43	18
45934	2	138	38	14
45935	2	557	125	105
45936	2	120	29	21
45937	2	825	181	167
45938	2	85	22	5
45939	2	1377	352	339
45940	2	180	38	26
45941	2	813	186	147
45942	2	489	123	89
45943	2	403	114	68
45944	2	704	203	192
45945	2	372	116	99
45946	2	895	202	190
45947	2	1013	219	192
45948	2	259	87	73
45949	2	1011	319	303
45950	2	664	147	101
45951	2	660	223	213
45952	2	539	196	181
45953	2	615	165	152
45954	2	1160	271	259
45955	2	107	39	6
45956	2	260	75	57
45957	2	114	36	4
45958	2	342	93	72
45959	2	309	96	81
45960	2	204	56	28
45961	2	48	20	6
45962	2	141	66	41
45963	2	348	116	98
45964	2	1131	301	289
45965	2	608	134	118
45966	2	199	60	47
45967	2	781	170	157
45968	2	190	52	30
45969	2	207	51	27
45970	2	1191	226	213
45971	2	920	230	217
45972	2	997	364	342
45973	2	724	156	138
45974	2	976	296	245
45975	2	1056	175	159
45976	2	827	155	145
45977	2	1228	225	212
45978	2	920	170	158
45979	2	1121	227	211
45980	2	426	85	71
45981	2	283	67	55
45982	2	1062	212	197
45983	2	800	227	210
45984	2	282	67	47
45985	2	597	154	142
45986	2	393	93	42
45987	2	753	159	150
45988	2	502	173	109
45989	2	1190	315	260
45990	2	511	147	101
45991	2	582	185	170
45992	2	104	35	19
45993	2	1061	275	262
45994	2	126	37	18
45995	2	1349	316	297
45996	2	802	209	193
45997	2	193	55	29
45998	2	1217	291	283
45999	2	432	144	134
46000	2	135	68	50
46001	2	109	48	23
46002	2	611	164	146
46003	2	140	68	41
46004	2	1383	254	242
46005	2	492	120	96
46006	2	714	164	143
46007	2	1612	433	414
46008	2	1269	260	248
46009	2	1178	339	318
46010	2	764	185	169
46011	2	318	74	57
46012	2	663	139	126
46013	2	1243	224	210
46014	2	317	82	72
46015	2	1192	280	265
46016	2	173	51	39
46017	2	707	200	189
46018	2	1071	208	197
46019	2	760	271	263
46020	2	160	64	49
46021	2	254	68	40
46022	2	549	167	150
46023	2	463	138	120
46024	2	186	47	34
46025	2	506	122	107
46026	2	248	74	49
46027	2	462	154	120
46028	2	552	179	165
46029	2	1358	393	366
46030	2	81	31	14
46031	2	731	218	196
46032	2	545	144	112
46033	2	1227	238	217
46034	2	144	36	20
46035	2	615	182	150
46036	2	237	48	36
46037	2	129	35	16
46038	2	285	77	64
46039	2	192	46	33
46040	2	1279	265	238
46041	2	570	114	90
46042	2	373	83	46
46043	2	117	34	14
46044	2	196	50	40
46045	2	1293	299	288
46046	2	78	38	25
46047	2	1197	242	230
46048	2	1306	387	372
46049	2	259	65	52
46050	2	532	107	34
46051	2	316	71	56
46052	2	1043	241	229
46053	2	181	53	21
46054	2	941	193	179
46055	2	1215	330	313
46056	2	158	64	44
46057	2	232	54	34
46058	2	1154	328	313
46059	2	648	174	124
46060	2	837	207	194
46061	2	158	64	31
46062	2	370	93	67
46063	2	1359	271	260
46064	2	237	50	32
46065	2	1261	298	278
46066	2	1060	229	215
46067	2	1265	349	326
46068	2	956	167	155
46069	2	918	200	185
46070	2	1273	242	230
46071	2	1071	229	210
46072	2	803	254	223
46073	2	1025	228	208
46074	2	966	246	234
46075	2	1412	304	291
46076	2	144	39	22
46077	2	1134	337	323
46078	2	472	107	95
46079	2	179	41	25
46080	2	1165	279	264
46081	2	996	230	213
46082	2	746	224	209
46083	2	174	42	24
46084	2	91	23	12
46085	2	926	194	179
46086	2	1321	337	324
46087	2	849	209	200
46088	2	820	409	398
46089	2	483	148	137
46090	2	1144	221	212
46091	2	173	49	31
46092	2	283	54	42
46093	2	190	42	30
46094	2	426	95	79
46095	2	1022	251	232
46096	2	1121	221	208
46097	2	181	49	23
46098	2	543	185	138
46099	2	170	44	2
46100	2	218	73	38
46101	2	1321	280	265
46102	2	167	58	21
46103	2	1092	283	262
46104	2	585	125	114
46105	2	531	133	119
46106	2	1285	299	290
46107	2	1367	301	283
46108	2	434	101	89
46109	2	881	184	167
46110	2	402	96	83
46111	2	471	129	115
46112	2	535	141	127
46113	2	121	35	11
46114	2	657	137	122
46115	2	284	73	48
46116	2	1002	183	174
46117	2	561	216	204
46118	2	615	145	65
46119	2	815	158	145
46120	2	541	125	112
46121	2	698	170	156
46122	2	636	138	119
46123	2	77	32	12
46124	2	844	203	187
46125	2	1207	266	251
46126	2	1181	251	238
46127	2	1056	258	243
46128	2	167	50	19
46129	2	510	121	105
46130	2	190	62	26
46131	2	613	163	137
46132	2	987	251	229
46133	2	749	244	211
46134	2	296	56	27
46135	2	306	75	55
46136	2	579	133	113
46137	2	354	114	105
46138	2	764	197	187
46139	2	661	208	200
46140	2	1282	282	272
46141	2	469	112	93
46142	2	123	34	12
46143	2	436	145	130
46144	2	794	221	208
46145	2	139	38	24
46146	2	1224	257	246
46147	2	114	44	31
46148	2	78	23	13
46149	2	1044	231	219
46150	2	125	47	23
46151	2	308	82	59
46152	2	130	53	35
46153	2	1362	280	271
46154	2	274	59	43
46155	2	1238	314	299
46156	2	325	96	88
46157	2	133	30	18
46158	2	1162	220	203
46159	2	321	87	74
46160	2	265	74	54
46161	2	734	233	204
46162	2	1177	249	238
46163	2	177	38	22
46164	2	1306	269	258
46165	2	1352	318	308
46166	2	732	161	149
46167	2	1488	284	274
46168	2	66	21	4
46169	2	188	79	65
46170	2	282	97	64
46171	2	637	122	109
46172	2	606	110	94
46173	2	935	192	184
46174	2	248	55	37
46175	2	606	170	157
46176	2	729	177	158
46177	2	549	114	102
46178	2	1050	311	293
46179	2	944	200	187
46180	2	378	95	84
46181	2	66	22	13
46182	2	1045	221	211
46183	2	90	29	19
46184	2	368	90	81
46185	2	188	55	19
46186	2	139	70	53
46187	2	287	87	54
46188	2	1038	321	309
46189	2	282	60	46
46190	2	356	87	75
46191	2	84	17	6
46192	2	1034	200	184
46193	2	845	207	185
46194	2	176	40	3
46195	2	331	93	72
46196	2	957	339	328
46197	2	1220	305	291
46198	2	453	133	123
46199	2	1151	272	262
46200	2	1013	254	244
46201	2	427	145	132
46202	2	652	197	177
46203	2	798	170	160
46204	2	120	31	16
46205	2	173	42	12
46206	2	261	76	44
46207	2	227	85	33
46208	2	1152	235	202
46209	2	123	41	13
46210	2	528	114	103
46211	2	163	62	38
46212	2	404	90	58
46213	2	847	233	217
46214	2	166	46	25
46215	2	1222	320	306
46216	2	176	56	19
46217	2	146	53	32
46218	2	552	133	91
46219	2	621	142	126
46220	2	641	154	136
46221	2	1112	240	232
46222	2	249	64	51
46223	2	739	305	262
46224	2	569	140	129
46225	2	1199	307	293
46226	2	1084	218	203
46227	2	330	71	47
46228	2	429	115	105
46229	2	138	45	20
46230	2	1091	256	241
46231	2	837	192	168
46232	2	746	229	215
46233	2	1180	217	205
46234	2	470	127	110
46235	2	809	299	280
46236	2	825	208	197
46237	2	1162	234	223
46238	2	474	137	125
46239	2	384	95	72
46240	2	376	84	70
46241	2	938	203	166
46242	2	692	157	138
46243	2	894	235	214
46244	2	497	124	106
46245	2	951	193	178
46246	2	169	57	43
46247	2	483	116	95
46248	2	589	132	123
46249	2	281	82	66
46250	2	285	58	47
46251	2	75	25	12
46252	2	390	75	61
46253	2	203	41	10
46254	2	1037	285	274
46255	2	552	208	166
46256	2	547	234	214
46257	2	448	128	116
46258	2	1173	366	347
46259	2	587	139	128
46260	2	1339	220	208
46261	2	518	113	97
46262	2	417	104	86
46263	2	516	97	87
46264	2	1260	281	266
46265	2	831	225	215
46266	2	402	96	80
46267	2	1195	239	232
46268	2	601	168	139
46269	2	946	204	193
46270	2	92	30	18
46271	2	1389	355	344
46272	2	540	127	106
46273	2	595	228	213
46274	2	122	49	31
46275	2	438	102	91
46276	2	765	160	151
46277	2	300	63	46
46278	2	1172	264	252
46279	2	442	138	128
46280	2	460	171	161
46281	2	262	61	37
46282	2	453	107	94
46283	2	636	125	114
46284	2	151	82	68
46285	2	913	214	201
46286	2	89	26	11
46287	2	744	183	168
46288	2	1144	301	288
46289	2	1342	253	242
46290	2	603	185	166
46291	2	227	62	34
46292	2	565	224	211
46293	2	1162	289	274
46294	2	1420	279	265
46295	2	1127	381	367
46296	2	546	145	120
46297	2	570	152	137
46298	2	912	202	193
46299	2	1290	299	288
46300	2	480	175	158
46301	2	314	90	73
46302	2	145	50	22
46303	2	1280	311	295
46304	2	1104	225	210
46305	2	339	72	61
46306	2	927	191	178
46307	2	399	169	146
46308	2	1319	302	285
46309	2	1160	279	267
46310	2	1339	411	396
46311	2	1181	248	234
46312	2	815	177	168
46313	2	1378	383	368
46314	2	1093	308	290
46315	2	1035	247	217
46316	2	997	249	228
46317	2	1098	370	349
46318	2	321	90	76
46319	2	87	28	19
46320	2	450	113	96
46321	2	171	49	40
46322	2	979	220	207
46323	2	178	103	87
46324	2	159	45	37
46325	2	483	178	166
46326	2	204	64	54
46327	2	329	112	94
46328	2	1136	265	253
46329	2	1022	223	210
46330	2	835	223	208
46331	2	993	203	193
46332	2	257	73	57
46333	2	1217	317	300
46334	2	1025	319	285
46335	2	1231	287	273
46336	2	234	63	48
46337	2	518	142	127
46338	2	129	39	19
46339	2	451	128	83
46340	2	442	126	83
46341	2	719	203	187
46342	2	303	85	73
46343	2	891	186	173
46344	2	212	67	53
46345	2	214	55	40
46346	2	328	128	67
46347	2	369	105	74
46348	2	346	83	66
46349	2	228	56	46
46350	2	70	31	8
46351	2	454	161	148
46352	2	163	35	26
46353	2	165	51	26
46354	2	99	26	7
46355	2	101	34	18
46356	2	326	95	78
46357	2	443	85	73
46358	2	1223	353	320
46359	2	132	45	19
46360	2	507	170	141
46361	2	790	171	162
46362	2	985	203	188
46363	2	877	227	216
46364	2	1016	206	195
46365	2	786	165	156
46366	2	1235	265	251
46367	2	547	121	87
46368	2	1134	250	227
46369	2	800	203	188
46370	2	213	69	52
46371	2	784	189	176
46372	2	1035	213	201
46373	2	503	113	106
46374	2	1131	266	245
46375	2	738	223	206
46376	2	558	180	165
46377	2	553	156	140
46378	2	240	90	77
46379	2	42	18	7
46380	2	686	233	204
46381	2	248	56	41
46382	2	1170	317	243
46383	2	904	250	231
46384	2	662	138	118
46385	2	101	39	27
46386	2	642	223	206
46387	2	143	42	34
46388	2	237	51	24
46389	2	345	85	62
46390	2	505	117	103
46391	2	672	131	115
46392	2	318	82	67
46393	2	1004	213	202
46394	2	93	26	8
46395	2	459	92	76
46396	2	81	35	13
46397	2	166	45	9
46398	2	518	155	141
46399	2	264	83	68
46400	2	297	81	70
46401	2	471	173	157
46402	2	226	67	42
46403	2	1188	336	315
46404	2	498	112	93
46405	2	620	135	120
46406	2	195	40	23
46407	2	216	61	46
46408	2	693	204	189
46409	2	1375	256	240
46410	2	118	37	11
46411	2	54	22	8
46412	2	63	18	9
46413	2	844	177	157
46414	2	1332	304	290
46415	2	394	89	65
46416	2	1237	392	373
46417	2	1440	273	260
46418	2	1271	270	245
46419	2	108	38	22
46420	2	287	73	62
46421	2	818	183	170
46422	2	615	124	101
46423	2	1240	232	222
46424	2	851	218	206
46425	2	422	171	139
46426	2	180	72	56
46427	2	1032	280	259
46428	2	268	54	42
46429	2	1065	296	260
46430	2	978	225	213
46431	2	532	132	116
46432	2	812	213	197
46433	2	92	27	14
46434	2	768	187	156
46435	2	439	124	112
46436	2	1018	292	268
46437	2	1300	284	272
46438	2	1128	329	312
46439	2	1305	299	271
46440	2	779	194	93
46441	2	282	73	61
46442	2	171	59	42
46443	2	786	156	142
46444	2	328	75	54
46445	2	139	97	80
46446	2	293	100	82
46447	2	523	223	210
46448	2	1088	221	209
46449	2	156	53	37
46450	2	1290	295	281
46451	2	1081	238	227
46452	2	1016	203	194
46453	2	511	140	124
46454	2	219	89	73
46455	2	569	136	119
46456	2	1261	298	274
46457	2	1204	264	245
46458	2	1131	325	309
46459	2	177	47	22
46460	2	1279	332	313
46461	2	1276	294	274
46462	2	900	202	185
46463	2	1044	252	214
46464	2	165	47	27
46465	2	1029	240	219
46466	2	141	50	28
46467	2	168	56	48
46468	2	110	32	12
46469	2	1331	309	298
46470	2	861	261	249
46471	2	760	219	201
46472	2	285	86	68
46473	2	837	183	171
46474	2	578	189	173
46475	2	465	99	85
46476	2	986	260	240
46477	2	812	165	154
46478	2	274	91	77
46479	2	168	43	36
46480	2	243	58	37
46481	2	438	108	99
46482	2	1200	307	293
46483	2	623	155	141
46484	2	768	231	215
46485	2	1156	288	274
46486	2	205	53	24
46487	2	435	128	100
46488	2	184	52	32
46489	2	598	181	158
46490	2	1152	280	266
46491	2	1523	300	284
46492	2	862	189	174
46493	2	878	224	208
46494	2	1050	205	192
46495	2	752	213	199
46496	2	204	48	34
46497	2	1253	293	278
46498	2	918	191	177
46499	2	156	48	28
46500	2	154	36	19
46501	2	179	57	37
46502	2	252	71	54
46503	2	1122	352	337
46504	2	1135	319	306
46505	2	274	66	42
46506	2	383	108	91
46507	2	988	266	250
46508	2	1074	259	232
46509	2	1118	254	236
46510	2	624	129	108
46511	2	1333	288	258
46512	2	1194	245	222
46513	2	1049	219	205
46514	2	962	219	205
46515	2	552	125	113
46516	2	561	171	148
46517	2	293	98	82
46518	2	337	83	64
46519	2	303	81	65
46520	2	218	81	58
46521	2	145	39	26
46522	2	725	307	295
46523	2	259	60	49
46524	2	551	158	138
46525	2	1291	288	277
46526	2	754	239	227
46527	2	1421	323	314
46528	2	833	208	194
46529	2	60	21	9
46530	2	357	103	86
46531	2	119	40	14
46532	2	131	48	33
46533	2	1205	353	323
46534	2	398	89	61
46535	2	277	61	50
46536	2	317	64	51
46537	2	1334	265	253
46538	2	97	31	15
46539	2	1362	255	241
46540	2	1241	396	346
46541	2	522	158	109
46542	2	1008	273	232
46543	2	1086	248	236
46544	2	484	105	94
46545	2	713	190	161
46546	2	417	104	89
46547	2	463	147	117
46548	2	852	266	216
46549	2	958	299	287
46550	2	456	101	88
46551	2	427	114	100
46552	2	1364	272	257
46553	2	245	84	62
46554	2	153	33	19
46555	2	428	117	103
46556	2	1189	211	194
46557	2	1315	307	292
46558	2	946	177	164
46559	2	141	53	20
46560	2	1196	329	314
46561	2	608	154	142
46562	2	680	127	110
46563	2	1059	239	225
46564	2	328	86	64
46565	2	423	101	75
46566	2	290	69	56
46567	2	138	48	24
46568	2	1224	293	279
46569	2	486	146	129
46570	2	1006	244	228
46571	2	1278	337	326
46572	2	763	148	125
46573	2	1101	219	207
46574	2	1272	232	222
46575	2	1510	308	297
46576	2	985	377	364
46577	2	1072	209	196
46578	2	407	83	61
46579	2	396	80	71
46580	2	1298	310	299
46581	2	308	74	56
46582	2	96	28	15
46583	2	1152	237	224
46584	2	232	60	51
46585	2	1088	270	243
46586	2	1262	264	249
46587	2	1139	309	290
46588	2	1115	308	298
46589	2	204	72	50
46590	2	150	64	51
46591	2	104	35	23
46592	2	791	223	209
46593	2	821	347	310
46594	2	464	140	130
46595	2	464	140	128
46596	2	107	31	7
46597	2	440	196	180
46598	2	1065	241	226
46599	2	1075	300	286
46600	2	731	204	187
46601	2	255	67	50
46602	2	216	60	37
46603	2	369	96	80
46604	2	271	79	63
46605	2	112	39	20
46606	2	229	49	31
46607	2	481	143	117
46608	2	426	114	100
46609	2	1192	269	253
46610	2	1285	304	294
46611	2	1130	218	209
46612	2	1298	291	280
46613	2	125	43	28
46614	2	476	145	93
46615	2	959	368	341
46616	2	194	46	37
46617	2	610	194	168
46618	2	107	29	14
46619	2	1379	293	278
46620	2	161	67	49
46621	2	1416	297	278
46622	2	604	192	149
46623	2	525	140	114
46624	2	306	92	69
46625	2	787	215	204
46626	2	177	45	19
46627	2	1030	286	273
46628	2	1136	263	252
46629	2	1256	260	248
46630	2	999	219	203
46631	2	213	51	37
46632	2	992	277	238
46633	2	840	190	174
46634	2	359	84	70
46635	2	675	170	156
46636	2	213	52	42
46637	2	150	38	10
46638	2	989	229	215
46639	2	285	60	49
46640	2	301	94	46
46641	2	317	74	61
46642	2	486	149	138
46643	2	479	145	132
46644	2	1221	266	251
46645	2	1229	233	222
46646	2	1036	246	233
46647	2	1053	234	224
46648	2	858	152	135
46649	2	571	220	210
46650	2	459	94	78
46651	2	94	30	10
46652	2	264	92	28
46653	2	453	110	103
46654	2	162	36	23
46655	2	54	19	7
46656	2	675	177	153
46657	2	156	35	23
46658	2	1263	276	266
46659	2	509	145	131
46660	2	1424	288	265
46661	2	674	249	219
46662	2	914	212	204
46663	2	521	203	174
46664	2	1306	371	354
46665	2	1493	352	337
46666	2	1195	372	339
46667	2	1102	274	261
46668	2	555	150	117
46669	2	342	94	77
46670	2	764	153	142
46671	2	1107	235	227
46672	2	1348	271	257
46673	2	252	53	41
46674	2	1347	288	277
46675	2	689	193	183
46676	2	77	31	13
46677	2	177	63	42
46678	2	123	32	16
46679	2	467	160	141
46680	2	48	14	7
46681	2	425	104	84
46682	2	579	177	161
46683	2	426	102	80
46684	2	246	79	34
46685	2	268	70	38
46686	2	838	242	226
46687	2	1225	279	266
46688	2	172	53	25
46689	2	1214	326	297
46690	2	119	30	17
46691	2	195	60	31
46692	2	512	123	95
46693	2	442	135	123
46694	2	703	184	172
46695	2	677	170	160
46696	2	1174	305	292
46697	2	315	78	62
46698	2	444	91	77
46699	2	292	82	67
46700	2	642	191	178
46701	2	121	34	14
46702	2	181	60	45
46703	2	258	51	36
46704	2	219	63	48
46705	2	129	32	21
46706	2	217	51	39
46707	2	159	53	29
46708	2	114	46	21
46709	2	1106	281	269
46710	2	63	28	14
46711	2	153	35	20
46712	2	298	94	81
46713	2	229	47	38
46714	2	317	84	61
46715	2	301	101	72
46716	2	586	198	180
46717	2	1200	249	225
46718	2	339	75	59
46719	2	1066	232	198
46720	2	398	150	125
46721	2	186	70	39
46722	2	1056	323	286
46723	2	540	107	83
46724	2	622	170	134
46725	2	407	98	83
46726	2	517	111	98
46727	2	116	32	17
46728	2	174	51	34
46729	2	875	208	189
46730	2	695	204	189
46731	2	249	80	59
46732	2	905	310	297
46733	2	135	35	12
46734	2	661	183	173
46735	2	1085	241	228
46736	2	949	251	237
46737	2	593	127	117
46738	2	1282	240	227
46739	2	1179	266	247
46740	2	159	46	35
46741	2	139	35	25
46742	2	488	114	98
46743	2	1102	310	293
46744	2	917	216	183
46745	2	307	71	55
46746	2	626	185	175
46747	2	686	158	118
46748	2	1278	368	325
46749	2	489	158	120
46750	2	594	133	119
46751	2	622	157	139
46752	2	1081	339	326
46753	2	765	178	162
46754	2	353	116	84
46755	2	951	260	239
46756	2	203	71	57
46757	2	949	274	241
46758	2	1146	255	243
46759	2	565	168	147
46760	2	1220	366	351
46761	2	622	196	180
46762	2	965	213	200
46763	2	1191	265	254
46764	2	159	35	27
46765	2	191	50	34
46766	2	347	85	77
46767	2	730	219	210
46768	2	116	35	19
46769	2	360	166	142
46770	2	830	203	193
46771	2	965	191	178
46772	2	594	148	130
46773	2	1394	296	282
46774	2	322	65	53
46775	2	763	188	176
46776	2	434	99	85
46777	2	164	53	30
46778	2	1032	311	291
46779	2	855	255	211
46780	2	264	78	65
46781	2	1193	200	184
46782	2	254	89	71
46783	2	993	217	203
46784	2	1130	324	305
46785	2	171	41	29
46786	2	712	172	159
46787	2	1568	370	358
46788	2	689	130	117
46789	2	1541	437	420
46790	2	902	221	205
46791	2	1066	238	224
46792	2	611	124	106
46793	2	165	62	46
46794	2	1209	252	238
46795	2	171	37	24
46796	2	804	181	155
46797	2	495	103	93
46798	2	119	34	19
46799	2	254	77	51
46800	2	61	30	11
46801	2	1071	291	276
46802	2	481	146	128
46803	2	346	105	87
46804	2	462	110	90
46805	2	104	34	20
46806	2	335	71	60
46807	2	216	71	56
46808	2	1318	302	293
46809	2	461	95	83
46810	2	118	45	35
46811	2	189	42	25
46812	2	452	117	93
46813	2	478	149	132
46814	2	499	116	104
46815	2	129	38	22
46816	2	1021	279	268
46817	2	1067	330	315
46818	2	190	59	49
46819	2	337	103	80
46820	2	183	66	41
46821	2	94	35	26
46822	2	1068	274	251
46823	2	1148	339	317
46824	2	1192	235	224
46825	2	1309	304	292
46826	2	97	40	21
46827	2	974	223	202
46828	2	107	35	16
46829	2	1188	333	315
46830	2	783	189	175
46831	2	462	119	107
46832	2	121	58	40
46833	2	204	51	28
46834	2	1007	289	274
46835	2	288	65	48
46836	2	410	100	47
46837	2	402	117	99
46838	2	483	121	105
46839	2	899	231	214
46840	2	667	152	140
46841	2	84	22	8
46842	2	1153	223	207
46843	2	877	212	199
46844	2	545	108	91
46845	2	952	242	220
46846	2	192	61	33
46847	2	1307	253	234
46848	2	105	33	16
46849	2	776	155	143
46850	2	91	31	17
46851	2	1344	280	266
46852	2	858	180	167
46853	2	180	38	24
46854	2	1214	387	372
46855	2	87	26	14
46856	2	680	154	143
46857	2	1125	257	239
46858	2	405	85	73
46859	2	634	173	112
46860	2	585	136	127
46861	2	201	42	33
46862	2	250	58	33
46863	2	329	71	52
46864	2	187	51	28
46865	2	103	28	7
46866	2	273	64	30
46867	2	493	154	126
46868	2	384	124	112
46869	2	167	43	6
46870	2	1416	275	261
46871	2	1293	255	240
46872	2	179	47	19
46873	2	419	91	75
46874	2	934	224	209
46875	2	957	242	228
46876	2	1143	242	230
46877	2	1237	289	278
46878	2	1214	324	312
46879	2	152	40	22
46880	2	1203	357	338
46881	2	108	30	15
46882	2	465	183	157
46883	2	136	45	31
46884	2	93	31	11
46885	2	478	103	85
46886	2	111	31	21
46887	2	153	38	19
46888	2	267	81	54
46889	2	793	200	188
46890	2	540	155	133
46891	2	525	126	110
46892	2	89	30	17
46893	2	113	42	31
46894	2	1049	241	228
46895	2	1151	224	209
46896	2	284	84	54
46897	2	774	185	169
46898	2	1139	341	312
46899	2	121	34	19
46900	2	1244	277	245
46901	2	322	67	21
46902	2	259	57	31
46903	2	836	191	178
46904	2	794	240	224
46905	2	1184	282	271
46906	2	1208	268	251
46907	2	1147	232	217
46908	2	1152	232	221
46909	2	667	188	172
46910	2	781	153	144
46911	2	1168	333	319
46912	2	250	62	44
46913	2	930	193	184
46914	2	81	29	14
46915	2	164	55	33
46916	2	1273	276	266
46917	2	739	175	131
46918	2	805	174	156
46919	2	1222	240	218
46920	2	856	208	197
46921	2	1334	295	284
46922	2	924	285	270
46923	2	231	51	38
46924	2	849	214	115
46925	2	495	101	75
46926	2	1187	294	274
46927	2	980	302	281
46928	2	902	267	254
46929	2	153	41	18
46930	2	198	44	29
46931	2	364	101	89
46932	2	150	49	30
46933	2	905	226	208
46934	2	586	166	155
46935	2	932	174	163
46936	2	1131	293	266
46937	2	520	106	89
46938	2	1242	344	305
46939	2	600	131	118
46940	2	583	164	129
46941	2	813	191	163
46942	2	360	94	65
46943	2	357	80	64
46944	2	813	180	168
46945	2	1346	293	282
46946	2	1375	297	287
46947	2	863	302	290
46948	2	1248	286	270
46949	2	1034	232	221
46950	2	574	139	125
46951	2	740	145	133
46952	2	795	237	220
46953	2	1128	320	307
46954	2	160	40	13
46955	2	450	120	89
46956	2	910	248	229
46957	2	981	229	219
46958	2	870	211	199
46959	2	1212	334	319
46960	2	1267	305	293
46961	2	582	161	147
46962	2	354	81	70
46963	2	95	23	11
46964	2	1348	259	250
46965	2	566	111	106
46966	2	925	269	251
46967	2	1137	215	204
46968	2	1195	344	334
46969	2	1023	293	275
46970	2	647	191	160
46971	2	365	105	95
46972	2	201	42	30
46973	2	740	196	182
46974	2	611	179	155
46975	2	1326	300	273
46976	2	167	43	19
46977	2	254	71	61
46978	2	164	47	36
46979	2	195	50	32
46980	2	285	57	45
46981	2	1136	288	278
46982	2	1026	279	265
46983	2	741	171	162
46984	2	745	197	186
46985	2	607	167	151
46986	2	1047	261	248
46987	2	617	194	178
46988	2	635	143	130
46989	2	80	27	13
46990	2	704	159	150
46991	2	1066	224	210
46992	2	285	87	62
46993	2	492	98	84
46994	2	73	26	7
46995	2	185	59	46
46996	2	332	83	60
46997	2	1017	229	213
46998	2	98	35	13
46999	2	213	51	42
47000	2	621	176	166
47001	2	84	27	14
47002	2	120	38	18
47003	2	172	42	23
47004	2	831	262	127
47005	2	267	58	47
47006	2	358	139	120
47007	2	291	86	38
47008	2	154	38	11
47009	2	1004	248	226
47010	2	536	155	110
47011	2	1069	245	229
47012	2	824	205	180
47013	2	166	61	47
47014	2	840	163	149
47015	2	875	270	257
47016	2	132	52	43
47017	2	968	225	206
47018	2	604	206	189
47019	2	178	49	28
47020	2	279	63	47
47021	2	1205	233	213
47022	2	301	99	92
47023	2	1247	248	235
47024	2	120	31	20
47025	2	1370	297	286
47026	2	1339	251	238
47027	2	727	234	219
47028	2	1145	253	192
47029	2	101	42	25
47030	2	537	142	130
47031	2	581	141	128
47032	2	189	43	27
47033	2	1248	299	284
47034	2	1156	233	220
47035	2	1116	243	229
47036	2	1245	247	228
47037	2	1036	242	221
47038	2	1395	281	268
47039	2	1402	283	267
47040	2	935	200	189
47041	2	1309	242	232
47042	2	290	82	69
47043	2	90	26	10
47044	2	489	150	86
47045	2	1334	360	344
47046	2	988	199	162
47047	2	579	130	114
47048	2	91	43	30
47049	2	358	80	54
47050	2	463	159	143
47051	2	232	104	87
47052	2	1287	295	282
47053	2	679	206	195
47054	2	1317	443	375
47055	2	141	47	23
47056	2	911	254	240
47057	2	402	126	112
47058	2	795	264	242
47059	2	393	87	73
47060	2	919	244	217
47061	2	1029	302	283
47062	2	144	32	8
47063	2	1008	206	186
47064	2	978	194	170
47065	2	153	33	24
47066	2	454	137	124
47067	2	1193	297	281
47068	2	672	175	153
47069	2	520	155	126
47070	2	129	25	13
47071	2	628	261	222
47072	2	650	116	105
47073	2	128	52	24
47074	2	1178	295	275
47075	2	372	108	86
47076	2	1067	290	273
47077	2	1126	217	202
47078	2	134	36	19
47079	2	304	80	63
47080	2	110	28	8
47081	2	1099	300	285
47082	2	422	92	76
47083	2	313	73	60
47084	2	161	45	29
47085	2	176	52	11
47086	2	308	84	66
47087	2	1187	233	220
47088	2	179	47	27
47089	2	195	43	26
47090	2	215	52	37
47091	2	426	130	112
47092	2	1262	356	335
47093	2	880	226	216
47094	2	783	234	219
47095	2	159	44	31
47096	2	679	143	131
47097	2	812	202	189
47098	2	1541	328	317
47099	2	149	39	16
47100	2	1312	274	264
47101	2	159	34	21
47102	2	674	143	130
47103	2	229	56	13
47104	2	799	199	178
47105	2	237	79	68
47106	2	342	79	66
47107	2	1171	288	271
47108	2	820	183	167
47109	2	2775	868	774
47110	2	958	221	210
47111	2	721	253	234
47112	2	309	84	65
47113	2	1404	252	242
47114	2	473	146	128
47115	2	81	30	17
47116	2	519	100	89
47117	2	1210	288	274
47118	2	214	47	34
47119	2	65	28	18
47120	2	350	76	62
47121	2	260	68	55
47122	2	614	217	192
47123	2	615	172	139
47124	2	1276	328	317
47125	2	471	130	116
47126	2	395	90	81
47127	2	397	99	85
47128	2	1182	321	303
47129	2	532	149	134
47130	2	1209	274	259
47131	2	628	178	166
47132	2	1183	355	343
47133	2	375	99	79
47134	2	156	51	21
47135	2	495	131	115
47136	2	373	91	70
47137	2	1127	272	245
47138	2	837	191	178
47139	2	777	181	164
47140	2	277	76	61
47141	2	298	71	52
47142	2	103	25	6
47143	2	1365	295	279
47144	2	558	135	121
47145	2	1186	245	236
47146	2	432	110	95
47147	2	979	182	169
47148	2	530	116	101
47149	2	303	71	54
47150	2	174	38	25
47151	2	254	77	60
47152	2	936	231	214
47153	2	347	105	89
47154	2	445	113	93
47155	2	197	64	49
47156	2	945	215	196
47157	2	988	246	229
47158	2	201	48	26
47159	2	820	207	184
47160	2	1344	275	261
47161	2	1162	266	253
47162	2	91	33	10
47163	2	252	49	39
47164	2	967	204	191
47165	2	501	93	83
47166	2	155	37	21
47167	2	174	54	32
47168	2	210	69	47
47169	2	998	290	275
47170	2	251	90	57
47171	2	1001	260	249
47172	2	236	59	43
47173	2	214	56	38
47174	2	893	278	264
47175	2	139	58	41
47176	2	848	199	186
47177	2	160	35	24
47178	2	355	121	103
47179	2	792	245	223
47180	2	1224	250	233
47181	2	626	133	118
47182	2	1276	252	238
47183	2	266	88	67
47184	2	282	77	59
47185	2	855	189	172
47186	2	468	121	100
47187	2	1071	195	181
47188	2	531	100	90
47189	2	178	54	35
47190	2	903	182	164
47191	2	141	29	14
47192	2	115	35	15
47193	2	566	136	121
47194	2	1293	279	266
47195	2	672	170	162
47196	2	738	209	198
47197	2	1274	259	248
47198	2	843	170	159
47199	2	71	32	14
47200	2	628	180	168
47201	2	441	93	81
47202	2	1154	286	277
47203	2	456	144	133
47204	2	846	214	200
47205	2	181	75	60
47206	2	370	133	119
47207	2	93	34	18
47208	2	1141	272	256
47209	2	1105	215	204
47210	2	72	31	20
47211	2	14	11	3
47212	2	246	53	38
47213	2	124	46	28
47214	2	673	172	162
47215	2	1152	264	251
47216	2	419	105	94
47217	2	438	132	116
47218	2	936	187	177
47219	2	618	122	112
47220	2	668	132	118
47221	2	1075	295	282
47222	2	1017	314	300
47223	2	221	80	52
47224	2	955	295	280
47225	2	968	266	252
47226	2	923	305	293
47227	2	537	128	107
47228	2	145	49	30
47229	2	118	47	36
47230	2	134	52	40
47231	2	928	234	221
47232	2	1183	318	303
47233	2	1065	271	255
47234	2	1254	339	320
47235	2	110	44	17
47236	2	648	183	168
47237	2	962	311	300
47238	2	557	151	133
47239	2	696	169	153
47240	2	1072	297	284
47241	2	74	31	19
47242	2	76	27	4
47243	2	173	57	38
47244	2	1201	230	222
47245	2	1005	343	335
47246	2	1364	297	287
47247	2	1439	293	286
47248	2	1570	299	283
47249	2	694	304	291
47250	2	1100	315	302
47251	2	814	199	170
47252	2	1025	287	277
47253	2	1501	330	317
47254	2	172	53	32
47255	2	219	76	58
47256	2	444	138	61
47257	2	1260	338	317
47258	2	935	233	219
47259	2	433	125	111
47260	2	788	157	145
47261	2	942	275	236
47262	2	1055	279	268
47263	2	911	181	167
47264	2	1252	288	279
47265	2	868	179	167
47266	2	763	247	229
47267	2	163	42	24
47268	2	1337	295	279
47269	2	859	216	199
47270	2	142	57	40
47271	2	1061	230	214
47272	2	1166	283	267
47273	2	991	193	181
47274	2	939	218	201
47275	2	501	114	104
47276	2	696	153	136
47277	2	207	59	36
47278	2	150	56	13
47279	2	108	47	35
47280	2	1382	306	295
47281	2	578	161	123
47282	2	403	101	87
47283	2	210	47	35
47284	2	564	137	122
47285	2	1103	218	206
47286	2	1483	299	287
47287	2	1399	311	301
47288	2	1211	323	303
47289	2	515	134	117
47290	2	439	136	116
47291	2	1171	308	291
47292	2	412	144	130
47293	2	558	156	146
47294	2	171	36	11
47295	2	821	198	184
47296	2	1165	366	354
47297	2	823	201	192
47298	2	1260	306	293
47299	2	260	75	36
47300	2	414	145	133
47301	2	1180	255	236
47302	2	1415	298	286
47303	2	1226	293	282
47304	2	279	61	48
47305	2	123	35	21
47306	2	116	31	15
47307	2	1233	269	252
47308	2	1431	293	276
47309	2	108	37	17
47310	2	1438	327	316
47311	2	1293	311	296
47312	2	761	286	255
47313	2	1379	317	306
47314	2	522	123	109
47315	2	1411	316	302
47316	2	1246	309	294
47317	2	195	43	32
47318	2	785	244	232
47319	2	1163	392	368
47320	2	520	143	126
47321	2	124	37	18
47322	2	69	28	13
47323	2	153	35	24
47324	2	1140	263	252
47325	2	371	102	85
47326	2	188	60	34
47327	2	344	93	81
47328	2	1453	355	344
47329	2	710	215	196
47330	2	357	91	76
47331	2	335	74	58
47332	2	601	138	127
47333	2	266	76	37
47334	2	369	88	48
47335	2	413	90	59
47336	2	207	53	31
47337	2	115	41	20
47338	2	531	211	187
47339	2	620	156	136
47340	2	216	48	32
47341	2	890	193	180
47342	2	117	31	21
47343	2	379	165	140
47344	2	183	41	29
47345	2	369	76	33
47346	2	51	21	6
47347	2	445	139	126
47348	2	1286	310	294
47349	2	429	123	109
47350	2	501	99	76
47351	2	730	197	180
47352	2	226	91	68
47353	2	1486	374	361
47354	2	121	42	18
47355	2	1356	229	218
47356	2	359	95	72
47357	2	1412	295	275
47358	2	1080	238	224
47359	2	1037	233	221
47360	2	108	34	11
47361	2	546	109	97
47362	2	1185	272	263
47363	2	1055	336	326
47364	2	797	204	192
47365	2	1196	239	225
47366	2	1036	307	295
47367	2	518	100	86
47368	2	219	47	36
47369	2	902	199	191
47370	2	120	29	19
47371	2	1095	270	254
47372	2	497	96	88
47373	2	592	151	128
47374	2	118	26	18
47375	2	429	132	117
47376	2	1376	287	275
47377	2	318	93	82
47378	2	206	48	39
47379	2	815	220	209
47380	2	1163	319	304
47381	2	168	39	25
47382	2	200	60	43
47383	2	924	196	187
47384	2	186	43	34
47385	2	1012	231	216
47386	2	1282	295	279
47387	2	993	209	197
47388	2	1354	293	274
47389	2	835	195	177
47390	2	1431	306	281
47391	2	498	127	94
47392	2	277	68	27
47393	2	1296	257	242
47394	2	1124	262	250
47395	2	105	49	35
47396	2	1091	360	340
47397	2	1297	310	295
47398	2	1174	237	227
47399	2	202	58	32
47400	2	135	46	18
47401	2	208	61	48
47402	2	237	52	43
47403	2	382	92	84
47404	2	1127	345	320
47405	2	1146	434	419
47406	2	230	57	49
47407	2	1187	238	227
47408	2	238	76	54
47409	2	500	154	126
47410	2	217	52	16
47411	2	242	74	54
47412	2	251	72	50
47413	2	72	28	18
47414	2	1098	217	197
47415	2	96	26	7
47416	2	121	30	17
47417	2	172	56	39
47418	2	932	206	196
47419	2	1285	351	336
47420	2	1179	281	269
47421	2	721	182	174
47422	2	320	123	104
47423	2	466	148	133
47424	2	1369	430	413
47425	2	887	229	213
47426	2	1318	304	292
47427	2	354	129	99
47428	2	1075	219	207
47429	2	85	29	13
47430	2	1498	324	286
47431	2	607	171	150
47432	2	901	205	190
47433	2	147	33	23
47434	2	1315	306	286
47435	2	92	36	20
47436	2	630	184	157
47437	2	705	165	152
47438	2	1050	256	245
47439	2	238	70	57
47440	2	120	43	14
47441	2	108	35	4
47442	2	115	37	13
47443	2	349	97	85
47444	2	254	71	58
47445	2	175	61	34
47446	2	321	87	74
47447	2	338	90	64
47448	2	139	53	26
47449	2	207	49	37
47450	2	937	246	226
47451	2	423	114	100
47452	2	132	31	22
47453	2	119	41	13
47454	2	426	102	89
47455	2	965	196	182
47456	2	1248	293	281
47457	2	186	46	29
47458	2	159	43	18
47459	2	675	199	184
47460	2	309	76	65
47461	2	84	30	16
47462	2	94	28	15
47463	2	567	168	151
47464	2	82	36	23
47465	2	273	64	48
47466	2	579	110	99
47467	2	165	45	18
47468	2	431	179	168
47469	2	320	118	103
47470	2	1322	395	384
47471	2	500	164	139
47472	2	254	106	87
47473	2	357	127	112
47474	2	384	81	66
47475	2	456	149	136
47476	2	1282	300	284
47477	2	461	91	80
47478	2	918	222	204
47479	2	847	208	195
47480	2	1211	243	229
47481	2	429	143	117
47482	2	923	235	220
47483	2	889	249	235
47484	2	181	55	32
47485	2	1025	218	205
47486	2	885	191	181
47487	2	1615	367	352
47488	2	854	187	171
47489	2	201	47	24
47490	2	1075	302	290
47491	2	1046	279	267
47492	2	1309	241	222
47493	2	629	175	152
47494	2	143	39	24
47495	2	1110	249	232
47496	2	642	140	128
47497	2	1175	344	330
47498	2	156	44	26
47499	2	951	278	123
47500	2	1255	265	248
47501	2	177	41	18
47502	2	198	41	29
47503	2	451	99	76
47504	2	370	71	56
47505	2	1174	283	270
47506	2	1339	291	278
47507	2	195	51	20
47508	2	126	36	5
47509	2	968	313	289
47510	2	1462	314	301
47511	2	1192	268	259
47512	2	1495	311	299
47513	2	1487	333	303
47514	2	1470	295	286
47515	2	1296	283	268
47516	2	385	82	55
47517	2	315	90	75
47518	2	805	211	196
47519	2	860	240	229
47520	2	816	237	222
47521	2	748	191	181
47522	2	714	239	227
47523	2	501	158	143
47524	2	1058	302	292
47525	2	669	193	170
47526	2	495	117	82
47527	2	1054	300	287
47528	2	935	265	253
47529	2	1148	327	316
47530	2	1113	290	275
47531	2	1075	308	287
47532	2	78	30	17
47533	2	1466	308	248
47534	2	415	140	121
47535	2	660	212	196
47536	2	1151	228	215
47537	2	724	261	244
47538	2	525	137	103
47539	2	438	110	101
47540	2	574	210	195
47541	2	94	34	16
47542	2	1229	360	334
47543	2	1577	463	450
47544	2	461	110	80
47545	2	952	273	243
47546	2	1061	279	261
47547	2	948	326	300
47548	2	1436	270	257
47549	2	1231	332	316
47550	2	1423	307	292
47551	2	228	54	35
47552	2	341	96	25
47553	2	920	205	191
47554	2	486	144	121
47555	2	477	153	138
47556	2	276	91	74
47557	2	789	248	224
47558	2	64	25	12
47559	2	1112	243	233
47560	2	131	48	28
47561	2	1292	266	248
47562	2	1266	270	254
47563	2	564	134	53
47564	2	1165	227	215
47565	2	308	136	54
47566	2	1679	424	394
47567	2	192	36	23
47568	2	1339	248	234
47569	2	674	182	169
47570	2	822	247	228
47571	2	1299	239	226
47572	2	435	102	84
47573	2	184	41	21
47574	2	115	40	18
47575	2	343	91	81
47576	2	702	217	204
47577	2	138	47	35
47578	2	1088	220	205
47579	2	596	174	149
47580	2	938	237	220
47581	2	397	92	71
47582	2	167	47	26
47583	2	984	223	202
47584	2	353	100	84
47585	2	134	45	25
47586	2	121	47	32
47587	2	221	94	81
47588	2	273	54	42
47589	2	349	76	42
47590	2	224	70	44
47591	2	249	90	51
47592	2	177	51	39
47593	2	262	62	55
47594	2	227	57	23
47595	2	1452	339	296
47596	2	444	101	87
47597	2	312	102	55
47598	2	1223	282	267
47599	2	189	59	42
47600	2	177	33	20
47601	2	878	183	163
47602	2	893	245	233
47603	2	120	31	20
47604	2	89	33	16
47605	2	180	43	21
47606	2	1482	280	260
47607	2	228	67	46
47608	2	1260	323	313
47609	2	205	63	13
47610	2	716	189	160
47611	2	1192	301	286
47612	2	569	194	179
47613	2	184	52	38
47614	2	932	239	215
47615	2	106	33	13
47616	2	297	60	26
47617	2	208	53	34
47618	2	1075	381	357
47619	2	279	72	61
47620	2	474	155	117
47621	2	833	152	140
47622	2	1374	254	229
47623	2	747	162	152
47624	2	884	183	167
47625	2	1197	228	217
47626	2	782	158	145
47627	2	1208	273	253
47628	2	1183	228	215
47629	2	195	44	28
47630	2	90	20	3
47631	2	521	140	102
47632	2	168	85	69
47633	2	73	22	6
47634	2	1054	199	176
47635	2	1091	343	331
47636	2	196	74	56
47637	2	522	185	140
47638	2	1093	282	268
47639	2	677	291	278
47640	2	166	55	34
47641	2	77	33	16
47642	2	123	38	25
47643	2	1426	318	293
47644	2	949	244	228
47645	2	628	170	159
47646	2	955	374	357
47647	2	528	153	142
47648	2	940	175	166
47649	2	181	47	21
47650	2	135	34	19
47651	2	356	125	106
47652	2	228	41	32
47653	2	412	104	93
47654	2	1331	263	247
47655	2	54	18	6
47656	2	768	191	170
47657	2	168	52	27
47658	2	1017	317	301
47659	2	1290	296	286
47660	2	643	205	186
47661	2	792	274	261
47662	2	242	62	49
47663	2	685	156	135
47664	2	160	41	19
47665	2	1015	235	216
47666	2	1359	314	302
47667	2	1160	323	308
47668	2	919	201	186
47669	2	610	167	148
47670	2	1025	229	219
47671	2	646	158	134
47672	2	330	96	76
47673	2	173	47	21
47674	2	679	192	180
47675	2	829	179	169
47676	2	233	96	80
47677	2	138	37	9
47678	2	1289	314	300
47679	2	416	92	74
47680	2	48	19	6
47681	2	629	150	136
47682	2	100	34	12
47683	2	1238	352	340
47684	2	146	54	41
47685	2	1191	348	335
47686	2	202	61	41
47687	2	456	103	92
47688	2	117	28	10
47689	2	314	73	57
47690	2	139	39	18
47691	2	1178	243	234
47692	2	332	128	115
47693	2	540	141	66
47694	2	74	24	7
47695	2	123	29	23
47696	2	243	57	36
47697	2	813	191	162
47698	2	371	94	66
47699	2	171	44	21
47700	2	583	130	106
47701	2	282	96	67
47702	2	183	45	23
47703	2	966	219	200
47704	2	812	148	133
47705	2	97	27	4
47706	2	96	43	20
47707	2	1044	311	297
47708	2	367	104	90
47709	2	1374	346	329
47710	2	1294	325	312
47711	2	580	192	177
47712	2	1203	246	234
47713	2	1171	251	234
47714	2	135	39	30
47715	2	948	244	175
47716	2	175	59	40
47717	2	459	111	92
47718	2	504	95	82
47719	2	1384	256	244
47720	2	1021	187	169
47721	2	937	178	166
47722	2	167	49	38
47723	2	225	55	29
47724	2	1008	219	204
47725	2	791	180	166
47726	2	63	20	9
47727	2	772	134	123
47728	2	236	83	73
47729	2	307	119	100
47730	2	207	62	47
47731	2	1068	229	220
47732	2	379	100	84
47733	2	238	78	63
47734	2	108	27	11
47735	2	546	182	167
47736	2	938	246	230
47737	2	120	39	15
47738	2	1174	301	289
47739	2	159	46	27
47740	2	286	80	67
47741	2	641	223	194
47742	2	546	177	165
47743	2	1300	254	236
47744	2	97	34	16
47745	2	298	77	60
47746	2	110	33	19
47747	2	186	44	27
47748	2	343	130	105
47749	2	255	66	37
47750	2	143	37	21
47751	2	632	157	145
47752	2	91	34	20
47753	2	881	231	215
47754	2	79	24	9
47755	2	678	172	147
47756	2	1180	314	296
47757	2	333	76	50
47758	2	358	102	36
47759	2	558	173	129
47760	2	349	94	63
47761	2	837	168	114
47762	2	511	115	98
47763	2	795	209	190
47764	2	180	47	33
47765	2	201	65	45
47766	2	199	48	33
47767	2	147	57	40
47768	2	83	41	23
47769	2	658	165	151
47770	2	1229	320	311
47771	2	140	53	30
47772	2	1357	258	247
47773	2	922	220	202
47774	2	1042	270	258
47775	2	931	239	222
47776	2	895	355	343
47777	2	1178	408	399
47778	2	847	263	247
47779	2	120	23	12
47780	2	1331	292	280
47781	2	174	49	24
47782	2	565	131	118
47783	2	540	112	104
47784	2	1144	298	281
47785	2	1213	228	214
47786	2	1465	305	292
47787	2	821	139	123
47788	2	102	30	20
47789	2	761	217	206
47790	2	648	160	149
47791	2	335	84	61
47792	2	1070	204	188
47793	2	311	72	55
47794	2	282	72	51
47795	2	630	123	111
47796	2	158	76	61
47797	2	339	91	76
47798	2	1230	371	340
47799	2	232	58	48
47800	2	255	66	48
47801	2	722	235	201
47802	2	800	273	258
47803	2	303	57	46
47804	2	1043	284	273
47805	2	416	96	53
47806	2	542	118	85
47807	2	891	176	158
47808	2	117	35	18
47809	2	599	149	121
47810	2	989	298	285
47811	2	1100	332	315
47812	2	435	108	56
47813	2	243	58	45
47814	2	203	59	13
47815	2	555	175	157
47816	2	146	47	27
47817	2	153	45	25
47818	2	408	96	80
47819	2	112	31	13
47820	2	297	73	55
47821	2	160	48	26
47822	2	1062	349	327
47823	2	1334	297	285
47824	2	1389	290	279
47825	2	1101	223	210
47826	2	561	119	99
47827	2	1125	311	290
47828	2	797	181	170
47829	2	45	19	8
47830	2	181	41	30
47831	2	1082	352	339
47832	2	1088	238	222
47833	2	411	98	86
47834	2	983	242	231
47835	2	81	21	4
47836	2	426	132	114
47837	2	874	209	200
47838	2	48	20	8
47839	2	169	72	55
47840	2	108	28	11
47841	2	1047	288	278
47842	2	469	110	93
47843	2	1053	275	267
47844	2	108	28	17
47845	2	1195	236	212
47846	2	698	227	214
47847	2	398	125	103
47848	2	1529	433	407
47849	2	531	105	90
47850	2	380	137	109
47851	2	224	73	60
47852	2	114	43	12
47853	2	267	86	69
47854	2	913	252	236
47855	2	522	152	138
47856	2	1189	327	316
47857	2	722	171	143
47858	2	279	76	58
47859	2	665	199	186
47860	2	1015	204	195
47861	2	612	165	138
47862	2	749	205	196
47863	2	1179	331	313
47864	2	861	180	170
47865	2	949	261	246
47866	2	568	149	137
47867	2	1179	272	256
47868	2	1482	398	377
47869	2	1296	382	340
47870	2	983	209	194
47871	2	275	61	51
47872	2	248	54	27
47873	2	459	150	123
47874	2	217	72	58
47875	2	852	304	288
47876	2	109	25	9
47877	2	405	98	86
47878	2	1311	291	272
47879	2	1095	230	217
47880	2	586	139	107
47881	2	56	43	21
47882	2	514	152	131
47883	2	1114	282	262
47884	2	1204	324	306
47885	2	440	116	75
47886	2	71	28	15
47887	2	1083	317	302
47888	2	132	52	32
47889	2	155	53	32
47890	2	926	245	228
47891	2	900	320	298
47892	2	994	292	278
47893	2	1033	320	294
47894	2	474	107	86
47895	2	192	41	20
47896	2	662	172	144
47897	2	457	124	102
47898	2	1284	304	288
47899	2	1075	233	214
47900	2	920	173	163
47901	2	122	52	42
47902	2	1215	308	292
47903	2	772	185	170
47904	2	718	235	203
47905	2	202	50	38
47906	2	580	156	139
47907	2	172	65	40
47908	2	83	31	16
47909	2	333	91	65
47910	2	587	172	158
47911	2	614	163	150
47912	2	67	28	17
47913	2	234	68	53
47914	2	1041	277	266
47915	2	1093	239	228
47916	2	54	22	11
47917	2	238	59	35
47918	2	141	34	23
47919	2	204	89	77
47920	2	1253	258	248
47921	2	598	164	149
47922	2	126	39	18
47923	2	738	150	137
47924	2	1275	294	284
47925	2	102	31	10
47926	2	312	85	55
47927	2	341	101	78
47928	2	1242	310	292
47929	2	1082	357	345
47930	2	105	44	23
47931	2	260	89	74
47932	2	102	33	10
47933	2	81	21	11
47934	2	738	214	197
47935	2	1437	272	261
47936	2	989	262	247
47937	2	262	106	82
47938	2	970	277	254
47939	2	1319	339	327
47940	2	1288	350	331
47941	2	141	36	18
47942	2	681	181	167
47943	2	930	200	189
47944	2	639	211	201
47945	2	1032	212	198
47946	2	540	123	107
47947	2	893	213	201
47948	2	1233	259	246
47949	2	916	185	176
47950	2	1173	276	265
47951	2	932	210	201
47952	2	1038	236	222
47953	2	740	251	242
47954	2	558	160	147
47955	2	1125	340	330
47956	2	145	43	18
47957	2	1498	273	257
47958	2	1199	344	322
47959	2	105	28	15
47960	2	181	46	31
47961	2	636	153	133
47962	2	185	75	52
47963	2	946	207	193
47964	2	98	36	25
47965	2	819	241	222
47966	2	548	153	135
47967	2	591	131	96
47968	2	527	114	73
47969	2	98	39	14
47970	2	1264	338	323
47971	2	124	41	30
47972	2	101	52	36
47973	2	970	216	183
47974	2	467	139	125
47975	2	1327	258	247
47976	2	502	98	81
47977	2	615	131	123
47978	2	955	247	223
47979	2	1030	187	177
47980	2	522	177	157
47981	2	1189	321	301
47982	2	381	91	65
47983	2	207	47	32
47984	2	195	37	23
47985	2	122	31	17
47986	2	228	115	92
47987	2	465	81	68
47988	2	531	176	162
47989	2	116	27	11
47990	2	517	128	68
47991	2	824	206	192
47992	2	132	33	19
47993	2	1135	314	297
47994	2	75	34	17
47995	2	142	42	10
47996	2	313	90	56
47997	2	347	93	49
47998	2	762	148	140
47999	2	331	89	70
48000	2	805	246	235
48001	2	957	241	230
48002	2	729	155	131
48003	2	844	269	236
48004	2	1490	252	238
48005	2	253	76	52
48006	2	259	76	55
48007	2	228	58	44
48008	2	147	34	26
48009	2	334	113	71
48010	2	591	153	139
48011	2	907	222	211
48012	2	798	202	181
48013	2	1216	344	321
48014	2	826	189	168
48015	2	192	39	25
48016	2	1178	254	237
48017	2	39	17	10
48018	2	903	265	250
48019	2	1302	313	295
48020	2	126	40	24
48021	2	977	303	288
48022	2	196	64	46
48023	2	116	38	19
48024	2	138	32	18
48025	2	306	83	65
48026	2	157	47	27
48027	2	159	37	26
48028	2	375	105	87
48029	2	390	124	82
48030	2	601	198	184
48031	2	570	143	133
48032	2	548	162	151
48033	2	744	136	121
48034	2	327	73	58
48035	2	210	44	25
48036	2	231	47	36
48037	2	936	276	260
48038	2	1121	279	268
48039	2	500	111	95
48040	2	1152	320	305
48041	2	738	193	183
48042	2	1498	346	336
48043	2	1239	261	251
48044	2	847	166	158
48045	2	861	249	237
48046	2	949	257	242
48047	2	1223	318	303
48048	2	289	111	91
48049	2	1089	208	196
48050	2	1246	346	332
48051	2	93	25	6
48052	2	1092	245	233
48053	2	982	371	355
48054	2	138	38	28
48055	2	1043	217	196
48056	2	591	130	118
48057	2	128	53	31
48058	2	590	150	129
48059	2	806	170	149
48060	2	1351	338	324
48061	2	116	45	22
48062	2	514	142	125
48063	2	370	74	49
48064	2	87	29	14
48065	2	426	89	77
48066	2	762	197	179
48067	2	207	45	28
48068	2	486	91	74
48069	2	119	31	9
48070	2	165	69	27
48071	2	107	29	10
48072	2	1129	299	287
48073	2	178	82	70
48074	2	345	102	77
48075	2	670	180	168
48076	2	1169	263	253
48077	2	659	182	160
48078	2	309	63	56
48079	2	384	78	66
48080	2	389	128	116
48081	2	150	41	26
48082	2	168	53	43
48083	2	41	19	7
48084	2	231	70	5
48085	2	142	37	16
48086	2	39	15	6
48087	2	134	30	17
48088	2	36	14	3
48089	2	554	146	135
48090	2	417	173	149
48091	2	1095	230	214
48092	2	1068	241	225
48093	2	1235	309	296
48094	2	753	215	198
48095	2	1175	275	256
48096	2	138	42	27
48097	2	1088	247	236
48098	2	1388	374	324
48099	2	254	59	45
48100	2	1523	363	350
48101	2	331	119	100
48102	2	434	105	91
48103	2	117	38	17
48104	2	312	73	52
48105	2	1135	376	351
48106	2	506	113	42
48107	2	77	25	8
48108	2	426	97	67
48109	2	204	50	36
48110	2	418	92	68
48111	2	413	114	94
48112	2	1072	241	226
48113	2	856	241	229
48114	2	529	99	89
48115	2	123	38	24
48116	2	357	76	65
48117	2	1056	244	230
48118	2	587	104	84
48119	2	990	303	273
48120	2	1380	278	261
48121	2	570	114	104
48122	2	52	24	12
48123	2	922	181	169
48124	2	342	247	234
48125	2	1177	323	308
48126	2	234	73	52
48127	2	198	61	32
48128	2	756	205	198
48129	2	101	33	20
48130	2	178	50	38
48131	2	512	123	111
48132	2	650	139	126
48133	2	57	29	11
48134	2	84	33	20
48135	2	142	48	30
48136	2	561	140	129
48137	2	616	135	116
48138	2	1399	272	259
48139	2	255	73	60
48140	2	1187	336	322
48141	2	906	177	163
48142	2	943	227	204
48143	2	1443	256	243
48144	2	354	86	74
48145	2	1057	253	227
48146	2	1742	519	505
48147	2	496	111	93
48148	2	428	92	79
48149	2	125	32	21
48150	2	130	45	29
48151	2	702	214	200
48152	2	1208	255	238
48153	2	496	134	118
48154	2	1119	388	365
48155	2	100	36	20
48156	2	677	183	173
48157	2	153	36	23
48158	2	424	137	116
48159	2	1216	293	276
48160	2	150	48	32
48161	2	486	153	125
48162	2	252	115	93
48163	2	729	155	145
48164	2	1470	335	325
48165	2	140	42	19
48166	2	510	113	101
48167	2	234	49	36
48168	2	69	24	11
48169	2	1237	247	209
48170	2	758	190	166
48171	2	1247	291	276
48172	2	1171	358	344
48173	2	166	69	42
48174	2	63	20	8
48175	2	765	173	156
48176	2	123	34	9
48177	2	940	209	165
48178	2	366	115	93
48179	2	1083	422	392
48180	2	630	133	116
48181	2	724	168	155
48182	2	388	105	70
48183	2	259	73	54
48184	2	181	47	34
48185	2	183	63	50
48186	2	321	82	54
48187	2	961	175	162
48188	2	108	39	24
48189	2	395	139	127
48190	2	180	48	37
48191	2	286	100	85
48192	2	1072	297	283
48193	2	1328	325	293
48194	2	1197	324	311
48195	2	309	95	74
48196	2	978	302	278
48197	2	182	66	29
48198	2	962	285	257
48199	2	707	202	186
48200	2	647	146	132
48201	2	899	255	245
48202	2	1310	265	256
48203	2	184	44	33
48204	2	1057	272	194
48205	2	945	214	194
48206	2	1450	273	255
48207	2	1030	239	227
48208	2	189	40	24
48209	2	158	56	38
48210	2	425	140	125
48211	2	782	161	152
48212	2	1024	204	188
48213	2	979	257	243
48214	2	122	43	23
48215	2	78	20	8
48216	2	996	270	254
48217	2	213	62	39
48218	2	1293	272	249
48219	2	300	65	52
48220	2	1289	258	242
48221	2	843	213	198
48222	2	863	202	191
48223	2	1113	259	239
48224	2	170	40	13
48225	2	396	120	108
48226	2	297	66	58
48227	2	682	227	212
48228	2	237	59	47
48229	2	96	27	3
48230	2	152	41	13
48231	2	547	133	109
48232	2	298	113	102
48233	2	1423	260	240
48234	2	820	205	192
48235	2	1147	262	247
48236	2	193	60	43
48237	2	1041	295	276
48238	2	1510	319	297
48239	2	1010	297	284
48240	2	1112	309	292
48241	2	491	121	106
48242	2	722	160	147
48243	2	879	166	157
48244	2	716	176	162
48245	2	466	155	125
48246	2	1356	282	272
48247	2	768	156	143
48248	2	97	29	9
48249	2	549	273	258
48250	2	1233	479	467
48251	2	226	70	52
48252	2	499	142	115
48253	2	363	92	77
48254	2	127	42	27
48255	2	546	259	238
48256	2	835	273	255
48257	2	1511	286	269
48258	2	196	44	30
48259	2	186	49	35
48260	2	541	130	107
48261	2	294	69	61
48262	2	1407	365	354
48263	2	630	162	154
48264	2	1202	270	259
48265	2	228	75	56
48266	2	519	128	116
48267	2	1323	401	376
48268	2	1205	372	354
48269	2	960	311	301
48270	2	1299	250	239
48271	2	965	193	180
48272	2	949	244	224
48273	2	62	21	13
48274	2	362	95	44
48275	2	202	75	47
48276	2	76	33	19
48277	2	1236	275	265
48278	2	131	37	18
48279	2	1335	353	334
48280	2	107	33	11
48281	2	207	52	41
48282	2	169	51	35
48283	2	1256	266	255
48284	2	1230	443	428
48285	2	698	199	180
48286	2	115	37	17
48287	2	1390	427	366
48288	2	908	190	176
48289	2	99	25	14
48290	2	268	72	52
48291	2	555	132	110
48292	2	462	93	80
48293	2	1162	249	233
48294	2	480	106	81
48295	2	994	286	260
48296	2	634	282	269
48297	2	1044	257	242
48298	2	805	181	167
48299	2	422	138	114
48300	2	226	59	39
48301	2	837	203	185
48302	2	1559	335	319
48303	2	1378	243	227
48304	2	1314	259	238
48305	2	846	167	153
48306	2	423	84	74
48307	2	88	43	21
48308	2	1201	242	230
48309	2	400	158	146
48310	2	664	160	149
48311	2	835	206	192
48312	2	894	217	206
48313	2	597	112	103
48314	2	1068	202	189
48315	2	902	194	175
48316	2	1354	259	247
48317	2	818	153	141
48318	2	1417	272	257
48319	2	510	125	96
48320	2	992	233	221
48321	2	381	144	124
48322	2	506	122	107
48323	2	621	146	132
48324	2	108	29	12
48325	2	471	110	80
48326	2	334	98	59
48327	2	294	70	36
48328	2	1322	415	378
48329	2	207	60	48
48330	2	630	184	169
48331	2	61	26	15
48332	2	1158	355	336
48333	2	952	271	260
48334	2	255	78	68
48335	2	440	153	130
48336	2	844	167	156
48337	2	740	276	236
48338	2	454	95	43
48339	2	541	119	72
48340	2	410	138	124
48341	2	459	113	79
48342	2	93	26	10
48343	2	804	175	160
48344	2	152	63	54
48345	2	93	22	7
48346	2	899	256	243
48347	2	114	33	17
48348	2	180	42	25
48349	2	438	119	105
48350	2	791	172	150
48351	2	1056	265	245
48352	2	682	179	167
48353	2	1181	343	325
48354	2	151	39	13
48355	2	738	198	181
48356	2	120	27	13
48357	2	333	62	46
48358	2	144	29	9
48359	2	1212	360	297
48360	2	348	79	47
48361	2	1579	306	287
48362	2	1457	294	281
48363	2	1471	424	410
48364	2	1359	334	322
48365	2	943	200	191
48366	2	598	169	156
48367	2	1156	272	263
48368	2	1226	287	276
48369	2	897	228	218
48370	2	1686	412	397
48371	2	1321	280	268
48372	2	1129	241	231
48373	2	589	194	182
48374	2	111	35	14
48375	2	129	37	14
48376	2	594	111	102
48377	2	750	175	161
48378	2	302	80	65
48379	2	1068	300	285
48380	2	1309	263	252
48381	2	147	44	11
48382	2	68	31	21
48383	2	333	80	67
48384	2	1240	359	346
48385	2	548	140	103
48386	2	198	61	37
48387	2	540	171	131
48388	2	1125	251	233
48389	2	170	63	29
48390	2	1325	270	258
48391	2	749	191	176
48392	2	1120	250	230
48393	2	1278	311	299
48394	2	1282	347	334
48395	2	181	84	59
48396	2	76	27	16
48397	2	144	65	52
48398	2	180	41	27
48399	2	273	121	109
48400	2	808	275	256
48401	2	441	90	67
48402	2	308	100	69
48403	2	982	209	199
48404	2	670	170	149
48405	2	678	150	133
48406	2	438	112	98
48407	2	255	57	47
48408	2	1494	376	356
48409	2	483	133	108
48410	2	1525	462	440
48411	2	587	188	168
48412	2	293	90	77
48413	2	1349	303	288
48414	2	1496	329	313
48415	2	1204	242	230
48416	2	1249	304	292
48417	2	585	225	214
